split_seed,candidate_id,display_name,candidate_model_type,candidate_family,K,L,selection_metric,n_em_starts,model_type,model_family,em_start,em_seed,success,train_bic,train_aic,heldout_bic,heldout_aic,train_log_likelihood,heldout_log_likelihood,train_avg_log_likelihood,heldout_avg_log_likelihood,train_gmpd,heldout_gmpd,n_free_params,n_iter,converged,fit_time,n_train,n_test
0,ind_cyl_k3,"Independent cylindrical mixture, K=3",cylindrical_mixture,independent,3,,train_bic,1,cylindrical_mixture,independent,0,911214221,True,1183887.6688978213,1183540.5737947777,296224.68900323124,295926.1132682101,-591735.2868973889,-147928.05663410504,-3.9503797726005985,-3.9501203405726466,0.019247390755570314,0.019252384792965427,35,33,True,9.076698374999978,149792,37449
0,ind_cyl_k6,"Independent cylindrical mixture, K=6",cylindrical_mixture,independent,6,,train_bic,1,cylindrical_mixture,independent,0,403708358,True,1145948.747714331,1145244.6405053,287475.3978124911,286869.71560716245,-572551.32025265,-143363.85780358122,-3.822309070261763,-3.8282426180560556,0.02187722647372713,0.021747801259907152,71,33,True,16.96893912499945,149792,37449
0,full_cyl_k3,"Full cylindrical mixture, K=3",cylindrical_mixture,full,3,,train_bic,1,cylindrical_mixture,full,0,40921045,True,1166417.4544142017,1165891.8532581644,292307.0087315124,291854.8797613375,-582892.9266290822,-145874.43988066874,-3.891348847929677,-3.895282647885624,0.020417786965939853,0.020337625249923896,53,27,True,9.088112833000196,149792,37449
0,full_cyl_k6,"Full cylindrical mixture, K=6",cylindrical_mixture,full,6,,train_bic,1,cylindrical_mixture,full,0,1956696334,True,1141638.6470362318,1140577.5277212132,286698.39154176484,285785.60286612867,-570181.7638606066,-142785.80143306433,-3.8064900919982816,-3.8128067887811246,0.02222605361407529,0.022086100857629444,107,69,True,27.985684958999627,149792,37449
0,gauss_vmf_tl_3x2,"Gaussian/vMF two-layer, (K,L)=(3,2)",two_layer_mixture,gaussian_vmf,3,2.0,train_bic,1,two_layer_mixture,gaussian_vmf,0,329594251,True,1169554.100053301,1169117.7519237606,292745.23166063166,292369.8793080336,-584514.8759618803,-146140.9396540168,-3.902176858322743,-3.9023989867290663,0.020197895597919298,0.020193409569814632,44,46,True,20.307802916999208,149792,37449
0,gauss_vmf_tl_6x4,"Gaussian/vMF two-layer, (K,L)=(6,4)",two_layer_mixture,gaussian_vmf,6,4.0,train_bic,1,two_layer_mixture,gaussian_vmf,0,2097494255,True,1130341.9994168752,1129102.3740488626,283939.54110072047,282873.1991899306,-564426.1870244313,-141311.5995949653,-3.768066298763828,-3.7734412025679,0.023096682216436418,0.022972872801245006,125,53,True,58.88002908400085,149792,37449
0,vmf_gauss_tl_3x2,"vMF/Gaussian two-layer, (K,L)=(3,2)",two_layer_mixture,vmf_gaussian,3,2.0,train_bic,1,two_layer_mixture,vmf_gaussian,0,201370308,True,1141109.7121795819,1140465.1069882154,286028.811501981,285474.31370837026,-570167.5534941077,-142672.15685418513,-3.806395224672263,-3.809772139554731,0.022228162240367888,0.022153226225970997,65,24,True,11.833641208002518,149792,37449
0,vmf_gauss_tl_6x4,"vMF/Gaussian two-layer, (K,L)=(6,4)",two_layer_mixture,vmf_gaussian,6,4.0,train_bic,1,two_layer_mixture,vmf_gaussian,0,178652633,True,1120639.5209703888,1118150.3532314198,282643.033809023,280501.8192521569,-558824.1766157099,-139999.90962607844,-3.730667703320003,-3.738415167990559,0.023976821087710237,0.023791779241569923,251,49,True,56.163624749999144,149792,37449
1,ind_cyl_k3,"Independent cylindrical mixture, K=3",cylindrical_mixture,independent,3,,train_bic,1,cylindrical_mixture,independent,0,636175551,True,1183616.8987525003,1183269.8036494567,297309.0141183276,297010.43838330643,-591599.9018247284,-148470.21919165322,-3.9494759521518397,-3.9645976979800053,0.019264794804803476,0.01897566902703943,35,33,True,9.132524959000875,149792,37449
1,ind_cyl_k6,"Independent cylindrical mixture, K=6",cylindrical_mixture,independent,6,,train_bic,1,cylindrical_mixture,independent,0,644904000,True,1145963.1822423858,1145259.0750333548,288341.507107599,287735.82490227034,-572558.5375166774,-143796.91245113517,-3.8223572521675218,-3.8398064688278772,0.021876172412656446,0.021497761429491394,71,39,True,16.974941417000082,149792,37449
1,full_cyl_k3,"Full cylindrical mixture, K=3",cylindrical_mixture,full,3,,train_bic,1,cylindrical_mixture,full,0,1867746099,True,1166474.1276119389,1165948.5264559016,292946.75825826696,292494.629288092,-582921.2632279508,-146194.314644046,-3.891538020908665,-3.9038242581656655,0.02041392483767183,0.020164648980639036,53,26,True,8.722283834002155,149792,37449
1,full_cyl_k6,"Full cylindrical mixture, K=6",cylindrical_mixture,full,6,,train_bic,1,cylindrical_mixture,full,0,264210884,True,1141540.3141304648,1140479.1948154462,287117.1997609341,286204.41108529794,-570132.5974077231,-142995.20554264897,-3.8061618604980443,-3.8183985031015237,0.022233350102400542,0.021962946334529245,107,83,True,32.435002459002135,149792,37449
1,gauss_vmf_tl_3x2,"Gaussian/vMF two-layer, (K,L)=(3,2)",two_layer_mixture,gaussian_vmf,3,2.0,train_bic,1,two_layer_mixture,gaussian_vmf,0,785170547,True,1169347.2065854543,1168910.8584559138,293877.46253732214,293502.1101847241,-584411.4292279569,-146707.05509236205,-3.9014862557944143,-3.9175159574985194,0.020211849133304975,0.01989044213212076,44,63,True,26.898696374999417,149792,37449
1,gauss_vmf_tl_6x4,"Gaussian/vMF two-layer, (K,L)=(6,4)",two_layer_mixture,gaussian_vmf,6,4.0,train_bic,1,two_layer_mixture,gaussian_vmf,0,1834454752,True,1130381.2444388552,1129141.6190708426,285036.5972145004,283970.2553037105,-564445.8095354213,-141860.12765185526,-3.7681972971548636,-3.788088537794207,0.023093656786395366,0.022638833795027857,125,54,True,68.98758854100015,149792,37449
1,vmf_gauss_tl_3x2,"vMF/Gaussian two-layer, (K,L)=(3,2)",two_layer_mixture,vmf_gaussian,3,2.0,train_bic,1,two_layer_mixture,vmf_gaussian,0,642511761,True,1141124.4881738669,1140479.8829825004,287404.57999628724,286850.0822026765,-570174.9414912502,-143360.04110133825,-3.8064445463793137,-3.828140700722002,0.022227065936497606,0.021750017850785685,65,24,True,11.846417540997209,149792,37449
1,vmf_gauss_tl_6x4,"vMF/Gaussian two-layer, (K,L)=(6,4)",two_layer_mixture,vmf_gaussian,6,4.0,train_bic,1,two_layer_mixture,vmf_gaussian,0,1633819610,True,1120133.1299349559,1117643.9621959869,283349.753953223,281208.5393963569,-558570.9810979934,-140353.26969817845,-3.7289773892997853,-3.7478509358909036,0.024017383716687445,0.02356834134655868,251,52,True,68.8529633329963,149792,37449
2,ind_cyl_k3,"Independent cylindrical mixture, K=3",cylindrical_mixture,independent,3,,train_bic,1,cylindrical_mixture,independent,0,184651186,True,1184170.1393198571,1183823.0442168135,296271.36004900304,295972.7843139819,-591876.5221084068,-147951.39215699094,-3.951322648128116,-3.950743468637105,0.019229251414772427,0.019240391828657562,35,33,True,10.364029542004573,149792,37449
2,ind_cyl_k6,"Independent cylindrical mixture, K=6",cylindrical_mixture,independent,6,,train_bic,1,cylindrical_mixture,independent,0,1814733525,True,1146977.3945182685,1146273.2873092375,287284.74792142754,286679.0657160989,-573065.6436546188,-143268.53285804944,-3.8257426541779185,-3.8256971576824332,0.021802237994068704,0.02180322994205608,71,54,True,24.415581125002063,149792,37449
2,full_cyl_k3,"Full cylindrical mixture, K=3",cylindrical_mixture,full,3,,train_bic,1,cylindrical_mixture,full,0,178069530,True,1166684.745332628,1166159.1441765907,292276.9261846865,291824.79721451155,-583026.5720882954,-145859.39860725577,-3.892241054851363,-3.894881001021543,0.020399578199285055,0.02034579543398295,53,27,True,9.344563541999378,149792,37449
2,full_cyl_k6,"Full cylindrical mixture, K=6",cylindrical_mixture,full,6,,train_bic,1,cylindrical_mixture,full,0,1510481192,True,1141667.881656437,1140606.7623414183,286312.4937978066,285399.70512217045,-570196.3811707092,-142592.85256108522,-3.806587676048849,-3.8076544783862114,0.022223884811557494,0.02220018896093695,107,95,True,37.64604370899906,149792,37449
2,gauss_vmf_tl_3x2,"Gaussian/vMF two-layer, (K,L)=(3,2)",two_layer_mixture,gaussian_vmf,3,2.0,train_bic,1,two_layer_mixture,gaussian_vmf,0,1924698155,True,1170073.0126177194,1169636.664488179,292725.0078780597,292349.65552546165,-584774.3322440895,-146130.82776273083,-3.9039089687305695,-3.902128969070758,0.0201629408941803,0.02019886288319225,44,58,True,28.843092583003454,149792,37449
2,gauss_vmf_tl_6x4,"Gaussian/vMF two-layer, (K,L)=(6,4)",two_layer_mixture,gaussian_vmf,6,4.0,train_bic,1,two_layer_mixture,gaussian_vmf,0,353072086,True,1130892.701093842,1129653.0757258295,283636.8663662538,282570.5244554639,-564701.5378629147,-141160.26222773196,-3.7699045200205266,-3.7694000434652986,0.023054264402834618,0.023065897672833145,125,67,True,87.71623225000076,149792,37449
2,vmf_gauss_tl_3x2,"vMF/Gaussian two-layer, (K,L)=(3,2)",two_layer_mixture,vmf_gaussian,3,2.0,train_bic,1,two_layer_mixture,vmf_gaussian,0,154472836,True,1141687.8983945907,1141043.2932032242,285960.97399809817,285406.47620448744,-570456.6466016121,-142638.23810224372,-3.8083251882718177,-3.808866407707648,0.02218530406701927,0.022173300197925034,65,24,True,14.036054042000615,149792,37449
2,vmf_gauss_tl_6x4,"vMF/Gaussian two-layer, (K,L)=(6,4)",two_layer_mixture,vmf_gaussian,6,4.0,train_bic,1,two_layer_mixture,vmf_gaussian,0,955738732,True,1121047.1347616743,1118557.9670227054,282041.3526343476,279900.13807748153,-559027.9835113527,-139699.06903874077,-3.7320283026553667,-3.7303818269844524,0.02394422042412405,0.023983676473310515,251,63,True,70.67014258400013,149792,37449
3,ind_cyl_k3,"Independent cylindrical mixture, K=3",cylindrical_mixture,independent,3,,train_bic,1,cylindrical_mixture,independent,0,1202701820,True,1184405.6565079668,1184058.5614049232,295891.8990781505,295593.32334312936,-591994.2807024616,-147761.66167156468,-3.9521087955462346,-3.945677098762709,0.019214140328969148,0.01933811811992155,35,35,True,9.414933083004144,149792,37449
3,ind_cyl_k6,"Independent cylindrical mixture, K=6",cylindrical_mixture,independent,6,,train_bic,1,cylindrical_mixture,independent,0,235010922,True,1147116.853072835,1146412.745863804,286906.48752196104,286300.8053166324,-573135.372931902,-143079.4026583162,-3.826208161530001,-3.8206468172265264,0.02179209125386492,0.02191362220090925,71,54,True,21.385708583999076,149792,37449
3,full_cyl_k3,"Full cylindrical mixture, K=3",cylindrical_mixture,full,3,,train_bic,1,cylindrical_mixture,full,0,333244127,True,1167181.5756017878,1166655.9744457505,291773.0560645975,291320.9270944226,-583274.9872228752,-145607.4635472113,-3.893899455397319,-3.8881535834658143,0.02036577556456328,0.020483131536058463,53,26,True,9.176108915999066,149792,37449
3,full_cyl_k6,"Full cylindrical mixture, K=6",cylindrical_mixture,full,6,,train_bic,1,cylindrical_mixture,full,0,634069996,True,1145566.1061139319,1144504.9867989132,286960.0610846037,286047.27240896755,-572145.4933994566,-142916.63620448377,-3.8195998010538386,-3.816300467421928,0.021936578133274893,0.02200907375113093,107,36,True,18.51390558300045,149792,37449
3,gauss_vmf_tl_3x2,"Gaussian/vMF two-layer, (K,L)=(3,2)",two_layer_mixture,gaussian_vmf,3,2.0,train_bic,1,two_layer_mixture,gaussian_vmf,0,1230595136,True,1170422.8452197318,1169986.4970901913,292563.959198789,292188.60684619093,-584949.2485450957,-146050.30342309547,-3.9050766966533303,-3.8999787290206807,0.02013940980672102,0.020242342015663443,44,52,True,23.3583598329933,149792,37449
3,gauss_vmf_tl_6x4,"Gaussian/vMF two-layer, (K,L)=(6,4)",two_layer_mixture,gaussian_vmf,6,4.0,train_bic,1,two_layer_mixture,gaussian_vmf,0,1867266076,True,1131182.6472548991,1129943.0218868866,283155.5260179225,282089.1841071326,-564846.5109434433,-140919.5920535663,-3.770872349280624,-3.7629734319625703,0.023031962605082567,0.023214610584355557,125,40,True,48.569711374999315,149792,37449
3,vmf_gauss_tl_3x2,"vMF/Gaussian two-layer, (K,L)=(3,2)",two_layer_mixture,vmf_gaussian,3,2.0,train_bic,1,two_layer_mixture,vmf_gaussian,0,725133156,True,1141970.4212994906,1141325.816108124,285361.7098828766,284807.2120892659,-570597.908054062,-142338.60604463294,-3.8092682389851396,-3.8008653380499595,0.02216439206228393,0.022351421949384245,65,24,True,12.472211166001216,149792,37449
3,vmf_gauss_tl_6x4,"vMF/Gaussian two-layer, (K,L)=(6,4)",two_layer_mixture,vmf_gaussian,6,4.0,train_bic,1,two_layer_mixture,vmf_gaussian,0,1855101298,True,1121036.7856746772,1118547.6179357083,281746.32366480026,279605.1091079342,-559022.8089678541,-139551.5545539671,-3.731993757796505,-3.7264427502461235,0.0239450475881262,0.024078336329226655,251,58,True,79.26063908300421,149792,37449
4,ind_cyl_k3,"Independent cylindrical mixture, K=3",cylindrical_mixture,independent,3,,train_bic,1,cylindrical_mixture,independent,0,1620481935,True,1183974.955717726,1183627.8606146823,296456.9777954955,296158.4020604743,-591778.9303073412,-148044.20103023716,-3.950671132686266,-3.9532217423759555,0.01924178365103379,0.019192767907794485,35,33,True,10.68384116699599,149792,37449
4,ind_cyl_k6,"Independent cylindrical mixture, K=6",cylindrical_mixture,independent,6,,train_bic,1,cylindrical_mixture,independent,0,243163944,True,1146818.7717985497,1146114.6645895187,287369.6208324207,286763.93862709205,-572986.3322947593,-143310.96931354603,-3.8252131775712943,-3.826830337620391,0.021813784825677467,0.02177853695274546,71,92,True,33.76199400000041,149792,37449
4,full_cyl_k3,"Full cylindrical mixture, K=3",cylindrical_mixture,full,3,,train_bic,1,cylindrical_mixture,full,0,1885978581,True,1166849.789090093,1166324.1879340557,292224.7203598649,291772.59138968994,-583109.0939670278,-145833.29569484497,-3.8927919646378166,-3.894183975402413,0.02038834296709938,0.020359981918239133,53,26,True,9.215900333998434,149792,37449
4,full_cyl_k6,"Full cylindrical mixture, K=6",cylindrical_mixture,full,6,,train_bic,1,cylindrical_mixture,full,0,2143808635,True,1141268.6677739716,1140207.548458953,286204.38008036156,285291.5914047254,-569996.7742294765,-142538.7957023627,-3.8052551152897114,-3.806210999021675,0.022253519228818547,0.02223225761524297,107,63,True,28.589127749997715,149792,37449
4,gauss_vmf_tl_3x2,"Gaussian/vMF two-layer, (K,L)=(3,2)",two_layer_mixture,gaussian_vmf,3,2.0,train_bic,1,two_layer_mixture,gaussian_vmf,0,2061828005,True,1170133.0007334633,1169696.6526039229,292617.9689373051,292242.61658470705,-584804.3263019614,-146077.30829235353,-3.904109206779811,-3.90069983957792,0.02015890391042104,0.020227750310881188,44,47,True,30.338199958998302,149792,37449
4,gauss_vmf_tl_6x4,"Gaussian/vMF two-layer, (K,L)=(6,4)",two_layer_mixture,gaussian_vmf,6,4.0,train_bic,1,two_layer_mixture,gaussian_vmf,0,420239182,True,1131080.6536368455,1129841.028268833,283498.4133700565,282432.0714592666,-564795.5141344165,-141091.0357296333,-3.770531898461977,-3.7675514894825843,0.02303980519053809,0.023108575663973292,125,40,True,48.188326499999675,149792,37449
4,vmf_gauss_tl_3x2,"vMF/Gaussian two-layer, (K,L)=(3,2)",two_layer_mixture,vmf_gaussian,3,2.0,train_bic,1,two_layer_mixture,vmf_gaussian,0,1774057304,True,1141720.8952969005,1141076.290105534,285760.4631518512,285205.9653582405,-570473.145052767,-142537.98267912024,-3.8084353306769856,-3.8061892888760775,0.022182860658833844,0.02223274028603216,65,24,True,13.528893791997689,149792,37449
4,vmf_gauss_tl_6x4,"vMF/Gaussian two-layer, (K,L)=(6,4)",two_layer_mixture,vmf_gaussian,6,4.0,train_bic,1,two_layer_mixture,vmf_gaussian,0,1469786722,True,1120010.4202704292,1117521.2525314603,282015.33312153764,279874.11856467155,-558509.6262657301,-139686.05928233577,-3.7285677891057607,-3.7300344276839374,0.024027223256718952,0.023992009833159002,251,81,True,111.11163729100372,149792,37449
5,ind_cyl_k3,"Independent cylindrical mixture, K=3",cylindrical_mixture,independent,3,,train_bic,1,cylindrical_mixture,independent,0,993375656,True,1184677.829661318,1184330.7345582745,296188.02247164526,295889.4467366241,-592130.3672791373,-147909.72336831206,-3.953017299182448,-3.949630787692917,0.019196692139685383,0.019261812160791734,35,32,True,9.619637916999636,149792,37449
5,ind_cyl_k6,"Independent cylindrical mixture, K=6",cylindrical_mixture,independent,6,,train_bic,1,cylindrical_mixture,independent,0,1528477910,True,1153815.170221393,1153111.063012362,288903.84190354723,288298.1596982186,-576484.531506181,-144078.0798491093,-3.8485668894612597,-3.8473144769982985,0.02131025451559448,0.02133696046387915,71,29,True,15.723521332998644,149792,37449
5,full_cyl_k3,"Full cylindrical mixture, K=3",cylindrical_mixture,full,3,,train_bic,1,cylindrical_mixture,full,0,1083751140,True,1167297.853423295,1166772.2522672578,292145.82490976516,291693.6959395902,-583333.1261336289,-145793.8479697951,-3.894287586343923,-3.8931306034819384,0.0203578725106242,0.020381439851101024,53,26,True,9.118583499999659,149792,37449
5,full_cyl_k6,"Full cylindrical mixture, K=6",cylindrical_mixture,full,6,,train_bic,1,cylindrical_mixture,full,0,1769475753,True,1141688.040786293,1140626.9214712745,286340.42060549185,285427.6319298557,-570206.4607356372,-142606.81596492784,-3.806654966457736,-3.8080273429177773,0.022222389407575198,0.022191912840911047,107,62,True,29.63828412500152,149792,37449
5,gauss_vmf_tl_3x2,"Gaussian/vMF two-layer, (K,L)=(3,2)",two_layer_mixture,gaussian_vmf,3,2.0,train_bic,1,two_layer_mixture,gaussian_vmf,0,945574092,True,1170858.180390155,1170421.8322606145,292699.7641046408,292324.41175204277,-585166.9161303072,-146118.20587602138,-3.9065298288981203,-3.901791927048022,0.02011016583376582,0.020205671896192667,44,56,True,26.620868457997858,149792,37449
5,gauss_vmf_tl_6x4,"Gaussian/vMF two-layer, (K,L)=(6,4)",two_layer_mixture,gaussian_vmf,6,4.0,train_bic,1,two_layer_mixture,gaussian_vmf,0,1270257543,True,1131584.4325220909,1130344.8071540783,283834.8067912608,282768.4648804709,-565047.4035770391,-141259.23244023544,-3.7722134932241986,-3.7720428433398876,0.023001094132085773,0.023005019601069328,125,49,True,63.69946099999652,149792,37449
5,vmf_gauss_tl_3x2,"vMF/Gaussian two-layer, (K,L)=(3,2)",two_layer_mixture,vmf_gaussian,3,2.0,train_bic,1,two_layer_mixture,vmf_gaussian,0,1944565112,True,1141955.3037446965,1141310.69855333,286135.12757465214,285580.6297810414,-570590.349276665,-142725.3148905207,-3.809217777162098,-3.8111916176805978,0.022165510546134127,0.022121802513838208,65,25,True,13.88049137499911,149792,37449
5,vmf_gauss_tl_6x4,"vMF/Gaussian two-layer, (K,L)=(6,4)",two_layer_mixture,vmf_gaussian,6,4.0,train_bic,1,two_layer_mixture,vmf_gaussian,0,1802128821,True,1122000.7871365342,1119511.6193975653,282315.13623830944,280173.92168144335,-559504.8096987826,-139835.96084072167,-3.735211558019004,-3.7340372464076923,0.023868121042174027,0.023896166117459955,251,52,True,67.34036574999482,149792,37449
6,ind_cyl_k3,"Independent cylindrical mixture, K=3",cylindrical_mixture,independent,3,,train_bic,1,cylindrical_mixture,independent,0,662088671,True,1183686.4375514914,1183339.3424484478,297418.0582758434,297119.48254082224,-591634.6712242239,-148524.74127041112,-3.9497080700185854,-3.966053600107109,0.019260323620671024,0.018948062411281413,35,38,True,10.023695584000961,149792,37449
6,ind_cyl_k6,"Independent cylindrical mixture, K=6",cylindrical_mixture,independent,6,,train_bic,1,cylindrical_mixture,independent,0,306711087,True,1146662.2043657578,1145958.0971567268,288377.1130080934,287771.4308027647,-572908.0485783634,-143814.71540138236,-3.824690561434278,-3.8402818607007494,0.021825188041129425,0.02148754399725742,71,61,True,25.13738100000046,149792,37449
6,full_cyl_k3,"Full cylindrical mixture, K=3",cylindrical_mixture,full,3,,train_bic,1,cylindrical_mixture,full,0,1333616882,True,1166138.8205510664,1165613.2193950291,293233.3804579571,292781.25148778217,-582753.6096975146,-146337.62574389108,-3.8904187786898805,-3.907651091988867,0.02043678575526682,0.020087629683905237,53,27,True,9.447299875006138,149792,37449
6,full_cyl_k6,"Full cylindrical mixture, K=6",cylindrical_mixture,full,6,,train_bic,1,cylindrical_mixture,full,0,543093313,True,1144979.6339820093,1143918.5146669906,288259.7177908176,287346.92911518144,-571852.2573334953,-143566.46455759072,-3.817642179378707,-3.8336528227079687,0.021979563715132447,0.021630458913636227,107,34,True,18.48497454199969,149792,37449
6,gauss_vmf_tl_3x2,"Gaussian/vMF two-layer, (K,L)=(3,2)",two_layer_mixture,gaussian_vmf,3,2.0,train_bic,1,two_layer_mixture,gaussian_vmf,0,346792625,True,1169480.466190781,1169044.1180612405,293713.2986744143,293337.94632181624,-584478.0590306203,-146624.97316090812,-3.9019310712896567,-3.9153241251010207,0.020202860588893104,0.019934086460640377,44,64,True,28.54646437500196,149792,37449
6,gauss_vmf_tl_6x4,"Gaussian/vMF two-layer, (K,L)=(6,4)",two_layer_mixture,gaussian_vmf,6,4.0,train_bic,1,two_layer_mixture,gaussian_vmf,0,1473035489,True,1130424.4147691163,1129184.7894011037,284985.2711986972,283918.9292879073,-564467.3947005519,-141834.46464395366,-3.7683413980756773,-3.787403258937586,0.023090329208946738,0.02265435302605927,125,50,True,58.951847249998536,149792,37449
6,vmf_gauss_tl_3x2,"vMF/Gaussian two-layer, (K,L)=(3,2)",two_layer_mixture,vmf_gaussian,3,2.0,train_bic,1,two_layer_mixture,vmf_gaussian,0,98152330,True,1141076.6011158368,1140431.9959244702,287352.7342635372,286798.2364699265,-570150.9979622351,-143334.11823496324,-3.8062847012005654,-3.827448482869055,0.022230619109796523,0.021765078813576193,65,26,True,13.132819833001122,149792,37449
6,vmf_gauss_tl_6x4,"vMF/Gaussian two-layer, (K,L)=(6,4)",two_layer_mixture,vmf_gaussian,6,4.0,train_bic,1,two_layer_mixture,vmf_gaussian,0,859353212,True,1120982.3140953341,1118493.1463563652,283473.33086725307,281332.116310387,-558995.5731781826,-140415.0581551935,-3.731811933735998,-3.7495008719910676,0.02394940176974321,0.02352948715163379,251,58,True,79.51100674999907,149792,37449
7,ind_cyl_k3,"Independent cylindrical mixture, K=3",cylindrical_mixture,independent,3,,train_bic,1,cylindrical_mixture,independent,0,1529475082,True,1183340.759595551,1182993.6644925075,298369.1681639176,298070.59242889646,-591461.8322462537,-149000.29621444823,-3.948554210146428,-3.97875233556165,0.019282560161680735,0.01870896729514758,35,34,True,10.821482542000012,149792,37449
7,ind_cyl_k6,"Independent cylindrical mixture, K=6",cylindrical_mixture,independent,6,,train_bic,1,cylindrical_mixture,independent,0,528174779,True,1146267.505117913,1145563.397908882,289214.7015808988,288609.0193755701,-572710.698954441,-144233.50968778506,-3.8233730703538304,-3.851464917295123,0.021853961481916467,0.021248586206260474,71,53,True,23.366396416000498,149792,37449
7,full_cyl_k3,"Full cylindrical mixture, K=3",cylindrical_mixture,full,3,,train_bic,1,cylindrical_mixture,full,0,1878214737,True,1166237.5098965217,1165711.9087404844,294044.0361809763,293591.9072108014,-582802.9543702422,-146742.9536054007,-3.8907481999722426,-3.9184745548719775,0.020430054551857663,0.019871384342368955,53,26,True,10.740127750003012,149792,37449
7,full_cyl_k6,"Full cylindrical mixture, K=6",cylindrical_mixture,full,6,,train_bic,1,cylindrical_mixture,full,0,210936668,True,1141074.3827565494,1140013.2634415308,288229.5945991912,287316.80592355505,-569899.6317207654,-143551.40296177752,-3.8046065992894507,-3.8332506331751857,0.022267955672727012,0.021639160207467943,107,66,True,30.361486082998454,149792,37449
7,gauss_vmf_tl_3x2,"Gaussian/vMF two-layer, (K,L)=(3,2)",two_layer_mixture,gaussian_vmf,3,2.0,train_bic,1,two_layer_mixture,gaussian_vmf,0,1304361343,True,1169476.7800153901,1169040.4318858497,294891.5227598298,294516.1704072318,-584476.2159429248,-147214.0852036159,-3.901918766976373,-3.9310551737994577,0.02020310917274834,0.019622955996168336,44,61,True,27.990260499995202,149792,37449
7,gauss_vmf_tl_6x4,"Gaussian/vMF two-layer, (K,L)=(6,4)",two_layer_mixture,gaussian_vmf,6,4.0,train_bic,1,two_layer_mixture,gaussian_vmf,0,1523150184,True,1130192.1890120227,1128952.56364401,285672.5798210906,284606.2379103007,-564351.281822005,-142178.11895515036,-3.76756623732913,-3.7965798540722147,0.02310823486475854,0.022447414149635223,125,69,True,83.79629587500676,149792,37449
7,vmf_gauss_tl_3x2,"vMF/Gaussian two-layer, (K,L)=(3,2)",two_layer_mixture,vmf_gaussian,3,2.0,train_bic,1,two_layer_mixture,vmf_gaussian,0,291198411,True,1141024.969483131,1140380.3642917646,287982.52001444524,287428.0222208345,-570125.1821458823,-143649.01111041725,-3.8061123567739417,-3.8358570618819527,0.02223445076327307,0.021582832717794157,65,24,True,12.250229584002227,149792,37449
7,vmf_gauss_tl_6x4,"vMF/Gaussian two-layer, (K,L)=(6,4)",two_layer_mixture,vmf_gaussian,6,4.0,train_bic,1,two_layer_mixture,vmf_gaussian,0,101494710,True,1120562.6006024135,1118073.4328634446,284193.8176909839,282052.6031341178,-558785.7164317223,-140775.3015670589,-3.7304109460566806,-3.7591204455942453,0.023982978101071018,0.02330422870030379,251,49,True,66.35776479200285,149792,37449
8,ind_cyl_k3,"Independent cylindrical mixture, K=3",cylindrical_mixture,independent,3,,train_bic,1,cylindrical_mixture,independent,0,1551210781,True,1184468.3863023864,1184121.2911993428,295377.51472459466,295078.9389895735,-592025.6455996714,-147504.46949478675,-3.9523181852146405,-3.938809300509673,0.019210117507680268,0.01947138551674575,35,34,True,10.462296874997264,149792,37449
8,ind_cyl_k6,"Independent cylindrical mixture, K=6",cylindrical_mixture,independent,6,,train_bic,1,cylindrical_mixture,independent,0,817222417,True,1147255.5803920976,1146551.4731830666,286335.75064356014,285730.0684382315,-573204.7365915333,-142794.03421911574,-3.8266712280464463,-3.8130266287248187,0.021782002402166926,0.02208124598412759,71,48,True,21.461069458004204,149792,37449
8,full_cyl_k3,"Full cylindrical mixture, K=3",cylindrical_mixture,full,3,,train_bic,1,cylindrical_mixture,full,0,1806566117,True,1167121.7930258277,1166596.1918697904,291315.35796341504,290863.2289932401,-583245.0959348952,-145378.61449662005,-3.8936999034320605,-3.8820426312216627,0.02036984000062082,0.0206086862132811,53,27,True,10.232638499997847,149792,37449
8,full_cyl_k6,"Full cylindrical mixture, K=6",cylindrical_mixture,full,6,,train_bic,1,cylindrical_mixture,full,0,1429105664,True,1141704.5103570668,1140643.391042048,285257.6431141715,284344.85443853535,-570214.695521024,-142065.42721926767,-3.8067099412587058,-3.793570648595895,0.022221167769720402,0.022515064767478554,107,58,True,25.066361540993967,149792,37449
8,gauss_vmf_tl_3x2,"Gaussian/vMF two-layer, (K,L)=(3,2)",two_layer_mixture,gaussian_vmf,3,2.0,train_bic,1,two_layer_mixture,gaussian_vmf,0,2044194800,True,1170334.6493978787,1169898.3012683382,291720.8240325034,291345.4716799054,-584905.1506341691,-145628.7358399527,-3.9047823023537247,-3.8887216171313703,0.02014533960697241,0.020471499731710963,44,52,True,22.439660125004593,149792,37449
8,gauss_vmf_tl_6x4,"Gaussian/vMF two-layer, (K,L)=(6,4)",two_layer_mixture,gaussian_vmf,6,4.0,train_bic,1,two_layer_mixture,gaussian_vmf,0,627124861,True,1131830.2493158812,1130590.6239478686,282518.85172656906,281452.50981577917,-565170.3119739343,-140601.25490788958,-3.7730340203344257,-3.754472880661422,0.022982228851581004,0.02341278869079363,125,47,True,55.46796995800105,149792,37449
8,vmf_gauss_tl_3x2,"vMF/Gaussian two-layer, (K,L)=(3,2)",two_layer_mixture,vmf_gaussian,3,2.0,train_bic,1,two_layer_mixture,vmf_gaussian,0,58876591,True,1142126.1716070273,1141481.5664156608,284753.8637228741,284199.36592926335,-570675.7832078304,-142034.68296463168,-3.809788127589126,-3.7927496852955134,0.022152872042259495,0.022533556398795125,65,25,True,11.40653658300289,149792,37449
8,vmf_gauss_tl_6x4,"vMF/Gaussian two-layer, (K,L)=(6,4)",two_layer_mixture,vmf_gaussian,6,4.0,train_bic,1,two_layer_mixture,vmf_gaussian,0,80409029,True,1121616.1266453392,1119126.9589063702,281311.14067376597,279169.9261168999,-559312.4794531851,-139333.96305844994,-3.733927575926519,-3.7206324083006206,0.023898786965208446,0.024218646928316812,251,52,True,60.19408650000696,149792,37449
9,ind_cyl_k3,"Independent cylindrical mixture, K=3",cylindrical_mixture,independent,3,,train_bic,1,cylindrical_mixture,independent,0,42864563,True,1184615.9072785897,1184268.812175546,296000.5336822817,295701.9579472605,-592099.406087773,-147815.97897363026,-3.952810604623565,-3.947127532741335,0.019200660401594155,0.019310089787854062,35,38,True,9.725483125002938,149792,37449
9,ind_cyl_k6,"Independent cylindrical mixture, K=6",cylindrical_mixture,independent,6,,train_bic,1,cylindrical_mixture,independent,0,396131802,True,1147295.6591944117,1146591.5519853807,286896.60063209955,286290.9184267709,-573224.7759926904,-143074.45921338545,-3.8268050095645316,-3.8205148125019477,0.02177908856773157,0.02191651509350595,71,51,True,20.271671250004147,149792,37449
9,full_cyl_k3,"Full cylindrical mixture, K=3",cylindrical_mixture,full,3,,train_bic,1,cylindrical_mixture,full,0,1475741359,True,1167399.8217030591,1166874.2205470218,291754.6819858386,291302.55301566364,-583384.1102735109,-145598.27650783182,-3.894627952584323,-3.8879082621119876,0.020350944557182837,0.02048815710203162,53,26,True,8.643766790999507,149792,37449
9,full_cyl_k6,"Full cylindrical mixture, K=6",cylindrical_mixture,full,6,,train_bic,1,cylindrical_mixture,full,0,1060465240,True,1141808.2723477343,1140747.1530327157,285815.595891934,284902.80721629784,-570266.5765163578,-142344.40360814892,-3.8070562948378943,-3.8010201502883634,0.022213472721410298,0.022347961943553284,107,62,True,26.550088457996026,149792,37449
9,gauss_vmf_tl_3x2,"Gaussian/vMF two-layer, (K,L)=(3,2)",two_layer_mixture,gaussian_vmf,3,2.0,train_bic,1,two_layer_mixture,gaussian_vmf,0,1783445443,True,1170185.7310410454,1169749.382911505,292528.04774347844,292152.6953908804,-584830.6914557525,-146032.3476954402,-3.904285218541394,-3.8994992575353202,0.0201553560184767,0.020252049968614193,44,46,True,21.160758375001024,149792,37449
9,gauss_vmf_tl_6x4,"Gaussian/vMF two-layer, (K,L)=(6,4)",two_layer_mixture,gaussian_vmf,6,4.0,train_bic,1,two_layer_mixture,gaussian_vmf,0,892420018,True,1131283.957411724,1130044.3320437113,283463.15499062167,282396.8130798318,-564897.1660218557,-141073.4065399159,-3.771210518731679,-3.767080737534137,0.023024175215734497,0.023119456631910437,125,51,True,60.72313929200027,149792,37449
9,vmf_gauss_tl_3x2,"vMF/Gaussian two-layer, (K,L)=(3,2)",two_layer_mixture,vmf_gaussian,3,2.0,train_bic,1,two_layer_mixture,vmf_gaussian,0,1185769855,True,1142054.779613809,1141410.1744224424,285453.0630518432,284898.56525823247,-570640.0872112212,-142384.28262911623,-3.80954982383052,-3.8020850390962706,0.02215815178399725,0.02232417651566573,65,24,True,11.741707790999499,149792,37449
9,vmf_gauss_tl_6x4,"vMF/Gaussian two-layer, (K,L)=(6,4)",two_layer_mixture,vmf_gaussian,6,4.0,train_bic,1,two_layer_mixture,vmf_gaussian,0,1136802517,True,1119973.932698741,1117484.7649597721,281966.4791361479,279825.2645792818,-558491.3824798861,-139661.6322896409,-3.7284459949789444,-3.729382154120027,0.02403014980961018,0.024007664291858,251,93,True,100.29338191599527,149792,37449
10,ind_cyl_k3,"Independent cylindrical mixture, K=3",cylindrical_mixture,independent,3,,train_bic,1,cylindrical_mixture,independent,0,600264366,True,1184090.2651730566,1183743.170070013,296946.7504889795,296648.17475395836,-591836.5850350065,-148289.08737697918,-3.9510560312633953,-3.959760938262148,0.019234378941007668,0.01906767209761986,35,34,True,9.361984167000628,149792,37449
10,ind_cyl_k6,"Independent cylindrical mixture, K=6",cylindrical_mixture,independent,6,,train_bic,1,cylindrical_mixture,independent,0,1792683554,True,1146532.83243113,1145828.725222099,288154.8729300241,287549.19072469545,-572843.3626110496,-143703.59536234773,-3.8242587228359963,-3.8373146242182092,0.02183461503506377,0.0215513973088144,71,50,True,21.33389212500333,149792,37449
10,full_cyl_k3,"Full cylindrical mixture, K=3",cylindrical_mixture,full,3,,train_bic,1,cylindrical_mixture,full,0,343610854,True,1166760.3797856155,1166234.7786295782,292895.51919685904,292443.3902266841,-583064.3893147891,-146168.69511334205,-3.8924935197793546,-3.903140140279902,0.020394428671308865,0.020178448697445166,53,27,True,9.864975165997748,149792,37449
10,full_cyl_k6,"Full cylindrical mixture, K=6",cylindrical_mixture,full,6,,train_bic,1,cylindrical_mixture,full,0,1381516158,True,1140903.8055454714,1139842.6862304527,287217.28150883625,286304.4928332001,-569814.3431152264,-143045.24641660004,-3.804037219045252,-3.8197347436940916,0.022280638217018207,0.021933618153221725,107,67,True,30.038364459003787,149792,37449
10,gauss_vmf_tl_3x2,"Gaussian/vMF two-layer, (K,L)=(3,2)",two_layer_mixture,gaussian_vmf,3,2.0,train_bic,1,two_layer_mixture,gaussian_vmf,0,1791304141,True,1169903.2770628112,1169466.9289332707,293707.3941369157,293332.04178431764,-584689.4644666354,-146622.02089215882,-3.903342397902661,-3.915245290719614,0.020174367865084298,0.019935658013960814,44,70,True,30.391061582995462,149792,37449
10,gauss_vmf_tl_6x4,"Gaussian/vMF two-layer, (K,L)=(6,4)",two_layer_mixture,gaussian_vmf,6,4.0,train_bic,1,two_layer_mixture,gaussian_vmf,0,2012906446,True,1130482.1751923368,1129242.5498243242,284612.3144976698,283545.9725868799,-564496.2749121621,-141647.98629343996,-3.768534200171986,-3.7824237307655735,0.02308587777420756,0.022767442347224276,125,45,True,54.40674858400598,149792,37449
10,vmf_gauss_tl_3x2,"vMF/Gaussian two-layer, (K,L)=(3,2)",two_layer_mixture,vmf_gaussian,3,2.0,train_bic,1,two_layer_mixture,vmf_gaussian,0,567977738,True,1141289.7187571744,1140645.113565808,286748.8199898204,286194.3221962097,-570257.556782904,-143032.16109810484,-3.806996079783326,-3.819385326660387,0.022214810347154567,0.021941283472133737,65,24,True,12.10959662499954,149792,37449
10,vmf_gauss_tl_6x4,"vMF/Gaussian two-layer, (K,L)=(6,4)",two_layer_mixture,vmf_gaussian,6,4.0,train_bic,1,two_layer_mixture,vmf_gaussian,0,350202764,True,1120710.7379681184,1118221.5702291494,283409.2345451907,281268.0199883246,-558859.7851145747,-140383.0099941623,-3.7309054229503227,-3.7486450905007427,0.023971122004083894,0.023549631869724,251,48,True,61.335346750005556,149792,37449
11,ind_cyl_k3,"Independent cylindrical mixture, K=3",cylindrical_mixture,independent,3,,train_bic,1,cylindrical_mixture,independent,0,2068765216,True,1184678.1001841356,1184331.005081092,296034.6249744341,295736.04923941294,-592130.502540546,-147833.02461970647,-3.953018202177326,-3.9475827023340133,0.019196674805178532,0.01930130242217329,35,30,True,8.721663249998528,149792,37449
11,ind_cyl_k6,"Independent cylindrical mixture, K=6",cylindrical_mixture,independent,6,,train_bic,1,cylindrical_mixture,independent,0,718895437,True,1147514.259774033,1146810.152565002,287042.28139406175,286436.5991887331,-573334.076282501,-143147.29959436654,-3.827534689986788,-3.822459867936835,0.02176320258973752,0.021873927687568757,71,78,True,27.671058499996434,149792,37449
11,full_cyl_k3,"Full cylindrical mixture, K=3",cylindrical_mixture,full,3,,train_bic,1,cylindrical_mixture,full,0,307396716,True,1167572.4378280088,1167046.8366719715,291684.5570279878,291232.42805781285,-583470.4183359857,-145563.21402890643,-3.8952041386454934,-3.886971989343011,0.02033922200410749,0.02050734858844388,53,27,True,8.92721720800182,149792,37449
11,full_cyl_k6,"Full cylindrical mixture, K=6",cylindrical_mixture,full,6,,train_bic,1,cylindrical_mixture,full,0,1134432005,True,1142211.5192295169,1141150.3999144982,285950.24764803634,285037.45897240017,-570468.1999572491,-142411.72948620009,-3.808402317595393,-3.802817952046786,0.022183592995511005,0.022307820831966144,107,60,True,25.43746045799344,149792,37449
11,gauss_vmf_tl_3x2,"Gaussian/vMF two-layer, (K,L)=(3,2)",two_layer_mixture,gaussian_vmf,3,2.0,train_bic,1,two_layer_mixture,gaussian_vmf,0,1417891928,True,1170737.294174103,1170300.9460445626,292642.12374124106,292266.771388643,-585106.4730222813,-146089.3856943215,-3.906126315305766,-3.9010223422340116,0.020118282196445448,0.020221227859489654,44,63,True,27.24557908299903,149792,37449
11,gauss_vmf_tl_6x4,"Gaussian/vMF two-layer, (K,L)=(6,4)",two_layer_mixture,gaussian_vmf,6,4.0,train_bic,1,two_layer_mixture,gaussian_vmf,0,2050710848,True,1131612.2637145126,1130372.6383465,283581.3061256719,282514.964214882,-565061.31917325,-141132.482107441,-3.7723063926861915,-3.7686582313931214,0.022998957442065867,0.023083014582162515,125,48,True,55.53589391599962,149792,37449
11,vmf_gauss_tl_3x2,"vMF/Gaussian two-layer, (K,L)=(3,2)",two_layer_mixture,vmf_gaussian,3,2.0,train_bic,1,two_layer_mixture,vmf_gaussian,0,500766849,True,1142302.3051942599,1141657.7000028933,285706.668186141,285152.1703925303,-570763.8500014467,-142511.08519626514,-3.8103760548056416,-3.8054710458561014,0.022139851593774934,0.02224871453256636,65,25,True,12.613897082999756,149792,37449
11,vmf_gauss_tl_6x4,"vMF/Gaussian two-layer, (K,L)=(6,4)",two_layer_mixture,vmf_gaussian,6,4.0,train_bic,1,two_layer_mixture,vmf_gaussian,0,1342522729,True,1121582.8774595568,1119093.7097205878,282077.90273238654,279936.68817552045,-559295.8548602939,-139717.34408776023,-3.7338165914087127,-3.730869825302684,0.023901439507748787,0.023971975334826687,251,51,True,68.35672808299569,149792,37449
12,ind_cyl_k3,"Independent cylindrical mixture, K=3",cylindrical_mixture,independent,3,,train_bic,1,cylindrical_mixture,independent,0,211342089,True,1183461.3856623075,1183114.290559264,297316.536142848,297017.9604078269,-591522.145279632,-148473.98020391344,-3.9489568553703265,-3.9646981282254115,0.019274797693792284,0.018973763391635614,35,33,True,9.312825334003719,149792,37449
12,ind_cyl_k6,"Independent cylindrical mixture, K=6",cylindrical_mixture,independent,6,,train_bic,1,cylindrical_mixture,independent,0,1036797082,True,1146656.9435852019,1145952.8363761709,288037.22654379567,287431.544338467,-572905.4181880854,-143644.7721692335,-3.8246730011488292,-3.8357438695087587,0.02182557130102647,0.02158527586812012,71,96,True,33.242196749997674,149792,37449
12,full_cyl_k3,"Full cylindrical mixture, K=3",cylindrical_mixture,full,3,,train_bic,1,cylindrical_mixture,full,0,149346584,True,1166335.057808454,1165809.4566524166,293094.527247783,292642.39827760804,-582851.7283262083,-146268.19913880402,-3.8910738111929097,-3.905797194552699,0.020423403379763633,0.020124904630362792,53,12,True,6.990565208005137,149792,37449
12,full_cyl_k6,"Full cylindrical mixture, K=6",cylindrical_mixture,full,6,,train_bic,1,cylindrical_mixture,full,0,463183772,True,1141071.8476331597,1140010.728318141,286930.5177045513,286017.7290289151,-569898.3641590705,-142901.86451445756,-3.8045981371439765,-3.8159060192383656,0.02226814410820461,0.02201775690270805,107,98,True,43.97610266699485,149792,37449
12,gauss_vmf_tl_3x2,"Gaussian/vMF two-layer, (K,L)=(3,2)",two_layer_mixture,gaussian_vmf,3,2.0,train_bic,1,two_layer_mixture,gaussian_vmf,0,1103657794,True,1169262.464792379,1168826.1166628385,293599.8116705066,293224.45931790856,-584369.0583314192,-146568.22965895428,-3.9012033909115256,-3.913808904348695,0.02021756716431999,0.019964313896960344,44,44,True,23.791168750001816,149792,37449
12,gauss_vmf_tl_6x4,"Gaussian/vMF two-layer, (K,L)=(6,4)",two_layer_mixture,gaussian_vmf,6,4.0,train_bic,1,two_layer_mixture,gaussian_vmf,0,4330047,True,1130630.1096728418,1129390.4843048293,284430.20037177653,283363.85846098664,-564570.2421524146,-141556.92923049332,-3.769027999842546,-3.7799922355868865,0.023074480789513293,0.02282286863058551,125,57,True,63.93728708400158,149792,37449
12,vmf_gauss_tl_3x2,"vMF/Gaussian two-layer, (K,L)=(3,2)",two_layer_mixture,vmf_gaussian,3,2.0,train_bic,1,two_layer_mixture,vmf_gaussian,0,1479833264,True,1141380.0062490404,1140735.4010576739,286671.4786296874,286116.98083607666,-570302.7005288369,-142993.49041803833,-3.8072974559978965,-3.818352704158678,0.022208116340462606,0.021963952237287608,65,24,True,11.788554833001399,149792,37449
12,vmf_gauss_tl_6x4,"vMF/Gaussian two-layer, (K,L)=(6,4)",two_layer_mixture,vmf_gaussian,6,4.0,train_bic,1,two_layer_mixture,vmf_gaussian,0,1376860321,True,1120342.424325355,1117853.2565863861,282713.5175005201,280572.302943654,-558675.6282931931,-140035.151471827,-3.7296760060162963,-3.7393562303887156,0.02400061063059747,0.023769400224417786,251,74,True,92.29995500000223,149792,37449
13,ind_cyl_k3,"Independent cylindrical mixture, K=3",cylindrical_mixture,independent,3,,train_bic,1,cylindrical_mixture,independent,0,1479296703,True,1185678.538300416,1185331.4431973724,295285.7186816822,294987.14294666104,-592630.7215986862,-147458.57147333052,-3.956357626566747,-3.9375836864357,0.019132675880398506,0.01949526455112602,35,36,True,9.857999749998271,149792,37449
13,ind_cyl_k6,"Independent cylindrical mixture, K=6",cylindrical_mixture,independent,6,,train_bic,1,cylindrical_mixture,independent,0,531838482,True,1148130.4396408594,1147426.3324318284,286638.5148488612,286032.83264353254,-573642.1662159142,-142945.41632176627,-3.8295914749513607,-3.817068982396493,0.021718486363464767,0.0219921659461597,71,103,True,35.61147625000012,149792,37449
13,full_cyl_k3,"Full cylindrical mixture, K=3",cylindrical_mixture,full,3,,train_bic,1,cylindrical_mixture,full,0,962585095,True,1168393.7365076796,1167868.1353516423,291195.2003525678,290743.07138239284,-583881.0676758211,-145318.53569119642,-3.8979456024074794,-3.880438347918407,0.020283539125207865,0.02064177491920756,53,27,True,9.173829208004463,149792,37449
13,full_cyl_k6,"Full cylindrical mixture, K=6",cylindrical_mixture,full,6,,train_bic,1,cylindrical_mixture,full,0,1086968597,True,1147214.171225167,1146153.0519101485,286558.7717541358,285645.9830784996,-572969.5259550742,-142715.9915392498,-3.8251009797257147,-3.810942656392689,0.02181623242264383,0.022127310671913532,107,34,True,17.071326999997837,149792,37449
13,gauss_vmf_tl_3x2,"Gaussian/vMF two-layer, (K,L)=(3,2)",two_layer_mixture,gaussian_vmf,3,2.0,train_bic,1,two_layer_mixture,gaussian_vmf,0,607282748,True,1171354.2259167403,1170917.8777871998,292045.8648551218,291670.5125025238,-585414.9388935999,-145791.2562512619,-3.908185610003204,-3.8930613968667225,0.020076895353076038,0.02038285043037649,44,73,True,33.39509000000544,149792,37449
13,gauss_vmf_tl_6x4,"Gaussian/vMF two-layer, (K,L)=(6,4)",two_layer_mixture,gaussian_vmf,6,4.0,train_bic,1,two_layer_mixture,gaussian_vmf,0,54396634,True,1132172.2026429835,1130932.577274971,282919.94106050156,281853.59914971166,-565341.2886374855,-140801.79957485583,-3.7741754475371545,-3.7598280214386453,0.022956011275963948,0.02328774502341661,125,55,True,67.92978150000272,149792,37449
13,vmf_gauss_tl_3x2,"vMF/Gaussian two-layer, (K,L)=(3,2)",two_layer_mixture,vmf_gaussian,3,2.0,train_bic,1,two_layer_mixture,vmf_gaussian,0,818093941,True,1142911.1678872772,1142266.5626959107,285094.5112978637,284540.01350425294,-571068.2813479553,-142205.00675212647,-3.8124084153222824,-3.7972978384503318,0.022094901126800886,0.022431303041400785,65,25,True,12.221896750001179,149792,37449
13,vmf_gauss_tl_6x4,"vMF/Gaussian two-layer, (K,L)=(6,4)",two_layer_mixture,vmf_gaussian,6,4.0,train_bic,1,two_layer_mixture,vmf_gaussian,0,120169246,True,1120833.489407031,1118344.3216680621,281458.6224192506,279317.4078623845,-558921.1608340311,-139407.70393119226,-3.731315162585659,-3.72260150955145,0.023961302097235248,0.024171004881757382,251,88,True,110.24511095799971,149792,37449
14,ind_cyl_k3,"Independent cylindrical mixture, K=3",cylindrical_mixture,independent,3,,train_bic,1,cylindrical_mixture,independent,0,1507965516,True,1183864.8863838965,1183517.7912808529,295885.7193019278,295587.1435669066,-591723.8956404264,-147758.5717834533,-3.9503037254354467,-3.9455945895338544,0.019248854520730732,0.01933971375896169,35,35,True,9.543605332997686,149792,37449
14,ind_cyl_k6,"Independent cylindrical mixture, K=6",cylindrical_mixture,independent,6,,train_bic,1,cylindrical_mixture,independent,0,1981249499,True,1146312.8988610702,1145608.7916520392,287133.93717799085,286528.2549726622,-572733.3958260196,-143193.1274863311,-3.823524592942344,-3.823683609344204,0.021850650363964365,0.02184717602841068,71,69,True,25.239221292002185,149792,37449
14,full_cyl_k3,"Full cylindrical mixture, K=3",cylindrical_mixture,full,3,,train_bic,1,cylindrical_mixture,full,0,160982851,True,1166672.3626370002,1166146.7614809629,291697.3315829647,291245.20261278976,-583020.3807404814,-145569.60130639488,-3.8921997218842224,-3.8871425487034332,0.02040042139180615,0.02050385116645219,53,25,True,8.875240250003117,149792,37449
14,full_cyl_k6,"Full cylindrical mixture, K=6",cylindrical_mixture,full,6,,train_bic,1,cylindrical_mixture,full,0,2068719099,True,1145623.9050325346,1144562.785717516,287148.98641258373,286236.19773694756,-572174.392858758,-143011.09886847378,-3.8197927316462694,-3.8188229023064375,0.021932346304497478,0.021953627255212108,107,30,True,16.483127083003637,149792,37449
14,gauss_vmf_tl_3x2,"Gaussian/vMF two-layer, (K,L)=(3,2)",two_layer_mixture,gaussian_vmf,3,2.0,train_bic,1,two_layer_mixture,gaussian_vmf,0,1543015498,True,1169578.9564430474,1169142.608313507,292892.00348355365,292516.6511309556,-584527.3041567535,-146214.3255654778,-3.9022598280065255,-3.9043586094549334,0.02019621985442738,0.02015387685276512,44,66,True,28.750347207998857,149792,37449
14,gauss_vmf_tl_6x4,"Gaussian/vMF two-layer, (K,L)=(6,4)",two_layer_mixture,gaussian_vmf,6,4.0,train_bic,1,two_layer_mixture,gaussian_vmf,0,2107195956,True,1130000.2137505738,1128760.5883825612,283682.3190171762,282615.97710638633,-564255.2941912806,-141182.98855319316,-3.7669254312064773,-3.77000690414145,0.023123047508653148,0.02305190413306933,125,48,True,57.65520725000533,149792,37449
14,vmf_gauss_tl_3x2,"vMF/Gaussian two-layer, (K,L)=(3,2)",two_layer_mixture,vmf_gaussian,3,2.0,train_bic,1,two_layer_mixture,vmf_gaussian,0,1001420773,True,1141272.7041621413,1140628.0989707748,285480.8402086737,284926.34241506294,-570249.0494853874,-142398.17120753147,-3.8069392857121036,-3.802455905565742,0.02221607205250397,0.022315898762202985,65,24,True,11.638791500001389,149792,37449
14,vmf_gauss_tl_6x4,"vMF/Gaussian two-layer, (K,L)=(6,4)",two_layer_mixture,vmf_gaussian,6,4.0,train_bic,1,two_layer_mixture,vmf_gaussian,0,203011962,True,1119266.7635104875,1116777.5957715185,282179.0354361698,280037.82087930373,-558137.7978857593,-139767.91043965187,-3.726085491119414,-3.7322200977236206,0.02408694007142746,0.023939628481103606,251,81,True,104.89126541600126,149792,37449
15,ind_cyl_k3,"Independent cylindrical mixture, K=3",cylindrical_mixture,independent,3,,train_bic,1,cylindrical_mixture,independent,0,1893394932,True,1184010.1604917804,1183663.0653887368,296238.24003569747,295939.6643006763,-591796.5326943684,-147934.83215033816,-3.9507886448833607,-3.95030126706556,0.019239522639611747,0.019248901841593207,35,37,True,10.265237416999298,149792,37449
15,ind_cyl_k6,"Independent cylindrical mixture, K=6",cylindrical_mixture,independent,6,,train_bic,1,cylindrical_mixture,independent,0,888001622,True,1146926.3795425564,1146222.2723335254,287213.02413952764,286607.341934199,-573040.1361667627,-143232.6709670995,-3.82557236812889,-3.8247395382279765,0.02180595092715808,0.021824119139573207,71,60,True,23.44069229199522,149792,37449
15,full_cyl_k3,"Full cylindrical mixture, K=3",cylindrical_mixture,full,3,,train_bic,1,cylindrical_mixture,full,0,255275518,True,1166874.5715176056,1166348.9703615683,291809.199375556,291357.0704053811,-583121.4851807841,-145625.53520269055,-3.8928746874384754,-3.888636150569856,0.020386656456025772,0.020473249435171575,53,26,True,9.081642582998029,149792,37449
15,full_cyl_k6,"Full cylindrical mixture, K=6",cylindrical_mixture,full,6,,train_bic,1,cylindrical_mixture,full,0,1236160895,True,1145677.6450209792,1144616.5257059606,286992.76702942955,286079.9783537934,-572201.2628529803,-142932.9891768967,-3.819972113684177,-3.8167371405617425,0.021928412388368776,0.021999465077869058,107,48,True,22.637041957998008,149792,37449
15,gauss_vmf_tl_3x2,"Gaussian/vMF two-layer, (K,L)=(3,2)",two_layer_mixture,gaussian_vmf,3,2.0,train_bic,1,two_layer_mixture,gaussian_vmf,0,1096509117,True,1169898.2907503895,1169461.942620849,292810.1287612377,292434.7764086397,-584686.9713104245,-146173.38820431984,-3.903325753781407,-3.9032654598072,0.020174703652503703,0.02017592010223728,44,64,True,28.95780541699787,149792,37449
15,gauss_vmf_tl_6x4,"Gaussian/vMF two-layer, (K,L)=(6,4)",two_layer_mixture,gaussian_vmf,6,4.0,train_bic,1,two_layer_mixture,gaussian_vmf,0,1405188699,True,1130814.644694244,1129575.0193262314,283849.4480678015,282783.1061570116,-564662.5096631157,-141266.5530785058,-3.769643970726846,-3.7722383262171433,0.023060271957739215,0.023000522953169542,125,55,True,65.80657241699373,149792,37449
15,vmf_gauss_tl_3x2,"vMF/Gaussian two-layer, (K,L)=(3,2)",two_layer_mixture,vmf_gaussian,3,2.0,train_bic,1,two_layer_mixture,vmf_gaussian,0,96567169,True,1141509.1445388221,1140864.5393474556,286236.2433765037,285681.74558289297,-570367.2696737278,-142775.87279144648,-3.8077285146985673,-3.8125416644355385,0.022198545401654963,0.02209195719696063,65,24,True,12.320709916995838,149792,37449
15,vmf_gauss_tl_6x4,"vMF/Gaussian two-layer, (K,L)=(6,4)",two_layer_mixture,vmf_gaussian,6,4.0,train_bic,1,two_layer_mixture,vmf_gaussian,0,366928466,True,1120432.9583187317,1117943.7905797628,282023.7041292517,279882.4895723856,-558720.8952898814,-139690.2447861928,-3.7299782050435364,-3.7301461931211195,0.023993358765220258,0.023989328505533793,251,85,True,109.87985833299899,149792,37449
16,ind_cyl_k3,"Independent cylindrical mixture, K=3",cylindrical_mixture,independent,3,,train_bic,1,cylindrical_mixture,independent,0,518837878,True,1183975.8744660278,1183628.7793629842,296419.66101268615,296121.085277665,-591779.3896814921,-148025.5426388325,-3.9506741994331613,-3.952723507672635,0.019241724641444,0.019202332793400036,35,34,True,9.56299025000044,149792,37449
16,ind_cyl_k6,"Independent cylindrical mixture, K=6",cylindrical_mixture,independent,6,,train_bic,1,cylindrical_mixture,independent,0,1397226027,True,1146338.9120793627,1145634.8048703317,287685.1270225756,287079.4448172469,-572746.4024351658,-143468.72240862346,-3.823611424075824,-3.8310428157927707,0.02184875312959669,0.02168698829993381,71,53,True,21.19205908299773,149792,37449
16,full_cyl_k3,"Full cylindrical mixture, K=3",cylindrical_mixture,full,3,,train_bic,1,cylindrical_mixture,full,0,993146455,True,1166670.7137175882,1166145.112561551,292317.5434236022,291865.41445342725,-583019.5562807755,-145879.70722671362,-3.8921942178539273,-3.8954233017360576,0.02040053367665253,0.020334764885789152,53,26,True,9.001380458001222,149792,37449
16,full_cyl_k6,"Full cylindrical mixture, K=6",cylindrical_mixture,full,6,,train_bic,1,cylindrical_mixture,full,0,1874153063,True,1145234.238463444,1144173.1191484253,287320.3952700468,286407.6065944106,-571979.5595742126,-143096.8032972053,-3.8184920394561304,-3.8211114661861547,0.02196089209666715,0.02190344242434636,107,34,True,17.72498341699975,149792,37449
16,gauss_vmf_tl_3x2,"Gaussian/vMF two-layer, (K,L)=(3,2)",two_layer_mixture,gaussian_vmf,3,2.0,train_bic,1,two_layer_mixture,gaussian_vmf,0,1839189744,True,1169706.9967608622,1169270.6486313217,292932.15621805517,292556.8038654571,-584591.3243156609,-146234.40193272856,-3.902687221718522,-3.9048947083427747,0.02018758996136788,0.020143075277413627,44,46,True,21.281757166005264,149792,37449
16,gauss_vmf_tl_6x4,"Gaussian/vMF two-layer, (K,L)=(6,4)",two_layer_mixture,gaussian_vmf,6,4.0,train_bic,1,two_layer_mixture,gaussian_vmf,0,1742097171,True,1130288.6767280228,1129049.0513600102,284109.1699037524,283042.8279929625,-564399.5256800051,-141396.41399648125,-3.7678883096560902,-3.775706000066257,0.023100793540170392,0.02292090276940791,125,50,True,59.49977362500067,149792,37449
16,vmf_gauss_tl_3x2,"vMF/Gaussian two-layer, (K,L)=(3,2)",two_layer_mixture,vmf_gaussian,3,2.0,train_bic,1,two_layer_mixture,vmf_gaussian,0,688259241,True,1141132.936480471,1140488.3312891044,286268.0551157943,285713.55732218357,-570179.1656445522,-142791.77866109178,-3.806472746505502,-3.812966398597874,0.02222643913927132,0.022082575980428832,65,24,True,12.125545916002011,149792,37449
16,vmf_gauss_tl_6x4,"vMF/Gaussian two-layer, (K,L)=(6,4)",two_layer_mixture,vmf_gaussian,6,4.0,train_bic,1,two_layer_mixture,vmf_gaussian,0,478144638,True,1120843.4252196762,1118354.2574807073,282806.8783508772,280665.6637940111,-558926.1287403536,-140081.83189700556,-3.7313483279504487,-3.7406027369757684,0.023960507425088227,0.02373978996899095,251,54,True,69.43371325000044,149792,37449
17,ind_cyl_k3,"Independent cylindrical mixture, K=3",cylindrical_mixture,independent,3,,train_bic,1,cylindrical_mixture,independent,0,1699098079,True,1183487.5338821101,1183140.4387790665,298209.19120182423,297910.6154668031,-591535.2193895333,-148920.30773340154,-3.949044137133714,-3.9766164045342074,0.019273115428877226,0.018748971066323963,35,33,True,9.238553541996225,149792,37449
17,ind_cyl_k6,"Independent cylindrical mixture, K=6",cylindrical_mixture,independent,6,,train_bic,1,cylindrical_mixture,independent,0,9477034,True,1147087.8535933243,1146383.7463842933,289349.7500135432,288744.0678082145,-573120.8731921467,-144301.03390410726,-3.826111362370131,-3.8532680152769703,0.0217942008120902,0.021210307443905306,71,66,True,24.824158583003737,149792,37449
17,full_cyl_k3,"Full cylindrical mixture, K=3",cylindrical_mixture,full,3,,train_bic,1,cylindrical_mixture,full,0,2002680888,True,1166392.4793181918,1165866.8781621545,293814.0126123799,293361.883642205,-582880.4390810772,-146627.9418211025,-3.8912654820089005,-3.9154033971829016,0.02041948918450301,0.019932506306738117,53,29,True,9.482288709004933,149792,37449
17,full_cyl_k6,"Full cylindrical mixture, K=6",cylindrical_mixture,full,6,,train_bic,1,cylindrical_mixture,full,0,559410535,True,1141205.681094379,1140144.5617793603,287867.14911156805,286954.3604359319,-569965.2808896801,-143370.18021796594,-3.8050448681483666,-3.8284114453781393,0.022258198459501468,0.021744129946776936,107,66,True,27.727034208000987,149792,37449
17,gauss_vmf_tl_3x2,"Gaussian/vMF two-layer, (K,L)=(3,2)",two_layer_mixture,gaussian_vmf,3,2.0,train_bic,1,two_layer_mixture,gaussian_vmf,0,2120851281,True,1169549.417937669,1169113.0698081285,294690.0362899599,294314.6839373619,-584512.5349040643,-147113.34196868094,-3.9021612295988053,-3.928365028937513,0.02019821126772047,0.019675815658614013,44,64,True,27.848426709002524,149792,37449
17,gauss_vmf_tl_6x4,"Gaussian/vMF two-layer, (K,L)=(6,4)",two_layer_mixture,gaussian_vmf,6,4.0,train_bic,1,two_layer_mixture,gaussian_vmf,0,260897427,True,1130149.826716343,1128910.2013483304,286006.3587607151,284940.0168499252,-564330.1006741652,-142345.0084249626,-3.767424833597022,-3.80103630070129,0.02311150268644649,0.022347601017654387,125,48,True,56.74455587500415,149792,37449
17,vmf_gauss_tl_3x2,"vMF/Gaussian two-layer, (K,L)=(3,2)",two_layer_mixture,vmf_gaussian,3,2.0,train_bic,1,two_layer_mixture,vmf_gaussian,0,968485255,True,1141105.3748949496,1140460.769703583,288124.2481164551,287569.75032284437,-570165.3848517915,-143719.87516142218,-3.8063807469810906,-3.837749343411631,0.022228484055165698,0.021542030538864047,65,25,True,12.599251499996171,149792,37449
17,vmf_gauss_tl_6x4,"vMF/Gaussian two-layer, (K,L)=(6,4)",two_layer_mixture,vmf_gaussian,6,4.0,train_bic,1,two_layer_mixture,vmf_gaussian,0,604159055,True,1120504.918031228,1118015.750292259,283888.6497826865,281747.4352258204,-558756.8751461295,-140622.7176129102,-3.730218403827504,-3.75504599890278,0.02398759628172002,0.023399374238914587,251,81,True,94.70616137499746,149792,37449
18,ind_cyl_k3,"Independent cylindrical mixture, K=3",cylindrical_mixture,independent,3,,train_bic,1,cylindrical_mixture,independent,0,1482100939,True,1183452.1641101667,1183105.0690071231,298593.21018033265,298294.6344453115,-591517.5345035616,-149112.31722265575,-3.94892607417994,-3.9817436306084475,0.019275391004141107,0.018653086873029304,35,32,True,8.87212883400207,149792,37449
18,ind_cyl_k6,"Independent cylindrical mixture, K=6",cylindrical_mixture,independent,6,,train_bic,1,cylindrical_mixture,independent,0,2020057367,True,1146903.26404937,1146199.156840339,289633.68990011804,289028.0076947894,-573028.5784201695,-144443.0038473947,-3.8254952094916255,-3.857059036219784,0.02180763350952792,0.02113005094733103,71,87,True,30.573031332998653,149792,37449
18,full_cyl_k3,"Full cylindrical mixture, K=3",cylindrical_mixture,full,3,,train_bic,1,cylindrical_mixture,full,0,168292307,True,1166194.0601174838,1165668.4589614465,294261.4205163245,293809.2915461496,-582781.2294807233,-146851.6457730748,-3.8906031662620384,-3.921376959947523,0.020433017813350204,0.01981379315250522,53,26,True,8.96981224999763,149792,37449
18,full_cyl_k6,"Full cylindrical mixture, K=6",cylindrical_mixture,full,6,,train_bic,1,cylindrical_mixture,full,0,985802101,True,1141651.3852993296,1140590.265984311,288314.8368579773,287402.04818234115,-570188.1329921555,-143594.02409117058,-3.8065326118361162,-3.8343887444570104,0.02222510858597128,0.021614546444364197,107,69,True,29.014670167001896,149792,37449
18,gauss_vmf_tl_3x2,"Gaussian/vMF two-layer, (K,L)=(3,2)",two_layer_mixture,gaussian_vmf,3,2.0,train_bic,1,two_layer_mixture,gaussian_vmf,0,1982384076,True,1169193.533477257,1168757.1853477166,295052.9359943911,294677.58364179305,-584334.5926738583,-147294.79182089653,-3.900973300802835,-3.933210281206348,0.020222219561761078,0.01958071195492916,44,70,True,30.79206174999854,149792,37449
18,gauss_vmf_tl_6x4,"Gaussian/vMF two-layer, (K,L)=(6,4)",two_layer_mixture,gaussian_vmf,6,4.0,train_bic,1,two_layer_mixture,gaussian_vmf,0,1352360682,True,1130566.5551749894,1129326.9298069768,286242.1312338072,285175.7893230173,-564538.4649034884,-142462.89466150865,-3.7688158573454418,-3.8041842148390783,0.023079376386751116,0.022277363297622123,125,42,True,51.90130987500015,149792,37449
18,vmf_gauss_tl_3x2,"vMF/Gaussian two-layer, (K,L)=(3,2)",two_layer_mixture,vmf_gaussian,3,2.0,train_bic,1,two_layer_mixture,vmf_gaussian,0,716935740,True,1141428.9941920948,1140784.3890007283,288647.9302078603,288093.4324142496,-570327.1945003641,-143981.7162071248,-3.8074609758889935,-3.844741280331245,0.022204485168589652,0.021391935359705256,65,23,True,11.587127958002384,149792,37449
18,vmf_gauss_tl_6x4,"vMF/Gaussian two-layer, (K,L)=(6,4)",two_layer_mixture,vmf_gaussian,6,4.0,train_bic,1,two_layer_mixture,vmf_gaussian,0,314461801,True,1120560.7570753307,1118071.5893363617,284692.49572701583,282551.28117014974,-558784.7946681809,-141024.64058507487,-3.73040479243338,-3.765778541084538,0.023983125683737967,0.02314958231677605,251,88,True,112.11683975000051,149792,37449
19,ind_cyl_k3,"Independent cylindrical mixture, K=3",cylindrical_mixture,independent,3,,train_bic,1,cylindrical_mixture,independent,0,2000006294,True,1184468.5006387283,1184121.4055356847,296698.0520577829,296399.47632276174,-592025.7027678423,-148164.73816138087,-3.9523185668650016,-3.9564404433063864,0.01921011017613338,0.019131091440171506,35,34,True,9.339914541000326,149792,37449
19,ind_cyl_k6,"Independent cylindrical mixture, K=6",cylindrical_mixture,independent,6,,train_bic,1,cylindrical_mixture,independent,0,1451694798,True,1147218.7978792782,1146514.6906702472,287696.75547959737,287091.0732742687,-573186.3453351236,-143474.53663713436,-3.8265484494173494,-3.8311980730362456,0.021784676930744967,0.02168362149927795,71,40,True,17.946024999997462,149792,37449
19,full_cyl_k3,"Full cylindrical mixture, K=3",cylindrical_mixture,full,3,,train_bic,1,cylindrical_mixture,full,0,1460018635,True,1167146.919703663,1166621.3185476258,292570.39797530446,292118.2690051295,-583257.6592738129,-146006.13450256476,-3.8937837753272064,-3.898799287098848,0.02036813161517991,0.020266230767361122,53,26,True,9.021015916994656,149792,37449
19,full_cyl_k6,"Full cylindrical mixture, K=6",cylindrical_mixture,full,6,,train_bic,1,cylindrical_mixture,full,0,1108016112,True,1146531.6275645008,1145470.5082494821,287877.75921613374,286964.97054049757,-572628.2541247411,-143375.48527024878,-3.8228226749408583,-3.8285531060975937,0.021865993112844886,0.021741049875852448,107,29,True,15.937624124999274,149792,37449
19,gauss_vmf_tl_3x2,"Gaussian/vMF two-layer, (K,L)=(3,2)",two_layer_mixture,gaussian_vmf,3,2.0,train_bic,1,two_layer_mixture,gaussian_vmf,0,1419540606,True,1170739.5038823688,1170303.1557528283,293086.0106925037,292710.65833990567,-585107.5778764142,-146311.32916995283,-3.9061336912279305,-3.9069488950293154,0.020118133806109138,0.020101740109963216,44,47,True,21.00498437499482,149792,37449
19,gauss_vmf_tl_6x4,"Gaussian/vMF two-layer, (K,L)=(6,4)",two_layer_mixture,gaussian_vmf,6,4.0,train_bic,1,two_layer_mixture,gaussian_vmf,0,1770831858,True,1131482.8001024497,1130243.1747344371,283929.20090136066,282862.85899057076,-564996.5873672186,-141306.42949528538,-3.771874248072117,-3.7733031454854706,0.02300889846547894,0.022976044587977737,125,41,True,49.78607770799863,149792,37449
19,vmf_gauss_tl_3x2,"vMF/Gaussian two-layer, (K,L)=(3,2)",two_layer_mixture,vmf_gaussian,3,2.0,train_bic,1,two_layer_mixture,vmf_gaussian,0,1947077543,True,1142235.1576127864,1141590.5524214199,286198.26566338754,285643.7678697768,-570730.2762107099,-142756.8839348884,-3.8101519187320414,-3.8120346053269354,0.02214481448934244,0.022103161965584147,65,24,True,12.043899500000407,149792,37449
19,vmf_gauss_tl_6x4,"vMF/Gaussian two-layer, (K,L)=(6,4)",two_layer_mixture,vmf_gaussian,6,4.0,train_bic,1,two_layer_mixture,vmf_gaussian,0,1423460158,True,1122124.9632035901,1119635.7954646212,282473.5016203937,280332.2870635276,-559566.8977323106,-139915.1435317638,-3.7356260530089096,-3.7361516604385647,0.023858229875644683,0.02384569310776142,251,51,True,62.208557292004116,149792,37449
20,ind_cyl_k3,"Independent cylindrical mixture, K=3",cylindrical_mixture,independent,3,,train_bic,1,cylindrical_mixture,independent,0,1039344823,True,1184768.1138574718,1184421.0187544283,295740.2933758701,295441.71764084895,-592175.5093772141,-147685.85882042447,-3.9533186643960567,-3.943652936538345,0.019190907796101875,0.019377301251238776,35,34,True,9.393510916997911,149792,37449
20,ind_cyl_k6,"Independent cylindrical mixture, K=6",cylindrical_mixture,independent,6,,train_bic,1,cylindrical_mixture,independent,0,918129402,True,1147651.2226725153,1146947.1154634843,286695.02798035846,286089.3457750298,-573402.5577317422,-142973.6728875149,-3.8279918669337625,-3.817823516983495,0.02175325522924637,0.021975578355052813,71,106,True,35.843853208003566,149792,37449
20,full_cyl_k3,"Full cylindrical mixture, K=3",cylindrical_mixture,full,3,,train_bic,1,cylindrical_mixture,full,0,476976649,True,1167489.9022015203,1166964.301045483,291646.8353857175,291194.7064155426,-583429.1505227415,-145544.3532077713,-3.8949286378627797,-3.8864683491620946,0.020344826247640703,0.020517679514513443,53,25,True,8.496635374998732,149792,37449
20,full_cyl_k6,"Full cylindrical mixture, K=6",cylindrical_mixture,full,6,,train_bic,1,cylindrical_mixture,full,0,742876949,True,1142043.045132142,1140981.9258171234,285590.02800793917,284677.239332303,-570383.9629085617,-142231.6196661515,-3.8078399574647626,-3.798008482633755,0.022196071672192078,0.022415368029100328,107,74,True,29.844871583001805,149792,37449
20,gauss_vmf_tl_3x2,"Gaussian/vMF two-layer, (K,L)=(3,2)",two_layer_mixture,gaussian_vmf,3,2.0,train_bic,1,two_layer_mixture,gaussian_vmf,0,1231395262,True,1170381.0623586907,1169944.7142291502,292231.4318651168,291856.0795125188,-584928.3571145751,-145884.0397562594,-3.9049372270520126,-3.8955389931976656,0.020142218838060225,0.020332412463198286,44,47,True,20.736504042004526,149792,37449
20,gauss_vmf_tl_6x4,"Gaussian/vMF two-layer, (K,L)=(6,4)",two_layer_mixture,gaussian_vmf,6,4.0,train_bic,1,two_layer_mixture,gaussian_vmf,0,1904199503,True,1131444.556732766,1130204.9313647535,283026.36296517757,281960.0210543877,-564977.4656823768,-140855.01052719384,-3.771746593158358,-3.7612489125796107,0.023011835851910165,0.023254679169872103,125,44,True,46.537307875005354,149792,37449
20,vmf_gauss_tl_3x2,"vMF/Gaussian two-layer, (K,L)=(3,2)",two_layer_mixture,vmf_gaussian,3,2.0,train_bic,1,two_layer_mixture,vmf_gaussian,0,1965095309,True,1142429.996089258,1141785.3908978915,285111.12464665977,284556.62685304903,-570827.6954489457,-142213.31342652452,-3.8108022821575633,-3.79751965143327,0.022130416994243198,0.02242632803894245,65,24,True,11.74575349999941,149792,37449
20,vmf_gauss_tl_6x4,"vMF/Gaussian two-layer, (K,L)=(6,4)",two_layer_mixture,vmf_gaussian,6,4.0,train_bic,1,two_layer_mixture,vmf_gaussian,0,464164066,True,1121463.5660982598,1118974.3983592908,281703.5345719724,279562.3200151063,-559236.1991796454,-139530.16000755315,-3.7334183346216445,-3.725871452042862,0.02391096031399046,0.02409209616962087,251,61,True,76.38716050000221,149792,37449
21,ind_cyl_k3,"Independent cylindrical mixture, K=3",cylindrical_mixture,independent,3,,train_bic,1,cylindrical_mixture,independent,0,1057292210,True,1184137.7543866737,1183790.65928363,296289.04309901176,295990.4673639906,-591860.329641815,-147960.2336819953,-3.9512145484526213,-3.950979563726543,0.019231330202966506,0.019235849802824043,35,34,True,9.1580585000047,149792,37449
21,ind_cyl_k6,"Independent cylindrical mixture, K=6",cylindrical_mixture,independent,6,,train_bic,1,cylindrical_mixture,independent,0,313486771,True,1146647.7010499707,1145943.5938409397,287448.92452121776,286843.2423158891,-572900.7969204698,-143350.62115794455,-3.824642149917685,-3.8278891601363068,0.021826244657158416,0.021755489551163264,71,93,True,31.438844166994386,149792,37449
21,full_cyl_k3,"Full cylindrical mixture, K=3",cylindrical_mixture,full,3,,train_bic,1,cylindrical_mixture,full,0,1806074954,True,1166649.3502950529,1166123.7491390156,292401.37407943106,291949.2451092561,-583008.8745695078,-145921.62255462806,-3.892122907561871,-3.896542566013193,0.020401988496538313,0.020312017642331766,53,26,True,8.802616250002757,149792,37449
21,full_cyl_k6,"Full cylindrical mixture, K=6",cylindrical_mixture,full,6,,train_bic,1,cylindrical_mixture,full,0,397702986,True,1145193.5480480976,1144132.428733079,287498.8961312335,286586.1074555973,-571959.2143665395,-143186.05372779866,-3.8183562163970004,-3.8234947188923245,0.02196387509478832,0.0218513031411368,107,33,True,17.02096866699867,149792,37449
21,gauss_vmf_tl_3x2,"Gaussian/vMF two-layer, (K,L)=(3,2)",two_layer_mixture,gaussian_vmf,3,2.0,train_bic,1,two_layer_mixture,gaussian_vmf,0,1711600448,True,1170215.6874240418,1169779.3392945013,292916.2238414213,292540.87148882326,-584845.6696472507,-146226.43574441163,-3.904385211808713,-3.904681987353778,0.020153340719334292,0.02014736058807968,44,49,True,21.67172075000417,149792,37449
21,gauss_vmf_tl_6x4,"Gaussian/vMF two-layer, (K,L)=(6,4)",two_layer_mixture,gaussian_vmf,6,4.0,train_bic,1,two_layer_mixture,gaussian_vmf,0,1679369646,True,1130447.1282350088,1129207.5028669962,283997.1211704212,282930.7792596313,-564478.7514334981,-141340.38962981565,-3.768417214761123,-3.774209982371109,0.023088578643082152,0.022955218507615418,125,45,True,54.83034475000022,149792,37449
21,vmf_gauss_tl_3x2,"vMF/Gaussian two-layer, (K,L)=(3,2)",two_layer_mixture,vmf_gaussian,3,2.0,train_bic,1,two_layer_mixture,vmf_gaussian,0,1944124960,True,1141332.3674843246,1140687.762292958,286070.08582741965,285515.5880338089,-570278.881146479,-142692.79401690446,-3.80713843961279,-3.810323213354281,0.02221164807563753,0.022141021526576262,65,25,True,11.83523737500218,149792,37449
21,vmf_gauss_tl_6x4,"vMF/Gaussian two-layer, (K,L)=(6,4)",two_layer_mixture,vmf_gaussian,6,4.0,train_bic,1,two_layer_mixture,vmf_gaussian,0,1458256077,True,1120910.432636276,1118421.264897307,282799.1242912366,280657.90973437054,-558959.6324486535,-140077.95486718527,-3.73157199615903,-3.7404992087154603,0.023955148820612827,0.023742247835373643,251,54,True,68.58104412499961,149792,37449
22,ind_cyl_k3,"Independent cylindrical mixture, K=3",cylindrical_mixture,independent,3,,train_bic,1,cylindrical_mixture,independent,0,1219651321,True,1184776.7465252292,1184429.6514221856,295310.02770212543,295011.4519671043,-592179.8257110928,-147470.72598355214,-3.953347479912764,-3.9379082481121563,0.019190354808145002,0.019488938162087598,35,33,True,9.118037125001138,149792,37449
22,ind_cyl_k6,"Independent cylindrical mixture, K=6",cylindrical_mixture,independent,6,,train_bic,1,cylindrical_mixture,independent,0,754625246,True,1147468.2105324382,1146764.1033234072,286441.6808748229,285835.99866949423,-573311.0516617036,-142846.99933474712,-3.8273809793694165,-3.8144409552924543,0.02176654808215584,0.022050037965652736,71,55,True,21.84240716599743,149792,37449
22,full_cyl_k3,"Full cylindrical mixture, K=3",cylindrical_mixture,full,3,,train_bic,1,cylindrical_mixture,full,0,265696922,True,1167396.7348314086,1166871.1336753713,291253.77483832196,290801.645868147,-583382.5668376856,-145347.8229340735,-3.894617648724135,-3.881220404658963,0.020351154251550572,0.020625638190736033,53,26,True,8.68965220899554,149792,37449
22,full_cyl_k6,"Full cylindrical mixture, K=6",cylindrical_mixture,full,6,,train_bic,1,cylindrical_mixture,full,0,1400676998,True,1142267.1517487336,1141206.032433715,285295.83996541705,284383.0512897809,-570496.0162168575,-142084.52564489044,-3.8085880168290527,-3.7940806335253394,0.02217947390176004,0.022503585351175137,107,64,True,26.782757459004642,149792,37449
22,gauss_vmf_tl_3x2,"Gaussian/vMF two-layer, (K,L)=(3,2)",two_layer_mixture,gaussian_vmf,3,2.0,train_bic,1,two_layer_mixture,gaussian_vmf,0,250434935,True,1170874.3553394643,1170438.0072099238,291876.0146874931,291500.66233489505,-585175.0036049619,-145706.33116744753,-3.906583820263845,-3.8907936438208637,0.02010908008775822,0.020429126152646464,44,55,True,23.63412008299929,149792,37449
22,gauss_vmf_tl_6x4,"Gaussian/vMF two-layer, (K,L)=(6,4)",two_layer_mixture,gaussian_vmf,6,4.0,train_bic,1,two_layer_mixture,gaussian_vmf,0,2081039188,True,1131391.8937512496,1130152.268383237,282986.9892901275,281920.6473793376,-564951.1341916185,-140835.3236896688,-3.7715708061286217,-3.7607232152973054,0.023015881389749467,0.023266907305379777,125,47,True,53.97362550000253,149792,37449
22,vmf_gauss_tl_3x2,"vMF/Gaussian two-layer, (K,L)=(3,2)",two_layer_mixture,vmf_gaussian,3,2.0,train_bic,1,two_layer_mixture,vmf_gaussian,0,332521762,True,1142246.1064180785,1141601.501226712,285077.76714586274,284523.269352252,-570735.750613356,-142196.634676126,-3.8101884654277667,-3.7970742790495344,0.02214400518433421,0.022436318330654466,65,24,True,11.397442375004175,149792,37449
22,vmf_gauss_tl_6x4,"vMF/Gaussian two-layer, (K,L)=(6,4)",two_layer_mixture,vmf_gaussian,6,4.0,train_bic,1,two_layer_mixture,vmf_gaussian,0,1024962975,True,1120940.8496198466,1118451.6818808776,281240.7172682532,279099.5027113871,-558974.8409404388,-139298.75135569356,-3.731673526893551,-3.7196921508102636,0.023952716760224046,0.024241429401514542,251,60,True,70.33107766699686,149792,37449
23,ind_cyl_k3,"Independent cylindrical mixture, K=3",cylindrical_mixture,independent,3,,train_bic,1,cylindrical_mixture,independent,0,248182921,True,1184085.8745267224,1183738.7794236788,296595.2322976109,296296.65656258975,-591834.3897118394,-148113.32828129487,-3.9510413754528906,-3.95506764616665,0.019234660838486316,0.019157372582992063,35,34,True,9.543237958998361,149792,37449
23,ind_cyl_k6,"Independent cylindrical mixture, K=6",cylindrical_mixture,independent,6,,train_bic,1,cylindrical_mixture,independent,0,1931816686,True,1146899.1431416366,1146195.0359326056,287616.2325218375,287010.55031650886,-573026.5179663028,-143434.27515825443,-3.825481454058313,-3.8301229714613054,0.021807933485039503,0.021706946130829654,71,40,True,17.39441629200155,149792,37449
23,full_cyl_k3,"Full cylindrical mixture, K=3",cylindrical_mixture,full,3,,train_bic,1,cylindrical_mixture,full,0,396670972,True,1166847.0784952238,1166321.4773391865,292409.4971719619,291957.36820178694,-583107.7386695932,-145925.68410089347,-3.8927829167752166,-3.8966510214129477,0.020388527438859726,0.020309814813795027,53,27,True,9.024194459001592,149792,37449
23,full_cyl_k6,"Full cylindrical mixture, K=6",cylindrical_mixture,full,6,,train_bic,1,cylindrical_mixture,full,0,161293923,True,1142358.6065692306,1141297.487254212,286776.5492115234,285863.7605358872,-570541.743627106,-142824.8802679436,-3.8088932895422047,-3.8138503102337475,0.022172704146949048,0.022063065558584408,107,67,True,27.736879916999897,149792,37449
23,gauss_vmf_tl_3x2,"Gaussian/vMF two-layer, (K,L)=(3,2)",two_layer_mixture,gaussian_vmf,3,2.0,train_bic,1,two_layer_mixture,gaussian_vmf,0,135524901,True,1170203.0723220473,1169766.7241925069,293195.7872058327,292820.4348532347,-584839.3620962534,-146366.21742661734,-3.9043431030779576,-3.9084145751987327,0.02015418936880011,0.020072298969031975,44,60,True,26.934044542002084,149792,37449
23,gauss_vmf_tl_6x4,"Gaussian/vMF two-layer, (K,L)=(6,4)",two_layer_mixture,gaussian_vmf,6,4.0,train_bic,1,two_layer_mixture,gaussian_vmf,0,1930479644,True,1130814.6606890205,1129575.035321008,284089.26368683705,283022.92177604715,-564662.517660504,-141386.46088802358,-3.769644024116802,-3.77544022238307,0.02306027072655234,0.02292699544345505,125,46,True,50.87002708300133,149792,37449
23,vmf_gauss_tl_3x2,"vMF/Gaussian two-layer, (K,L)=(3,2)",two_layer_mixture,vmf_gaussian,3,2.0,train_bic,1,two_layer_mixture,vmf_gaussian,0,227626159,True,1141616.0301021365,1140971.42491077,286340.5062757684,285786.00848215766,-570420.712455385,-142828.00424107883,-3.808085294644474,-3.813933729634405,0.022190626818507187,0.0220612251476429,65,25,True,11.906543375000183,149792,37449
23,vmf_gauss_tl_6x4,"vMF/Gaussian two-layer, (K,L)=(6,4)",two_layer_mixture,vmf_gaussian,6,4.0,train_bic,1,two_layer_mixture,vmf_gaussian,0,1900268042,True,1121300.9396941701,1118811.7719552012,282690.1115942564,280548.8970373903,-559154.8859776006,-140023.44851869516,-3.7328754938688355,-3.739043726633426,0.023923943681319317,0.023776829412012947,251,44,True,55.41019112500362,149792,37449
24,ind_cyl_k3,"Independent cylindrical mixture, K=3",cylindrical_mixture,independent,3,,train_bic,1,cylindrical_mixture,independent,0,962108934,True,1185061.3918008648,1184714.2966978212,295297.39130299556,294998.8155679744,-592322.1483489106,-147464.4077839872,-3.954297615018897,-3.9377395333383323,0.019172130037710775,0.01949222651127043,35,33,True,9.129415499999595,149792,37449
24,ind_cyl_k6,"Independent cylindrical mixture, K=6",cylindrical_mixture,independent,6,,train_bic,1,cylindrical_mixture,independent,0,518467855,True,1147653.732408334,1146949.625199303,286454.35837408836,285848.6761687597,-573403.8125996515,-142853.33808437985,-3.82800024433649,-3.8146102188143836,0.02175307299423001,0.02204630601441851,71,44,True,18.348020083001757,149792,37449
24,full_cyl_k3,"Full cylindrical mixture, K=3",cylindrical_mixture,full,3,,train_bic,1,cylindrical_mixture,full,0,786933377,True,1167864.1866576204,1167338.585501583,291068.71275072923,290616.5837805543,-583616.2927507915,-145255.29189027715,-3.8961779851446776,-3.878749549795112,0.02031942436545784,0.020676664162104428,53,28,True,8.861914624998462,149792,37449
24,full_cyl_k6,"Full cylindrical mixture, K=6",cylindrical_mixture,full,6,,train_bic,1,cylindrical_mixture,full,0,379712551,True,1142503.9839816664,1141442.8646666477,285294.8820232034,284382.09334756725,-570614.4323333239,-142084.04667378363,-3.809378553816785,-3.794067843568149,0.02216194713596335,0.022503873172909014,107,57,True,24.183778208003787,149792,37449
24,gauss_vmf_tl_3x2,"Gaussian/vMF two-layer, (K,L)=(3,2)",two_layer_mixture,gaussian_vmf,3,2.0,train_bic,1,two_layer_mixture,gaussian_vmf,0,235891608,True,1170945.73670664,1170509.3885770997,292082.8033307357,291707.45097813767,-585210.6942885498,-145809.72548906883,-3.9068220885531257,-3.8935545806047913,0.020104289302415482,0.020372800418463666,44,67,True,29.04282499999681,149792,37449
24,gauss_vmf_tl_6x4,"Gaussian/vMF two-layer, (K,L)=(6,4)",two_layer_mixture,gaussian_vmf,6,4.0,train_bic,1,two_layer_mixture,gaussian_vmf,0,1452242099,True,1131582.462294728,1130342.8369267154,283070.94759961986,282004.60568882996,-565046.4184633577,-140877.30284441498,-3.7722069166801813,-3.761844183941226,0.02300124540029119,0.02324084044464577,125,46,True,54.942747583998425,149792,37449
24,vmf_gauss_tl_3x2,"vMF/Gaussian two-layer, (K,L)=(3,2)",two_layer_mixture,vmf_gaussian,3,2.0,train_bic,1,two_layer_mixture,vmf_gaussian,0,371854302,True,1142331.3225915036,1141686.717400137,285315.8935460634,284761.39575245266,-570778.3587000686,-142315.69787622633,-3.810472913774224,-3.8002536216247784,0.022137707254435916,0.02236509886408703,65,24,True,11.935708625002007,149792,37449
24,vmf_gauss_tl_6x4,"vMF/Gaussian two-layer, (K,L)=(6,4)",two_layer_mixture,vmf_gaussian,6,4.0,train_bic,1,two_layer_mixture,vmf_gaussian,0,223713432,True,1122147.749696331,1119658.5819573621,281513.10817212344,279371.89361525734,-559578.2909786811,-139434.94680762867,-3.7357021134551984,-3.723328975610261,0.023856415277043148,0.02415342769027882,251,50,True,61.23284699999931,149792,37449
25,ind_cyl_k3,"Independent cylindrical mixture, K=3",cylindrical_mixture,independent,3,,train_bic,1,cylindrical_mixture,independent,0,2093640456,True,1184774.5931680696,1184427.498065026,296256.8184439953,295958.24270897417,-592178.749032513,-147944.12135448708,-3.9533402920884493,-3.950549316523461,0.019190492745539637,0.019244127754055602,35,36,True,9.604403625002305,149792,37449
25,ind_cyl_k6,"Independent cylindrical mixture, K=6",cylindrical_mixture,independent,6,,train_bic,1,cylindrical_mixture,independent,0,592537965,True,1146711.4622610149,1146007.3550519838,287507.6430057262,286901.96080039756,-572932.6775259919,-143379.98040019878,-3.8248549824155624,-3.828673139474987,0.021821599817292713,0.02173844038082416,71,51,True,20.343551417005074,149792,37449
25,full_cyl_k3,"Full cylindrical mixture, K=3",cylindrical_mixture,full,3,,train_bic,1,cylindrical_mixture,full,0,82105030,True,1167400.461545216,1166874.8603891786,292277.56994306104,291825.4409728861,-583384.4301945893,-145859.72048644305,-3.8946300883531118,-3.8948895961559202,0.020350901092317044,0.02034562055988872,53,26,True,8.823388915996475,149792,37449
25,full_cyl_k6,"Full cylindrical mixture, K=6",cylindrical_mixture,full,6,,train_bic,1,cylindrical_mixture,full,0,1150112182,True,1141778.669188173,1140717.5498731544,286684.8600837035,285772.0714080673,-570251.7749365772,-142779.03570403365,-3.80695748061697,-3.8126261236357086,0.022215667836863812,0.02209009140671827,107,50,True,22.317663959001948,149792,37449
25,gauss_vmf_tl_3x2,"Gaussian/vMF two-layer, (K,L)=(3,2)",two_layer_mixture,gaussian_vmf,3,2.0,train_bic,1,two_layer_mixture,gaussian_vmf,0,1297990039,True,1170922.0815611086,1170485.7334315681,292880.15206043125,292504.7997078332,-585198.8667157841,-146208.3998539166,-3.9067431285768537,-3.9042003752814924,0.0201058767992953,0.02015706613713078,44,54,True,23.367479249995085,149792,37449
25,gauss_vmf_tl_6x4,"Gaussian/vMF two-layer, (K,L)=(6,4)",two_layer_mixture,gaussian_vmf,6,4.0,train_bic,1,two_layer_mixture,gaussian_vmf,0,567716750,True,1131192.38286828,1129952.7575002674,283885.0260653506,282818.68415456073,-564851.3787501337,-141284.34207728037,-3.7709048463878823,-3.772713345544083,0.023031214145084883,0.02298959985478388,125,49,True,56.11052474999451,149792,37449
25,vmf_gauss_tl_3x2,"vMF/Gaussian two-layer, (K,L)=(3,2)",two_layer_mixture,vmf_gaussian,3,2.0,train_bic,1,two_layer_mixture,vmf_gaussian,0,1607819912,True,1141984.7619242414,1141340.156732875,286059.7610937233,285505.26330011257,-570605.0783664375,-142687.63165005628,-3.8093161074452406,-3.810185362761523,0.022163331112360053,0.022144073889898173,65,24,True,11.550087583003915,149792,37449
25,vmf_gauss_tl_6x4,"vMF/Gaussian two-layer, (K,L)=(6,4)",two_layer_mixture,vmf_gaussian,6,4.0,train_bic,1,two_layer_mixture,vmf_gaussian,0,1127351047,True,1121613.6742260114,1119124.5064870424,282736.37054565595,280595.15598878986,-559311.2532435212,-140046.57799439493,-3.7339193898440586,-3.7396613526234326,0.02389898260345,0.02376214875825147,251,56,True,63.44028179199813,149792,37449
26,ind_cyl_k3,"Independent cylindrical mixture, K=3",cylindrical_mixture,independent,3,,train_bic,1,cylindrical_mixture,independent,0,39558949,True,1183997.6325419708,1183650.5374389272,296196.4495470465,295897.87381202535,-591790.2687194636,-147913.93690601268,-3.950746827063285,-3.9497433017173402,0.01924032721133043,0.019259645058704818,35,33,True,8.916252582996094,149792,37449
26,ind_cyl_k6,"Independent cylindrical mixture, K=6",cylindrical_mixture,independent,6,,train_bic,1,cylindrical_mixture,independent,0,1287470725,True,1146652.8122382318,1145948.7050292008,287290.8381028457,286685.15589751705,-572903.3525146004,-143271.57794875852,-3.8246592108697417,-3.825778470687028,0.02182587228382127,0.021801457127997012,71,96,True,31.888531083001,149792,37449
26,full_cyl_k3,"Full cylindrical mixture, K=3",cylindrical_mixture,full,3,,train_bic,1,cylindrical_mixture,full,0,1320840495,True,1166574.1511887596,1166048.5500327223,292205.2517316566,291753.1227614817,-582971.2750163611,-145823.56138074084,-3.89187189580459,-3.8939240401810684,0.020407110278309687,0.020365274882529743,53,27,True,8.961728665999544,149792,37449
26,full_cyl_k6,"Full cylindrical mixture, K=6",cylindrical_mixture,full,6,,train_bic,1,cylindrical_mixture,full,0,1196894374,True,1141068.2719996322,1140007.1526846136,286203.1428643299,285290.35418869375,-569896.5763423068,-142538.17709434687,-3.804586201815229,-3.8061944803425156,0.022268409887411217,0.02223262486580674,107,97,True,36.058498874997895,149792,37449
26,gauss_vmf_tl_3x2,"Gaussian/vMF two-layer, (K,L)=(3,2)",two_layer_mixture,gaussian_vmf,3,2.0,train_bic,1,two_layer_mixture,gaussian_vmf,0,1532105949,True,1170262.4486478998,1169826.1005183593,292669.51488561206,292294.162533014,-584869.0502591797,-146103.081266507,-3.9045412989958055,-3.9013880548614654,0.020150195286558155,0.020213834053205385,44,56,True,23.82695283299836,149792,37449
26,gauss_vmf_tl_6x4,"Gaussian/vMF two-layer, (K,L)=(6,4)",two_layer_mixture,gaussian_vmf,6,4.0,train_bic,1,two_layer_mixture,gaussian_vmf,0,1129358993,True,1130595.961669321,1129356.3363013084,283649.76801817695,282583.42610738706,-564553.1681506542,-141166.71305369353,-3.7689140151053073,-3.7695722997595005,0.023077111078046532,0.023061924768966256,125,49,True,56.16784516700136,149792,37449
26,vmf_gauss_tl_3x2,"vMF/Gaussian two-layer, (K,L)=(3,2)",two_layer_mixture,vmf_gaussian,3,2.0,train_bic,1,two_layer_mixture,vmf_gaussian,0,1524145570,True,1141401.1467284157,1140756.5415370492,285820.58597240946,285266.08817879873,-570313.2707685246,-142568.04408939937,-3.8073680221141624,-3.8069920181953956,0.02220654925523509,0.022214900574743384,65,24,True,11.482861500000581,149792,37449
26,vmf_gauss_tl_6x4,"vMF/Gaussian two-layer, (K,L)=(6,4)",two_layer_mixture,vmf_gaussian,6,4.0,train_bic,1,two_layer_mixture,vmf_gaussian,0,495577800,True,1120739.2150764558,1118250.0473374869,282537.62599613424,280396.41143926815,-558874.0236687434,-139947.20571963408,-3.7310004784550808,-3.7370078164873313,0.02396884352527487,0.02382528621036103,251,59,True,71.8324893750032,149792,37449
27,ind_cyl_k3,"Independent cylindrical mixture, K=3",cylindrical_mixture,independent,3,,train_bic,1,cylindrical_mixture,independent,0,255627144,True,1184887.7501037456,1184540.655000702,296758.2099286354,296459.63419361424,-592235.327500351,-148194.81709680712,-3.9537180056368233,-3.957243640599405,0.01918324560518738,0.01911573156864364,35,35,True,9.427205082996807,149792,37449
27,ind_cyl_k6,"Independent cylindrical mixture, K=6",cylindrical_mixture,independent,6,,train_bic,1,cylindrical_mixture,independent,0,1503348188,True,1147439.0051273457,1146734.8979183147,287936.8857412235,287331.20353589486,-573296.4489591573,-143594.60176794743,-3.827283492837784,-3.8344041701500022,0.02176867013086789,0.021614213027578186,71,61,True,22.951247416000115,149792,37449
27,full_cyl_k3,"Full cylindrical mixture, K=3",cylindrical_mixture,full,3,,train_bic,1,cylindrical_mixture,full,0,101311754,True,1167409.287051347,1166883.6858953098,292851.63747387705,292399.5085037021,-583388.8429476549,-146146.75425185106,-3.8946595475569783,-3.9025542538345768,0.02035030157980352,0.020190274440957827,53,26,True,8.552203957995516,149792,37449
27,full_cyl_k6,"Full cylindrical mixture, K=6",cylindrical_mixture,full,6,,train_bic,1,cylindrical_mixture,full,0,1999626850,True,1145787.176537661,1144726.0572226425,287968.1696925878,287055.38101695164,-572256.0286113212,-143420.69050847582,-3.820337725721809,-3.829760220792967,0.021920396562263977,0.021714821768406237,107,33,True,16.412481208004465,149792,37449
27,gauss_vmf_tl_3x2,"Gaussian/vMF two-layer, (K,L)=(3,2)",two_layer_mixture,gaussian_vmf,3,2.0,train_bic,1,two_layer_mixture,gaussian_vmf,0,1178104590,True,1170856.2212166032,1170419.8730870627,293450.23214724695,293074.8797946489,-585165.9365435314,-146493.43989732445,-3.906523289251304,-3.911811794636024,0.02011029734757781,0.02000422466197384,44,53,True,22.468277665997448,149792,37449
27,gauss_vmf_tl_6x4,"Gaussian/vMF two-layer, (K,L)=(6,4)",two_layer_mixture,gaussian_vmf,6,4.0,train_bic,1,two_layer_mixture,gaussian_vmf,0,431693661,True,1131275.4146517902,1130035.7892837776,284339.09427735355,283272.75236656365,-564892.8946418888,-141511.37618328183,-3.771182003323868,-3.7787758333542105,0.02302483176884118,0.022850647310542795,125,50,True,56.73058462500194,149792,37449
27,vmf_gauss_tl_3x2,"vMF/Gaussian two-layer, (K,L)=(3,2)",two_layer_mixture,vmf_gaussian,3,2.0,train_bic,1,two_layer_mixture,vmf_gaussian,0,735391925,True,1142280.5512144591,1141635.9460230926,286369.1077015325,285814.60990792175,-570752.9730115463,-142842.30495396088,-3.8103034408482848,-3.814315601323423,0.02214145931438522,0.022052802198679188,65,24,True,11.738182000000961,149792,37449
27,vmf_gauss_tl_6x4,"vMF/Gaussian two-layer, (K,L)=(6,4)",two_layer_mixture,vmf_gaussian,6,4.0,train_bic,1,two_layer_mixture,vmf_gaussian,0,1938081660,True,1120650.395227214,1118161.2274882451,282790.4097455105,280649.1951886444,-558829.6137441226,-140073.5975943222,-3.7307040011757806,-3.7403828565334774,0.023975950796311346,0.02374501045842996,251,76,True,92.67588124999747,149792,37449
28,ind_cyl_k3,"Independent cylindrical mixture, K=3",cylindrical_mixture,independent,3,,train_bic,1,cylindrical_mixture,independent,0,387018570,True,1184013.3091224264,1183666.2140193828,298194.2470117868,297895.67127676564,-591798.1070096914,-148912.83563838282,-3.9507991548927275,-3.976416877310017,0.01923932043311119,0.01875271236971078,35,33,True,9.232757541001774,149792,37449
28,ind_cyl_k6,"Independent cylindrical mixture, K=6",cylindrical_mixture,independent,6,,train_bic,1,cylindrical_mixture,independent,0,1150903225,True,1146938.881590676,1146234.774381645,289339.354489001,288733.6722836723,-573046.3871908225,-144295.83614183616,-3.8256140994901098,-3.853129219520846,0.021805040954130533,0.02121325154887452,71,41,True,18.101928707998013,149792,37449
28,full_cyl_k3,"Full cylindrical mixture, K=3",cylindrical_mixture,full,3,,train_bic,1,cylindrical_mixture,full,0,898288260,True,1166737.830454558,1166212.2292985206,293974.42889533716,293522.2999251622,-583053.1146492603,-146708.1499625811,-3.892418250969747,-3.917545193799063,0.020395963793450267,0.019889860617677346,53,26,True,9.082301500005997,149792,37449
28,full_cyl_k6,"Full cylindrical mixture, K=6",cylindrical_mixture,full,6,,train_bic,1,cylindrical_mixture,full,0,357209183,True,1145509.8332246875,1144448.7139096688,288954.4057668006,288041.61709116446,-572117.3569548344,-143913.80854558223,-3.8194119642893773,-3.842927943218303,0.021940699016149336,0.021430761341668745,107,34,True,17.946181291998073,149792,37449
28,gauss_vmf_tl_3x2,"Gaussian/vMF two-layer, (K,L)=(3,2)",two_layer_mixture,gaussian_vmf,3,2.0,train_bic,1,two_layer_mixture,gaussian_vmf,0,402754393,True,1169921.116321083,1169484.7681915425,294826.29187695123,294450.9395243532,-584698.3840957712,-147181.4697621766,-3.903401944668415,-3.9301842442301957,0.020173166582493397,0.01964005365312849,44,52,True,22.834443708001345,149792,37449
28,gauss_vmf_tl_6x4,"Gaussian/vMF two-layer, (K,L)=(6,4)",two_layer_mixture,gaussian_vmf,6,4.0,train_bic,1,two_layer_mixture,gaussian_vmf,0,878641100,True,1130678.703713218,1129439.0783452054,285966.92479909916,284900.58288830926,-564594.5391726027,-142325.29144415463,-3.7691902049014816,-3.8005097985034215,0.023070738295530857,0.022359370176679445,125,49,True,58.0754084999935,149792,37449
28,vmf_gauss_tl_3x2,"vMF/Gaussian two-layer, (K,L)=(3,2)",two_layer_mixture,vmf_gaussian,3,2.0,train_bic,1,two_layer_mixture,vmf_gaussian,0,905626341,True,1141220.29142405,1140575.6862326835,288540.160734502,287985.6629408913,-570222.8431163417,-143927.83147044564,-3.8067643339854045,-3.843302397138659,0.022219959132685808,0.021422738011345643,65,24,True,11.834901292000723,149792,37449
28,vmf_gauss_tl_6x4,"vMF/Gaussian two-layer, (K,L)=(6,4)",two_layer_mixture,vmf_gaussian,6,4.0,train_bic,1,two_layer_mixture,vmf_gaussian,0,1040212599,True,1121092.1118727496,1118602.9441337807,284380.8099066549,282239.5953497888,-559050.4720668903,-140868.7976748944,-3.7321784345418334,-3.7616170705464604,0.023940625902974674,0.023246119350248756,251,55,True,69.65263916699769,149792,37449
29,ind_cyl_k3,"Independent cylindrical mixture, K=3",cylindrical_mixture,independent,3,,train_bic,1,cylindrical_mixture,independent,0,864365837,True,1183464.920266293,1183117.8251632494,298028.2224560557,297729.64672103454,-591523.9125816247,-148829.82336051727,-3.948968653744023,-3.974200201888362,0.0192745702838677,0.018794327152503138,35,34,True,9.12422858300124,149792,37449
29,ind_cyl_k6,"Independent cylindrical mixture, K=6",cylindrical_mixture,independent,6,,train_bic,1,cylindrical_mixture,independent,0,1772637737,True,1146192.3397721439,1145488.2325631129,289071.15875329083,288465.4765479622,-572673.1162815564,-144161.7382739811,-3.8231221712878956,-3.849548406472298,0.021859445308353955,0.02128934839981038,71,44,True,18.118286083001294,149792,37449
29,full_cyl_k3,"Full cylindrical mixture, K=3",cylindrical_mixture,full,3,,train_bic,1,cylindrical_mixture,full,0,1851139943,True,1166204.0579610846,1165678.4568050473,293877.7929397158,293425.66396954085,-582786.2284025237,-146659.83198477043,-3.8906365386837996,-3.916254959672366,0.02043233592544007,0.019915539757110197,53,21,True,7.90698266599793,149792,37449
29,full_cyl_k6,"Full cylindrical mixture, K=6",cylindrical_mixture,full,6,,train_bic,1,cylindrical_mixture,full,0,357128680,True,1140745.2738245744,1139684.1545095558,287948.46330917196,287035.6746335358,-569735.0772547779,-143410.8373167679,-3.803508046189235,-3.829497111185022,0.022292431646083452,0.021720535898336592,107,65,True,26.926147999998648,149792,37449
29,gauss_vmf_tl_3x2,"Gaussian/vMF two-layer, (K,L)=(3,2)",two_layer_mixture,gaussian_vmf,3,2.0,train_bic,1,two_layer_mixture,gaussian_vmf,0,1927331966,True,1169373.2410099437,1168936.8928804032,294541.0408178624,294165.68846526433,-584424.4464402016,-147038.84423263217,-3.9015731577133734,-3.9263757171788876,0.02021009276114674,0.019714995948048604,44,64,True,28.119359292002628,149792,37449
29,gauss_vmf_tl_6x4,"Gaussian/vMF two-layer, (K,L)=(6,4)",two_layer_mixture,gaussian_vmf,6,4.0,train_bic,1,two_layer_mixture,gaussian_vmf,0,2109320222,True,1129942.8058796164,1128703.1805116038,285655.0692229977,284588.7273122078,-564226.5902558019,-142169.3636561039,-3.7667338059162168,-3.7963460614730407,0.023127478893912885,0.02245266280245819,125,80,True,91.15014662500471,149792,37449
29,vmf_gauss_tl_3x2,"vMF/Gaussian two-layer, (K,L)=(3,2)",two_layer_mixture,vmf_gaussian,3,2.0,train_bic,1,two_layer_mixture,vmf_gaussian,0,1950821813,True,1140956.2576818147,1140311.6524904482,287781.83139900607,287227.33360539534,-570090.8262452241,-143548.66680269767,-3.805882999393987,-3.833177569566548,0.022239550983509077,0.021640741300360058,65,24,True,11.65825733300153,149792,37449
29,vmf_gauss_tl_6x4,"vMF/Gaussian two-layer, (K,L)=(6,4)",two_layer_mixture,vmf_gaussian,6,4.0,train_bic,1,two_layer_mixture,vmf_gaussian,0,760753303,True,1119957.6395167531,1117468.4717777842,283958.4838878181,281817.269330952,-558483.2358888921,-140657.634665476,-3.7283916089570344,-3.7559783883541886,0.024031456749403535,0.023377567077168288,251,64,True,80.3506854169973,149792,37449
30,ind_cyl_k3,"Independent cylindrical mixture, K=3",cylindrical_mixture,independent,3,,train_bic,1,cylindrical_mixture,independent,0,621480092,True,1185163.5700948949,1184816.4749918513,294857.6875206418,294559.1117856206,-592373.2374959256,-147244.5558928103,-3.954638682278931,-3.9318688320865793,0.019165592166840034,0.01960699610923187,35,34,True,9.266727707996324,149792,37449
30,ind_cyl_k6,"Independent cylindrical mixture, K=6",cylindrical_mixture,independent,6,,train_bic,1,cylindrical_mixture,independent,0,220495923,True,1148131.0434015347,1147426.9361925037,285669.42787780333,285063.7456724747,-573642.4680962518,-142460.87283623734,-3.829593490281536,-3.8041302260737893,0.021718442593587944,0.022278566057427923,71,53,True,20.665605540998513,149792,37449
30,full_cyl_k3,"Full cylindrical mixture, K=3",cylindrical_mixture,full,3,,train_bic,1,cylindrical_mixture,full,0,462814510,True,1167764.1851445073,1167238.58398847,290844.6164814167,290392.48751124175,-583566.291994235,-145143.24375562088,-3.89584418389657,-3.875757530391222,0.020326208146826216,0.020738621785469515,53,25,True,8.360087415996531,149792,37449
30,full_cyl_k6,"Full cylindrical mixture, K=6",cylindrical_mixture,full,6,,train_bic,1,cylindrical_mixture,full,0,209074922,True,1142642.6676732737,1141581.548358255,284653.6244211273,283740.83574549115,-570683.7741791275,-141763.41787274557,-3.8098414747057756,-3.7855060982334794,0.022151690281932566,0.02269737276917722,107,88,True,34.161004125002364,149792,37449
30,gauss_vmf_tl_3x2,"Gaussian/vMF two-layer, (K,L)=(3,2)",two_layer_mixture,gaussian_vmf,3,2.0,train_bic,1,two_layer_mixture,gaussian_vmf,0,1010342387,True,1170774.0938314036,1170337.7457018632,291360.6940212913,290985.34166869323,-585124.8728509316,-145448.67083434662,-3.9062491511624895,-3.883913344397624,0.02011581110178866,0.020570169310713936,44,48,True,21.165284957998665,149792,37449
30,gauss_vmf_tl_6x4,"Gaussian/vMF two-layer, (K,L)=(6,4)",two_layer_mixture,gaussian_vmf,6,4.0,train_bic,1,two_layer_mixture,gaussian_vmf,0,268964645,True,1131924.6342560474,1130685.0088880348,282281.1407340113,281214.7988232214,-565217.5044440174,-140482.3994116107,-3.7733490736756132,-3.751299084397733,0.022974989364065623,0.023487214155219604,125,57,True,65.21825879199605,149792,37449
30,vmf_gauss_tl_3x2,"vMF/Gaussian two-layer, (K,L)=(3,2)",two_layer_mixture,vmf_gaussian,3,2.0,train_bic,1,two_layer_mixture,vmf_gaussian,0,665987751,True,1142780.8036398385,1142136.198448472,284498.502919452,283944.00512584124,-571003.099224236,-141907.00256292062,-3.811973264421571,-3.7893402377345353,0.022104517835135243,0.02261051449544776,65,24,True,11.521027583999967,149792,37449
30,vmf_gauss_tl_6x4,"vMF/Gaussian two-layer, (K,L)=(6,4)",two_layer_mixture,vmf_gaussian,6,4.0,train_bic,1,two_layer_mixture,vmf_gaussian,0,847098905,True,1122754.3845085283,1120265.2167695593,280986.95141774317,278845.7368608771,-559881.6083847797,-139171.86843043854,-3.737727037390379,-3.7163039982493133,0.02380815672717702,0.024323702360585977,251,45,True,50.002051832998404,149792,37449
31,ind_cyl_k3,"Independent cylindrical mixture, K=3",cylindrical_mixture,independent,3,,train_bic,1,cylindrical_mixture,independent,0,285233708,True,1184685.853747672,1184338.7586446283,296389.114352555,296090.53861753386,-592134.3793223142,-148010.26930876693,-3.9530440832775726,-3.9523156642037685,0.01919617798054271,0.019210165936656403,35,34,True,9.043822041996464,149792,37449
31,ind_cyl_k6,"Independent cylindrical mixture, K=6",cylindrical_mixture,independent,6,,train_bic,1,cylindrical_mixture,independent,0,1205240398,True,1147518.6777668244,1146814.5705577934,287371.06864391104,286765.3864385824,-573336.2852788967,-143311.6932192912,-3.827549437078727,-3.8268496680629975,0.021762881648154535,0.02177811596805576,71,78,True,27.52372849999665,149792,37449
31,full_cyl_k3,"Full cylindrical mixture, K=3",cylindrical_mixture,full,3,,train_bic,1,cylindrical_mixture,full,0,875860257,True,1167526.9246874945,1167001.3235314572,292145.3605280204,291693.2315578455,-583447.6617657286,-145793.61577892274,-3.8950522175131423,-3.893124403293085,0.020342312196472312,0.02038156622026896,53,25,True,8.384793584002182,149792,37449
31,full_cyl_k6,"Full cylindrical mixture, K=6",cylindrical_mixture,full,6,,train_bic,1,cylindrical_mixture,full,0,1361520300,True,1142344.8706649332,1141283.7513499146,286295.123578854,285382.33490321785,-570534.8756749573,-142584.16745160893,-3.808847439615983,-3.807422560057917,0.022173720787104584,0.022205338188725665,107,71,True,28.43367433300591,149792,37449
31,gauss_vmf_tl_3x2,"Gaussian/vMF two-layer, (K,L)=(3,2)",two_layer_mixture,gaussian_vmf,3,2.0,train_bic,1,two_layer_mixture,gaussian_vmf,0,633322865,True,1170855.2538243379,1170418.9056947974,292905.14786460047,292529.7955120024,-585165.4528473987,-146220.8977560012,-3.9065200601327086,-3.9045341065449333,0.020110362286217785,0.02015034021636902,44,59,True,24.896323667002434,149792,37449
31,gauss_vmf_tl_6x4,"Gaussian/vMF two-layer, (K,L)=(6,4)",two_layer_mixture,gaussian_vmf,6,4.0,train_bic,1,two_layer_mixture,gaussian_vmf,0,1496552149,True,1131622.7035900769,1130383.0782220643,283738.02567873173,282671.68376794184,-565066.5391110322,-141210.84188397092,-3.7723412405938377,-3.7707506711519914,0.022998155990485505,0.02303476526169864,125,55,True,63.36449108299712,149792,37449
31,vmf_gauss_tl_3x2,"vMF/Gaussian two-layer, (K,L)=(3,2)",two_layer_mixture,vmf_gaussian,3,2.0,train_bic,1,two_layer_mixture,vmf_gaussian,0,777822368,True,1142115.4042920358,1141470.7991006693,286250.78742679884,285696.2896331881,-570670.3995503347,-142783.14481659405,-3.8097521867011235,-3.8127358491974164,0.02215366825046063,0.022087667692004653,65,24,True,11.734540500001458,149792,37449
31,vmf_gauss_tl_6x4,"vMF/Gaussian two-layer, (K,L)=(6,4)",two_layer_mixture,vmf_gaussian,6,4.0,train_bic,1,two_layer_mixture,vmf_gaussian,0,602788345,True,1122043.58198733,1119554.414248361,282479.98888684786,280338.77432998177,-559526.2071241805,-139918.38716499088,-3.7353544056036405,-3.7362382751205874,0.02386471178224141,0.02384362781007912,251,46,True,58.25301683299767,149792,37449
32,ind_cyl_k3,"Independent cylindrical mixture, K=3",cylindrical_mixture,independent,3,,train_bic,1,cylindrical_mixture,independent,0,7623359,True,1183866.4375251548,1183519.3424221112,297086.6284715517,296788.05273653055,-591724.6712110556,-148359.02636826527,-3.950308903085983,-3.9616285179381365,0.01924875485714681,0.019032094932677688,35,33,True,8.848433874998591,149792,37449
32,ind_cyl_k6,"Independent cylindrical mixture, K=6",cylindrical_mixture,independent,6,,train_bic,1,cylindrical_mixture,independent,0,2008081010,True,1146530.8754691002,1145826.7682600692,288077.58019084093,287471.8979855123,-572842.3841300346,-143664.94899275614,-3.824252190571156,-3.836282650878692,0.021834757665017707,0.02157364925599976,71,91,True,30.706305791005434,149792,37449
32,full_cyl_k3,"Full cylindrical mixture, K=3",cylindrical_mixture,full,3,,train_bic,1,cylindrical_mixture,full,0,206625693,True,1166726.8847642832,1166201.283608246,292879.2045707615,292427.07560058654,-583047.641804123,-146160.53780029327,-3.8923817146718314,-3.902922315690493,0.020396709000073163,0.02018284453849135,53,25,True,8.68830949999392,149792,37449
32,full_cyl_k6,"Full cylindrical mixture, K=6",cylindrical_mixture,full,6,,train_bic,1,cylindrical_mixture,full,0,1366785407,True,1140946.5698600276,1139885.450545009,287054.51965990715,286141.730984271,-569835.7252725045,-142963.8654921355,-3.804179964701082,-3.817561630274119,0.022277457979691533,0.021981334220614296,107,89,True,35.16152037500433,149792,37449
32,gauss_vmf_tl_3x2,"Gaussian/vMF two-layer, (K,L)=(3,2)",two_layer_mixture,gaussian_vmf,3,2.0,train_bic,1,two_layer_mixture,gaussian_vmf,0,196253520,True,1169630.8582846324,1169194.510155092,293704.48301232565,293329.1306597276,-584553.255077546,-146620.5653298638,-3.902433074380114,-3.915206422864798,0.02019272123564767,0.01993643288528086,44,49,True,21.044142375001684,149792,37449
32,gauss_vmf_tl_6x4,"Gaussian/vMF two-layer, (K,L)=(6,4)",two_layer_mixture,gaussian_vmf,6,4.0,train_bic,1,two_layer_mixture,gaussian_vmf,0,504940849,True,1130857.9278508297,1129618.302482817,284603.0384473999,283536.69653661,-564684.1512414085,-141643.348268305,-3.769788448257641,-3.782299881660525,0.023056940507252963,0.022770262249200784,125,47,True,55.712112083005195,149792,37449
32,vmf_gauss_tl_3x2,"vMF/Gaussian two-layer, (K,L)=(3,2)",two_layer_mixture,vmf_gaussian,3,2.0,train_bic,1,two_layer_mixture,vmf_gaussian,0,80723783,True,1141356.2338327826,1140711.628641416,286601.68892472424,286047.1911311135,-570290.814320708,-142958.59556555675,-3.8072181045763998,-3.817420907515735,0.022209878655983183,0.02198442771225602,65,24,True,11.996340332996624,149792,37449
32,vmf_gauss_tl_6x4,"vMF/Gaussian two-layer, (K,L)=(6,4)",two_layer_mixture,vmf_gaussian,6,4.0,train_bic,1,two_layer_mixture,vmf_gaussian,0,1983307209,True,1120831.3772751684,1118342.2095361995,283100.5675069243,280959.3529500582,-558920.1047680997,-140228.6764750291,-3.7313081123698177,-3.7445239252057223,0.02396147103018238,0.023646884053814734,251,47,True,59.89301429199986,149792,37449
33,ind_cyl_k3,"Independent cylindrical mixture, K=3",cylindrical_mixture,independent,3,,train_bic,1,cylindrical_mixture,independent,0,177062467,True,1184086.9420937367,1183739.8469906931,296630.695792227,296332.12005720584,-591834.9234953466,-148131.06002860292,-3.951044938950989,-3.9555411367086686,0.01923459229593112,0.019148303895402424,35,34,True,9.334935584003688,149792,37449
33,ind_cyl_k6,"Independent cylindrical mixture, K=6",cylindrical_mixture,independent,6,,train_bic,1,cylindrical_mixture,independent,0,1055311871,True,1146845.4056198322,1146141.2984108012,287722.5022957295,287116.8200904008,-572999.6492054006,-143487.4100452004,-3.825302080253956,-3.8315418314294214,0.02181184560788957,0.021676168853421298,71,81,True,28.422133125000983,149792,37449
33,full_cyl_k3,"Full cylindrical mixture, K=3",cylindrical_mixture,full,3,,train_bic,1,cylindrical_mixture,full,0,1305901375,True,1166802.0061676318,1166276.4050115945,292456.96050405165,292004.8315338767,-583085.2025057973,-145949.41576693836,-3.892632467059638,-3.897284727681336,0.020391595117773893,0.02029694843402105,53,29,True,9.532201041998633,149792,37449
33,full_cyl_k6,"Full cylindrical mixture, K=6",cylindrical_mixture,full,6,,train_bic,1,cylindrical_mixture,full,0,1618706418,True,1141696.8861569162,1140635.7668418975,286625.52900931356,285712.7403336774,-570210.8834209488,-142749.3701668387,-3.806684491968521,-3.811833965308518,0.022221733289863224,0.02210759718933481,107,73,True,29.665778375005175,149792,37449
33,gauss_vmf_tl_3x2,"Gaussian/vMF two-layer, (K,L)=(3,2)",two_layer_mixture,gaussian_vmf,3,2.0,train_bic,1,two_layer_mixture,gaussian_vmf,0,701515774,True,1170213.4056599815,1169777.057530441,293212.37761277787,292837.0252601798,-584844.5287652205,-146374.5126300899,-3.904377595367046,-3.908636081873746,0.02015349421666282,0.02006785331321687,44,118,True,48.65167104200373,149792,37449
33,gauss_vmf_tl_6x4,"Gaussian/vMF two-layer, (K,L)=(6,4)",two_layer_mixture,gaussian_vmf,6,4.0,train_bic,1,two_layer_mixture,gaussian_vmf,0,1730620417,True,1130889.2803396583,1129649.6549716457,284083.28024840046,283016.93833761057,-564699.8274858228,-141383.46916880528,-3.769893101673139,-3.775360334556471,0.023054527645937236,0.0229288271044542,125,44,True,50.73778766699979,149792,37449
33,vmf_gauss_tl_3x2,"vMF/Gaussian two-layer, (K,L)=(3,2)",two_layer_mixture,vmf_gaussian,3,2.0,train_bic,1,two_layer_mixture,vmf_gaussian,0,1234538534,True,1141749.364505354,1141104.7593139876,286308.4443020404,285753.94650842965,-570487.3796569938,-142811.97325421483,-3.8085303598122313,-3.81350565446914,0.022180752740926554,0.022070671031873906,65,24,True,11.74132662500051,149792,37449
33,vmf_gauss_tl_6x4,"vMF/Gaussian two-layer, (K,L)=(6,4)",two_layer_mixture,vmf_gaussian,6,4.0,train_bic,1,two_layer_mixture,vmf_gaussian,0,1126031653,True,1120301.8829230939,1117812.715184125,282484.59883637854,280343.38427951245,-558655.3575920624,-139920.69213975623,-3.7295406803571782,-3.736299824821924,0.024003858748822205,0.0238421602870719,251,78,True,84.44791129200166,149792,37449
34,ind_cyl_k3,"Independent cylindrical mixture, K=3",cylindrical_mixture,independent,3,,train_bic,1,cylindrical_mixture,independent,0,871488979,True,1183678.7236981967,1183331.628595153,296375.0380819198,296076.4623468986,-591630.8142975766,-148003.2311734493,-3.949682321469615,-3.952127724997979,0.01926081955244169,0.019213776619269405,35,32,True,9.014278667003964,149792,37449
34,ind_cyl_k6,"Independent cylindrical mixture, K=6",cylindrical_mixture,independent,6,,train_bic,1,cylindrical_mixture,independent,0,1965925880,True,1146631.1175980237,1145927.0103889927,287216.5272574985,286610.84505216987,-572892.5051944964,-143234.42252608493,-3.8245867949856893,-3.8247863100773034,0.021827452880887395,0.021823098409032033,71,69,True,25.33984858400072,149792,37449
34,full_cyl_k3,"Full cylindrical mixture, K=3",cylindrical_mixture,full,3,,train_bic,1,cylindrical_mixture,full,0,1441436085,True,1166475.2406788073,1165949.63952277,292123.13423723384,291671.0052670589,-582921.819761385,-145782.50263352945,-3.8915417362835463,-3.8928276491636478,0.02041384899242916,0.02038761543172907,53,27,True,8.848248332993535,149792,37449
34,full_cyl_k6,"Full cylindrical mixture, K=6",cylindrical_mixture,full,6,,train_bic,1,cylindrical_mixture,full,0,1852984245,True,1141595.0288097186,1140533.9094947,286399.06817985023,285486.27950421406,-570159.95474735,-142636.13975210703,-3.8063444960168096,-3.808810375500201,0.022229289873752965,0.022174542651689902,107,66,True,27.727864082997257,149792,37449
34,gauss_vmf_tl_3x2,"Gaussian/vMF two-layer, (K,L)=(3,2)",two_layer_mixture,gaussian_vmf,3,2.0,train_bic,1,two_layer_mixture,gaussian_vmf,0,1171680466,True,1169740.6519570388,1169304.3038274983,292976.12845758133,292600.7761049833,-584608.1519137492,-146256.38805249165,-3.902799561483585,-3.9054818033189576,0.020185322219635607,0.020131252849896867,44,63,True,27.366955375000543,149792,37449
34,gauss_vmf_tl_6x4,"Gaussian/vMF two-layer, (K,L)=(6,4)",two_layer_mixture,gaussian_vmf,6,4.0,train_bic,1,two_layer_mixture,gaussian_vmf,0,1940021607,True,1130577.0831122808,1129337.4577442682,283585.55271617,282519.2108053801,-564543.7288721341,-141134.60540269004,-3.7688509991997843,-3.7687149297094726,0.023078565348918587,0.023081705851201166,125,55,True,63.741568583005574,149792,37449
34,vmf_gauss_tl_3x2,"vMF/Gaussian two-layer, (K,L)=(3,2)",two_layer_mixture,vmf_gaussian,3,2.0,train_bic,1,two_layer_mixture,vmf_gaussian,0,2058063639,True,1141479.177807702,1140834.5726163355,285835.3640790689,285280.86628545815,-570352.2863081677,-142575.43314272907,-3.8076284868896053,-3.8071893279587994,0.022200765984571803,0.022210517790364235,65,24,True,11.77340733299934,149792,37449
34,vmf_gauss_tl_6x4,"vMF/Gaussian two-layer, (K,L)=(6,4)",two_layer_mixture,vmf_gaussian,6,4.0,train_bic,1,two_layer_mixture,vmf_gaussian,0,466772426,True,1120865.755987255,1118376.588248286,282332.8583750581,280191.643818192,-558937.294124143,-139844.821909096,-3.731422867203475,-3.734273863363401,0.023958721493324467,0.02389051254827167,251,47,True,56.84742241600179,149792,37449
35,ind_cyl_k3,"Independent cylindrical mixture, K=3",cylindrical_mixture,independent,3,,train_bic,1,cylindrical_mixture,independent,0,1005033583,True,1183714.7778038313,1183367.6827007877,296722.30898355064,296423.7332485295,-591648.8413503938,-148176.86662426475,-3.9498026687032275,-3.9567643094412333,0.019258501705567473,0.019124896530746213,35,32,True,8.967911500003538,149792,37449
35,ind_cyl_k6,"Independent cylindrical mixture, K=6",cylindrical_mixture,independent,6,,train_bic,1,cylindrical_mixture,independent,0,1798637061,True,1146746.8875536455,1146042.7803446145,287677.30694145605,287071.6247361274,-572950.3901723073,-143464.8123680637,-3.8249732306952793,-3.830938406047256,0.021819019603209595,0.021689252751076516,71,88,True,30.4955340000015,149792,37449
35,full_cyl_k3,"Full cylindrical mixture, K=3",cylindrical_mixture,full,3,,train_bic,1,cylindrical_mixture,full,0,688915676,True,1166502.3096381382,1165976.7084821009,292512.60183948366,292060.4728693087,-582935.3542410504,-145977.23643465436,-3.891632091440467,-3.898027622490704,0.02041200457922747,0.020281875535865534,53,26,True,8.955271916005586,149792,37449
35,full_cyl_k6,"Full cylindrical mixture, K=6",cylindrical_mixture,full,6,,train_bic,1,cylindrical_mixture,full,0,1119661975,True,1141047.1101421756,1139985.990827157,286601.63596075244,285688.84728511627,-569885.9954135785,-142737.42364255813,-3.804515564339741,-3.811514957477052,0.02226998292722592,0.02211465081099356,107,72,True,29.28964391699992,149792,37449
35,gauss_vmf_tl_3x2,"Gaussian/vMF two-layer, (K,L)=(3,2)",two_layer_mixture,gaussian_vmf,3,2.0,train_bic,1,two_layer_mixture,gaussian_vmf,0,617085897,True,1170023.9360870963,1169587.587957556,293109.86306539265,292734.5107127946,-584749.793978778,-146323.2553563973,-3.903745153137537,-3.9072673597798953,0.02016624416885672,0.020095339433561878,44,68,True,28.821983166999416,149792,37449
35,gauss_vmf_tl_6x4,"Gaussian/vMF two-layer, (K,L)=(6,4)",two_layer_mixture,gaussian_vmf,6,4.0,train_bic,1,two_layer_mixture,gaussian_vmf,0,116745253,True,1130697.1293250083,1129457.5039569957,283984.46917472454,282918.12726393464,-564603.7519784978,-141334.06363196732,-3.769251708892984,-3.774041059359858,0.023069319396673192,0.022959096499781482,125,41,True,48.77474429099675,149792,37449
35,vmf_gauss_tl_3x2,"vMF/Gaussian two-layer, (K,L)=(3,2)",two_layer_mixture,vmf_gaussian,3,2.0,train_bic,1,two_layer_mixture,vmf_gaussian,0,2089886020,True,1141397.3365266114,1140752.7313352448,286332.4665785554,285777.9687849447,-570311.3656676224,-142823.98439247234,-3.8073553038054264,-3.813826387686516,0.0222068316867805,0.022063593369625573,65,24,True,11.55667108399939,149792,37449
35,vmf_gauss_tl_6x4,"vMF/Gaussian two-layer, (K,L)=(6,4)",two_layer_mixture,vmf_gaussian,6,4.0,train_bic,1,two_layer_mixture,vmf_gaussian,0,662310055,True,1120979.396815397,1118490.229076428,282581.4708568775,280440.2563000114,-558994.114538214,-139969.1281500057,-3.7318021959665004,-3.737593210766795,0.02394963498463274,0.02381134310561195,251,48,True,58.0808858340024,149792,37449
36,ind_cyl_k3,"Independent cylindrical mixture, K=3",cylindrical_mixture,independent,3,,train_bic,1,cylindrical_mixture,independent,0,426409520,True,1184078.7294040693,1183731.6343010257,295460.2826380939,295161.7069030728,-591830.8171505128,-147545.8534515364,-3.951017525305175,-3.939914375591775,0.019235119593459235,0.01944988005855871,35,33,True,9.038070709000749,149792,37449
36,ind_cyl_k6,"Independent cylindrical mixture, K=6",cylindrical_mixture,independent,6,,train_bic,1,cylindrical_mixture,independent,0,922846264,True,1146747.5777645735,1146043.4705555425,286523.4460781418,285917.76387281314,-572950.7352777713,-142887.88193640657,-3.824975534593111,-3.815532642698245,0.021818969334475552,0.022025979351540825,71,59,True,22.30793166699732,149792,37449
36,full_cyl_k3,"Full cylindrical mixture, K=3",cylindrical_mixture,full,3,,train_bic,1,cylindrical_mixture,full,0,1404383465,True,1166785.3175740219,1166259.7164179846,291462.6525604579,291010.52359028294,-583076.8582089923,-145452.26179514147,-3.8925767611687694,-3.8840092337616885,0.020392731081385798,0.020568196944826,53,13,True,6.648086084001989,149792,37449
36,full_cyl_k6,"Full cylindrical mixture, K=6",cylindrical_mixture,full,6,,train_bic,1,cylindrical_mixture,full,0,1640568979,True,1141437.8156516303,1140376.6963366116,285537.12784561364,284624.33916997747,-570081.3481683058,-142205.16958498873,-3.8058197244733085,-3.7973021865734395,0.022240958233854843,0.022431205507545737,107,83,True,32.331212083001446,149792,37449
36,gauss_vmf_tl_3x2,"Gaussian/vMF two-layer, (K,L)=(3,2)",two_layer_mixture,gaussian_vmf,3,2.0,train_bic,1,two_layer_mixture,gaussian_vmf,0,654464604,True,1170075.002648407,1169638.6545188664,292224.53025575134,291849.1779031533,-584775.3272594332,-145880.58895157665,-3.9039156113773315,-3.8954468464198415,0.0201628069593311,0.02033428611581636,44,69,True,28.785136624996085,149792,37449
36,gauss_vmf_tl_6x4,"Gaussian/vMF two-layer, (K,L)=(6,4)",two_layer_mixture,gaussian_vmf,6,4.0,train_bic,1,two_layer_mixture,gaussian_vmf,0,740591012,True,1130409.8928858978,1129170.2675178852,283105.14251513034,282038.80060434045,-564460.1337589426,-140894.40030217022,-3.768292924581704,-3.762300737060275,0.02309144850500837,0.023230232188251994,125,48,True,50.138232541001344,149792,37449
36,vmf_gauss_tl_3x2,"vMF/Gaussian two-layer, (K,L)=(3,2)",two_layer_mixture,vmf_gaussian,3,2.0,train_bic,1,two_layer_mixture,vmf_gaussian,0,880406681,True,1141435.9898494978,1140791.3846581313,285143.986613984,284589.48882037326,-570330.6923290656,-142229.74441018663,-3.8074843271273875,-3.797958407706124,0.02220396667241685,0.022416490505135927,65,24,True,11.214770166006929,149792,37449
36,vmf_gauss_tl_6x4,"vMF/Gaussian two-layer, (K,L)=(6,4)",two_layer_mixture,vmf_gaussian,6,4.0,train_bic,1,two_layer_mixture,vmf_gaussian,0,1125624594,True,1119685.9405470537,1117196.7728080847,281596.2508280625,279455.0362711964,-558347.3864040424,-139476.5181355982,-3.7274846881278196,-3.7244390540628105,0.024053261264075677,0.02412663036696203,251,96,True,116.46112537499721,149792,37449
37,ind_cyl_k3,"Independent cylindrical mixture, K=3",cylindrical_mixture,independent,3,,train_bic,1,cylindrical_mixture,independent,0,1138210437,True,1184252.8640136588,1183905.7689106152,295250.7054665269,294952.12973150576,-591917.8844553076,-147441.06486575288,-3.9515987800103316,-3.937116207796013,0.019223942338422024,0.019504380301421986,35,33,True,7.7349684159999015,149792,37449
37,ind_cyl_k6,"Independent cylindrical mixture, K=6",cylindrical_mixture,independent,6,,train_bic,1,cylindrical_mixture,independent,0,227649434,True,1147108.7664601621,1146404.6592511311,286165.5688007557,285559.88659542706,-573131.3296255656,-142708.94329771353,-3.8261811687244016,-3.810754447320717,0.0217926794914868,0.022131475624448955,71,102,True,29.13777395899524,149792,37449
37,full_cyl_k3,"Full cylindrical mixture, K=3",cylindrical_mixture,full,3,,train_bic,1,cylindrical_mixture,full,0,2107607035,True,1166783.5963970036,1166257.9952409663,291327.22669368103,290875.0977235061,-583075.9976204832,-145384.54886175305,-3.892571015945332,-3.8822010964712823,0.02039284824251892,0.020605420711417095,53,28,True,9.173737042001449,149792,37449
37,full_cyl_k6,"Full cylindrical mixture, K=6",cylindrical_mixture,full,6,,train_bic,1,cylindrical_mixture,full,0,1673461040,True,1141368.697015143,1140307.5777001244,285216.2567019362,284303.4680263,-570046.7888500622,-142044.73401315,-3.8055890090930236,-3.793018078270448,0.022246090156975703,0.022527509362084783,107,56,True,24.262887458993646,149792,37449
37,gauss_vmf_tl_3x2,"Gaussian/vMF two-layer, (K,L)=(3,2)",two_layer_mixture,gaussian_vmf,3,2.0,train_bic,1,two_layer_mixture,gaussian_vmf,0,309291891,True,1170395.533771211,1169959.1856416706,291840.68517995893,291465.3328273609,-584935.5928208353,-145688.66641368045,-3.904985532076715,-3.8903219422062123,0.020141245891180992,0.020438764877560918,44,47,True,20.587334707997798,149792,37449
37,gauss_vmf_tl_6x4,"Gaussian/vMF two-layer, (K,L)=(6,4)",two_layer_mixture,gaussian_vmf,6,4.0,train_bic,1,two_layer_mixture,gaussian_vmf,0,1339934932,True,1130831.5226780525,1129591.89731004,282697.5424805688,281631.2005697789,-564670.94865502,-140690.60028488946,-3.7697003087949956,-3.7568586687198446,0.023058972823161817,0.02335699731877895,125,49,True,57.243573708998156,149792,37449
37,vmf_gauss_tl_3x2,"vMF/Gaussian two-layer, (K,L)=(3,2)",two_layer_mixture,vmf_gaussian,3,2.0,train_bic,1,two_layer_mixture,vmf_gaussian,0,2120018094,True,1141840.8335947874,1141196.228403421,284669.0381390102,284114.54034539947,-570533.1142017104,-141992.27017269973,-3.8088356801545507,-3.7916171372453134,0.02217398153965214,0.0225590911911189,65,24,True,11.461926083000435,149792,37449
37,vmf_gauss_tl_6x4,"vMF/Gaussian two-layer, (K,L)=(6,4)",two_layer_mixture,vmf_gaussian,6,4.0,train_bic,1,two_layer_mixture,vmf_gaussian,0,897611943,True,1120970.8613753063,1118481.6936363373,281703.6631929541,279562.448636088,-558989.8468181686,-139530.224318044,-3.7317737049920465,-3.7258731693247884,0.023950317342791745,0.024092054796735072,251,56,True,64.77459820899821,149792,37449
38,ind_cyl_k3,"Independent cylindrical mixture, K=3",cylindrical_mixture,independent,3,,train_bic,1,cylindrical_mixture,independent,0,1600193224,True,1184139.140751356,1183792.0456483124,296633.7673234089,296335.19158838777,-591861.0228241562,-148132.59579419388,-3.951219176085213,-3.955582146230711,0.019231241207641997,0.01914751864871316,35,34,True,9.270735416997923,149792,37449
38,ind_cyl_k6,"Independent cylindrical mixture, K=6",cylindrical_mixture,independent,6,,train_bic,1,cylindrical_mixture,independent,0,896747090,True,1146663.5334474896,1145959.4262384586,287943.763119243,287338.08091391437,-572908.7131192293,-143598.04045695718,-3.8246949978585594,-3.83449599340322,0.021825091215550037,0.021612228431339683,71,42,True,18.456376125002862,149792,37449
38,full_cyl_k3,"Full cylindrical mixture, K=3",cylindrical_mixture,full,3,,train_bic,1,cylindrical_mixture,full,0,661004072,True,1166764.5527634602,1166238.951607423,292574.8805887148,292122.75161853986,-583066.4758037115,-146008.37580926993,-3.8925074490207185,-3.8988591366730736,0.020394144594367915,0.02026501787837435,53,25,True,8.779911625002569,149792,37449
38,full_cyl_k6,"Full cylindrical mixture, K=6",cylindrical_mixture,full,6,,train_bic,1,cylindrical_mixture,full,0,1778748966,True,1145242.7063924074,1144181.5870773888,287940.4391968914,287027.6505212552,-571983.7935386944,-143406.8252606276,-3.8185203050810084,-3.8293899773192237,0.021960271367101856,0.021722863027969563,107,37,True,19.247526374994777,149792,37449
38,gauss_vmf_tl_3x2,"Gaussian/vMF two-layer, (K,L)=(3,2)",two_layer_mixture,gaussian_vmf,3,2.0,train_bic,1,two_layer_mixture,gaussian_vmf,0,1489690415,True,1170387.782914322,1169951.4347847817,293111.20186141564,292735.8495088176,-584931.7173923908,-146323.9247544088,-3.9049596600111545,-3.9072852347034313,0.02014176699355613,0.020094980234116416,44,56,True,24.691360625001835,149792,37449
38,gauss_vmf_tl_6x4,"Gaussian/vMF two-layer, (K,L)=(6,4)",two_layer_mixture,gaussian_vmf,6,4.0,train_bic,1,two_layer_mixture,gaussian_vmf,0,682927881,True,1130737.5725867865,1129497.947218774,284343.5564651123,283277.2145543224,-564623.973609387,-141513.6072771612,-3.7693867069629015,-3.7788354102155255,0.023066205293284035,0.022849285981249284,125,41,True,49.764254957997764,149792,37449
38,vmf_gauss_tl_3x2,"vMF/Gaussian two-layer, (K,L)=(3,2)",two_layer_mixture,vmf_gaussian,3,2.0,train_bic,1,two_layer_mixture,vmf_gaussian,0,469653024,True,1141312.5313172152,1140667.9261258487,286703.09483843576,286148.59704482503,-570268.9630629243,-143009.29852241252,-3.80707222724127,-3.818774827696668,0.02221311881022186,0.021954682692645097,65,24,True,11.729254000005312,149792,37449
38,vmf_gauss_tl_6x4,"vMF/Gaussian two-layer, (K,L)=(6,4)",two_layer_mixture,vmf_gaussian,6,4.0,train_bic,1,two_layer_mixture,vmf_gaussian,0,1841010197,True,1121282.9414869542,1118793.7737479853,282891.61335811234,280750.39880124625,-559145.8868739926,-140124.19940062313,-3.73281541653755,-3.7417340756928925,0.02392538101118456,0.023712947412337485,251,47,True,57.668904583006224,149792,37449
39,ind_cyl_k3,"Independent cylindrical mixture, K=3",cylindrical_mixture,independent,3,,train_bic,1,cylindrical_mixture,independent,0,932043506,True,1184770.02299212,1184422.9278890763,295910.4277515261,295611.85201650497,-592176.4639445381,-147770.92600825249,-3.953325037014915,-3.945924484185225,0.019190785500150617,0.019333334743093032,35,34,True,9.261485292001453,149792,37449
39,ind_cyl_k6,"Independent cylindrical mixture, K=6",cylindrical_mixture,independent,6,,train_bic,1,cylindrical_mixture,independent,0,985432219,True,1153762.1277762977,1153058.0205672667,288498.1664461706,287892.48424084194,-576458.0102836334,-143875.24212042097,-3.848389835796527,-3.841898104633527,0.021314027908289495,0.021452842934886286,71,31,True,15.10843529200065,149792,37449
39,full_cyl_k3,"Full cylindrical mixture, K=3",cylindrical_mixture,full,3,,train_bic,1,cylindrical_mixture,full,0,22439964,True,1167606.7937528384,1167081.192596801,291686.9163496357,291234.78737946076,-583487.5962984005,-145564.39368973038,-3.895318817416154,-3.8870034898056125,0.02033688966086955,0.020506702607651014,53,26,True,8.783020083996234,149792,37449
39,full_cyl_k6,"Full cylindrical mixture, K=6",cylindrical_mixture,full,6,,train_bic,1,cylindrical_mixture,full,0,1363918451,True,1145853.210359916,1144792.0910448974,286951.764746424,286038.9760707878,-572289.0455224487,-142912.4880353939,-3.82055814410949,-3.816189698934388,0.021915565436250464,0.02201151179796938,107,37,True,18.1634062919984,149792,37449
39,gauss_vmf_tl_3x2,"Gaussian/vMF two-layer, (K,L)=(3,2)",two_layer_mixture,gaussian_vmf,3,2.0,train_bic,1,two_layer_mixture,gaussian_vmf,0,1236612664,True,1170641.085536226,1170204.7374066855,292751.1362955829,292375.7839429849,-585058.3687033427,-146143.89197149244,-3.905805174530968,-3.9024778224116115,0.020124744034701957,0.020191817671338305,44,58,True,24.632577042000776,149792,37449
39,gauss_vmf_tl_6x4,"Gaussian/vMF two-layer, (K,L)=(6,4)",two_layer_mixture,gaussian_vmf,6,4.0,train_bic,1,two_layer_mixture,gaussian_vmf,0,86194170,True,1131560.1267648202,1130320.5013968076,283179.5015740442,282113.1596632543,-565035.2506984038,-140931.57983162714,-3.7721323615306814,-3.7632935413930184,0.02300296032550815,0.023207180557857546,125,48,True,56.71917250000115,149792,37449
39,vmf_gauss_tl_3x2,"vMF/Gaussian two-layer, (K,L)=(3,2)",two_layer_mixture,vmf_gaussian,3,2.0,train_bic,1,two_layer_mixture,vmf_gaussian,0,1077828560,True,1142242.640809564,1141598.0356181974,285459.04930825124,284904.5515146405,-570734.0178090987,-142387.27575732025,-3.8101768973583283,-3.8021649645469906,0.022144261349205486,0.02232239231709815,65,24,True,11.58907745799661,149792,37449
39,vmf_gauss_tl_6x4,"vMF/Gaussian two-layer, (K,L)=(6,4)",two_layer_mixture,vmf_gaussian,6,4.0,train_bic,1,two_layer_mixture,vmf_gaussian,0,256548384,True,1120215.6720243397,1117726.5042853707,281788.01029199094,279646.79573512485,-558612.2521426853,-139572.39786756242,-3.7292529116553976,-3.7269993288889536,0.024010767302077105,0.02406493857027004,251,87,True,106.6123266670038,149792,37449
40,ind_cyl_k3,"Independent cylindrical mixture, K=3",cylindrical_mixture,independent,3,,train_bic,1,cylindrical_mixture,independent,0,1444524466,True,1184141.2207803964,1183794.1256773528,297216.39836866176,296917.8226336406,-591862.0628386764,-148423.9113168203,-3.951226119143054,-3.9633611395983954,0.019231107684485466,0.018999148063229193,35,32,True,9.053613374999259,149792,37449
40,ind_cyl_k6,"Independent cylindrical mixture, K=6",cylindrical_mixture,independent,6,,train_bic,1,cylindrical_mixture,independent,0,574631887,True,1146876.9640467302,1146172.8568376992,288143.01753635623,287537.33533102757,-573015.4284188496,-143697.66766551379,-3.825407421082899,-3.8371563370320647,0.021809548051007856,0.021554808888849475,71,47,True,19.046794333000435,149792,37449
40,full_cyl_k3,"Full cylindrical mixture, K=3",cylindrical_mixture,full,3,,train_bic,1,cylindrical_mixture,full,0,1791929580,True,1166634.8479018665,1166109.2467458292,293324.0591795415,292871.93020936655,-583001.6233729146,-146382.96510468327,-3.892074499124884,-3.9088617881567806,0.020402976148818017,0.0200633243837602,53,27,True,8.797952583998267,149792,37449
40,full_cyl_k6,"Full cylindrical mixture, K=6",cylindrical_mixture,full,6,,train_bic,1,cylindrical_mixture,full,0,1990031830,True,1141351.9751013129,1140290.8557862942,287116.85227759613,286204.06360195996,-570038.4278931471,-142995.03180097998,-3.805533191980527,-3.818393863680739,0.02224733190414765,0.021963048230115335,107,78,True,31.378040750001674,149792,37449
40,gauss_vmf_tl_3x2,"Gaussian/vMF two-layer, (K,L)=(3,2)",two_layer_mixture,gaussian_vmf,3,2.0,train_bic,1,two_layer_mixture,gaussian_vmf,0,2001733180,True,1170472.0603222775,1170035.712192737,293636.29074211814,293260.9383895201,-584973.8560963685,-146586.46919476005,-3.905240974794171,-3.914295954358195,0.020136101613659686,0.019954592645247207,44,70,True,29.33737633399869,149792,37449
40,gauss_vmf_tl_6x4,"Gaussian/vMF two-layer, (K,L)=(6,4)",two_layer_mixture,gaussian_vmf,6,4.0,train_bic,1,two_layer_mixture,gaussian_vmf,0,640025667,True,1130921.0943887997,1129681.4690207872,284428.61564237287,283362.273731583,-564715.7345103936,-141556.1368657915,-3.76999929575941,-3.779971077085943,0.023052079521429934,0.02282335153338169,125,42,True,48.26698766699701,149792,37449
40,vmf_gauss_tl_3x2,"vMF/Gaussian two-layer, (K,L)=(3,2)",two_layer_mixture,vmf_gaussian,3,2.0,train_bic,1,two_layer_mixture,vmf_gaussian,0,226800732,True,1141793.6901961977,1141149.0850048312,286532.9811626682,285978.4833690575,-570509.5425024156,-142924.24168452874,-3.808678317282736,-3.81650355642417,0.02217747117562915,0.02200460440415551,65,24,True,11.391335083993908,149792,37449
40,vmf_gauss_tl_6x4,"vMF/Gaussian two-layer, (K,L)=(6,4)",two_layer_mixture,vmf_gaussian,6,4.0,train_bic,1,two_layer_mixture,vmf_gaussian,0,1677972637,True,1119556.9311778888,1117067.7634389198,283133.56893814425,280992.35438127816,-558282.8817194599,-140245.17719063908,-3.7270540597592654,-3.7449645435295755,0.02406362151128031,0.023636467098517813,251,91,True,106.56810766700073,149792,37449
41,ind_cyl_k3,"Independent cylindrical mixture, K=3",cylindrical_mixture,independent,3,,train_bic,1,cylindrical_mixture,independent,0,391392158,True,1183663.0217579952,1183315.9266549516,296266.5224210124,295967.94668599125,-591622.9633274758,-147948.97334299562,-3.9496299089903055,-3.9506788790887772,0.01926182908620382,0.01924163459700991,35,33,True,9.063146459004201,149792,37449
41,ind_cyl_k6,"Independent cylindrical mixture, K=6",cylindrical_mixture,independent,6,,train_bic,1,cylindrical_mixture,independent,0,754400936,True,1147305.2904350597,1146601.1832260287,287453.42736078624,286847.7451554576,-573229.5916130143,-143352.8725777288,-3.826837158279577,-3.827949279759908,0.02177838840927392,0.021754181658635584,71,67,True,24.348275374999503,149792,37449
41,full_cyl_k3,"Full cylindrical mixture, K=3",cylindrical_mixture,full,3,,train_bic,1,cylindrical_mixture,full,0,348125900,True,1166329.7876130848,1165804.1864570475,292080.26625344274,291628.1372832678,-582849.0932285237,-145761.0686416339,-3.891056219481172,-3.8922552976483726,0.020423762665548805,0.020399287654302767,53,26,True,8.652564791998884,149792,37449
41,full_cyl_k6,"Full cylindrical mixture, K=6",cylindrical_mixture,full,6,,train_bic,1,cylindrical_mixture,full,0,322434269,True,1145432.2499607627,1144371.130645744,287029.8544577078,286117.0657820716,-572078.565322872,-142951.5328910358,-3.8191529943045825,-3.8172323130400225,0.02194638173443491,0.02198857424486853,107,37,True,18.25715974999912,149792,37449
41,gauss_vmf_tl_3x2,"Gaussian/vMF two-layer, (K,L)=(3,2)",two_layer_mixture,gaussian_vmf,3,2.0,train_bic,1,two_layer_mixture,gaussian_vmf,0,894302499,True,1169449.8619925424,1169013.513863002,292633.0019963355,292257.6496437375,-584462.756931501,-146084.82482186874,-3.9018289156396935,-3.900900553335703,0.02020492453066754,0.020223690730525237,44,51,True,22.02170437500172,149792,37449
41,gauss_vmf_tl_6x4,"Gaussian/vMF two-layer, (K,L)=(6,4)",two_layer_mixture,gaussian_vmf,6,4.0,train_bic,1,two_layer_mixture,gaussian_vmf,0,962532938,True,1130547.7498605892,1129308.1244925766,283859.3830848914,282793.0411741015,-564529.0622462883,-141271.52058705076,-3.7687530859210656,-3.772370973511997,0.023080825157550854,0.022997472198361246,125,52,True,60.22466474999965,149792,37449
41,vmf_gauss_tl_3x2,"vMF/Gaussian two-layer, (K,L)=(3,2)",two_layer_mixture,vmf_gaussian,3,2.0,train_bic,1,two_layer_mixture,vmf_gaussian,0,1662001483,True,1141225.1527365344,1140580.5475451679,286280.10214463336,285725.60435102263,-570225.2737725839,-142797.80217551131,-3.806780560861621,-3.8131272443993516,0.022219598575084796,0.022079024376434525,65,24,True,12.408978874998866,149792,37449
41,vmf_gauss_tl_6x4,"vMF/Gaussian two-layer, (K,L)=(6,4)",two_layer_mixture,vmf_gaussian,6,4.0,train_bic,1,two_layer_mixture,vmf_gaussian,0,177888804,True,1121298.8683919667,1118809.7006529977,282217.67966959655,280076.46511273045,-559153.8503264989,-139787.23255636523,-3.7328685799408436,-3.7327360558723925,0.023924109090315022,0.023927279820680145,251,52,True,65.23384312500275,149792,37449
42,ind_cyl_k3,"Independent cylindrical mixture, K=3",cylindrical_mixture,independent,3,,train_bic,1,cylindrical_mixture,independent,0,1655159409,True,1184684.039899288,1184336.9447962444,295414.89842666616,295116.322691645,-592133.4723981222,-147523.1613458225,-3.9530380287206404,-3.939308428684945,0.01919629420524702,0.019461669224662054,35,34,True,9.273309625001275,149792,37449
42,ind_cyl_k6,"Independent cylindrical mixture, K=6",cylindrical_mixture,independent,6,,train_bic,1,cylindrical_mixture,independent,0,1914940515,True,1147191.0202247875,1146486.9130157565,286569.86848822207,285964.1862828934,-573172.4565078783,-142911.0931414467,-3.826455728662934,-3.8161524511054155,0.021786696916070512,0.022012331694265846,71,44,True,18.62292562500079,149792,37449
42,full_cyl_k3,"Full cylindrical mixture, K=3",cylindrical_mixture,full,3,,train_bic,1,cylindrical_mixture,full,0,1615842731,True,1167287.16563544,1166761.5644794027,291452.0257559948,290999.89678581984,-583327.7822397014,-145446.94839290992,-3.8942519109144773,-3.883867350073698,0.020358598799423873,0.020571115443502628,53,29,True,9.579752750003536,149792,37449
42,full_cyl_k6,"Full cylindrical mixture, K=6",cylindrical_mixture,full,6,,train_bic,1,cylindrical_mixture,full,0,431893907,True,1141812.508047285,1140751.3887322664,285424.30741569493,284511.51874005876,-570268.6943661332,-142148.75937002938,-3.807070433441927,-3.7957958655779693,0.02221315865613552,0.022465019564373648,107,74,True,29.49247058400215,149792,37449
42,gauss_vmf_tl_3x2,"Gaussian/vMF two-layer, (K,L)=(3,2)",two_layer_mixture,gaussian_vmf,3,2.0,train_bic,1,two_layer_mixture,gaussian_vmf,0,977161434,True,1170725.3595511336,1170289.0114215931,292175.6856662628,291800.33331366477,-585100.5057107966,-145856.16665683239,-3.906086477988121,-3.8947946983052253,0.020119083670807968,0.020347551407166087,44,56,True,23.43725904200255,149792,37449
42,gauss_vmf_tl_6x4,"Gaussian/vMF two-layer, (K,L)=(6,4)",two_layer_mixture,gaussian_vmf,6,4.0,train_bic,1,two_layer_mixture,gaussian_vmf,0,544326697,True,1131073.5568735395,1129833.9315055269,283136.3938536217,282070.0519428318,-564791.9657527634,-140910.0259714159,-3.7705082097359233,-3.7627179890361795,0.023040350980636087,0.02322054134987205,125,47,True,50.297799416999624,149792,37449
42,vmf_gauss_tl_3x2,"vMF/Gaussian two-layer, (K,L)=(3,2)",two_layer_mixture,vmf_gaussian,3,2.0,train_bic,1,two_layer_mixture,vmf_gaussian,0,1294793794,True,1142003.9930229979,1141359.3878316313,285096.387329277,284541.88953566627,-570614.6939158157,-142205.94476783313,-3.8093803001216067,-3.7973228862675406,0.022161908434482003,0.02243074119325901,65,24,True,11.663947041997744,149792,37449
42,vmf_gauss_tl_6x4,"vMF/Gaussian two-layer, (K,L)=(6,4)",two_layer_mixture,vmf_gaussian,6,4.0,train_bic,1,two_layer_mixture,vmf_gaussian,0,1414656906,True,1121043.7365932788,1118554.5688543099,281477.7629120582,279336.5483551921,-559026.2844271549,-139417.27417759606,-3.7320169596984814,-3.7228570636758276,0.023944492023924343,0.02416482867098118,251,74,True,84.82398199999443,149792,37449
43,ind_cyl_k3,"Independent cylindrical mixture, K=3",cylindrical_mixture,independent,3,,train_bic,1,cylindrical_mixture,independent,0,1528844730,True,1183556.8964839766,1183209.801380933,297936.19830456394,297637.6225695428,-591569.9006904665,-148783.8112847714,-3.9492756668611575,-3.9729715422246628,0.01926865364625258,0.01881743317599457,35,32,True,9.05460262500128,149792,37449
43,ind_cyl_k6,"Independent cylindrical mixture, K=6",cylindrical_mixture,independent,6,,train_bic,1,cylindrical_mixture,independent,0,1313170039,True,1147398.985802589,1146694.878593558,288821.915359239,288216.2331539103,-573276.439296779,-144037.11657695516,-3.8271499098535235,-3.8462206354496824,0.021771578249020575,0.02136031248713399,71,75,True,26.590087791999395,149792,37449
43,full_cyl_k3,"Full cylindrical mixture, K=3",cylindrical_mixture,full,3,,train_bic,1,cylindrical_mixture,full,0,2028761129,True,1166434.5796932958,1165908.9785372585,293558.7656894146,293106.63671923964,-582901.4892686292,-146500.31835961982,-3.891406011460086,-3.911995470095859,0.02041661984651239,0.02000055071422776,53,26,True,8.791584167003748,149792,37449
43,full_cyl_k6,"Full cylindrical mixture, K=6",cylindrical_mixture,full,6,,train_bic,1,cylindrical_mixture,full,0,1444991817,True,1141672.8055159342,1140611.6862009156,287548.02287453436,286635.2341988982,-570198.8431004578,-143210.6170994491,-3.806604111704616,-3.824150634181129,0.022223519550438584,0.021836975236785672,107,80,True,31.789006540995615,149792,37449
43,gauss_vmf_tl_3x2,"Gaussian/vMF two-layer, (K,L)=(3,2)",two_layer_mixture,gaussian_vmf,3,2.0,train_bic,1,two_layer_mixture,gaussian_vmf,0,515728775,True,1169695.1892190562,1169258.8410895157,294373.8988309774,293998.54647837934,-584585.4205447579,-146955.27323918967,-3.902647808592968,-3.924144122384835,0.02018838563306551,0.019759040957399093,44,60,True,25.75598733300285,149792,37449
43,gauss_vmf_tl_6x4,"Gaussian/vMF two-layer, (K,L)=(6,4)",two_layer_mixture,gaussian_vmf,6,4.0,train_bic,1,two_layer_mixture,gaussian_vmf,0,1479101828,True,1130591.6534133886,1129352.028045376,285370.76163400686,284304.41972321697,-564551.014022688,-142027.20986160848,-3.768899634310831,-3.7925501311545964,0.023077442947624316,0.022538053511977945,125,46,True,54.3533937079992,149792,37449
43,vmf_gauss_tl_3x2,"vMF/Gaussian two-layer, (K,L)=(3,2)",two_layer_mixture,vmf_gaussian,3,2.0,train_bic,1,two_layer_mixture,vmf_gaussian,0,770816699,True,1141263.1286078445,1140618.523416478,287835.48121202947,287280.98341841873,-570244.261708239,-143575.49170920937,-3.8069073228759813,-3.833893874581681,0.02221678215252261,0.02162524547936513,65,25,True,12.011387166996428,149792,37449
43,vmf_gauss_tl_6x4,"vMF/Gaussian two-layer, (K,L)=(6,4)",two_layer_mixture,vmf_gaussian,6,4.0,train_bic,1,two_layer_mixture,vmf_gaussian,0,922872832,True,1120346.1508477125,1117856.9831087436,283546.56103465636,281405.34647779027,-558677.4915543718,-140451.67323889514,-3.7296884450062207,-3.7504786039385603,0.024000312089100438,0.02350649286329448,251,76,True,94.67503783300344,149792,37449
44,ind_cyl_k3,"Independent cylindrical mixture, K=3",cylindrical_mixture,independent,3,,train_bic,1,cylindrical_mixture,independent,0,566243391,True,1184327.4936677366,1183980.398564693,296233.5859160322,295935.01018101105,-591955.1992823465,-147932.50509050553,-3.9518478909577714,-3.9502391276270536,0.019219154040366063,0.019250097994709264,35,35,True,9.45991116699588,149792,37449
44,ind_cyl_k6,"Independent cylindrical mixture, K=6",cylindrical_mixture,independent,6,,train_bic,1,cylindrical_mixture,independent,0,1660213742,True,1147035.4188778135,1146331.3116687825,287222.4054380977,286616.72323276906,-573094.6558343912,-143237.36161638453,-3.8259363372836415,-3.8248647925547954,0.021798015677811165,0.02182138574541026,71,44,True,18.363221665997116,149792,37449
44,full_cyl_k3,"Full cylindrical mixture, K=3",cylindrical_mixture,full,3,,train_bic,1,cylindrical_mixture,full,0,285617136,True,1166971.3484774341,1166445.7473213968,292219.88444487157,291767.75547469663,-583169.8736606984,-145830.87773734832,-3.8931977252503365,-3.8941194087251545,0.020380071858727266,0.020361296537060466,53,26,True,8.835248750001483,149792,37449
44,full_cyl_k6,"Full cylindrical mixture, K=6",cylindrical_mixture,full,6,,train_bic,1,cylindrical_mixture,full,0,356401033,True,1141472.062731793,1140410.9434167743,286183.4263502312,285270.63767459505,-570098.4717083871,-142528.31883729753,-3.8059340399246095,-3.8059312354748465,0.022238415893994105,0.022238478260601744,107,76,True,30.48957812500157,149792,37449
44,gauss_vmf_tl_3x2,"Gaussian/vMF two-layer, (K,L)=(3,2)",two_layer_mixture,gaussian_vmf,3,2.0,train_bic,1,two_layer_mixture,gaussian_vmf,0,719435417,True,1170468.9797396143,1170032.6316100738,292841.3853525081,292466.03299991006,-584972.3158050369,-146189.01649995503,-3.905230691926384,-3.9036827819155393,0.020136308671594896,0.020167502001374505,44,57,True,24.501678208005615,149792,37449
44,gauss_vmf_tl_6x4,"Gaussian/vMF two-layer, (K,L)=(6,4)",two_layer_mixture,gaussian_vmf,6,4.0,train_bic,1,two_layer_mixture,gaussian_vmf,0,1214225557,True,1131105.9283146746,1129866.302946662,283421.69911199133,282355.35720120143,-564808.151473331,-141052.67860060072,-3.7706162643754744,-3.766527239728717,0.023037861498318223,0.023132256742508482,125,44,True,51.568370708002476,149792,37449
44,vmf_gauss_tl_3x2,"vMF/Gaussian two-layer, (K,L)=(3,2)",two_layer_mixture,vmf_gaussian,3,2.0,train_bic,1,two_layer_mixture,vmf_gaussian,0,640982972,True,1141827.9120324207,1141183.3068410542,285745.2888598676,285190.7910662569,-570526.6534205271,-142530.39553312844,-3.808792548470727,-3.8059866894477405,0.022174937961438913,0.022237245082823695,65,24,True,11.719201916996099,149792,37449
44,vmf_gauss_tl_6x4,"vMF/Gaussian two-layer, (K,L)=(6,4)",two_layer_mixture,vmf_gaussian,6,4.0,train_bic,1,two_layer_mixture,vmf_gaussian,0,1853562212,True,1120994.1148675196,1118504.9471285506,282070.2479335816,279929.0333767155,-559001.4735642753,-139713.51668835775,-3.731851324264816,-3.730767622322565,0.023948458408722485,0.023974425467348535,251,61,True,74.20187666700076,149792,37449
45,ind_cyl_k3,"Independent cylindrical mixture, K=3",cylindrical_mixture,independent,3,,train_bic,1,cylindrical_mixture,independent,0,547235591,True,1184098.6590597944,1183751.5639567508,295958.7268023828,295660.15106736164,-591840.7819783754,-147795.07553368082,-3.9510840497381396,-3.9465693485455104,0.019233840030596843,0.01932087138357183,35,34,True,9.186009542005195,149792,37449
45,ind_cyl_k6,"Independent cylindrical mixture, K=6",cylindrical_mixture,independent,6,,train_bic,1,cylindrical_mixture,independent,0,782587024,True,1146913.715463331,1146209.6082543,286825.07876036613,286219.39655503747,-573033.80412715,-143038.69827751874,-3.825530095914001,-3.8195598888493345,0.02180687273248477,0.02193745368794001,71,57,True,22.105507000000216,149792,37449
45,full_cyl_k3,"Full cylindrical mixture, K=3",cylindrical_mixture,full,3,,train_bic,1,cylindrical_mixture,full,0,2062280133,True,1166786.8308336262,1166261.229677589,291900.1780224565,291448.04905228154,-583077.6148387945,-145671.02452614077,-3.8925818123717852,-3.889850851188036,0.020392628073821212,0.020448395664427837,53,26,True,8.777779333999206,149792,37449
45,full_cyl_k6,"Full cylindrical mixture, K=6",cylindrical_mixture,full,6,,train_bic,1,cylindrical_mixture,full,0,1634971376,True,1145819.1430876057,1144758.023772587,287067.9620467865,286155.17337115033,-572272.0118862935,-142970.58668557517,-3.8204444288499624,-3.817741106186418,0.021918057712163954,0.021977389454607327,107,33,True,17.19742650000262,149792,37449
45,gauss_vmf_tl_3x2,"Gaussian/vMF two-layer, (K,L)=(3,2)",two_layer_mixture,gaussian_vmf,3,2.0,train_bic,1,two_layer_mixture,gaussian_vmf,0,1993406210,True,1169698.3243912137,1169261.9762616733,292748.2108407847,292372.85848818667,-584586.9881308366,-146142.42924409334,-3.9026582736784117,-3.9024387632271447,0.020188174360990383,0.02019260636267217,44,49,True,21.772027042003174,149792,37449
45,gauss_vmf_tl_6x4,"Gaussian/vMF two-layer, (K,L)=(6,4)",two_layer_mixture,gaussian_vmf,6,4.0,train_bic,1,two_layer_mixture,gaussian_vmf,0,351861650,True,1130569.6211635654,1129329.9957955529,283492.01563828555,282425.67372749565,-564539.9978977764,-141087.83686374783,-3.7688260914987213,-3.767466070222111,0.023079140190084217,0.023110549665724785,125,46,True,53.89273904100264,149792,37449
45,vmf_gauss_tl_3x2,"vMF/Gaussian two-layer, (K,L)=(3,2)",two_layer_mixture,vmf_gaussian,3,2.0,train_bic,1,two_layer_mixture,vmf_gaussian,0,1344756345,True,1141563.1556558998,1140918.5504645333,285461.2661583182,284906.7683647075,-570394.2752322666,-142388.38418235374,-3.8079088017535425,-3.80219456280151,0.022194543652022433,0.022321731623026614,65,25,True,11.71690512499481,149792,37449
45,vmf_gauss_tl_6x4,"vMF/Gaussian two-layer, (K,L)=(6,4)",two_layer_mixture,vmf_gaussian,6,4.0,train_bic,1,two_layer_mixture,vmf_gaussian,0,897652696,True,1121293.5228234595,1118804.3550844905,282366.5464803949,280225.3319235288,-559151.1775422452,-139861.6659617644,-3.7328507366364376,-3.7347236498107934,0.02392453597928471,0.023879769335763017,251,55,True,67.81434633299796,149792,37449
46,ind_cyl_k3,"Independent cylindrical mixture, K=3",cylindrical_mixture,independent,3,,train_bic,1,cylindrical_mixture,independent,0,819854679,True,1184130.8438360954,1183783.7487330518,296828.1323525418,296529.55661752063,-591856.8743665259,-148229.77830876032,-3.951191481297572,-3.958177209238172,0.019231773820158574,0.01909789404871419,35,34,True,9.313208749998012,149792,37449
46,ind_cyl_k6,"Independent cylindrical mixture, K=6",cylindrical_mixture,independent,6,,train_bic,1,cylindrical_mixture,independent,0,446918078,True,1146851.4344667962,1146147.3272577652,287935.68419326615,287330.0019879375,-573002.6636288826,-143594.00099396874,-3.8253222043158686,-3.834388127692829,0.021811406669374755,0.02161455977544635,71,83,True,28.807850500001223,149792,37449
46,full_cyl_k3,"Full cylindrical mixture, K=3",cylindrical_mixture,full,3,,train_bic,1,cylindrical_mixture,full,0,1821315271,True,1166664.1058607716,1166138.5047047343,292872.1327733701,292420.00380319514,-583016.2523523672,-146157.00190159757,-3.892172161079144,-3.9028278966487107,0.02040098365159177,0.02018475027330053,53,26,True,8.80368733299838,149792,37449
46,full_cyl_k6,"Full cylindrical mixture, K=6",cylindrical_mixture,full,6,,train_bic,1,cylindrical_mixture,full,0,1861929445,True,1145327.7420484396,1144266.622733421,287897.2861828462,286984.49750721,-572026.3113667105,-143385.248753605,-3.8188041508672725,-3.8288138202249726,0.02195403892117769,0.02173538241583131,107,35,True,17.552789458000916,149792,37449
46,gauss_vmf_tl_3x2,"Gaussian/vMF two-layer, (K,L)=(3,2)",two_layer_mixture,gaussian_vmf,3,2.0,train_bic,1,two_layer_mixture,gaussian_vmf,0,680363165,True,1170236.8578687827,1169800.5097392423,293437.09983831004,293061.747485712,-584856.2548696211,-146486.873742856,-3.9044558779482292,-3.911636458726695,0.020151916610866016,0.02000773242840509,44,62,True,26.456315041999915,149792,37449
46,gauss_vmf_tl_6x4,"Gaussian/vMF two-layer, (K,L)=(6,4)",two_layer_mixture,gaussian_vmf,6,4.0,train_bic,1,two_layer_mixture,gaussian_vmf,0,401385334,True,1130612.3666949822,1129372.7413269696,284547.93991917017,283481.5980083803,-564561.3706634848,-141615.79900419014,-3.768968774457146,-3.78156423413683,0.023075847425000313,0.02278701929912373,125,40,True,48.44441883300169,149792,37449
46,vmf_gauss_tl_3x2,"vMF/Gaussian two-layer, (K,L)=(3,2)",two_layer_mixture,vmf_gaussian,3,2.0,train_bic,1,two_layer_mixture,vmf_gaussian,0,1557080651,True,1141436.4834427456,1140791.8782513791,286767.58707782667,286213.08928421594,-570330.9391256896,-143041.54464210797,-3.8074859747228795,-3.8196358952737848,0.02220393008929159,0.02193578636388812,65,24,True,11.759577166005329,149792,37449
46,vmf_gauss_tl_6x4,"vMF/Gaussian two-layer, (K,L)=(6,4)",two_layer_mixture,vmf_gaussian,6,4.0,train_bic,1,two_layer_mixture,vmf_gaussian,0,406896483,True,1121048.0884913357,1118558.9207523668,282953.2601512619,280812.0455943958,-559028.4603761834,-140155.0227971979,-3.73203148616871,-3.7425571523190975,0.023944144197500173,0.02369343786960967,251,58,True,72.1048484999992,149792,37449
47,ind_cyl_k3,"Independent cylindrical mixture, K=3",cylindrical_mixture,independent,3,,train_bic,1,cylindrical_mixture,independent,0,1085170485,True,1184337.800411898,1183990.7053088543,296596.10326925525,296297.5275342341,-591960.3526544272,-148113.76376711705,-3.951882294477857,-3.955079274937036,0.019218492845187795,0.01915714980760041,35,33,True,9.236273750000692,149792,37449
47,ind_cyl_k6,"Independent cylindrical mixture, K=6",cylindrical_mixture,independent,6,,train_bic,1,cylindrical_mixture,independent,0,286579869,True,1147528.6718028213,1146824.5645937903,287288.0346005735,286682.3523952448,-573341.2822968952,-143270.1761976224,-3.827582796790851,-3.8257410397506586,0.021762155656797257,0.021802273192224463,71,84,True,29.174351040994225,149792,37449
47,full_cyl_k3,"Full cylindrical mixture, K=3",cylindrical_mixture,full,3,,train_bic,1,cylindrical_mixture,full,0,1784961338,True,1167288.1325608157,1166762.5314047784,292378.57231586555,291926.4433456906,-583328.2657023892,-145910.2216728453,-3.8942551384746125,-3.896238128463919,0.02035853309092802,0.020318202324580596,53,12,True,6.426068084001599,149792,37449
47,full_cyl_k6,"Full cylindrical mixture, K=6",cylindrical_mixture,full,6,,train_bic,1,cylindrical_mixture,full,0,838906619,True,1141758.8089006238,1140697.6895856052,286208.70137537294,285295.9126997368,-570241.8447928026,-142540.9563498684,-3.8068911877323393,-3.80626869475469,0.022217140626385908,0.02223097494584591,107,71,True,28.927449000002525,149792,37449
47,gauss_vmf_tl_3x2,"Gaussian/vMF two-layer, (K,L)=(3,2)",two_layer_mixture,gaussian_vmf,3,2.0,train_bic,1,two_layer_mixture,gaussian_vmf,0,27488029,True,1170342.613161206,1169906.2650316656,293352.5867055727,292977.2343529747,-584909.1325158328,-146444.61717648734,-3.904808885092881,-3.9105080823650122,0.020144804095782138,0.020030321422775058,44,59,True,25.213811333000194,149792,37449
47,gauss_vmf_tl_6x4,"Gaussian/vMF two-layer, (K,L)=(6,4)",two_layer_mixture,gaussian_vmf,6,4.0,train_bic,1,two_layer_mixture,gaussian_vmf,0,1836106426,True,1131221.3273360054,1129981.7019679928,283693.208273311,282626.8663625211,-564865.8509839964,-141188.43318126054,-3.771001461920506,-3.770152291950667,0.023028989079552965,0.023048552910848473,125,49,True,56.978188000000955,149792,37449
47,vmf_gauss_tl_3x2,"vMF/Gaussian two-layer, (K,L)=(3,2)",two_layer_mixture,vmf_gaussian,3,2.0,train_bic,1,two_layer_mixture,vmf_gaussian,0,1297006075,True,1142153.3397687718,1141508.7345774053,285757.88699937856,285203.38920576783,-570689.3672887026,-142536.69460288392,-3.809878813879931,-3.806154893398593,0.022150863171553202,0.022233505004901444,65,24,True,11.981512999998813,149792,37449
47,vmf_gauss_tl_6x4,"vMF/Gaussian two-layer, (K,L)=(6,4)",two_layer_mixture,vmf_gaussian,6,4.0,train_bic,1,two_layer_mixture,vmf_gaussian,0,143000701,True,1119696.1559470694,1117206.9882081004,282147.5794632098,280006.3649063437,-558352.4941040502,-139752.18245317184,-3.7275187867446204,-3.7318001135723744,0.024052441095120416,0.02394968485726388,251,100,True,106.87348175000079,149792,37449
48,ind_cyl_k3,"Independent cylindrical mixture, K=3",cylindrical_mixture,independent,3,,train_bic,1,cylindrical_mixture,independent,0,1032890766,True,1183330.4461738458,1182983.3510708022,298400.21981236583,298101.6440773447,-591456.6755354011,-149015.82203867234,-3.9485197843369546,-3.9791669213776695,0.019283223990849384,0.018701212430314203,35,39,True,9.851254792003601,149792,37449
48,ind_cyl_k6,"Independent cylindrical mixture, K=6",cylindrical_mixture,independent,6,,train_bic,1,cylindrical_mixture,independent,0,317415310,True,1146638.8714759066,1145934.7642668756,289250.51378357556,288644.8315782469,-572896.3821334378,-144251.41578912345,-3.824612677135213,-3.8519430636098013,0.021826887946799097,0.021238428701654044,71,47,True,19.28615875000105,149792,37449
48,full_cyl_k3,"Full cylindrical mixture, K=3",cylindrical_mixture,full,3,,train_bic,1,cylindrical_mixture,full,0,1486944841,True,1165911.2432960372,1165385.64214,294041.7072665987,293589.5782964238,-582639.82107,-146741.7891482119,-3.8896591344664597,-3.9184434603917833,0.020452316339623605,0.01987200224234241,53,26,True,8.861060709001322,149792,37449
48,full_cyl_k6,"Full cylindrical mixture, K=6",cylindrical_mixture,full,6,,train_bic,1,cylindrical_mixture,full,0,22680084,True,1141629.8588569534,1140568.7395419348,288118.46337910683,287205.67470347066,-570177.3697709674,-143495.83735173533,-3.80646075739003,-3.8317668656502266,0.0222267056162141,0.021671291522457094,107,53,True,23.106671375004225,149792,37449
48,gauss_vmf_tl_3x2,"Gaussian/vMF two-layer, (K,L)=(3,2)",two_layer_mixture,gaussian_vmf,3,2.0,train_bic,1,two_layer_mixture,gaussian_vmf,0,1259938679,True,1169252.176574696,1168815.8284451556,294726.34451800736,294350.9921654093,-584363.9142225778,-147131.49608270466,-3.9011690492321205,-3.9288497979306434,0.020218261481451838,0.01966627974481258,44,56,True,24.197321792002185,149792,37449
48,gauss_vmf_tl_6x4,"Gaussian/vMF two-layer, (K,L)=(6,4)",two_layer_mixture,gaussian_vmf,6,4.0,train_bic,1,two_layer_mixture,gaussian_vmf,0,321262472,True,1130377.0570096876,1129137.431641675,285991.4329831695,284925.0910723796,-564443.7158208375,-142337.5455361898,-3.7681833196755337,-3.800837019311325,0.023093979579761666,0.022352054922422995,125,47,True,55.74778729100217,149792,37449
48,vmf_gauss_tl_3x2,"vMF/Gaussian two-layer, (K,L)=(3,2)",two_layer_mixture,vmf_gaussian,3,2.0,train_bic,1,two_layer_mixture,vmf_gaussian,0,1919561565,True,1141010.288631789,1140365.6834404224,288557.65672153217,288003.15892792144,-570117.8417202112,-143936.57946396072,-3.8060633526504164,-3.8435359946583545,0.022235540369742176,0.02141773429733145,65,24,True,11.40047725000477,149792,37449
48,vmf_gauss_tl_6x4,"vMF/Gaussian two-layer, (K,L)=(6,4)",two_layer_mixture,vmf_gaussian,6,4.0,train_bic,1,two_layer_mixture,vmf_gaussian,0,255654693,True,1121100.555165069,1118611.3874261,284490.2758223842,282349.06126551813,-559054.69371305,-140923.53063275907,-3.7322066179305304,-3.7630786037747086,0.02393995118451717,0.023212169190077497,251,57,True,69.39236579099816,149792,37449
49,ind_cyl_k3,"Independent cylindrical mixture, K=3",cylindrical_mixture,independent,3,,train_bic,1,cylindrical_mixture,independent,0,377225656,True,1183481.7811701603,1183134.6860671167,297322.8690226522,297024.29328763107,-591532.3430335583,-148477.14664381553,-3.9490249347999784,-3.9647826816154113,0.019273485521225122,0.01897215916344222,35,35,True,9.291160167005728,149792,37449
49,ind_cyl_k6,"Independent cylindrical mixture, K=6",cylindrical_mixture,independent,6,,train_bic,1,cylindrical_mixture,independent,0,1768808297,True,1146640.0285409996,1145935.9213319686,288648.65878207085,288042.9765767422,-572896.9606659843,-143950.4882883711,-3.8246165393744946,-3.8439074017562844,0.021826803646297865,0.021409781075824724,71,77,True,26.94684916699771,149792,37449
49,full_cyl_k3,"Full cylindrical mixture, K=3",cylindrical_mixture,full,3,,train_bic,1,cylindrical_mixture,full,0,1446585666,True,1166050.2402433453,1165524.639087308,293307.347201435,292855.2182312601,-582709.319543654,-146374.60911563004,-3.8901231009910675,-3.908638658325457,0.020442829350484207,0.02006780160942847,53,26,True,8.615105999997468,149792,37449
49,full_cyl_k6,"Full cylindrical mixture, K=6",cylindrical_mixture,full,6,,train_bic,1,cylindrical_mixture,full,0,1838573536,True,1144766.5948411603,1143705.4755261417,288274.40884980187,287361.6201741657,-571745.7377630709,-143573.81008708285,-3.816931062827593,-3.8338489702550897,0.021995199305381154,0.021626216568253635,107,31,True,16.225038833996223,149792,37449
49,gauss_vmf_tl_3x2,"Gaussian/vMF two-layer, (K,L)=(3,2)",two_layer_mixture,gaussian_vmf,3,2.0,train_bic,1,two_layer_mixture,gaussian_vmf,0,1568382351,True,1169744.4647522804,1169308.11662274,293290.06963231874,292914.7172797207,-584610.05831137,-146413.35863986035,-3.902812288449116,-3.90967338620151,0.02018506532337024,0.02004704763490179,44,46,True,19.78484374999971,149792,37449
49,gauss_vmf_tl_6x4,"Gaussian/vMF two-layer, (K,L)=(6,4)",two_layer_mixture,gaussian_vmf,6,4.0,train_bic,1,two_layer_mixture,gaussian_vmf,0,996220079,True,1130614.826500416,1129375.2011324035,284452.397556534,283386.0556457441,-564562.6005662017,-141568.02782287204,-3.7689769851941475,-3.780288601107427,0.023075657956063863,0.022816105721439623,125,48,True,57.20852425000339,149792,37449
49,vmf_gauss_tl_3x2,"vMF/Gaussian two-layer, (K,L)=(3,2)",two_layer_mixture,vmf_gaussian,3,2.0,train_bic,1,two_layer_mixture,vmf_gaussian,0,1166298154,True,1141152.876977622,1140508.2717862555,286992.36064304184,286437.8628494311,-570189.1358931278,-143153.93142471556,-3.806539307126734,-3.822636957588068,0.02222495978290842,0.021870054384314552,65,25,True,11.73119362500438,149792,37449
49,vmf_gauss_tl_6x4,"vMF/Gaussian two-layer, (K,L)=(6,4)",two_layer_mixture,vmf_gaussian,6,4.0,train_bic,1,two_layer_mixture,vmf_gaussian,0,928733728,True,1120936.6591324268,1118447.4913934579,283105.6328481082,280964.4182912421,-558972.7456967289,-140231.20914562105,-3.7316595392058916,-3.744591555064783,0.02395305180568793,0.02364528487245577,251,46,True,57.45340908300568,149792,37449
50,ind_cyl_k3,"Independent cylindrical mixture, K=3",cylindrical_mixture,independent,3,,train_bic,1,cylindrical_mixture,independent,0,52934710,True,1183943.873467445,1183596.7783644013,296618.6511197524,296320.07538473123,-591763.3891822007,-148125.03769236561,-3.9505673813167634,-3.9553803223681703,0.01924378011600545,0.019151383464877852,35,34,True,9.162622582996846,149792,37449
50,ind_cyl_k6,"Independent cylindrical mixture, K=6",cylindrical_mixture,independent,6,,train_bic,1,cylindrical_mixture,independent,0,1014791650,True,1146810.3705192597,1146106.2633102287,287647.1008194186,287041.41861408995,-572982.1316551144,-143449.70930704498,-3.825185134420492,-3.8305351092698063,0.021814396561512364,0.021698001720913403,71,84,True,29.010530666004342,149792,37449
50,full_cyl_k3,"Full cylindrical mixture, K=3",cylindrical_mixture,full,3,,train_bic,1,cylindrical_mixture,full,0,1807632789,True,1166664.9855783521,1166139.3844223148,292484.12350671017,292031.99453653523,-583016.6922111574,-145962.99726826762,-3.892175097542976,-3.897647394276686,0.020400923744929106,0.020289588743474113,53,25,True,8.41502687499451,149792,37449
50,full_cyl_k6,"Full cylindrical mixture, K=6",cylindrical_mixture,full,6,,train_bic,1,cylindrical_mixture,full,0,1339078993,True,1141258.775132321,1140197.6558173024,286507.1545570427,285594.3658814065,-569991.8279086512,-142690.18294070326,-3.80522209402806,-3.810253489831591,0.022254254080232457,0.022142565330412138,107,79,True,31.028125541997724,149792,37449
50,gauss_vmf_tl_3x2,"Gaussian/vMF two-layer, (K,L)=(3,2)",two_layer_mixture,gaussian_vmf,3,2.0,train_bic,1,two_layer_mixture,gaussian_vmf,0,742017536,True,1170000.8617026196,1169564.5135730791,293189.53799807245,292814.1856454744,-584738.2567865396,-146363.0928227372,-3.9036681317195816,-3.9083311389553046,0.020167797461395073,0.02007397379612459,44,50,True,21.97185558300407,149792,37449
50,gauss_vmf_tl_6x4,"Gaussian/vMF two-layer, (K,L)=(6,4)",two_layer_mixture,gaussian_vmf,6,4.0,train_bic,1,two_layer_mixture,gaussian_vmf,0,1514143635,True,1130805.148131407,1129565.5227633945,283996.7448588077,282930.4029480178,-564657.7613816973,-141340.2014740089,-3.7696122715612135,-3.774204958049852,0.02306100296070556,0.02295533384229746,125,46,True,52.39595825000288,149792,37449
50,vmf_gauss_tl_3x2,"vMF/Gaussian two-layer, (K,L)=(3,2)",two_layer_mixture,vmf_gaussian,3,2.0,train_bic,1,two_layer_mixture,vmf_gaussian,0,270027346,True,1141577.9614463565,1140933.35625499,286268.0463905671,285713.54859695636,-570401.678127495,-142791.77429847818,-3.807958222919081,-3.8129662821030785,0.022193446798910655,0.022082578552934155,65,24,True,11.502463333003107,149792,37449
50,vmf_gauss_tl_6x4,"vMF/Gaussian two-layer, (K,L)=(6,4)",two_layer_mixture,vmf_gaussian,6,4.0,train_bic,1,two_layer_mixture,vmf_gaussian,0,1212124965,True,1121404.671036203,1118915.503297234,282736.5381714826,280595.3236146165,-559206.751648617,-140046.66180730826,-3.7332217451440464,-3.7396635906782096,0.023915661419266234,0.02376209557732044,251,49,True,58.83542062500055,149792,37449
51,ind_cyl_k3,"Independent cylindrical mixture, K=3",cylindrical_mixture,independent,3,,train_bic,1,cylindrical_mixture,independent,0,1903323642,True,1183838.9336590755,1183491.838556032,296964.72240057547,296666.1466655543,-591710.919278016,-148298.07333277716,-3.9502170962268743,-3.9600008900845727,0.01925052210599354,0.019063097323835248,35,34,True,8.892790041005355,149792,37449
51,ind_cyl_k6,"Independent cylindrical mixture, K=6",cylindrical_mixture,independent,6,,train_bic,1,cylindrical_mixture,independent,0,731847051,True,1146567.0408857402,1145862.9336767092,287892.117576889,287286.43537156034,-572860.4668383546,-143572.21768578017,-3.824372909356672,-3.833806448390616,0.021832121958683188,0.02162713617485519,71,40,True,17.03205275000073,149792,37449
51,full_cyl_k3,"Full cylindrical mixture, K=3",cylindrical_mixture,full,3,,train_bic,1,cylindrical_mixture,full,0,214331868,True,1166664.766583138,1166139.1654271006,292738.30469567096,292286.175725496,-583016.5827135503,-146090.087862748,-3.8921743665452784,-3.9010410922253733,0.02040093865796284,0.02022084871519645,53,27,True,8.918697833003534,149792,37449
51,full_cyl_k6,"Full cylindrical mixture, K=6",cylindrical_mixture,full,6,,train_bic,1,cylindrical_mixture,full,0,1461514537,True,1145218.6662136258,1144157.5468986072,287778.6543033751,286865.86562773894,-571971.7734493036,-143325.93281386947,-3.8184400598783887,-3.8272299077110064,0.02196203364423349,0.021769836639070096,107,33,True,16.65982666700438,149792,37449
51,gauss_vmf_tl_3x2,"Gaussian/vMF two-layer, (K,L)=(3,2)",two_layer_mixture,gaussian_vmf,3,2.0,train_bic,1,two_layer_mixture,gaussian_vmf,0,882732614,True,1169716.1274220212,1169279.7792924808,293343.60361071595,292968.2512581179,-584595.8896462404,-146440.12562905895,-3.9027176995182677,-3.9103881446516318,0.02018697469741968,0.020032723957799183,44,46,True,19.428220957997837,149792,37449
51,gauss_vmf_tl_6x4,"Gaussian/vMF two-layer, (K,L)=(6,4)",two_layer_mixture,gaussian_vmf,6,4.0,train_bic,1,two_layer_mixture,gaussian_vmf,0,1440984235,True,1130713.790794593,1129474.1654265805,284134.893696614,283068.5517858241,-564612.0827132902,-141409.27589291206,-3.769307324244888,-3.776049451064436,0.023068036424033586,0.0229130319141765,125,49,True,57.02104754199536,149792,37449
51,vmf_gauss_tl_3x2,"vMF/Gaussian two-layer, (K,L)=(3,2)",two_layer_mixture,vmf_gaussian,3,2.0,train_bic,1,two_layer_mixture,vmf_gaussian,0,1625385089,True,1141564.6031703674,1140919.997979001,286259.19957374805,285704.7017801373,-570394.9989895005,-142787.35089006866,-3.807913633501792,-3.812848163904741,0.022194436413834066,0.022085187061380598,65,24,True,11.522492666001199,149792,37449
51,vmf_gauss_tl_6x4,"vMF/Gaussian two-layer, (K,L)=(6,4)",two_layer_mixture,vmf_gaussian,6,4.0,train_bic,1,two_layer_mixture,vmf_gaussian,0,1016064770,True,1120101.0057719904,1117611.8380330214,282996.47809182823,280855.26353496214,-558554.9190165107,-140176.63176748107,-3.728870160065362,-3.743134176279235,0.024019959220438418,0.023679770131946158,251,82,True,99.27549270800228,149792,37449
52,ind_cyl_k3,"Independent cylindrical mixture, K=3",cylindrical_mixture,independent,3,,train_bic,1,cylindrical_mixture,independent,0,1983380503,True,1184585.0090703333,1184237.9139672897,295318.93303092953,295020.3572959084,-592083.9569836449,-147475.1786479542,-3.9527074675793425,-3.938027147532756,0.019202640803079714,0.019486621076384825,35,35,True,9.285389042001043,149792,37449
52,ind_cyl_k6,"Independent cylindrical mixture, K=6",cylindrical_mixture,independent,6,,train_bic,1,cylindrical_mixture,independent,0,2014078217,True,1147311.5631588786,1146607.4559498476,286374.88847511983,285769.2062697912,-573232.7279749238,-142813.6031348956,-3.826858096393157,-3.8135491771447994,0.02177793241567765,0.022069710478120088,71,112,True,36.663041291998525,149792,37449
52,full_cyl_k3,"Full cylindrical mixture, K=3",cylindrical_mixture,full,3,,train_bic,1,cylindrical_mixture,full,0,1279469351,True,1167275.0892018336,1166749.4880457963,291256.32997645525,290804.2010062803,-583321.7440228981,-145349.10050314016,-3.894211600238318,-3.8812545195636776,0.020359419484848214,0.020624934561056678,53,27,True,8.82863079100207,149792,37449
52,full_cyl_k6,"Full cylindrical mixture, K=6",cylindrical_mixture,full,6,,train_bic,1,cylindrical_mixture,full,0,922148476,True,1145749.7208794972,1144688.6015644786,286340.24852314236,285427.4598475062,-572237.3007822393,-142606.7299237531,-3.8202127001591495,-3.8080250453617746,0.021923137343508186,0.022191963828132183,107,35,True,18.221098832997086,149792,37449
52,gauss_vmf_tl_3x2,"Gaussian/vMF two-layer, (K,L)=(3,2)",two_layer_mixture,gaussian_vmf,3,2.0,train_bic,1,two_layer_mixture,gaussian_vmf,0,684009185,True,1170418.0367932688,1169981.6886637283,292284.5256557939,291909.17330319586,-584946.8443318642,-145910.58665159793,-3.9050606463086424,-3.896247874485245,0.020139733053784338,0.020318004303912392,44,57,True,24.44722991699382,149792,37449
52,gauss_vmf_tl_6x4,"Gaussian/vMF two-layer, (K,L)=(6,4)",two_layer_mixture,gaussian_vmf,6,4.0,train_bic,1,two_layer_mixture,gaussian_vmf,0,1824327747,True,1130728.4438471324,1129488.8184791198,283174.4320468475,282108.0901360576,-564619.4092395599,-140929.0450680288,-3.769356235577066,-3.763225855644444,0.023066908163233944,0.023208751406407338,125,47,True,55.477955250004015,149792,37449
52,vmf_gauss_tl_3x2,"vMF/Gaussian two-layer, (K,L)=(3,2)",two_layer_mixture,vmf_gaussian,3,2.0,train_bic,1,two_layer_mixture,vmf_gaussian,0,1337298712,True,1141782.2445806456,1141137.639389279,285102.2045713672,284547.70677775645,-570503.8196946395,-142208.85338887823,-3.8086401122532547,-3.7974005551250563,0.02217831848275483,0.02242899909087173,65,24,True,11.692368500000157,149792,37449
52,vmf_gauss_tl_6x4,"vMF/Gaussian two-layer, (K,L)=(6,4)",two_layer_mixture,vmf_gaussian,6,4.0,train_bic,1,two_layer_mixture,vmf_gaussian,0,727986985,True,1120438.9048625957,1117949.7371236267,281687.0272580988,279545.81270123273,-558723.8685618134,-139521.90635061637,-3.7299980543808307,-3.7256510547842763,0.02399288251767592,0.024097406586749432,251,67,True,75.38705016699532,149792,37449
53,ind_cyl_k3,"Independent cylindrical mixture, K=3",cylindrical_mixture,independent,3,,train_bic,1,cylindrical_mixture,independent,0,904680207,True,1184033.8905323825,1183686.795429339,297818.9772720942,297520.4015370731,-591808.3977146695,-148725.20076853654,-3.950867854856531,-3.9714064666222475,0.019237998737894557,0.01884690693987654,35,34,True,9.230176791003032,149792,37449
53,ind_cyl_k6,"Independent cylindrical mixture, K=6",cylindrical_mixture,independent,6,,train_bic,1,cylindrical_mixture,independent,0,1400368246,True,1146728.9593919069,1146024.8521828759,289276.65691397735,288670.9747086487,-572941.4260914379,-144264.48735432434,-3.824913387173133,-3.8522921133895256,0.021820325369262858,0.021231016726443452,71,84,True,29.2681565410021,149792,37449
53,full_cyl_k3,"Full cylindrical mixture, K=3",cylindrical_mixture,full,3,,train_bic,1,cylindrical_mixture,full,0,1146902221,True,1166720.8445605072,1166195.24340447,293693.1837003182,293241.0547301433,-583044.621702235,-146567.52736507164,-3.892361552701312,-3.91379015100728,0.020397120242064425,0.019964688298065594,53,27,True,8.61879675000091,149792,37449
53,full_cyl_k6,"Full cylindrical mixture, K=6",cylindrical_mixture,full,6,,train_bic,1,cylindrical_mixture,full,0,691019464,True,1145397.2775561784,1144336.1582411597,288913.7213525713,288000.9326769351,-572061.0791205799,-143893.46633846755,-3.819036257747943,-3.8423847456131686,0.02194894382901142,0.021442405642197508,107,38,True,18.167427541993675,149792,37449
53,gauss_vmf_tl_3x2,"Gaussian/vMF two-layer, (K,L)=(3,2)",two_layer_mixture,gaussian_vmf,3,2.0,train_bic,1,two_layer_mixture,gaussian_vmf,0,65471051,True,1170063.4863660512,1169627.1382365108,294481.8096560719,294106.45730347384,-584769.5691182554,-147009.22865173692,-3.9038771704647472,-3.925584892833905,0.020163582050928393,0.01973059321334122,44,47,True,19.64674679100426,149792,37449
53,gauss_vmf_tl_6x4,"Gaussian/vMF two-layer, (K,L)=(6,4)",two_layer_mixture,gaussian_vmf,6,4.0,train_bic,1,two_layer_mixture,gaussian_vmf,0,112110501,True,1130541.8856573098,1129302.2602892972,285566.65561429266,284500.31370350276,-564526.1301446486,-142125.15685175138,-3.7687335114335117,-3.7951656079401688,0.023081276957297496,0.022479182777305165,125,40,True,46.51892033299373,149792,37449
53,vmf_gauss_tl_3x2,"vMF/Gaussian two-layer, (K,L)=(3,2)",two_layer_mixture,vmf_gaussian,3,2.0,train_bic,1,two_layer_mixture,vmf_gaussian,0,1034757843,True,1141207.7139730575,1140563.108781691,287913.43895671796,287358.9411631072,-570216.5543908455,-143614.4705815536,-3.8067223509322625,-3.834934726736458,0.02222089201399335,0.021602748506052975,65,24,True,11.362863750000542,149792,37449
53,vmf_gauss_tl_6x4,"vMF/Gaussian two-layer, (K,L)=(6,4)",two_layer_mixture,vmf_gaussian,6,4.0,train_bic,1,two_layer_mixture,vmf_gaussian,0,1831914066,True,1120103.5531374407,1117614.3853984717,283819.35822850023,281678.14367163414,-558556.1926992359,-140588.07183581707,-3.728878663074369,-3.754120853315631,0.02401975497937715,0.023421032083518714,251,75,True,84.82033575000241,149792,37449
54,ind_cyl_k3,"Independent cylindrical mixture, K=3",cylindrical_mixture,independent,3,,train_bic,1,cylindrical_mixture,independent,0,1867387536,True,1185276.293745337,1184929.1986422935,295133.66479108867,294835.0890560675,-592429.5993211467,-147382.54452803376,-3.9550149495376705,-3.9355535402289448,0.019158382138547148,0.019534882990509133,35,31,True,9.036017915997945,149792,37449
54,ind_cyl_k6,"Independent cylindrical mixture, K=6",cylindrical_mixture,independent,6,,train_bic,1,cylindrical_mixture,independent,0,1167710417,True,1147823.899705484,1147119.792496453,286433.84077760455,285828.1585722759,-573488.8962482265,-142843.07928613795,-3.8285682563035843,-3.8143362783021697,0.02174072049696346,0.022052346218070992,71,87,True,29.662374917003035,149792,37449
54,full_cyl_k3,"Full cylindrical mixture, K=3",cylindrical_mixture,full,3,,train_bic,1,cylindrical_mixture,full,0,69660310,True,1168007.9784175975,1167482.3772615602,290938.6031686197,290486.47419844475,-583688.1886307801,-145190.23709922237,-3.8966579565716466,-3.877012392833517,0.02030967396249456,0.020712613989402048,53,27,True,8.655139292000968,149792,37449
54,full_cyl_k6,"Full cylindrical mixture, K=6",cylindrical_mixture,full,6,,train_bic,1,cylindrical_mixture,full,0,86790836,True,1143320.3992289137,1142259.279913895,285512.06845267385,284599.2797770377,-571022.6399569475,-142192.63988851884,-3.812103716867039,-3.7969676063050772,0.022101634434805156,0.022438711801963118,107,59,True,24.429869250001502,149792,37449
54,gauss_vmf_tl_3x2,"Gaussian/vMF two-layer, (K,L)=(3,2)",two_layer_mixture,gaussian_vmf,3,2.0,train_bic,1,two_layer_mixture,gaussian_vmf,0,1297324718,True,1171312.9286751044,1170876.580545564,291811.2448172014,291435.89246460336,-585394.290272782,-145673.94623230168,-3.908047761380995,-3.889928869457173,0.020079663116200477,0.02044680037822301,44,58,True,23.928703707999375,149792,37449
54,gauss_vmf_tl_6x4,"Gaussian/vMF two-layer, (K,L)=(6,4)",two_layer_mixture,gaussian_vmf,6,4.0,train_bic,1,two_layer_mixture,gaussian_vmf,0,1621711177,True,1131734.3432274647,1130494.7178594521,282886.8487361994,281820.5068254095,-565122.3589297261,-140785.25341270474,-3.7727138894582226,-3.75938618955659,0.022989587350418856,0.023298036565027304,125,49,True,54.91866987499816,149792,37449
54,vmf_gauss_tl_3x2,"vMF/Gaussian two-layer, (K,L)=(3,2)",two_layer_mixture,vmf_gaussian,3,2.0,train_bic,1,two_layer_mixture,vmf_gaussian,0,784814429,True,1142395.9982233658,1141751.3930319992,285256.1939798888,284701.6961862781,-570810.6965159996,-142285.84809313904,-3.81068879857402,-3.7994565433827083,0.022132928575777953,0.022382932704312145,65,25,True,11.257693749997998,149792,37449
54,vmf_gauss_tl_6x4,"vMF/Gaussian two-layer, (K,L)=(6,4)",two_layer_mixture,vmf_gaussian,6,4.0,train_bic,1,two_layer_mixture,vmf_gaussian,0,2005986763,True,1122072.9776878064,1119583.8099488374,281555.2345767064,279414.02001984033,-559540.9049744187,-139456.01000992017,-3.735452527334028,-3.7238914259371456,0.0238623702503056,0.024139846406735756,251,53,True,57.37741379199724,149792,37449
55,ind_cyl_k3,"Independent cylindrical mixture, K=3",cylindrical_mixture,independent,3,,train_bic,1,cylindrical_mixture,independent,0,79448786,True,1184795.3410212651,1184448.2459182215,295793.5326841108,295494.95694908965,-592189.1229591108,-147712.47847454483,-3.953409547633457,-3.944363760702417,0.01918916374352649,0.019363532291509285,35,33,True,8.733804291994602,149792,37449
55,ind_cyl_k6,"Independent cylindrical mixture, K=6",cylindrical_mixture,independent,6,,train_bic,1,cylindrical_mixture,independent,0,1255375378,True,1147435.1583331022,1146731.0511240712,286750.3321212989,286144.6499159702,-573294.5255620356,-143001.3249579851,-3.8272706523848776,-3.818561909743521,0.021768949652246124,0.021959357736428726,71,38,True,16.375105750004877,149792,37449
55,full_cyl_k3,"Full cylindrical mixture, K=3",cylindrical_mixture,full,3,,train_bic,1,cylindrical_mixture,full,0,128105008,True,1167603.9313026739,1167078.3301466366,291552.6219907447,291100.4930205698,-583486.1650733183,-145497.2465102849,-3.895309262666353,-3.88521045983297,0.02033708397569031,0.020543504723855535,53,26,True,8.148725875005766,149792,37449
55,full_cyl_k6,"Full cylindrical mixture, K=6",cylindrical_mixture,full,6,,train_bic,1,cylindrical_mixture,full,0,1738444322,True,1146438.068368211,1145376.9490531923,286536.52652781963,285623.73785218346,-572581.4745265961,-142704.86892609173,-3.822510377901331,-3.8106456494456924,0.021872822864160403,0.0221338836129577,107,40,True,18.48117487499985,149792,37449
55,gauss_vmf_tl_3x2,"Gaussian/vMF two-layer, (K,L)=(3,2)",two_layer_mixture,gaussian_vmf,3,2.0,train_bic,1,two_layer_mixture,gaussian_vmf,0,1030190289,True,1170410.0532913138,1169973.7051617734,292443.893188781,292068.54083618295,-584942.8525808867,-145990.27041809147,-3.9050339976826978,-3.898375668725239,0.020140269757148284,0.020274817733747938,44,49,True,20.433233292002114,149792,37449
55,gauss_vmf_tl_6x4,"Gaussian/vMF two-layer, (K,L)=(6,4)",two_layer_mixture,gaussian_vmf,6,4.0,train_bic,1,two_layer_mixture,gaussian_vmf,0,519767489,True,1131339.3817147654,1130099.7563467529,283492.7657248369,282426.423814047,-564924.8781733764,-141088.2119070235,-3.7713955229476634,-3.767476084996222,0.023019916040244878,0.023110318219949244,125,54,True,59.23643741699925,149792,37449
55,vmf_gauss_tl_3x2,"vMF/Gaussian two-layer, (K,L)=(3,2)",two_layer_mixture,vmf_gaussian,3,2.0,train_bic,1,two_layer_mixture,vmf_gaussian,0,1190786287,True,1142182.3420586544,1141537.736867288,285667.117538599,285112.6197449883,-570703.868433644,-142491.30987249414,-3.8099756224207164,-3.804942985727099,0.02214871888260684,0.02226046629417786,65,25,True,11.313649750001787,149792,37449
55,vmf_gauss_tl_6x4,"vMF/Gaussian two-layer, (K,L)=(6,4)",two_layer_mixture,vmf_gaussian,6,4.0,train_bic,1,two_layer_mixture,vmf_gaussian,0,1253326616,True,1121699.2837328562,1119210.1159938872,281985.09089752496,279843.87634065887,-559354.0579969436,-139670.93817032943,-3.734205151122514,-3.729630648891277,0.0238921541753241,0.02400169925398261,251,51,True,53.20029145800072,149792,37449
56,ind_cyl_k3,"Independent cylindrical mixture, K=3",cylindrical_mixture,independent,3,,train_bic,1,cylindrical_mixture,independent,0,216920576,True,1184045.9272513688,1183698.8321483252,296734.4333041407,296435.85756911954,-591814.4160741626,-148182.92878455977,-3.950908032966798,-3.9569261872028565,0.019237225806987508,0.01912180088586933,35,34,True,9.505116708001879,149792,37449
56,ind_cyl_k6,"Independent cylindrical mixture, K=6",cylindrical_mixture,independent,6,,train_bic,1,cylindrical_mixture,independent,0,931309671,True,1146704.6318353163,1146000.5246262853,287778.3765336062,287172.69432827755,-572929.2623131427,-143515.34716413877,-3.824832182714315,-3.832287835833768,0.021822097348921054,0.021660004366126303,71,93,True,30.765915624993795,149792,37449
56,full_cyl_k3,"Full cylindrical mixture, K=3",cylindrical_mixture,full,3,,train_bic,1,cylindrical_mixture,full,0,1806748494,True,1166735.6561695652,1166210.0550135279,292666.9992735817,292214.8703034068,-583052.0275067639,-146054.4351517034,-3.8924109932891207,-3.900089058498315,0.020396111821378713,0.020240108811839127,53,26,True,8.448028458005865,149792,37449
56,full_cyl_k6,"Full cylindrical mixture, K=6",cylindrical_mixture,full,6,,train_bic,1,cylindrical_mixture,full,0,1101874911,True,1145292.1186770648,1144230.9993620461,287923.798509947,287011.00983431085,-572008.4996810231,-143398.50491715543,-3.81868524140824,-3.8291677993312354,0.02195664961928466,0.02172768990616365,107,37,True,17.641246957995463,149792,37449
56,gauss_vmf_tl_3x2,"Gaussian/vMF two-layer, (K,L)=(3,2)",two_layer_mixture,gaussian_vmf,3,2.0,train_bic,1,two_layer_mixture,gaussian_vmf,0,933938153,True,1170010.5682328306,1169574.2201032902,293462.087963174,293086.73561057594,-584743.1100516451,-146499.36780528797,-3.903700531748325,-3.911970087459958,0.020167144034763208,0.020001058387367366,44,58,True,23.947285666996322,149792,37449
56,gauss_vmf_tl_6x4,"Gaussian/vMF two-layer, (K,L)=(6,4)",two_layer_mixture,gaussian_vmf,6,4.0,train_bic,1,two_layer_mixture,gaussian_vmf,0,2056969068,True,1130379.5618687007,1129139.936500688,284431.43486608454,283365.09295529465,-564444.968250344,-141557.54647764732,-3.7681916807996694,-3.780008717926976,0.02309378648893884,0.02282249245940302,125,42,True,48.032060999998066,149792,37449
56,vmf_gauss_tl_3x2,"vMF/Gaussian two-layer, (K,L)=(3,2)",two_layer_mixture,vmf_gaussian,3,2.0,train_bic,1,two_layer_mixture,vmf_gaussian,0,676330086,True,1141154.6519161595,1140510.046724793,286700.3142696991,286145.81647608837,-570190.0233623965,-143007.90823804418,-3.8065452318040784,-3.8187377029572,0.022224828107582785,0.021955497769649827,65,24,True,11.226392791999388,149792,37449
56,vmf_gauss_tl_6x4,"vMF/Gaussian two-layer, (K,L)=(6,4)",two_layer_mixture,vmf_gaussian,6,4.0,train_bic,1,two_layer_mixture,vmf_gaussian,0,2124294044,True,1120845.58017757,1118356.412438601,283346.7214840223,281205.5069271562,-558927.2062193005,-140351.7534635781,-3.7313555211179534,-3.7478104479045657,0.023960335073764695,0.023569295600558905,251,49,True,59.73108124999999,149792,37449
57,ind_cyl_k3,"Independent cylindrical mixture, K=3",cylindrical_mixture,independent,3,,train_bic,1,cylindrical_mixture,independent,0,687337095,True,1183423.1287343432,1183076.0336312996,297448.20598707173,297149.6302520506,-591503.0168156498,-148539.8151260253,-3.948829155199542,-3.966456117013146,0.019277259245916584,0.018940437030599507,35,33,True,8.786814874998527,149792,37449
57,ind_cyl_k6,"Independent cylindrical mixture, K=6",cylindrical_mixture,independent,6,,train_bic,1,cylindrical_mixture,independent,0,1384353918,True,1146472.71372475,1145768.606515719,288315.03753189463,287709.355326566,-572813.3032578595,-143783.677663283,-3.8240580488801776,-3.8394530605165156,0.021838997113306415,0.021505360259722037,71,106,True,33.72512120799365,149792,37449
57,full_cyl_k3,"Full cylindrical mixture, K=3",cylindrical_mixture,full,3,,train_bic,1,cylindrical_mixture,full,0,1667184694,True,1166196.726070693,1165671.1249146557,293217.8030296663,292765.6740594914,-582782.5624573278,-146329.8370297457,-3.890612065112475,-3.907443110089607,0.020432835983789754,0.02009180798176863,53,26,True,8.548488000000361,149792,37449
57,full_cyl_k6,"Full cylindrical mixture, K=6",cylindrical_mixture,full,6,,train_bic,1,cylindrical_mixture,full,0,982534788,True,1141248.4363373527,1140187.317022334,287307.36362110596,286394.5749454698,-569986.658511167,-143090.2874727349,-3.8051875835235998,-3.820937474237894,0.022255022099019438,0.02190725377853024,107,44,True,19.834064541995758,149792,37449
57,gauss_vmf_tl_3x2,"Gaussian/vMF two-layer, (K,L)=(3,2)",two_layer_mixture,gaussian_vmf,3,2.0,train_bic,1,two_layer_mixture,gaussian_vmf,0,697508639,True,1169593.2675326378,1169156.9194030974,293910.27264754154,293534.9202949435,-584534.4597015487,-146723.46014747175,-3.9023075978793837,-3.917954021401686,0.020195255106615843,0.01988173075561376,44,67,True,27.22536491700157,149792,37449
57,gauss_vmf_tl_6x4,"Gaussian/vMF two-layer, (K,L)=(6,4)",two_layer_mixture,gaussian_vmf,6,4.0,train_bic,1,two_layer_mixture,gaussian_vmf,0,408844815,True,1130536.7416934457,1129297.1163254331,284579.2227347283,283512.8808239384,-564523.5581627166,-141631.4404119692,-3.7687163410777385,-3.7819819063785203,0.023081673274436994,0.022777503781013845,125,47,True,53.056105208997906,149792,37449
57,vmf_gauss_tl_3x2,"vMF/Gaussian two-layer, (K,L)=(3,2)",two_layer_mixture,vmf_gaussian,3,2.0,train_bic,1,two_layer_mixture,vmf_gaussian,0,1001003748,True,1141279.6651014832,1140635.0599101167,286910.86622915143,286356.3684355407,-570252.5299550584,-143113.18421777035,-3.8069625210629296,-3.821548885624993,0.02221555586027283,0.02189386352800294,65,25,True,11.925653874997806,149792,37449
57,vmf_gauss_tl_6x4,"vMF/Gaussian two-layer, (K,L)=(6,4)",two_layer_mixture,vmf_gaussian,6,4.0,train_bic,1,two_layer_mixture,vmf_gaussian,0,938081244,True,1120657.0114827966,1118167.8437438277,283336.1338805018,281194.9193236357,-558832.9218719138,-140346.45966181785,-3.7307260859853253,-3.747669087607622,0.023975421297851313,0.023572627598684327,251,51,True,63.263940124998044,149792,37449
58,ind_cyl_k3,"Independent cylindrical mixture, K=3",cylindrical_mixture,independent,3,,train_bic,1,cylindrical_mixture,independent,0,631065739,True,1183829.561663591,1183482.4665605475,296548.6851041098,296250.10936908866,-591706.2332802737,-148090.05468454433,-3.9501858128623275,-3.9544461717147144,0.019251124336514148,0.019169282100965867,35,34,True,9.060670459002722,149792,37449
58,ind_cyl_k6,"Independent cylindrical mixture, K=6",cylindrical_mixture,independent,6,,train_bic,1,cylindrical_mixture,independent,0,871438780,True,1146444.4423860463,1145740.3351770153,287633.61937160336,287027.9371662747,-572799.1675885076,-143442.96858313735,-3.823963680226632,-3.8303551118357593,0.021841058127304816,0.02170190765706581,71,45,True,18.27238416700129,149792,37449
58,full_cyl_k3,"Full cylindrical mixture, K=3",cylindrical_mixture,full,3,,train_bic,1,cylindrical_mixture,full,0,390257922,True,1166565.7705998612,1166040.1694438239,292438.15167201473,291986.0227018398,-582967.0847219119,-145940.0113509199,-3.891843921717528,-3.8970336017228737,0.020407681156574164,0.020302046164709868,53,27,True,8.698427082999842,149792,37449
58,full_cyl_k6,"Full cylindrical mixture, K=6",cylindrical_mixture,full,6,,train_bic,1,cylindrical_mixture,full,0,835764257,True,1141222.7556420271,1140161.6363270085,286529.6014893333,285616.81281369715,-569973.8181635042,-142701.40640684857,-3.8051018623391384,-3.8105531898541636,0.02225692990764262,0.022135930197407224,107,74,True,29.53958962499746,149792,37449
58,gauss_vmf_tl_3x2,"Gaussian/vMF two-layer, (K,L)=(3,2)",two_layer_mixture,gaussian_vmf,3,2.0,train_bic,1,two_layer_mixture,gaussian_vmf,0,721262403,True,1169514.6557177792,1169078.3075882387,293086.73761805054,292711.3852654525,-584495.1537941194,-146311.69263272625,-3.9020451946306838,-3.9069586005694745,0.0202005551025018,0.020101545012664073,44,46,True,19.947866791997512,149792,37449
58,gauss_vmf_tl_6x4,"Gaussian/vMF two-layer, (K,L)=(6,4)",two_layer_mixture,gaussian_vmf,6,4.0,train_bic,1,two_layer_mixture,gaussian_vmf,0,1448442294,True,1130493.3190918579,1129253.6937238453,283926.0869299676,282859.74501917773,-564501.8468619226,-141304.87250958887,-3.7685713980848288,-3.7732615693233162,0.023085019043709805,0.0229769998635914,125,47,True,51.627164167002775,149792,37449
58,vmf_gauss_tl_3x2,"vMF/Gaussian two-layer, (K,L)=(3,2)",two_layer_mixture,vmf_gaussian,3,2.0,train_bic,1,two_layer_mixture,vmf_gaussian,0,1534276332,True,1141233.395670513,1140588.7904791464,286136.9836834628,285582.48588985205,-570229.3952395732,-142726.24294492602,-3.8068080754617952,-3.8112163995013493,0.0222189872201246,0.02212125430208648,65,24,True,9.404945125002996,149792,37449
58,vmf_gauss_tl_6x4,"vMF/Gaussian two-layer, (K,L)=(6,4)",two_layer_mixture,vmf_gaussian,6,4.0,train_bic,1,two_layer_mixture,vmf_gaussian,0,283755563,True,1120948.5454903948,1118459.3777514258,282570.37517849973,280429.16062163364,-558978.6888757129,-139963.58031081682,-3.7316992154167976,-3.737445066912783,0.023952101458205862,0.02381487087105075,251,56,True,67.70963716699771,149792,37449
59,ind_cyl_k3,"Independent cylindrical mixture, K=3",cylindrical_mixture,independent,3,,train_bic,1,cylindrical_mixture,independent,0,1457780463,True,1183729.1077114404,1183382.0126083968,297596.746484964,297298.17074994283,-591656.0063041984,-148614.08537497142,-3.949850501389917,-3.9684393541875997,0.01925758054172033,0.018902910875712626,35,34,True,8.97253333300614,149792,37449
59,ind_cyl_k6,"Independent cylindrical mixture, K=6",cylindrical_mixture,independent,6,,train_bic,1,cylindrical_mixture,independent,0,187213554,True,1146778.3600899195,1146074.2528808885,288530.2974299211,287924.61522459245,-572966.1264404443,-143891.30761229622,-3.8250782848245852,-3.8423271011855116,0.021816727545500042,0.0214436417130243,71,77,True,26.37481774999469,149792,37449
59,full_cyl_k3,"Full cylindrical mixture, K=3",cylindrical_mixture,full,3,,train_bic,1,cylindrical_mixture,full,0,1916829680,True,1166613.7782841376,1166088.1771281003,293319.96999141626,292867.84102124133,-582991.0885640502,-146380.92051062066,-3.8920041695420995,-3.9088071913968507,0.020404411132078422,0.020064419806167962,53,26,True,8.324707124993438,149792,37449
59,full_cyl_k6,"Full cylindrical mixture, K=6",cylindrical_mixture,full,6,,train_bic,1,cylindrical_mixture,full,0,122438508,True,1141366.553218613,1140305.4339035943,287457.0232707381,286544.2345951019,-570045.7169517971,-143165.11729755095,-3.8055818531817263,-3.8229356537571353,0.022246249348593157,0.021863522858372116,107,83,True,31.264167708002788,149792,37449
59,gauss_vmf_tl_3x2,"Gaussian/vMF two-layer, (K,L)=(3,2)",two_layer_mixture,gaussian_vmf,3,2.0,train_bic,1,two_layer_mixture,gaussian_vmf,0,267347345,True,1169952.8922790836,1169516.5441495432,294036.0699097047,293660.71755710663,-584714.2720747716,-146786.35877855332,-3.9035080116079066,-3.9196336024607685,0.020171026989926163,0.019848365804628232,44,57,True,23.46381224999641,149792,37449
59,gauss_vmf_tl_6x4,"Gaussian/vMF two-layer, (K,L)=(6,4)",two_layer_mixture,gaussian_vmf,6,4.0,train_bic,1,two_layer_mixture,gaussian_vmf,0,1190717978,True,1130699.690790102,1129460.0654220893,284726.87372692605,283660.53181613615,-564605.0327110447,-141705.26590806808,-3.7692602589660638,-3.7839532673253777,0.023069122153149678,0.02273264533021972,125,44,True,49.948315916000865,149792,37449
59,vmf_gauss_tl_3x2,"vMF/Gaussian two-layer, (K,L)=(3,2)",two_layer_mixture,vmf_gaussian,3,2.0,train_bic,1,two_layer_mixture,vmf_gaussian,0,14702503,True,1141344.1074290166,1140699.50223765,287052.91976105765,286498.4219674469,-570284.751118825,-143184.21098372346,-3.807177627101748,-3.8234455121291213,0.022210777673978364,0.02185237839949092,65,24,True,10.145598167000571,149792,37449
59,vmf_gauss_tl_6x4,"vMF/Gaussian two-layer, (K,L)=(6,4)",two_layer_mixture,vmf_gaussian,6,4.0,train_bic,1,two_layer_mixture,vmf_gaussian,0,589679493,True,1119404.293533834,1116915.125794865,283035.1393330939,280893.9247762278,-558206.5628974325,-140195.9623881139,-3.726544561107619,-3.7436503615080214,0.024075885017848776,0.02366755013854437,251,97,True,99.47745633400336,149792,37449
60,ind_cyl_k3,"Independent cylindrical mixture, K=3",cylindrical_mixture,independent,3,,train_bic,1,cylindrical_mixture,independent,0,1641892195,True,1183486.1431631711,1183139.0480601275,297827.7898265319,297529.21409151074,-591534.5240300638,-148729.60704575537,-3.949039494966779,-3.9715241273666955,0.019273204898104065,0.018844689529229106,35,33,True,8.876612000000023,149792,37449
60,ind_cyl_k6,"Independent cylindrical mixture, K=6",cylindrical_mixture,independent,6,,train_bic,1,cylindrical_mixture,independent,0,1158028673,True,1146733.9329123688,1146029.8257033378,288681.45276038017,288075.7705550515,-572943.9128516689,-143966.88527752575,-3.8249299885953114,-3.8443452502743933,0.021819963123836238,0.021400408886856893,71,66,True,23.960138875001576,149792,37449
60,full_cyl_k3,"Full cylindrical mixture, K=3",cylindrical_mixture,full,3,,train_bic,1,cylindrical_mixture,full,0,1286868265,True,1166444.6674335648,1165919.0662775275,293423.6671181787,292971.53814800375,-582906.5331387637,-146432.76907400187,-3.8914396839535073,-3.9101917026890405,0.020415932379589354,0.020036659611960658,53,24,True,8.154493667003408,149792,37449
60,full_cyl_k6,"Full cylindrical mixture, K=6",cylindrical_mixture,full,6,,train_bic,1,cylindrical_mixture,full,0,1858132955,True,1141329.5208123103,1140268.4014972916,287559.6955272001,286646.90685156395,-570027.2007486458,-143216.45342578198,-3.8054582404176847,-3.8243064815023624,0.02224899943893433,0.02183357226786986,107,79,True,31.021371333001298,149792,37449
60,gauss_vmf_tl_3x2,"Gaussian/vMF two-layer, (K,L)=(3,2)",two_layer_mixture,gaussian_vmf,3,2.0,train_bic,1,two_layer_mixture,gaussian_vmf,0,1446737754,True,1169700.4005443195,1169264.052414779,294168.3262645522,293792.97391195415,-584588.0262073895,-146852.48695597707,-3.9026652037985308,-3.9213994220400297,0.02018803445500186,0.01981334809824897,44,53,True,22.374897790999967,149792,37449
60,gauss_vmf_tl_6x4,"Gaussian/vMF two-layer, (K,L)=(6,4)",two_layer_mixture,gaussian_vmf,6,4.0,train_bic,1,two_layer_mixture,gaussian_vmf,0,82295439,True,1130405.10409029,1129165.4787222773,285354.0466580295,284287.7047472396,-564457.7393611387,-142018.8523736198,-3.768276939764064,-3.7923269612972255,0.023091817620551874,0.022543083887458844,125,49,True,55.55651387499529,149792,37449
60,vmf_gauss_tl_3x2,"vMF/Gaussian two-layer, (K,L)=(3,2)",two_layer_mixture,vmf_gaussian,3,2.0,train_bic,1,two_layer_mixture,vmf_gaussian,0,731695367,True,1141045.8148729804,1140401.2096816138,287934.9171275527,287380.41933394194,-570135.6048408069,-143625.20966697097,-3.8061819378925903,-3.83522149234882,0.022232903719139576,0.02159655446880982,65,23,True,11.169428958994104,149792,37449
60,vmf_gauss_tl_6x4,"vMF/Gaussian two-layer, (K,L)=(6,4)",two_layer_mixture,vmf_gaussian,6,4.0,train_bic,1,two_layer_mixture,vmf_gaussian,0,778039581,True,1120331.5307287988,1117842.3629898299,283483.2049873638,281341.9904304977,-558670.1814949149,-140419.99521524884,-3.729639643605232,-3.749632706220429,0.02400148336653431,0.023526385364293256,251,55,True,65.34627349999937,149792,37449
61,ind_cyl_k3,"Independent cylindrical mixture, K=3",cylindrical_mixture,independent,3,,train_bic,1,cylindrical_mixture,independent,0,1086850271,True,1183661.254587183,1183314.1594841394,296296.0888169579,295997.51308193675,-591622.0797420697,-147963.75654096837,-3.9496240102413327,-3.951073634568837,0.019261942707233467,0.019234040355340307,35,33,True,8.83348279200436,149792,37449
61,ind_cyl_k6,"Independent cylindrical mixture, K=6",cylindrical_mixture,independent,6,,train_bic,1,cylindrical_mixture,independent,0,1936704464,True,1146573.817908431,1145869.7106994,287579.5899621513,286973.90775682265,-572863.8553497,-143415.95387841132,-3.82439553080071,-3.8296337386421886,0.0218316280901441,0.02171756847946857,71,82,True,27.72627891600132,149792,37449
61,full_cyl_k3,"Full cylindrical mixture, K=3",cylindrical_mixture,full,3,,train_bic,1,cylindrical_mixture,full,0,1009534835,True,1166437.3632454108,1165911.7620893735,292070.69568008854,291618.5667099136,-582902.8810446868,-145756.2833549568,-3.8914153028511986,-3.8921275162209086,0.02041643014859348,0.020401894470946313,53,27,True,8.682614291996288,149792,37449
61,full_cyl_k6,"Full cylindrical mixture, K=6",cylindrical_mixture,full,6,,train_bic,1,cylindrical_mixture,full,0,2044299812,True,1141134.2452449354,1140073.1259299167,286299.76389879046,285386.9752231543,-569929.5629649584,-142586.48761157715,-3.804806417999348,-3.807484515249463,0.022263506563074912,0.022203962495360944,107,57,True,23.964523208000173,149792,37449
61,gauss_vmf_tl_3x2,"Gaussian/vMF two-layer, (K,L)=(3,2)",two_layer_mixture,gaussian_vmf,3,2.0,train_bic,1,two_layer_mixture,gaussian_vmf,0,1095690059,True,1169848.5624371325,1169412.214307592,292795.7554779762,292420.4031253782,-584662.107153796,-146166.2015626891,-3.9031597625627272,-3.9030735550398967,0.02017805275410252,0.02017979232902714,44,54,True,22.453380833001575,149792,37449
61,gauss_vmf_tl_6x4,"Gaussian/vMF two-layer, (K,L)=(6,4)",two_layer_mixture,gaussian_vmf,6,4.0,train_bic,1,two_layer_mixture,gaussian_vmf,0,1563427598,True,1130126.5720733711,1128886.9467053586,284018.74442019983,282952.40250940993,-564318.4733526793,-141351.20125470497,-3.767347210483065,-3.7744986850037376,0.02311329674288246,0.022948592232157308,125,46,True,53.46832958300365,149792,37449
61,vmf_gauss_tl_3x2,"vMF/Gaussian two-layer, (K,L)=(3,2)",two_layer_mixture,vmf_gaussian,3,2.0,train_bic,1,two_layer_mixture,vmf_gaussian,0,1424193618,True,1141107.1539122076,1140462.548720841,286135.72056789254,285581.2227742818,-570166.2743604205,-142725.6113871409,-3.806386685273049,-3.8111995350247243,0.022228352056329517,0.02212162736860835,65,25,True,11.669815624998591,149792,37449
61,vmf_gauss_tl_6x4,"vMF/Gaussian two-layer, (K,L)=(6,4)",two_layer_mixture,vmf_gaussian,6,4.0,train_bic,1,two_layer_mixture,vmf_gaussian,0,2031460505,True,1120721.3834712037,1118232.2157322348,282470.610378482,280329.3958216159,-558865.1078661174,-139913.69791080794,-3.730940957234815,-3.736113058047156,0.023970270222548818,0.023846613626307172,251,46,True,57.415888791001635,149792,37449
62,ind_cyl_k3,"Independent cylindrical mixture, K=3",cylindrical_mixture,independent,3,,train_bic,1,cylindrical_mixture,independent,0,1456938716,True,1184565.6851716666,1184218.590068623,296190.6762223397,295892.10048731853,-592074.2950343115,-147911.05024365927,-3.9526429651404045,-3.9496662192223897,0.01920387946019334,0.019261129697416897,35,34,True,8.945298042002833,149792,37449
62,ind_cyl_k6,"Independent cylindrical mixture, K=6",cylindrical_mixture,independent,6,,train_bic,1,cylindrical_mixture,independent,0,182435356,True,1147328.5805569494,1146624.4733479184,287161.1087081545,286555.42650282587,-573241.2366739592,-143206.71325141293,-3.826914899820813,-3.824046389794465,0.021776695389603175,0.02183925173752997,71,46,True,18.6523194170004,149792,37449
62,full_cyl_k3,"Full cylindrical mixture, K=3",cylindrical_mixture,full,3,,train_bic,1,cylindrical_mixture,full,0,995684443,True,1167279.4792088822,1166753.878052845,292100.1873680735,291648.05839789857,-583323.9390264224,-145771.02919894928,-3.8942262539149115,-3.892521274238278,0.020359121146685335,0.02039386264283098,53,26,True,8.451501750001626,149792,37449
62,full_cyl_k6,"Full cylindrical mixture, K=6",cylindrical_mixture,full,6,,train_bic,1,cylindrical_mixture,full,0,399102467,True,1141996.7911494249,1140935.6718344062,286125.86914068647,285213.0804650503,-570360.8359172031,-142499.54023252515,-3.807685563429309,-3.8051627608888126,0.022199498877832007,0.022255574534161604,107,50,True,21.882683625000936,149792,37449
62,gauss_vmf_tl_3x2,"Gaussian/vMF two-layer, (K,L)=(3,2)",two_layer_mixture,gaussian_vmf,3,2.0,train_bic,1,two_layer_mixture,gaussian_vmf,0,1937071669,True,1170697.1809608478,1170260.8328313073,292806.23986908724,292430.8875164892,-585086.4164156537,-146171.4437582446,-3.9059924189252673,-3.9032135372972467,0.020120976141964154,0.020176967713846684,44,68,True,27.68384408300335,149792,37449
62,gauss_vmf_tl_6x4,"Gaussian/vMF two-layer, (K,L)=(6,4)",two_layer_mixture,gaussian_vmf,6,4.0,train_bic,1,two_layer_mixture,gaussian_vmf,0,85907649,True,1131255.1593975523,1130015.5340295397,283657.09925124585,282590.75734045595,-564882.7670147698,-141170.37867022798,-3.7711143920554493,-3.7696701826544894,0.0230263885595499,0.023059667511481103,125,53,True,59.62578204100282,149792,37449
62,vmf_gauss_tl_3x2,"vMF/Gaussian two-layer, (K,L)=(3,2)",two_layer_mixture,vmf_gaussian,3,2.0,train_bic,1,two_layer_mixture,vmf_gaussian,0,2143128663,True,1142039.212518464,1141394.6073270976,285742.5497617501,285188.05196813936,-570632.3036635488,-142529.02598406968,-3.809497861458214,-3.805950118402886,0.022159303204044863,0.02223805833698175,65,24,True,11.263545000001614,149792,37449
62,vmf_gauss_tl_6x4,"vMF/Gaussian two-layer, (K,L)=(6,4)",two_layer_mixture,vmf_gaussian,6,4.0,train_bic,1,two_layer_mixture,vmf_gaussian,0,2138324274,True,1119567.9610449546,1117078.7933059856,281973.640994888,279832.4264380219,-558288.3966529928,-139665.21321901094,-3.7270908770361086,-3.7294777756151283,0.02406273557057434,0.024005368752857713,251,94,True,111.43723904099897,149792,37449
63,ind_cyl_k3,"Independent cylindrical mixture, K=3",cylindrical_mixture,independent,3,,train_bic,1,cylindrical_mixture,independent,0,145557171,True,1183788.5004307583,1183441.4053277147,297733.506734751,297434.93099972984,-591685.7026638574,-148682.46549986492,-3.9500487520285286,-3.970265307481239,0.019253763092498197,0.018868426536317498,35,34,True,8.911701582997921,149792,37449
63,ind_cyl_k6,"Independent cylindrical mixture, K=6",cylindrical_mixture,independent,6,,train_bic,1,cylindrical_mixture,independent,0,1382428552,True,1146936.2214168857,1146232.1142078547,288615.21553452057,288009.5333291919,-573045.0571039274,-143933.76666459595,-3.8256052199311537,-3.8434608845255136,0.021805234574136852,0.0214193430466156,71,62,True,23.06240533300297,149792,37449
63,full_cyl_k3,"Full cylindrical mixture, K=3",cylindrical_mixture,full,3,,train_bic,1,cylindrical_mixture,full,0,1590237584,True,1166564.8411971864,1166039.240041149,293468.10134910763,293015.9723789327,-582966.6200205745,-146454.98618946635,-3.891840819406741,-3.910784965939447,0.020407744467641757,0.02002477612351901,53,26,True,8.626224750005349,149792,37449
63,full_cyl_k6,"Full cylindrical mixture, K=6",cylindrical_mixture,full,6,,train_bic,1,cylindrical_mixture,full,0,670447208,True,1141567.6007005933,1140506.4813855747,287404.7776291801,286491.98895354394,-570146.2406927873,-143138.99447677197,-3.8062529420315325,-3.8222380965251936,0.022231325146998056,0.021878779237337807,107,74,True,29.211630166995747,149792,37449
63,gauss_vmf_tl_3x2,"Gaussian/vMF two-layer, (K,L)=(3,2)",two_layer_mixture,gaussian_vmf,3,2.0,train_bic,1,two_layer_mixture,gaussian_vmf,0,1602348395,True,1169623.1648832702,1169186.8167537297,294361.4539968674,293986.10164426937,-584549.4083768649,-146949.05082213468,-3.9024073940989163,-3.923977965289719,0.020193239797065516,0.019762324335017536,44,67,True,27.143268792002345,149792,37449
63,gauss_vmf_tl_6x4,"Gaussian/vMF two-layer, (K,L)=(6,4)",two_layer_mixture,gaussian_vmf,6,4.0,train_bic,1,two_layer_mixture,gaussian_vmf,0,1872249739,True,1130842.4327363488,1129602.8073683362,285231.7522077757,284165.4102969858,-564676.4036841681,-141957.7051484929,-3.769736726154722,-3.7906941480010925,0.02305813309154409,0.022579922601752806,125,47,True,52.78727824999805,149792,37449
63,vmf_gauss_tl_3x2,"vMF/Gaussian two-layer, (K,L)=(3,2)",two_layer_mixture,vmf_gaussian,3,2.0,train_bic,1,two_layer_mixture,vmf_gaussian,0,694192714,True,1141386.9013649032,1140742.2961735367,287699.97967992444,287145.4818863137,-570306.1480867683,-143507.74094315685,-3.8073204716324525,-3.832084727046299,0.02220760521245473,0.021664404150151948,65,25,True,9.582745250001608,149792,37449
63,vmf_gauss_tl_6x4,"vMF/Gaussian two-layer, (K,L)=(6,4)",two_layer_mixture,vmf_gaussian,6,4.0,train_bic,1,two_layer_mixture,vmf_gaussian,0,1306900760,True,1121615.2620225097,1119126.0942835407,283690.2522308005,281549.0376739344,-559312.0471417704,-140523.5188369672,-3.733924689848392,-3.7523970957026145,0.023898855939074294,0.0234614390818076,251,55,True,60.02500554200378,149792,37449
64,ind_cyl_k3,"Independent cylindrical mixture, K=3",cylindrical_mixture,independent,3,,train_bic,1,cylindrical_mixture,independent,0,48316209,True,1184950.5008350408,1184603.4057319972,295084.65650770155,294786.0807726804,-592266.7028659986,-147358.0403863402,-3.953927465191723,-3.934899206556656,0.0191792279118882,0.019547669505101357,35,34,True,9.230535540998972,149792,37449
64,ind_cyl_k6,"Independent cylindrical mixture, K=6",cylindrical_mixture,independent,6,,train_bic,1,cylindrical_mixture,independent,0,893388164,True,1147618.0436543713,1146913.9364453403,286035.3206356058,285429.6384302771,-573385.9682226701,-142643.81921513856,-3.8278811166328652,-3.809015440068855,0.021755664542222112,0.022169995904870198,71,59,True,21.87966312500066,149792,37449
64,full_cyl_k3,"Full cylindrical mixture, K=3",cylindrical_mixture,full,3,,train_bic,1,cylindrical_mixture,full,0,1986787559,True,1167904.9455950356,1167379.3444389983,290769.3934487455,290317.26447857055,-583636.6722194991,-145105.63223928527,-3.8963140369278677,-3.87475319072032,0.020316660059588158,0.020759460869055973,53,27,True,8.747674749996804,149792,37449
64,full_cyl_k6,"Full cylindrical mixture, K=6",cylindrical_mixture,full,6,,train_bic,1,cylindrical_mixture,full,0,1270196025,True,1142545.395954512,1141484.2766394934,284926.38184077013,284013.59316513396,-570635.1383197467,-141899.79658256698,-3.8095167854074097,-3.7891478165656487,0.02215888386648459,0.022614865655690347,107,67,True,27.3400159169978,149792,37449
64,gauss_vmf_tl_3x2,"Gaussian/vMF two-layer, (K,L)=(3,2)",two_layer_mixture,gaussian_vmf,3,2.0,train_bic,1,two_layer_mixture,gaussian_vmf,0,1844090312,True,1170749.8459563237,1170313.4978267832,292058.36900530366,291683.0166527056,-585112.7489133916,-145797.5083263528,-3.9061682126775237,-3.893228345919859,0.0201174393109546,0.02037944781683637,44,53,True,22.242469416996755,149792,37449
64,gauss_vmf_tl_6x4,"Gaussian/vMF two-layer, (K,L)=(6,4)",two_layer_mixture,gaussian_vmf,6,4.0,train_bic,1,two_layer_mixture,gaussian_vmf,0,505346166,True,1131796.332416454,1130556.7070484415,282539.3614336371,281473.0195228472,-565153.3535242208,-140611.5097614236,-3.7729208070138642,-3.754746715838169,0.022984830893313307,0.023406378323396444,125,49,True,55.49706233300094,149792,37449
64,vmf_gauss_tl_3x2,"vMF/Gaussian two-layer, (K,L)=(3,2)",two_layer_mixture,vmf_gaussian,3,2.0,train_bic,1,two_layer_mixture,vmf_gaussian,0,1272199957,True,1142286.2557390023,1141641.6505476357,284734.2584815103,284179.76068789954,-570755.8252738179,-142024.88034394977,-3.810322482334289,-3.7924879260848026,0.02214103771211155,0.02253945553677575,65,24,True,11.298573540996586,149792,37449
64,vmf_gauss_tl_6x4,"vMF/Gaussian two-layer, (K,L)=(6,4)",two_layer_mixture,vmf_gaussian,6,4.0,train_bic,1,two_layer_mixture,vmf_gaussian,0,1853222510,True,1120766.2523421303,1118277.0846031613,281257.9410111018,279116.72645423573,-558887.5423015807,-139307.36322711786,-3.7310907278197813,-3.7199221134641207,0.02396668044998366,0.024235855419004547,251,63,True,75.06504291699821,149792,37449
65,ind_cyl_k3,"Independent cylindrical mixture, K=3",cylindrical_mixture,independent,3,,train_bic,1,cylindrical_mixture,independent,0,165216997,True,1184523.130867928,1184176.0357648844,295586.99704090896,295288.4213058878,-592053.0178824422,-147609.2106529439,-3.952500920492698,-3.9416062018463487,0.019206607462230314,0.01941700206059956,35,35,True,9.173806790997332,149792,37449
65,ind_cyl_k6,"Independent cylindrical mixture, K=6",cylindrical_mixture,independent,6,,train_bic,1,cylindrical_mixture,independent,0,1931006302,True,1146997.0761433875,1146292.9689343565,286724.49244129786,286118.8102359692,-573075.4844671782,-142988.4051179846,-3.825808350694151,-3.818216911479201,0.021800805710034975,0.021966934983726795,71,51,True,20.546616583000286,149792,37449
65,full_cyl_k3,"Full cylindrical mixture, K=3",cylindrical_mixture,full,3,,train_bic,1,cylindrical_mixture,full,0,1046407409,True,1167220.1216675073,1166694.52051147,291526.1921292882,291074.0631591133,-583294.260255735,-145484.03157955664,-3.894028120698936,-3.884857581766046,0.02036315536447564,0.020550755355309508,53,26,True,8.623464582997258,149792,37449
65,full_cyl_k6,"Full cylindrical mixture, K=6",cylindrical_mixture,full,6,,train_bic,1,cylindrical_mixture,full,0,1018947246,True,1141509.3455322674,1140448.2262172487,285671.11780100106,284758.3291253649,-570117.1131086244,-142272.16456268245,-3.8060584884948754,-3.799091152305334,0.02223564852713212,0.022391112722569606,107,59,True,25.441709250000713,149792,37449
65,gauss_vmf_tl_3x2,"Gaussian/vMF two-layer, (K,L)=(3,2)",two_layer_mixture,gaussian_vmf,3,2.0,train_bic,1,two_layer_mixture,gaussian_vmf,0,1132498779,True,1170513.4566553119,1170077.1085257714,292375.6078606416,292000.25550804357,-584994.5542628857,-145956.12775402179,-3.9053791541797005,-3.897463957756463,0.020133319411737658,0.020293310936412595,44,58,True,25.13168612500158,149792,37449
65,gauss_vmf_tl_6x4,"Gaussian/vMF two-layer, (K,L)=(6,4)",two_layer_mixture,gaussian_vmf,6,4.0,train_bic,1,two_layer_mixture,gaussian_vmf,0,1810042166,True,1131075.9920526373,1129836.3666846247,283238.29766240076,282171.95575161086,-564793.1833423123,-140960.97787580543,-3.7705163382711517,-3.764078556858806,0.023040163697092636,0.0231889697110357,125,52,True,59.11825891699846,149792,37449
65,vmf_gauss_tl_3x2,"vMF/Gaussian two-layer, (K,L)=(3,2)",two_layer_mixture,vmf_gaussian,3,2.0,train_bic,1,two_layer_mixture,vmf_gaussian,0,697282679,True,1141850.7021220315,1141206.096930665,285286.135625065,284731.6378314543,-570538.0484653325,-142300.81891572714,-3.80886862092323,-3.79985630899963,0.022173251123685837,0.02237398656570954,65,24,True,11.505790999995952,149792,37449
65,vmf_gauss_tl_6x4,"vMF/Gaussian two-layer, (K,L)=(6,4)",two_layer_mixture,vmf_gaussian,6,4.0,train_bic,1,two_layer_mixture,vmf_gaussian,0,2069659415,True,1121438.4292557293,1118949.2615167603,281830.0336521676,279688.8190953015,-559223.6307583802,-139593.40954765075,-3.733334428797133,-3.727560403419337,0.023912966667001642,0.024051440133331718,251,55,True,64.95349316699867,149792,37449
66,ind_cyl_k3,"Independent cylindrical mixture, K=3",cylindrical_mixture,independent,3,,train_bic,1,cylindrical_mixture,independent,0,2086797065,True,1184074.1836849235,1183727.0885818799,296839.43546601426,296540.8597309931,-591828.5442909399,-148235.42986549655,-3.9510023518675226,-3.9583281226600593,0.01923541145856142,0.019095012137637462,35,35,True,9.382915000001958,149792,37449
66,ind_cyl_k6,"Independent cylindrical mixture, K=6",cylindrical_mixture,independent,6,,train_bic,1,cylindrical_mixture,independent,0,493846580,True,1153235.4280469827,1152531.3208379517,289394.9434066174,288789.2612012887,-576194.6604189759,-144323.63060064436,-3.8466317321283903,-3.8538714144742015,0.021351533138318578,0.02119751302188081,71,29,True,14.641988333998597,149792,37449
66,full_cyl_k3,"Full cylindrical mixture, K=3",cylindrical_mixture,full,3,,train_bic,1,cylindrical_mixture,full,0,968595664,True,1166922.2117458025,1166396.6105897652,292618.28346766095,292166.154497486,-583145.3052948826,-146030.077248743,-3.893033708708627,-3.899438629836391,0.020383414801774812,0.020253277841023553,53,29,True,9.12649799999781,149792,37449
66,full_cyl_k6,"Full cylindrical mixture, K=6",cylindrical_mixture,full,6,,train_bic,1,cylindrical_mixture,full,0,242940322,True,1145316.5696206226,1144255.450305604,287845.5904552769,286932.8017796407,-572020.725152802,-143359.40088982036,-3.8187668577280625,-3.8281236051649006,0.021954857671474187,0.02175038968263614,107,35,True,17.895407707997947,149792,37449
66,gauss_vmf_tl_3x2,"Gaussian/vMF two-layer, (K,L)=(3,2)",two_layer_mixture,gaussian_vmf,3,2.0,train_bic,1,two_layer_mixture,gaussian_vmf,0,245481975,True,1169630.7567123573,1169194.4085828168,293450.74833111267,293075.3959785146,-584553.2042914084,-146493.6979892573,-3.9024327353357218,-3.911818686460448,0.020192728081877723,0.020004086796844803,44,47,True,20.082160291000037,149792,37449
66,gauss_vmf_tl_6x4,"Gaussian/vMF two-layer, (K,L)=(6,4)",two_layer_mixture,gaussian_vmf,6,4.0,train_bic,1,two_layer_mixture,gaussian_vmf,0,126212821,True,1130911.5938919643,1129671.9685239517,284081.8306357209,283015.488724931,-564710.9842619759,-141382.7443624655,-3.76996758346224,-3.7753409800653026,0.023052810567417616,0.02292927088453045,125,46,True,52.85952816699864,149792,37449
66,vmf_gauss_tl_3x2,"vMF/Gaussian two-layer, (K,L)=(3,2)",two_layer_mixture,vmf_gaussian,3,2.0,train_bic,1,two_layer_mixture,vmf_gaussian,0,1512977196,True,1141759.5556143585,1141114.950422992,286189.6094480848,285635.11165447405,-570492.475211496,-142752.55582723703,-3.8085643773465607,-3.8119190319430967,0.022179998219242294,0.02210571665042999,65,24,True,11.550253917004738,149792,37449
66,vmf_gauss_tl_6x4,"vMF/Gaussian two-layer, (K,L)=(6,4)",two_layer_mixture,vmf_gaussian,6,4.0,train_bic,1,two_layer_mixture,vmf_gaussian,0,1377126977,True,1120433.8359815646,1117944.6682425956,282557.57573758194,280416.36118071584,-558721.3341212978,-139957.18059035792,-3.7299811346486984,-3.7372741752879364,0.023993288474255525,0.023818940980793346,251,72,True,78.95401858299738,149792,37449
67,ind_cyl_k3,"Independent cylindrical mixture, K=3",cylindrical_mixture,independent,3,,train_bic,1,cylindrical_mixture,independent,0,1833138583,True,1184746.9284353813,1184399.8333323377,295947.6110569599,295649.03532193875,-592164.9166661688,-147789.51766096937,-3.9532479482627165,-3.9464209367665193,0.019192264950882307,0.019323739041257355,35,33,True,8.923086916998727,149792,37449
67,ind_cyl_k6,"Independent cylindrical mixture, K=6",cylindrical_mixture,independent,6,,train_bic,1,cylindrical_mixture,independent,0,1077280038,True,1147610.34160276,1146906.234393729,286814.2025104359,286208.52030510723,-573382.1171968644,-143033.26015255362,-3.827855407477465,-3.8194146746923447,0.02175622386917254,0.021940639548094207,71,57,True,21.832096625003032,149792,37449
67,full_cyl_k3,"Full cylindrical mixture, K=3",cylindrical_mixture,full,3,,train_bic,1,cylindrical_mixture,full,0,1657849393,True,1167593.073687698,1167067.4725316607,291739.71361226815,291287.5846420932,-583480.7362658303,-145590.7923210466,-3.8952730203604355,-3.8877084120015653,0.02033782105186581,0.02049225207166725,53,25,True,8.66805233299965,149792,37449
67,full_cyl_k6,"Full cylindrical mixture, K=6",cylindrical_mixture,full,6,,train_bic,1,cylindrical_mixture,full,0,1063351432,True,1142115.1107694176,1141053.991454399,285705.22390240966,284792.4352267735,-570419.9957271995,-142289.21761338675,-3.808080509821616,-3.799546519623668,0.022190732996979642,0.022380918862766063,107,83,True,31.575992167003278,149792,37449
67,gauss_vmf_tl_3x2,"Gaussian/vMF two-layer, (K,L)=(3,2)",two_layer_mixture,gaussian_vmf,3,2.0,train_bic,1,two_layer_mixture,gaussian_vmf,0,459375286,True,1170961.7763938617,1170525.4282643213,292475.6048216622,292100.25246906414,-585218.7141321606,-146006.12623453207,-3.9068756284191455,-3.898799066317714,0.020103212950273938,0.020266235241763034,44,60,True,24.081572375005635,149792,37449
67,gauss_vmf_tl_6x4,"Gaussian/vMF two-layer, (K,L)=(6,4)",two_layer_mixture,gaussian_vmf,6,4.0,train_bic,1,two_layer_mixture,gaussian_vmf,0,1529982770,True,1131874.5119186162,1130634.8865506037,282890.38750319264,281824.04559240275,-565192.4432753018,-140787.02279620137,-3.773181767219223,-3.759433437373531,0.0229788335496913,0.023296935809664944,125,44,True,49.33949279200169,149792,37449
67,vmf_gauss_tl_3x2,"vMF/Gaussian two-layer, (K,L)=(3,2)",two_layer_mixture,vmf_gaussian,3,2.0,train_bic,1,two_layer_mixture,vmf_gaussian,0,874056116,True,1142639.7604931653,1141995.1553017988,285116.52837986645,284562.0305862557,-570932.5776508994,-142216.01529312786,-3.811502467761292,-3.797591799330499,0.022114927018421198,0.022424710084898564,65,24,True,10.842831957997987,149792,37449
67,vmf_gauss_tl_6x4,"vMF/Gaussian two-layer, (K,L)=(6,4)",two_layer_mixture,vmf_gaussian,6,4.0,train_bic,1,two_layer_mixture,vmf_gaussian,0,7107551,True,1122336.6086585496,1119847.4409195806,281913.7079013204,279772.4933444543,-559672.7204597903,-139635.24667222716,-3.736332517489521,-3.728677579434088,0.023841380835992073,0.02402458544479457,251,44,True,49.2527255419991,149792,37449
68,ind_cyl_k3,"Independent cylindrical mixture, K=3",cylindrical_mixture,independent,3,,train_bic,1,cylindrical_mixture,independent,0,261360363,True,1183792.028077032,1183444.9329739884,296654.04980873235,296355.4740737112,-591687.4664869942,-148142.7370368556,-3.9500605271776474,-3.9558529476582978,0.019253536377901483,0.01914233417534142,35,35,True,9.13163495799381,149792,37449
68,ind_cyl_k6,"Independent cylindrical mixture, K=6",cylindrical_mixture,independent,6,,train_bic,1,cylindrical_mixture,independent,0,2114572344,True,1146787.2581296577,1146083.1509206267,287331.79832327587,286726.1161179472,-572970.5754603134,-143292.0580589736,-3.8251079861428736,-3.8263253507162704,0.02181607956955412,0.021789537606056654,71,41,True,17.07836433400371,149792,37449
68,full_cyl_k3,"Full cylindrical mixture, K=3",cylindrical_mixture,full,3,,train_bic,1,cylindrical_mixture,full,0,285149274,True,1166539.9675599274,1166014.36640389,292533.70100200956,292081.5720318346,-582954.183201945,-145987.7860159173,-3.891757792151417,-3.898309327776905,0.02040943893699485,0.020276162829000646,53,26,True,8.36671170900081,149792,37449
68,full_cyl_k6,"Full cylindrical mixture, K=6",cylindrical_mixture,full,6,,train_bic,1,cylindrical_mixture,full,0,1901306064,True,1141187.0045087554,1140125.8851937368,286368.2968442119,285455.5081685757,-569955.9425968684,-142620.75408428785,-3.804982526415752,-3.808399532278241,0.02225958611741236,0.022183654783939123,107,72,True,27.905642749996332,149792,37449
68,gauss_vmf_tl_3x2,"Gaussian/vMF two-layer, (K,L)=(3,2)",two_layer_mixture,gaussian_vmf,3,2.0,train_bic,1,two_layer_mixture,gaussian_vmf,0,1843254340,True,1169917.6520521468,1169481.3039226064,293206.7885368864,292831.43618428835,-584696.6519613032,-146371.71809214418,-3.903390381070439,-3.9085614593752616,0.020173399858230412,0.020069350882445804,44,60,True,24.442753249997622,149792,37449
68,gauss_vmf_tl_6x4,"Gaussian/vMF two-layer, (K,L)=(6,4)",two_layer_mixture,gaussian_vmf,6,4.0,train_bic,1,two_layer_mixture,gaussian_vmf,0,1962877867,True,1130713.9551937012,1129474.3298256886,283854.4741782803,282788.1322674904,-564612.1649128443,-141269.0661337452,-3.7693078730028593,-3.772305432287783,0.023068023765268182,0.022998979530238595,125,44,True,44.80713104199822,149792,37449
68,vmf_gauss_tl_3x2,"vMF/Gaussian two-layer, (K,L)=(3,2)",two_layer_mixture,vmf_gaussian,3,2.0,train_bic,1,two_layer_mixture,vmf_gaussian,0,614582900,True,1141660.6730096329,1141016.0678182663,285838.6269787475,285284.12918513676,-570443.0339091332,-142577.06459256838,-3.8082343109721024,-3.807232892535672,0.02218732029915972,0.022209550219630635,65,24,True,10.913658999998006,149792,37449
68,vmf_gauss_tl_6x4,"vMF/Gaussian two-layer, (K,L)=(6,4)",two_layer_mixture,vmf_gaussian,6,4.0,train_bic,1,two_layer_mixture,vmf_gaussian,0,2055131718,True,1121089.371788105,1118600.204049136,282586.7944243711,280445.579867505,-559049.102024568,-139971.7899337525,-3.7321692882434845,-3.7376642883321987,0.02394084487208322,0.02380965071346128,251,54,True,61.79604558299616,149792,37449
69,ind_cyl_k3,"Independent cylindrical mixture, K=3",cylindrical_mixture,independent,3,,train_bic,1,cylindrical_mixture,independent,0,30535429,True,1183830.8663721418,1183483.7712690982,296850.5935450873,296552.0178100662,-591706.8856345491,-148241.0089050331,-3.9501901679298568,-3.958477099656415,0.019251040496750214,0.019092167631972037,35,33,True,8.918457374995342,149792,37449
69,ind_cyl_k6,"Independent cylindrical mixture, K=6",cylindrical_mixture,independent,6,,train_bic,1,cylindrical_mixture,independent,0,2017281489,True,1146705.831716502,1146001.724507471,288213.89660860505,287608.2144032764,-572929.8622537355,-143733.1072016382,-3.8248361878720862,-3.8381026783529117,0.0218220099481533,0.021534420331323825,71,99,True,32.920287792003364,149792,37449
69,full_cyl_k3,"Full cylindrical mixture, K=3",cylindrical_mixture,full,3,,train_bic,1,cylindrical_mixture,full,0,975784202,True,1166355.3010551736,1165829.6998991363,292836.54857938195,292384.419609207,-582861.8499495682,-146139.2098046035,-3.891141382380689,-3.9023527945900693,0.020422023392762972,0.02019434236814011,53,26,True,8.394639334001113,149792,37449
69,full_cyl_k6,"Full cylindrical mixture, K=6",cylindrical_mixture,full,6,,train_bic,1,cylindrical_mixture,full,0,1477639976,True,1141476.6172343683,1140415.4979193497,287072.73642388324,286159.94774824707,-570100.7489596748,-142972.97387412353,-3.8059492426810166,-3.817804851240982,0.022238077811344292,0.02197598854936824,107,53,True,22.832643415997154,149792,37449
69,gauss_vmf_tl_3x2,"Gaussian/vMF two-layer, (K,L)=(3,2)",two_layer_mixture,gaussian_vmf,3,2.0,train_bic,1,two_layer_mixture,gaussian_vmf,0,904189471,True,1169411.2956542377,1168974.9475246973,293219.2210231756,292843.86867057753,-584443.4737623486,-146377.93433528877,-3.9017001826689586,-3.908727451608555,0.02020752573805283,0.020066019802546426,44,50,True,21.371324791005463,149792,37449
69,gauss_vmf_tl_6x4,"Gaussian/vMF two-layer, (K,L)=(6,4)",two_layer_mixture,gaussian_vmf,6,4.0,train_bic,1,two_layer_mixture,gaussian_vmf,0,703704054,True,1130538.760694277,1129299.1353262644,284607.6658617651,283541.3239509752,-564524.5676631322,-141645.6619754876,-3.7687230804257386,-3.7823616645434486,0.023081517719532544,0.022768855480211674,125,45,True,51.448377667002205,149792,37449
69,vmf_gauss_tl_3x2,"vMF/Gaussian two-layer, (K,L)=(3,2)",two_layer_mixture,vmf_gaussian,3,2.0,train_bic,1,two_layer_mixture,vmf_gaussian,0,971062429,True,1141314.472280304,1140669.8670889374,286989.0561296041,286434.5583359934,-570269.9335444687,-143152.2791679967,-3.8070787061022533,-3.8225928374054496,0.02221297489497929,0.021871019316394198,65,24,True,11.202214958997502,149792,37449
69,vmf_gauss_tl_6x4,"vMF/Gaussian two-layer, (K,L)=(6,4)",two_layer_mixture,vmf_gaussian,6,4.0,train_bic,1,two_layer_mixture,vmf_gaussian,0,84136179,True,1121071.0883037131,1118581.9205647442,283279.82892945653,281138.61437259044,-559039.9602823721,-140318.30718629522,-3.732108258667833,-3.7469173325401273,0.02394230601627255,0.023590355103471714,251,43,True,52.219750166994345,149792,37449
70,ind_cyl_k3,"Independent cylindrical mixture, K=3",cylindrical_mixture,independent,3,,train_bic,1,cylindrical_mixture,independent,0,943634566,True,1183998.6390942342,1183651.5439911906,297127.9433284757,296829.36759345455,-591790.7719955953,-148379.68379672727,-3.950750186896465,-3.9621801328934625,0.019240262567149266,0.019021599439483273,35,34,True,8.916659292000986,149792,37449
70,ind_cyl_k6,"Independent cylindrical mixture, K=6",cylindrical_mixture,independent,6,,train_bic,1,cylindrical_mixture,independent,0,1397138680,True,1146883.3320781589,1146179.2248691279,288320.898722504,287715.2165171753,-573018.6124345639,-143786.60825858766,-3.8254286773296564,-3.839531316152305,0.021809084466799862,0.021503677409929135,71,85,True,28.52493529200001,149792,37449
70,full_cyl_k3,"Full cylindrical mixture, K=3",cylindrical_mixture,full,3,,train_bic,1,cylindrical_mixture,full,0,1360366759,True,1166530.9080564708,1166005.3069004335,293098.82695203996,292646.697981865,-582949.6534502167,-146270.3489909325,-3.8917275518733763,-3.9058546020169436,0.020410056133435012,0.020123749343781156,53,23,True,7.943683792000229,149792,37449
70,full_cyl_k6,"Full cylindrical mixture, K=6",cylindrical_mixture,full,6,,train_bic,1,cylindrical_mixture,full,0,1091203502,True,1146219.4140722454,1145158.2947572267,288264.8474937978,287352.0588181616,-572472.1473786134,-143569.0294090808,-3.82178051817596,-3.833721311892996,0.0218887927838408,0.021628977511864045,107,30,True,15.401574625000649,149792,37449
70,gauss_vmf_tl_3x2,"Gaussian/vMF two-layer, (K,L)=(3,2)",two_layer_mixture,gaussian_vmf,3,2.0,train_bic,1,two_layer_mixture,gaussian_vmf,0,1491260753,True,1170069.0408831723,1169632.6927536319,293632.1013956122,293256.74904301413,-584772.3463768159,-146584.37452150707,-3.903895711231681,-3.91424002033451,0.020163208206118735,0.019955708817120554,44,51,True,21.397257082993747,149792,37449
70,gauss_vmf_tl_6x4,"Gaussian/vMF two-layer, (K,L)=(6,4)",two_layer_mixture,gaussian_vmf,6,4.0,train_bic,1,two_layer_mixture,gaussian_vmf,0,868281836,True,1130852.6773185316,1129613.051950519,284743.8955797025,283677.5536689126,-564681.5259752595,-141713.7768344563,-3.769770922180487,-3.784180534445681,0.023057344608512373,0.022727479534408644,125,47,True,53.11162749999494,149792,37449
70,vmf_gauss_tl_3x2,"vMF/Gaussian two-layer, (K,L)=(3,2)",two_layer_mixture,vmf_gaussian,3,2.0,train_bic,1,two_layer_mixture,vmf_gaussian,0,695613174,True,1141467.603025994,1140822.9978346275,287291.7523709087,286737.25457729795,-570346.4989173138,-143303.62728864898,-3.8075898507084074,-3.826634283656412,0.02220162375395948,0.02178280713982458,65,24,True,11.243504749996646,149792,37449
70,vmf_gauss_tl_6x4,"vMF/Gaussian two-layer, (K,L)=(6,4)",two_layer_mixture,vmf_gaussian,6,4.0,train_bic,1,two_layer_mixture,vmf_gaussian,0,1611161854,True,1122010.095766846,1119520.9280278771,283391.04801810766,281249.83346124156,-559509.4640139386,-140373.91673062078,-3.735242629873014,-3.748402273241496,0.023867379426923248,0.023555350821092818,251,50,True,51.109294499998214,149792,37449
71,ind_cyl_k3,"Independent cylindrical mixture, K=3",cylindrical_mixture,independent,3,,train_bic,1,cylindrical_mixture,independent,0,87426726,True,1183860.894044287,1183513.7989412434,296509.70915909583,296211.1334240747,-591721.8994706217,-148070.56671203734,-3.9502903991576432,-3.9539257847215503,0.01924911103802268,0.019179260142035724,35,33,True,8.912934957996185,149792,37449
71,ind_cyl_k6,"Independent cylindrical mixture, K=6",cylindrical_mixture,independent,6,,train_bic,1,cylindrical_mixture,independent,0,1624988914,True,1147099.0275691492,1146394.9203601182,287888.4587017918,287282.77649646316,-573126.4601800591,-143570.38824823158,-3.826148660676532,-3.833757596951363,0.02179338794047,0.021628192717390853,71,97,True,32.07679541700054,149792,37449
71,full_cyl_k3,"Full cylindrical mixture, K=3",cylindrical_mixture,full,3,,train_bic,1,cylindrical_mixture,full,0,249572949,True,1166479.7654878756,1165954.1643318383,292363.6719552077,291911.5429850328,-582924.0821659191,-145902.7714925164,-3.8915568399241556,-3.8960391864273114,0.020413540671318918,0.02032224487123415,53,26,True,8.483066459004476,149792,37449
71,full_cyl_k6,"Full cylindrical mixture, K=6",cylindrical_mixture,full,6,,train_bic,1,cylindrical_mixture,full,0,620151501,True,1141261.014558219,1140199.8952432002,286570.5081991127,285657.71952347655,-569992.9476216001,-142721.85976173828,-3.8052295691465505,-3.811099355436414,0.022254087727668046,0.02212384361514037,107,96,True,35.50465824999992,149792,37449
71,gauss_vmf_tl_3x2,"Gaussian/vMF two-layer, (K,L)=(3,2)",two_layer_mixture,gaussian_vmf,3,2.0,train_bic,1,two_layer_mixture,gaussian_vmf,0,1489953703,True,1169907.0193794938,1169470.6712499533,292972.12732637365,292596.7749737756,-584691.3356249767,-146254.3874868878,-3.903354889613442,-3.905428382250202,0.020174115854289767,0.020132328311665403,44,61,True,24.55403120799747,149792,37449
71,gauss_vmf_tl_6x4,"Gaussian/vMF two-layer, (K,L)=(6,4)",two_layer_mixture,gaussian_vmf,6,4.0,train_bic,1,two_layer_mixture,gaussian_vmf,0,1038080492,True,1130562.7573337713,1129323.1319657587,284324.8910580138,283258.5491472239,-564536.5659828794,-141504.27457361194,-3.7688031802958726,-3.7785861991938887,0.02307966896700412,0.022854980984751687,125,47,True,48.72295045800274,149792,37449
71,vmf_gauss_tl_3x2,"vMF/Gaussian two-layer, (K,L)=(3,2)",two_layer_mixture,vmf_gaussian,3,2.0,train_bic,1,two_layer_mixture,vmf_gaussian,0,595947599,True,1141200.6328720187,1140556.0276806522,286788.4133836474,286233.91559003666,-570213.0138403261,-143051.95779501833,-3.8066987144862616,-3.819913957516044,0.022221417243114782,0.021929687697889725,65,25,True,11.404290291000507,149792,37449
71,vmf_gauss_tl_6x4,"vMF/Gaussian two-layer, (K,L)=(6,4)",two_layer_mixture,vmf_gaussian,6,4.0,train_bic,1,two_layer_mixture,vmf_gaussian,0,1450709572,True,1120871.7101689565,1118382.5424299876,282809.4734764012,280668.2589195351,-558940.2712149938,-140083.12945976754,-3.7314427420355814,-3.7406373857717843,0.023958245322489226,0.023738967428100964,251,62,True,74.48757079200004,149792,37449
72,ind_cyl_k3,"Independent cylindrical mixture, K=3",cylindrical_mixture,independent,3,,train_bic,1,cylindrical_mixture,independent,0,1193244884,True,1184431.4392412733,1184084.3441382297,296483.7530054924,296185.17727047123,-592007.1720691149,-148057.58863523562,-3.952194857329596,-3.953579231360934,0.019212486796940657,0.01918590793093234,35,35,True,9.12058908399922,149792,37449
72,ind_cyl_k6,"Independent cylindrical mixture, K=6",cylindrical_mixture,independent,6,,train_bic,1,cylindrical_mixture,independent,0,1549567970,True,1147025.1836022849,1146321.0763932539,287525.11581580865,286919.43361048,-573089.5381966269,-143388.71680524,-3.825902172323134,-3.828906427547865,0.021798760418877888,0.021733369653453447,71,44,True,18.195384375001595,149792,37449
72,full_cyl_k3,"Full cylindrical mixture, K=3",cylindrical_mixture,full,3,,train_bic,1,cylindrical_mixture,full,0,331225309,True,1167179.5400756793,1166653.938919642,292469.5311964172,292017.4022262423,-583273.969459821,-145955.70111312115,-3.893892660888572,-3.8974525651718643,0.020365913940473594,0.020293542130991177,53,13,True,6.472736457995779,149792,37449
72,full_cyl_k6,"Full cylindrical mixture, K=6",cylindrical_mixture,full,6,,train_bic,1,cylindrical_mixture,full,0,285858533,True,1141444.205778291,1140383.0864632723,286561.601000751,285648.81232511485,-570084.5432316362,-142717.40616255742,-3.8058410544731105,-3.810980431054432,0.022240483839279557,0.022126474836024427,107,58,True,24.183258416996978,149792,37449
72,gauss_vmf_tl_3x2,"Gaussian/vMF two-layer, (K,L)=(3,2)",two_layer_mixture,gaussian_vmf,3,2.0,train_bic,1,two_layer_mixture,gaussian_vmf,0,261092107,True,1170769.8603097012,1170333.5121801607,292913.055326089,292537.70297349093,-585122.7560900804,-146224.85148674547,-3.9062350198280305,-3.904639682948689,0.020116095367051775,0.02014821292821221,44,49,True,20.78572041699954,149792,37449
72,gauss_vmf_tl_6x4,"Gaussian/vMF two-layer, (K,L)=(6,4)",two_layer_mixture,gaussian_vmf,6,4.0,train_bic,1,two_layer_mixture,gaussian_vmf,0,1053034500,True,1131382.4545907127,1130142.8292227,283709.6798482733,282643.3379374834,-564946.41461135,-141196.6689687417,-3.7715392985696834,-3.7703722120414884,0.02301660657541323,0.023043484628328025,125,40,True,44.52273595800216,149792,37449
72,vmf_gauss_tl_3x2,"vMF/Gaussian two-layer, (K,L)=(3,2)",two_layer_mixture,vmf_gaussian,3,2.0,train_bic,1,two_layer_mixture,vmf_gaussian,0,1441096054,True,1141974.5677316901,1141329.9625403236,285989.58209167863,285435.0842980679,-570599.9812701618,-142652.54214903395,-3.809282079618149,-3.8092483684219594,0.022164085295190445,0.022164832485612466,65,24,True,9.93148945899884,149792,37449
72,vmf_gauss_tl_6x4,"vMF/Gaussian two-layer, (K,L)=(6,4)",two_layer_mixture,vmf_gaussian,6,4.0,train_bic,1,two_layer_mixture,vmf_gaussian,0,592605292,True,1121774.746570385,1119285.578831416,282514.6080162855,280373.3934594194,-559391.789415708,-139935.6967297097,-3.734457043204631,-3.7367004921282203,0.02388613668877304,0.023832609426419963,251,51,True,59.84871654200106,149792,37449
73,ind_cyl_k3,"Independent cylindrical mixture, K=3",cylindrical_mixture,independent,3,,train_bic,1,cylindrical_mixture,independent,0,308662423,True,1183997.0448943824,1183649.9497913388,296938.0413173942,296639.465582373,-591789.9748956694,-148284.7327911865,-3.9507448655179807,-3.95964465783296,0.019240364952140942,0.019069889423628302,35,32,True,8.974889459001133,149792,37449
73,ind_cyl_k6,"Independent cylindrical mixture, K=6",cylindrical_mixture,independent,6,,train_bic,1,cylindrical_mixture,independent,0,598476891,True,1146810.8504983974,1146106.7432893664,288096.5669622663,287490.8847569376,-572982.3716446832,-143674.4423784688,-3.825186736572602,-3.836536152593362,0.02181436161155888,0.0215681809920581,71,49,True,19.266487166001752,149792,37449
73,full_cyl_k3,"Full cylindrical mixture, K=3",cylindrical_mixture,full,3,,train_bic,1,cylindrical_mixture,full,0,1048336055,True,1166727.8829677568,1166202.2818117195,292707.46499691275,292255.3360267378,-583048.1409058598,-146074.6680133689,-3.8923850466370684,-3.9006293362538096,0.020396641039061046,0.02022917648479179,53,25,True,8.28751483400265,149792,37449
73,full_cyl_k6,"Full cylindrical mixture, K=6",cylindrical_mixture,full,6,,train_bic,1,cylindrical_mixture,full,0,409561851,True,1141824.4268777915,1140763.3075627729,286961.3503728633,286048.5616972271,-570274.6537813864,-142917.28084861356,-3.807110218044932,-3.816317681342988,0.022212274932016326,0.022008694891933606,107,60,True,24.28695079099998,149792,37449
73,gauss_vmf_tl_3x2,"Gaussian/vMF two-layer, (K,L)=(3,2)",two_layer_mixture,gaussian_vmf,3,2.0,train_bic,1,two_layer_mixture,gaussian_vmf,0,845798619,True,1169797.87310138,1169361.5249718395,293711.18294239783,293335.8305897998,-584636.7624859198,-146623.9152948999,-3.902990563487501,-3.9152958769232797,0.020181467150816618,0.019934649570211193,44,64,True,25.571961792004004,149792,37449
73,gauss_vmf_tl_6x4,"Gaussian/vMF two-layer, (K,L)=(6,4)",two_layer_mixture,gaussian_vmf,6,4.0,train_bic,1,two_layer_mixture,gaussian_vmf,0,619432925,True,1130763.9288329403,1129524.3034649277,284626.52597504255,283560.18406425265,-564637.1517324639,-141655.09203212633,-3.7694746831103387,-3.7826134751829508,0.023064176106667656,0.022763122761962486,125,50,True,52.14787612500368,149792,37449
73,vmf_gauss_tl_3x2,"vMF/Gaussian two-layer, (K,L)=(3,2)",two_layer_mixture,vmf_gaussian,3,2.0,train_bic,1,two_layer_mixture,vmf_gaussian,0,287461512,True,1141600.9545134373,1140956.3493220708,286928.1826920006,286373.68489838985,-570413.1746610354,-143121.84244919493,-3.8080349729026612,-3.8217800862291362,0.022191743517597496,0.02188880223863736,65,24,True,10.920839458995033,149792,37449
73,vmf_gauss_tl_6x4,"vMF/Gaussian two-layer, (K,L)=(6,4)",two_layer_mixture,vmf_gaussian,6,4.0,train_bic,1,two_layer_mixture,vmf_gaussian,0,430832721,True,1120561.8425028357,1118072.6747638667,282916.45579018595,280775.24123331986,-558785.3373819334,-140136.62061665993,-3.730408415549117,-3.742065759210124,0.023983038790255286,0.02370508352276921,251,76,True,82.74572566700226,149792,37449
74,ind_cyl_k3,"Independent cylindrical mixture, K=3",cylindrical_mixture,independent,3,,train_bic,1,cylindrical_mixture,independent,0,600588351,True,1183683.0092143847,1183335.9141113411,298105.24594513024,297806.6702101091,-591632.9570556706,-148868.33510505455,-3.9496966263596893,-3.97522858033738,0.019260544030505915,0.018775009406175196,35,33,True,8.867350540996995,149792,37449
74,ind_cyl_k6,"Independent cylindrical mixture, K=6",cylindrical_mixture,independent,6,,train_bic,1,cylindrical_mixture,independent,0,1419139726,True,1146904.602918944,1146200.495709913,289261.6877139402,288656.00550861156,-573029.2478549565,-144257.00275430578,-3.8254996785873514,-3.85209225224454,0.02180753604934399,0.021235260405814787,71,55,True,21.067853166998248,149792,37449
74,full_cyl_k3,"Full cylindrical mixture, K=3",cylindrical_mixture,full,3,,train_bic,1,cylindrical_mixture,full,0,732625416,True,1166071.7962186842,1165546.1950626469,294055.6086111192,293603.4796409443,-582720.0975313234,-146748.73982047214,-3.89019505401706,-3.918629064073063,0.02044135847997002,0.01986831426783324,53,26,True,8.472948083996016,149792,37449
74,full_cyl_k6,"Full cylindrical mixture, K=6",cylindrical_mixture,full,6,,train_bic,1,cylindrical_mixture,full,0,1372871404,True,1145820.196790552,1144759.0774755334,289005.8926781842,288093.10400254803,-572272.5387377667,-143939.55200127402,-3.820447946070329,-3.8436153702708755,0.021917980621660546,0.021416034319022087,107,44,True,19.505199125000217,149792,37449
74,gauss_vmf_tl_3x2,"Gaussian/vMF two-layer, (K,L)=(3,2)",two_layer_mixture,gaussian_vmf,3,2.0,train_bic,1,two_layer_mixture,gaussian_vmf,0,1961006881,True,1169359.1183573147,1168922.7702277743,294288.1367811037,293912.78442850563,-584417.3851138871,-146912.39221425282,-3.901526016835927,-3.922999071116794,0.02021104550510919,0.019781679030706423,44,50,True,20.964223833994765,149792,37449
74,gauss_vmf_tl_6x4,"Gaussian/vMF two-layer, (K,L)=(6,4)",two_layer_mixture,gaussian_vmf,6,4.0,train_bic,1,two_layer_mixture,gaussian_vmf,0,572236431,True,1130635.9188837472,1129396.2935157346,286007.2017595134,284940.8598487235,-564573.1467578673,-142345.42992436176,-3.7690473907676463,-3.8010475559924632,0.023074033358322643,0.022347349490313417,125,44,True,50.376389666998875,149792,37449
74,vmf_gauss_tl_3x2,"vMF/Gaussian two-layer, (K,L)=(3,2)",two_layer_mixture,vmf_gaussian,3,2.0,train_bic,1,two_layer_mixture,vmf_gaussian,0,2021041665,True,1141146.3867143693,1140501.7815230028,288648.112742083,288093.61494847224,-570185.8907615014,-143981.80747423612,-3.8065176428747955,-3.844743717435342,0.022225441275252052,0.02139188322539547,65,25,True,11.353549166997254,149792,37449
74,vmf_gauss_tl_6x4,"vMF/Gaussian two-layer, (K,L)=(6,4)",two_layer_mixture,vmf_gaussian,6,4.0,train_bic,1,two_layer_mixture,vmf_gaussian,0,501251910,True,1121411.8433323596,1118922.6755933906,284413.9100058522,282272.6954489861,-559210.3377966953,-140885.34772449304,-3.733245685995883,-3.762059006234961,0.023915088864813368,0.023235848330221062,251,50,True,55.81838075000269,149792,37449
75,ind_cyl_k3,"Independent cylindrical mixture, K=3",cylindrical_mixture,independent,3,,train_bic,1,cylindrical_mixture,independent,0,50756292,True,1184485.2849511893,1184138.1898481457,295698.3436003703,295399.76786534913,-592034.0949240729,-147664.88393267457,-3.9523745922617555,-3.9430928444731386,0.019209033952237296,0.01938815736384217,35,35,True,9.16781929100398,149792,37449
75,ind_cyl_k6,"Independent cylindrical mixture, K=6",cylindrical_mixture,independent,6,,train_bic,1,cylindrical_mixture,independent,0,2034791013,True,1147104.4041160815,1146400.2969070505,286758.8479258162,286153.16572048754,-573129.1484535253,-143005.58286024377,-3.826166607385743,-3.8186756084339706,0.021792996824383543,0.02195686112814421,71,46,True,18.41012879199843,149792,37449
75,full_cyl_k3,"Full cylindrical mixture, K=3",cylindrical_mixture,full,3,,train_bic,1,cylindrical_mixture,full,0,470787964,True,1167247.2824165088,1166721.6812604715,291575.24048094294,291123.111510768,-583307.8406302357,-145508.555755384,-3.8941187822462866,-3.885512450409464,0.020361309292986466,0.020537301715692926,53,23,True,8.064960458003043,149792,37449
75,full_cyl_k6,"Full cylindrical mixture, K=6",cylindrical_mixture,full,6,,train_bic,1,cylindrical_mixture,full,0,1783504885,True,1141797.5123001558,1140736.3929851372,285810.9444020715,284898.1557264353,-570261.1964925686,-142342.07786321765,-3.8070203782082395,-3.800958045961645,0.022214270568811288,0.02234934989178166,107,62,True,25.173953500001517,149792,37449
75,gauss_vmf_tl_3x2,"Gaussian/vMF two-layer, (K,L)=(3,2)",two_layer_mixture,gaussian_vmf,3,2.0,train_bic,1,two_layer_mixture,gaussian_vmf,0,1399751946,True,1170450.6465821483,1170014.2984526078,292430.1613836643,292054.80903106625,-584963.1492263039,-145983.40451553313,-3.9051694965439,-3.8981923286478444,0.02013754095841062,0.020278535261175873,44,57,True,23.20423320899863,149792,37449
75,gauss_vmf_tl_6x4,"Gaussian/vMF two-layer, (K,L)=(6,4)",two_layer_mixture,gaussian_vmf,6,4.0,train_bic,1,two_layer_mixture,gaussian_vmf,0,876113905,True,1130766.7989586694,1129527.1735906568,283496.9422874591,282430.6003766692,-564638.5867953284,-141090.3001883346,-3.7694842634808827,-3.767531848335993,0.023063955144372712,0.023109029547352805,125,44,True,50.56186304100265,149792,37449
75,vmf_gauss_tl_3x2,"vMF/Gaussian two-layer, (K,L)=(3,2)",two_layer_mixture,vmf_gaussian,3,2.0,train_bic,1,two_layer_mixture,vmf_gaussian,0,2140622127,True,1141677.7168866375,1141033.111695271,285484.3725644775,284929.87477086677,-570451.5558476355,-142399.93738543338,-3.8082912027854325,-3.802503067783743,0.022186058058180896,0.022314846319738638,65,24,True,11.026001582999015,149792,37449
75,vmf_gauss_tl_6x4,"vMF/Gaussian two-layer, (K,L)=(6,4)",two_layer_mixture,vmf_gaussian,6,4.0,train_bic,1,two_layer_mixture,vmf_gaussian,0,1246374976,True,1119145.290845017,1116656.123106048,281911.66671309207,279770.452156226,-558077.061553024,-139634.226078113,-3.7256800199812004,-3.72865032652709,0.024096708610730842,0.02402524019350923,251,97,True,104.29174591699848,149792,37449
76,ind_cyl_k3,"Independent cylindrical mixture, K=3",cylindrical_mixture,independent,3,,train_bic,1,cylindrical_mixture,independent,0,1576963101,True,1184314.2858685772,1183967.1907655336,296352.06581897393,296053.4900839528,-591948.5953827668,-147991.7450419764,-3.951803803826418,-3.9518210110277017,0.01922000137641292,0.019219670656825946,35,34,True,9.07350574999873,149792,37449
76,ind_cyl_k6,"Independent cylindrical mixture, K=6",cylindrical_mixture,independent,6,,train_bic,1,cylindrical_mixture,independent,0,919712652,True,1146751.3009904006,1146047.1937813696,287587.6886858178,286982.00648048916,-572952.5968906848,-143420.00324024458,-3.824987962579342,-3.829741868681262,0.021818698170310097,0.021715220284897783,71,101,True,32.5662636249981,149792,37449
76,full_cyl_k3,"Full cylindrical mixture, K=3",cylindrical_mixture,full,3,,train_bic,1,cylindrical_mixture,full,0,201948745,True,1166974.2000182213,1166448.598862184,292315.6824951642,291863.5535249893,-583171.299431092,-145878.77676249464,-3.893207243585051,-3.895398455566094,0.020379877875305007,0.02033527013309038,53,26,True,8.525326583003334,149792,37449
76,full_cyl_k6,"Full cylindrical mixture, K=6",cylindrical_mixture,full,6,,train_bic,1,cylindrical_mixture,full,0,1872340929,True,1141581.2308427999,1140520.1115277812,286601.86789548106,285689.0792198449,-570153.0557638906,-142737.53960992245,-3.8062984389279175,-3.811518054151578,0.02223031371371005,0.02211458232922378,107,56,True,23.17024241600302,149792,37449
76,gauss_vmf_tl_3x2,"Gaussian/vMF two-layer, (K,L)=(3,2)",two_layer_mixture,gaussian_vmf,3,2.0,train_bic,1,two_layer_mixture,gaussian_vmf,0,789556362,True,1170063.0758984587,1169626.7277689183,293018.85311733827,292643.5007647402,-584769.3638844591,-146277.7503823701,-3.9038758003395317,-3.906052241244629,0.020163609677579523,0.020119772494506367,44,52,True,21.762105916997825,149792,37449
76,gauss_vmf_tl_6x4,"Gaussian/vMF two-layer, (K,L)=(6,4)",two_layer_mixture,gaussian_vmf,6,4.0,train_bic,1,two_layer_mixture,gaussian_vmf,0,1539019494,True,1130874.7789790942,1129635.1536110817,283821.9126983957,282755.57078760583,-564692.5768055408,-141252.78539380291,-3.769844696683006,-3.771870687970384,0.02305564362712977,0.023008980379644054,125,47,True,52.73149287499837,149792,37449
76,vmf_gauss_tl_3x2,"vMF/Gaussian two-layer, (K,L)=(3,2)",two_layer_mixture,vmf_gaussian,3,2.0,train_bic,1,two_layer_mixture,vmf_gaussian,0,1118763641,True,1141759.1218883323,1141114.5166969658,285936.9769753433,285382.4791817326,-570492.2583484829,-142626.2395908663,-3.808562929585578,-3.808546011665633,0.022180030330601556,0.022180405573753222,65,24,True,11.41657112500252,149792,37449
76,vmf_gauss_tl_6x4,"vMF/Gaussian two-layer, (K,L)=(6,4)",two_layer_mixture,vmf_gaussian,6,4.0,train_bic,1,two_layer_mixture,vmf_gaussian,0,807686536,True,1120960.7333204476,1118471.5655814786,282697.46418321924,280556.24962635315,-558984.7827907393,-140027.12481317658,-3.7317398979300584,-3.739141894661448,0.023951127046341558,0.023774495402121402,251,49,True,51.32989058300154,149792,37449
77,ind_cyl_k3,"Independent cylindrical mixture, K=3",cylindrical_mixture,independent,3,,train_bic,1,cylindrical_mixture,independent,0,1895270920,True,1183508.8724969488,1183161.7773939052,297396.72993553535,297098.1542005142,-591545.8886969526,-148514.0771002571,-3.949115364618622,-3.965768834955729,0.0192717427022274,0.018953458927475724,35,33,True,8.846064874996955,149792,37449
77,ind_cyl_k6,"Independent cylindrical mixture, K=6",cylindrical_mixture,independent,6,,train_bic,1,cylindrical_mixture,independent,0,332162390,True,1146730.4490966059,1146026.3418875749,288337.04612420744,287731.3639188788,-572942.1709437874,-143794.6819594394,-3.8249183597507708,-3.8397469080466604,0.02182021686627065,0.021499041891088817,71,66,True,24.554312082997058,149792,37449
77,full_cyl_k3,"Full cylindrical mixture, K=3",cylindrical_mixture,full,3,,train_bic,1,cylindrical_mixture,full,0,1383289228,True,1166591.716766221,1166066.1156101837,292887.8927911598,292435.76382098487,-582980.0578050918,-146164.88191049243,-3.8919305290342066,-3.903038316390089,0.020405913778604595,0.02018050345019162,53,26,True,8.440732457995182,149792,37449
77,full_cyl_k6,"Full cylindrical mixture, K=6",cylindrical_mixture,full,6,,train_bic,1,cylindrical_mixture,full,0,1866759809,True,1145846.1983527269,1144785.0790377082,288287.1337086874,287374.3450330512,-572285.5395188541,-143580.1725165256,-3.820534738296131,-3.834018866098577,0.021916078393887786,0.021622542676046685,107,28,True,14.739386374996684,149792,37449
77,gauss_vmf_tl_3x2,"Gaussian/vMF two-layer, (K,L)=(3,2)",two_layer_mixture,gaussian_vmf,3,2.0,train_bic,1,two_layer_mixture,gaussian_vmf,0,430563820,True,1169426.3770218203,1168990.0288922798,294139.60787539836,293764.2555228003,-584451.0144461399,-146838.12776140016,-3.901750523700464,-3.921015988715324,0.020206508495967723,0.019820946652860265,44,65,True,26.675744291998853,149792,37449
77,gauss_vmf_tl_6x4,"Gaussian/vMF two-layer, (K,L)=(6,4)",two_layer_mixture,gaussian_vmf,6,4.0,train_bic,1,two_layer_mixture,gaussian_vmf,0,2015428525,True,1130308.9008834236,1129069.275515411,284873.8182680403,283807.4763572504,-564409.6377577055,-141778.7381786252,-3.7679558171177736,-3.7859151960966972,0.02309923411687257,0.02268808922154591,125,44,True,49.62347250000312,149792,37449
77,vmf_gauss_tl_3x2,"vMF/Gaussian two-layer, (K,L)=(3,2)",two_layer_mixture,vmf_gaussian,3,2.0,train_bic,1,two_layer_mixture,vmf_gaussian,0,606205425,True,1141128.5544071307,1140483.9492157642,287060.1040150358,286505.60622142506,-570176.9746078821,-143187.80311071253,-3.806458119311326,-3.8235414326340496,0.0222267642520902,0.021850282408846806,65,24,True,10.908949291995668,149792,37449
77,vmf_gauss_tl_6x4,"vMF/Gaussian two-layer, (K,L)=(6,4)",two_layer_mixture,vmf_gaussian,6,4.0,train_bic,1,two_layer_mixture,vmf_gaussian,0,1552447360,True,1119668.605314519,1117179.43757555,282976.3147373088,280835.10018044274,-558338.718787775,-140166.55009022137,-3.7274268237808097,-3.7428649654255484,0.024054653130601518,0.02368614584124505,251,59,True,67.00956554099685,149792,37449
78,ind_cyl_k3,"Independent cylindrical mixture, K=3",cylindrical_mixture,independent,3,,train_bic,1,cylindrical_mixture,independent,0,482530957,True,1184037.8726963932,1183690.7775933496,295993.55151063413,295694.975775613,-591810.3887966748,-147812.4878878065,-3.9508811471685723,-3.947034310336898,0.019237743022111814,0.019311890004762956,35,34,True,8.983078375000332,149792,37449
78,ind_cyl_k6,"Independent cylindrical mixture, K=6",cylindrical_mixture,independent,6,,train_bic,1,cylindrical_mixture,independent,0,1576226026,True,1146420.5907843707,1145716.4835753397,287258.50757861615,286652.8253732875,-572787.2417876698,-143255.41268664374,-3.823884064487221,-3.825346809972062,0.02184279708852056,0.02181086999200383,71,55,True,20.952535791999253,149792,37449
78,full_cyl_k3,"Full cylindrical mixture, K=3",cylindrical_mixture,full,3,,train_bic,1,cylindrical_mixture,full,0,1179948607,True,1166868.4787311242,1166342.877575087,291799.18129769666,291347.0523275217,-583118.4387875434,-145620.52616376086,-3.8928543499488852,-3.888502394289857,0.02038707107365535,0.0204759880440045,53,26,True,8.280706332996488,149792,37449
78,full_cyl_k6,"Full cylindrical mixture, K=6",cylindrical_mixture,full,6,,train_bic,1,cylindrical_mixture,full,0,330050890,True,1140997.983852003,1139936.8645369844,286186.5751758846,285273.7865002484,-569861.4322684922,-142529.8932501242,-3.804351582651224,-3.8059732769933565,0.02227363509606579,0.022237543340859176,107,97,True,35.9708270419942,149792,37449
78,gauss_vmf_tl_3x2,"Gaussian/vMF two-layer, (K,L)=(3,2)",two_layer_mixture,gaussian_vmf,3,2.0,train_bic,1,two_layer_mixture,gaussian_vmf,0,1300226650,True,1170258.4843298588,1169822.1362003183,292506.6376627639,292131.28531016584,-584867.0681001592,-146021.64265508292,-3.904528066252932,-3.899213401027609,0.020150461930675444,0.020257839976408492,44,66,True,26.69919425000262,149792,37449
78,gauss_vmf_tl_6x4,"Gaussian/vMF two-layer, (K,L)=(6,4)",two_layer_mixture,gaussian_vmf,6,4.0,train_bic,1,two_layer_mixture,gaussian_vmf,0,2085305054,True,1130793.0574035575,1129553.432035545,283643.48096797836,282577.13905718847,-564651.7160177724,-141163.56952859423,-3.769571913171414,-3.769488358263084,0.023061933684433343,0.023063860702693055,125,49,True,55.90869016700162,149792,37449
78,vmf_gauss_tl_3x2,"vMF/Gaussian two-layer, (K,L)=(3,2)",two_layer_mixture,vmf_gaussian,3,2.0,train_bic,1,two_layer_mixture,vmf_gaussian,0,1640538158,True,1141209.076207523,1140564.4710161565,285881.3907570184,285326.8929634077,-570217.2355080782,-142598.44648170384,-3.8067268980191082,-3.807803852751845,0.022220790973897293,0.022196873069454722,65,24,True,11.186132916998758,149792,37449
78,vmf_gauss_tl_6x4,"vMF/Gaussian two-layer, (K,L)=(6,4)",two_layer_mixture,vmf_gaussian,6,4.0,train_bic,1,two_layer_mixture,vmf_gaussian,0,938681544,True,1119441.8899385124,1116952.7221995434,282054.86173990235,279913.64718303626,-558225.3610997717,-139705.82359151813,-3.7266700564767925,-3.7305621936905693,0.024072863795348967,0.023979351006681263,251,94,True,102.81040662500163,149792,37449
79,ind_cyl_k3,"Independent cylindrical mixture, K=3",cylindrical_mixture,independent,3,,train_bic,1,cylindrical_mixture,independent,0,1714638894,True,1184105.4748925327,1183758.379789489,296994.1544706726,296695.57873565145,-591844.1898947445,-148312.78936782572,-3.9511068007286405,-3.960393852114228,0.019233402446662766,0.01905560772208029,35,33,True,8.889284459000919,149792,37449
79,ind_cyl_k6,"Independent cylindrical mixture, K=6",cylindrical_mixture,independent,6,,train_bic,1,cylindrical_mixture,independent,0,1539783435,True,1147266.3291348387,1146562.2219258077,287614.7524729511,287009.0702676224,-573210.1109629038,-143433.5351338112,-3.8267071069409835,-3.8301032106013833,0.021781220902019695,0.0217073750829897,71,73,True,25.54140795800049,149792,37449
79,full_cyl_k3,"Full cylindrical mixture, K=3",cylindrical_mixture,full,3,,train_bic,1,cylindrical_mixture,full,0,30468266,True,1166973.3618287721,1166447.7606727348,292698.66051529476,292246.5315451198,-583170.8803363674,-146070.2657725599,-3.893204445740543,-3.9005117832935436,0.020379934895114162,0.020231554624147243,53,25,True,8.320394166999904,149792,37449
79,full_cyl_k6,"Full cylindrical mixture, K=6",cylindrical_mixture,full,6,,train_bic,1,cylindrical_mixture,full,0,424923947,True,1145673.9083245827,1144612.789009564,287558.3428533977,286645.55417776154,-572199.394504782,-143215.77708888077,-3.8199596407336975,-3.8242884212897748,0.021928685902076347,0.02183396659038733,107,34,True,16.8183314170019,149792,37449
79,gauss_vmf_tl_3x2,"Gaussian/vMF two-layer, (K,L)=(3,2)",two_layer_mixture,gaussian_vmf,3,2.0,train_bic,1,two_layer_mixture,gaussian_vmf,0,690842133,True,1170564.543307585,1170128.1951780445,293181.7319612834,292806.3796086854,-585020.0975890222,-146359.1898043427,-3.905549679482364,-3.9082269167225476,0.020129886464061893,0.02007606605952221,44,55,True,22.024621666998428,149792,37449
79,gauss_vmf_tl_6x4,"Gaussian/vMF two-layer, (K,L)=(6,4)",two_layer_mixture,gaussian_vmf,6,4.0,train_bic,1,two_layer_mixture,gaussian_vmf,0,938006270,True,1131251.199462338,1130011.5740943253,284063.9932145386,282997.6513037487,-564880.7870471627,-141373.82565187436,-3.7711011739422844,-3.775102823890474,0.023026692926971237,0.022934732282282905,125,49,True,51.74251258299773,149792,37449
79,vmf_gauss_tl_3x2,"vMF/Gaussian two-layer, (K,L)=(3,2)",two_layer_mixture,vmf_gaussian,3,2.0,train_bic,1,two_layer_mixture,vmf_gaussian,0,1735855633,True,1141904.2518817065,1141259.64669034,286426.6523963564,285872.15460274566,-570564.82334517,-142871.07730137283,-3.8090473679847388,-3.8150839088192696,0.022169288074405644,0.022035865372623878,65,24,True,10.93888537499879,149792,37449
79,vmf_gauss_tl_6x4,"vMF/Gaussian two-layer, (K,L)=(6,4)",two_layer_mixture,vmf_gaussian,6,4.0,train_bic,1,two_layer_mixture,vmf_gaussian,0,1772386356,True,1120608.9537848816,1118119.7860459127,282188.8137026981,280047.599145832,-558808.8930229563,-139772.799572916,-3.73056567121713,-3.7323506521647043,0.023979267617996226,0.023936503260297674,251,86,True,97.53533887500089,149792,37449
80,ind_cyl_k3,"Independent cylindrical mixture, K=3",cylindrical_mixture,independent,3,,train_bic,1,cylindrical_mixture,independent,0,1726743314,True,1185686.9155132682,1185339.8204102246,294690.32698365307,294391.7512486319,-592634.9102051123,-147160.87562431596,-3.9563855893846953,-3.9296343193227043,0.019132140884346033,0.019650857178108286,35,39,True,8.061287874996196,149792,37449
80,ind_cyl_k6,"Independent cylindrical mixture, K=6",cylindrical_mixture,independent,6,,train_bic,1,cylindrical_mixture,independent,0,1688354338,True,1147756.195291139,1147052.088082108,285679.56150709005,285073.8793017614,-573455.044041054,-142465.9396508807,-3.8283422615430327,-3.8042655251376725,0.021745634341116996,0.022275551992200392,71,39,True,13.960213917001965,149792,37449
80,full_cyl_k3,"Full cylindrical mixture, K=3",cylindrical_mixture,full,3,,train_bic,1,cylindrical_mixture,full,0,945920954,True,1168506.9142192027,1167981.3130631654,290333.4598906604,289881.3309204855,-583937.6565315827,-144887.66546024274,-3.898323385304841,-3.8689328275853225,0.02027587779827866,0.02088064078325627,53,27,True,7.1886519999970915,149792,37449
80,full_cyl_k6,"Full cylindrical mixture, K=6",cylindrical_mixture,full,6,,train_bic,1,cylindrical_mixture,full,0,1172731956,True,1142859.465937108,1141798.3466220894,284631.85449920763,283719.06582357147,-570792.1733110447,-141752.53291178573,-3.8105651390664703,-3.7852154373090263,0.022135665692058007,0.022703970967401708,107,66,True,21.7841682090002,149792,37449
80,gauss_vmf_tl_3x2,"Gaussian/vMF two-layer, (K,L)=(3,2)",two_layer_mixture,gaussian_vmf,3,2.0,train_bic,1,two_layer_mixture,gaussian_vmf,0,1214000588,True,1171195.4071211575,1170759.058991617,291168.2195576356,290792.86720503756,-585335.5294958085,-145352.43360251878,-3.907655478902802,-3.8813435232587996,0.02008754156139595,0.020623098947358507,44,49,True,20.14603524999984,149792,37449
80,gauss_vmf_tl_6x4,"Gaussian/vMF two-layer, (K,L)=(6,4)",two_layer_mixture,gaussian_vmf,6,4.0,train_bic,1,two_layer_mixture,gaussian_vmf,0,883175944,True,1132352.701291994,1131113.0759239814,282205.2695189119,281138.927608122,-565431.5379619907,-140444.463804061,-3.7747779451638985,-3.75028609052474,0.022942184499368974,0.023511018614102423,125,44,True,43.324354709002364,149792,37449
80,vmf_gauss_tl_3x2,"vMF/Gaussian two-layer, (K,L)=(3,2)",two_layer_mixture,vmf_gaussian,3,2.0,train_bic,1,two_layer_mixture,vmf_gaussian,0,765507159,True,1143128.690428213,1142484.0852368465,284409.0535991306,283854.55580551986,-571177.0426184232,-141862.27790275993,-3.8131344972924004,-3.788145955906965,0.022078864240212825,0.0226375339532339,65,24,True,10.722982125000271,149792,37449
80,vmf_gauss_tl_6x4,"vMF/Gaussian two-layer, (K,L)=(6,4)",two_layer_mixture,vmf_gaussian,6,4.0,train_bic,1,two_layer_mixture,vmf_gaussian,0,330998522,True,1122802.1511521058,1120312.9834131368,280722.87590869155,278581.66135182546,-559905.4917065684,-139039.83067591273,-3.737886480630263,-3.7127781963714046,0.023804360980143907,0.024409614281252667,251,55,True,57.276592958005494,149792,37449
81,ind_cyl_k3,"Independent cylindrical mixture, K=3",cylindrical_mixture,independent,3,,train_bic,1,cylindrical_mixture,independent,0,91799856,True,1184286.6191179724,1183939.5240149288,295381.6530043903,295083.07726936915,-591934.7620074644,-147506.53863468458,-3.951711453264957,-3.9388645527166166,0.019221776436293934,0.01947030970944434,35,34,True,8.87253987499571,149792,37449
81,ind_cyl_k6,"Independent cylindrical mixture, K=6",cylindrical_mixture,independent,6,,train_bic,1,cylindrical_mixture,independent,0,1955552269,True,1147078.8880928403,1146374.7808838093,286351.47390680586,285745.7917014772,-573116.3904419047,-142801.8958507386,-3.8260814358704383,-3.81323655773822,0.021794853045993594,0.02207661097647179,71,70,True,24.34453695800039,149792,37449
81,full_cyl_k3,"Full cylindrical mixture, K=3",cylindrical_mixture,full,3,,train_bic,1,cylindrical_mixture,full,0,206038282,True,1167039.0195535098,1166513.4183974725,291245.3524610078,290793.22349083284,-583203.7091987362,-145343.61174541642,-3.8934236087290124,-3.881107953361009,0.020375468857090732,0.02062795770093524,53,26,True,8.358097834003274,149792,37449
81,full_cyl_k6,"Full cylindrical mixture, K=6",cylindrical_mixture,full,6,,train_bic,1,cylindrical_mixture,full,0,719656022,True,1145355.419148688,1144294.2998336693,286451.39702948014,285538.60835384397,-572040.1499168347,-142662.30417692199,-3.8188965359754503,-3.8095090436839967,0.02195201078860308,0.022159055415098664,107,31,True,16.2758075830061,149792,37449
81,gauss_vmf_tl_3x2,"Gaussian/vMF two-layer, (K,L)=(3,2)",two_layer_mixture,gaussian_vmf,3,2.0,train_bic,1,two_layer_mixture,gaussian_vmf,0,819743915,True,1170362.4596086328,1169926.1114790924,291964.20436895615,291588.8520163581,-584919.0557395462,-145750.42600817906,-3.904875131779709,-3.8919711075910985,0.02014346961345699,0.020405085752871553,44,53,True,21.587722249998478,149792,37449
81,gauss_vmf_tl_6x4,"Gaussian/vMF two-layer, (K,L)=(6,4)",two_layer_mixture,gaussian_vmf,6,4.0,train_bic,1,two_layer_mixture,gaussian_vmf,0,1979000754,True,1130968.171569769,1129728.5462017565,282715.6731867093,281649.3312759194,-564739.2731008782,-140699.6656379597,-3.7701564375993257,-3.7571007406862584,0.023048457359844076,0.023351343928799694,125,55,True,60.6702680840026,149792,37449
81,vmf_gauss_tl_3x2,"vMF/Gaussian two-layer, (K,L)=(3,2)",two_layer_mixture,vmf_gaussian,3,2.0,train_bic,1,two_layer_mixture,vmf_gaussian,0,1246759501,True,1141972.2682452714,1141327.663053905,284740.34749177145,284185.8496981607,-570598.8315269524,-142027.92484908036,-3.809274404019924,-3.792569223452705,0.022164255418457096,0.022537623212849217,65,24,True,11.007610708002176,149792,37449
81,vmf_gauss_tl_6x4,"vMF/Gaussian two-layer, (K,L)=(6,4)",two_layer_mixture,vmf_gaussian,6,4.0,train_bic,1,two_layer_mixture,vmf_gaussian,0,1822235040,True,1121597.402933206,1119108.235194237,281733.688967776,279592.4744109099,-559303.1175971185,-139545.23720545496,-3.7338650768874073,-3.7262740581979483,0.02390028066310656,0.024082398495716643,251,48,True,53.18825791699783,149792,37449
82,ind_cyl_k3,"Independent cylindrical mixture, K=3",cylindrical_mixture,independent,3,,train_bic,1,cylindrical_mixture,independent,0,1473500765,True,1184135.4384549079,1183788.3433518643,295828.35493413714,295529.779199116,-591859.1716759321,-147729.889599558,-3.9512068179604527,-3.944828689672835,0.019231478871188673,0.019354531716853425,35,34,True,9.118449375004275,149792,37449
82,ind_cyl_k6,"Independent cylindrical mixture, K=6",cylindrical_mixture,independent,6,,train_bic,1,cylindrical_mixture,independent,0,1929215354,True,1146796.3750100483,1146092.2678010173,286808.093196447,286202.41099111835,-572975.1339005086,-143030.20549555917,-3.8251384179429384,-3.8193331062393967,0.021815415677084234,0.021942429285110882,71,68,True,24.23379041699809,149792,37449
82,full_cyl_k3,"Full cylindrical mixture, K=3",cylindrical_mixture,full,3,,train_bic,1,cylindrical_mixture,full,0,163119779,True,1166865.9408418357,1166340.3396857984,291729.41568205965,291277.2867118847,-583117.1698428992,-145585.64335594236,-3.8928458785709465,-3.887570919275344,0.020387243780971013,0.020495069800975197,53,28,True,8.87674133299879,149792,37449
82,full_cyl_k6,"Full cylindrical mixture, K=6",cylindrical_mixture,full,6,,train_bic,1,cylindrical_mixture,full,0,1467329351,True,1145939.4066929775,1144878.287377959,287083.5068914218,286170.71821578563,-572332.1436889794,-142978.35910789281,-3.8208458641915417,-3.8179486530452835,0.021909260794994376,0.02197282858977292,107,29,True,15.622450250004476,149792,37449
82,gauss_vmf_tl_3x2,"Gaussian/vMF two-layer, (K,L)=(3,2)",two_layer_mixture,gaussian_vmf,3,2.0,train_bic,1,two_layer_mixture,gaussian_vmf,0,1966472735,True,1169908.6265771813,1169472.2784476408,292650.90309935395,292275.5507467559,-584692.1392238204,-146093.77537337795,-3.903360254378207,-3.9011395597580165,0.02017400762519417,0.020218857716141504,44,68,True,27.784236250001413,149792,37449
82,gauss_vmf_tl_6x4,"Gaussian/vMF two-layer, (K,L)=(6,4)",two_layer_mixture,gaussian_vmf,6,4.0,train_bic,1,two_layer_mixture,gaussian_vmf,0,1009981878,True,1130621.4493321134,1129381.8239641008,283413.872254227,282347.5303434371,-564565.9119820504,-141048.76517171855,-3.768999091954513,-3.766422739504888,0.02307514783366175,0.023134674194825695,125,49,True,51.07590729199728,149792,37449
82,vmf_gauss_tl_3x2,"vMF/Gaussian two-layer, (K,L)=(3,2)",two_layer_mixture,vmf_gaussian,3,2.0,train_bic,1,two_layer_mixture,vmf_gaussian,0,1695070568,True,1141608.9634288962,1140964.3582375296,285397.31280595146,284842.8150123407,-570417.1791187648,-142356.40750617036,-3.808061706357915,-3.8013406901698406,0.02219115026354506,0.02234079967843777,65,24,True,11.353183708997676,149792,37449
82,vmf_gauss_tl_6x4,"vMF/Gaussian two-layer, (K,L)=(6,4)",two_layer_mixture,vmf_gaussian,6,4.0,train_bic,1,two_layer_mixture,vmf_gaussian,0,175695555,True,1120765.822036519,1118276.65429755,282229.5011968536,280088.2866399875,-558887.327148775,-139793.14331999375,-3.7310892914760134,-3.7328938908914457,0.023966714874400486,0.023923503556034995,251,50,True,52.56648304100236,149792,37449
83,ind_cyl_k3,"Independent cylindrical mixture, K=3",cylindrical_mixture,independent,3,,train_bic,1,cylindrical_mixture,independent,0,1038259607,True,1183980.0731865047,1183632.978083461,296338.5927905489,296040.0170555278,-591781.4890417305,-147985.0085277639,-3.9506882146024522,-3.9516411260050703,0.01924145496730547,0.019223128298696684,35,33,True,8.942957167004352,149792,37449
83,ind_cyl_k6,"Independent cylindrical mixture, K=6",cylindrical_mixture,independent,6,,train_bic,1,cylindrical_mixture,independent,0,408622235,True,1147355.6760487363,1146651.5688397053,287401.3831192193,286795.7009138906,-573254.7844198527,-143326.8504569453,-3.8270053435420626,-3.827254411518206,0.021774725913300347,0.02176930320172597,71,69,True,24.34822612500284,149792,37449
83,full_cyl_k3,"Full cylindrical mixture, K=3",cylindrical_mixture,full,3,,train_bic,1,cylindrical_mixture,full,0,1234239421,True,1166673.5666938992,1166147.965537862,292190.1356288265,291738.0066586516,-583020.982768931,-145816.0033293258,-3.892203740980366,-3.8937222176647115,0.020400339400715974,0.02036938546834327,53,26,True,8.667461332996027,149792,37449
83,full_cyl_k6,"Full cylindrical mixture, K=6",cylindrical_mixture,full,6,,train_bic,1,cylindrical_mixture,full,0,1884141185,True,1141604.3773835152,1140543.2580684966,286002.5451484515,285089.75647281535,-570164.6290342483,-142437.87823640768,-3.8063757012006536,-3.803516201671812,0.022228596215498657,0.022292249841286922,107,79,True,29.97688937500061,149792,37449
83,gauss_vmf_tl_3x2,"Gaussian/vMF two-layer, (K,L)=(3,2)",two_layer_mixture,gaussian_vmf,3,2.0,train_bic,1,two_layer_mixture,gaussian_vmf,0,1307751556,True,1170159.4145481715,1169723.066418631,292729.21858336596,292353.8662307679,-584817.5332093155,-146132.93311538396,-3.904197375088893,-3.902185188266281,0.020157126612302147,0.020197727351290124,44,64,True,25.931055833003484,149792,37449
83,gauss_vmf_tl_6x4,"Gaussian/vMF two-layer, (K,L)=(6,4)",two_layer_mixture,gaussian_vmf,6,4.0,train_bic,1,two_layer_mixture,gaussian_vmf,0,2118310077,True,1130968.347132068,1129728.7217640553,283512.83782186476,282446.49591107486,-564739.3608820277,-141098.24795553743,-3.7701570236196034,-3.767744077426298,0.023048443852984653,0.023104125659426385,125,50,True,50.91375912500371,149792,37449
83,vmf_gauss_tl_3x2,"vMF/Gaussian two-layer, (K,L)=(3,2)",two_layer_mixture,vmf_gaussian,3,2.0,train_bic,1,two_layer_mixture,vmf_gaussian,0,854677122,True,1141665.029282038,1141020.4240906716,285911.4779037694,285356.9801101587,-570445.2120453358,-142613.49005507934,-3.8082488520437394,-3.8082055610317855,0.02218699767409148,0.022187958192463768,65,24,True,11.06006137499935,149792,37449
83,vmf_gauss_tl_6x4,"vMF/Gaussian two-layer, (K,L)=(6,4)",two_layer_mixture,vmf_gaussian,6,4.0,train_bic,1,two_layer_mixture,vmf_gaussian,0,1065512484,True,1121638.79036736,1119149.622628391,282394.0149574323,280252.8004005662,-559323.8113141955,-139875.4002002831,-3.734003226568812,-3.735090394944674,0.02389697907500939,0.02387101315230292,251,42,True,46.33598274999531,149792,37449
84,ind_cyl_k3,"Independent cylindrical mixture, K=3",cylindrical_mixture,independent,3,,train_bic,1,cylindrical_mixture,independent,0,1980205439,True,1184014.049355015,1183666.9542519713,297048.6575203574,296750.08178533625,-591798.4771259857,-148340.04089266813,-3.9508016257609597,-3.9611215491112746,0.019239272895344252,0.019041746057721493,35,34,True,8.967682166992745,149792,37449
84,ind_cyl_k6,"Independent cylindrical mixture, K=6",cylindrical_mixture,independent,6,,train_bic,1,cylindrical_mixture,independent,0,1027548145,True,1146799.0441264114,1146094.9369173804,288139.0022370469,287533.32003171823,-572976.4684586902,-143695.66001585912,-3.825147327351863,-3.8371027267980216,0.021815221315490935,0.02155596447817419,71,55,True,20.866116333003447,149792,37449
84,full_cyl_k3,"Full cylindrical mixture, K=3",cylindrical_mixture,full,3,,train_bic,1,cylindrical_mixture,full,0,1004102195,True,1166996.8114084464,1166471.210252409,292766.71765863016,292314.58868845523,-583182.6051262046,-146104.29434422762,-3.8932827195458004,-3.90142044765488,0.02037833974248917,0.020213179281259784,53,13,True,6.517056332995708,149792,37449
84,full_cyl_k6,"Full cylindrical mixture, K=6",cylindrical_mixture,full,6,,train_bic,1,cylindrical_mixture,full,0,1834897917,True,1141609.050496186,1140547.9311811673,287163.45550181123,286250.66682617506,-570166.9655905836,-143018.33341308753,-3.8063912998730483,-3.8190160862262683,0.0222282494816128,0.021949386577073043,107,63,True,25.268672124999284,149792,37449
84,gauss_vmf_tl_3x2,"Gaussian/vMF two-layer, (K,L)=(3,2)",two_layer_mixture,gaussian_vmf,3,2.0,train_bic,1,two_layer_mixture,gaussian_vmf,0,388309963,True,1169902.7118616714,1169466.363732131,293908.94727886765,293533.5949262696,-584689.1818660655,-146722.7974631348,-3.9033405112827486,-3.9179363257532858,0.020174405926484333,0.01988208257884366,44,64,True,26.007804125001712,149792,37449
84,gauss_vmf_tl_6x4,"Gaussian/vMF two-layer, (K,L)=(6,4)",two_layer_mixture,gaussian_vmf,6,4.0,train_bic,1,two_layer_mixture,gaussian_vmf,0,1626861488,True,1130621.795794662,1129382.1704266495,284576.5141818127,283510.1722710228,-564566.0852133248,-141630.0861355114,-3.769000248433326,-3.781945743157665,0.023075121147757602,0.02277832750380775,125,48,True,53.446427374998166,149792,37449
84,vmf_gauss_tl_3x2,"vMF/Gaussian two-layer, (K,L)=(3,2)",two_layer_mixture,vmf_gaussian,3,2.0,train_bic,1,two_layer_mixture,vmf_gaussian,0,1500640258,True,1141404.464718657,1140759.8595272906,286853.72014870046,286299.22235508973,-570314.9297636453,-143084.61117754487,-3.807379097439418,-3.820785900225503,0.022206303311841237,0.021910574600554723,65,24,True,11.072262499998033,149792,37449
84,vmf_gauss_tl_6x4,"vMF/Gaussian two-layer, (K,L)=(6,4)",two_layer_mixture,vmf_gaussian,6,4.0,train_bic,1,two_layer_mixture,vmf_gaussian,0,1239575699,True,1120328.0719256536,1117838.9041866846,282890.60188862856,280749.38733176247,-558668.4520933423,-140123.69366588123,-3.729628098251858,-3.7417205710668173,0.024001760473740922,0.023713267648987763,251,74,True,82.80820512500213,149792,37449
85,ind_cyl_k3,"Independent cylindrical mixture, K=3",cylindrical_mixture,independent,3,,train_bic,1,cylindrical_mixture,independent,0,1373939341,True,1184340.4918096387,1183993.396706595,296338.5818482191,296040.00611319795,-591961.6983532975,-147985.00305659897,-3.9518912782611726,-3.9516409799086483,0.019218320191187965,0.019223131107127155,35,32,True,8.642887709000206,149792,37449
85,ind_cyl_k6,"Independent cylindrical mixture, K=6",cylindrical_mixture,independent,6,,train_bic,1,cylindrical_mixture,independent,0,264494883,True,1147563.3276190844,1146859.2204100534,287441.6833544012,286836.00114907254,-573358.6102050267,-143347.00057453627,-3.827698476587713,-3.8277924797601077,0.02175963836065456,0.021757592981756058,71,88,True,28.827025624996168,149792,37449
85,full_cyl_k3,"Full cylindrical mixture, K=3",cylindrical_mixture,full,3,,train_bic,1,cylindrical_mixture,full,0,512590564,True,1167031.8502306144,1166506.2490745771,292198.55216993496,291746.42319976,-583200.1245372886,-145820.21159988,-3.893399677801809,-3.8938345910406156,0.02037595646678714,0.0203670966203383,53,26,True,8.39514870900166,149792,37449
85,full_cyl_k6,"Full cylindrical mixture, K=6",cylindrical_mixture,full,6,,train_bic,1,cylindrical_mixture,full,0,345005503,True,1141674.6295763499,1140613.5102613312,286228.2523621631,285315.4636865269,-570199.7551306656,-142550.73184326346,-3.806610200348921,-3.8065297295859293,0.02222338423974476,0.022225172644386972,107,64,True,25.61288445899845,149792,37449
85,gauss_vmf_tl_3x2,"Gaussian/vMF two-layer, (K,L)=(3,2)",two_layer_mixture,gaussian_vmf,3,2.0,train_bic,1,two_layer_mixture,gaussian_vmf,0,2041001633,True,1170325.5731978535,1169889.225068313,292873.969106542,292498.61675394396,-584900.6125341565,-146205.30837697198,-3.904752006343173,-3.9041178236260508,0.02014594993963899,0.020158730204994084,44,49,True,19.920155207997595,149792,37449
85,gauss_vmf_tl_6x4,"Gaussian/vMF two-layer, (K,L)=(6,4)",two_layer_mixture,gaussian_vmf,6,4.0,train_bic,1,two_layer_mixture,gaussian_vmf,0,9760075,True,1131089.9655079828,1129850.3401399702,283828.38404182415,282762.04213103425,-564800.1700699851,-141256.02106551712,-3.7705629811337396,-3.7719570900562664,0.023039089062965513,0.023006992441627457,125,50,True,54.24820329200156,149792,37449
85,vmf_gauss_tl_3x2,"vMF/Gaussian two-layer, (K,L)=(3,2)",two_layer_mixture,vmf_gaussian,3,2.0,train_bic,1,two_layer_mixture,vmf_gaussian,0,137289093,True,1141648.0648165054,1141003.459625139,286325.43859659566,285770.94080298493,-570436.7298125695,-142820.47040149246,-3.808192225302883,-3.813732553646091,0.0221882540870321,0.022065663782873838,65,24,True,11.040433040994685,149792,37449
85,vmf_gauss_tl_6x4,"vMF/Gaussian two-layer, (K,L)=(6,4)",two_layer_mixture,vmf_gaussian,6,4.0,train_bic,1,two_layer_mixture,vmf_gaussian,0,1283311337,True,1121564.8340335288,1119075.6662945598,282296.1485475157,280154.9339906496,-559286.8331472799,-139826.4669953248,-3.733756363138752,-3.733783732418083,0.023902879093451353,0.023902224897829102,251,47,True,48.480460541002685,149792,37449
86,ind_cyl_k3,"Independent cylindrical mixture, K=3",cylindrical_mixture,independent,3,,train_bic,1,cylindrical_mixture,independent,0,1546409917,True,1183647.8738242495,1183300.778721206,295675.4135286495,295376.83779362834,-591615.389360603,-147653.41889681417,-3.9495793457634782,-3.942786693818638,0.01926280305106021,0.01939409396961017,35,34,True,9.225975916997413,149792,37449
86,ind_cyl_k6,"Independent cylindrical mixture, K=6",cylindrical_mixture,independent,6,,train_bic,1,cylindrical_mixture,independent,0,811422559,True,1146527.9669614022,1145823.8597523712,286479.8630854521,285874.18088012346,-572840.9298761856,-142866.09044006173,-3.824242482083059,-3.8149507447478364,0.021834969648531617,0.02203879995356049,71,50,True,19.246708792008576,149792,37449
86,full_cyl_k3,"Full cylindrical mixture, K=3",cylindrical_mixture,full,3,,train_bic,1,cylindrical_mixture,full,0,1228980609,True,1166473.2034830146,1165947.6023269773,291495.32556848746,291043.1965983125,-582920.8011634886,-145468.59829915626,-3.891534936201457,-3.8844454671461524,0.02041398780875005,0.020559226367435363,53,26,True,8.491334417005419,149792,37449
86,full_cyl_k6,"Full cylindrical mixture, K=6",cylindrical_mixture,full,6,,train_bic,1,cylindrical_mixture,full,0,1874969545,True,1140873.131759458,1139812.0124444393,285608.2889808148,284695.50030517863,-569799.0062222197,-142240.75015258932,-3.8039348311139425,-3.7982522938553585,0.022282919602264667,0.0224099035770129,107,80,True,30.72847170800378,149792,37449
86,gauss_vmf_tl_3x2,"Gaussian/vMF two-layer, (K,L)=(3,2)",two_layer_mixture,gaussian_vmf,3,2.0,train_bic,1,two_layer_mixture,gaussian_vmf,0,2127279236,True,1169659.5004207555,1169223.152291215,292439.29627707996,292063.9439244819,-584567.5761456075,-145987.97196224096,-3.902528680741345,-3.8983142930983727,0.020190790775330588,0.020276062151584014,44,50,True,20.801740791997872,149792,37449
86,gauss_vmf_tl_6x4,"Gaussian/vMF two-layer, (K,L)=(6,4)",two_layer_mixture,gaussian_vmf,6,4.0,train_bic,1,two_layer_mixture,gaussian_vmf,0,125643935,True,1130429.6176738434,1129189.9923058308,282990.66210040665,281924.32018961676,-564469.9961529154,-140837.16009480838,-3.7683587651738106,-3.7607722527920204,0.02308992820041562,0.023265766382509982,125,53,True,58.32222954099416,149792,37449
86,vmf_gauss_tl_3x2,"vMF/Gaussian two-layer, (K,L)=(3,2)",two_layer_mixture,vmf_gaussian,3,2.0,train_bic,1,two_layer_mixture,vmf_gaussian,0,680079518,True,1141302.6716894887,1140658.0664981222,285042.4689635808,284487.97116997006,-570264.0332490611,-142178.98558498503,-3.807039316178842,-3.796602995673717,0.022213849879591817,0.022446894686532846,65,25,True,11.73739341700275,149792,37449
86,vmf_gauss_tl_6x4,"vMF/Gaussian two-layer, (K,L)=(6,4)",two_layer_mixture,vmf_gaussian,6,4.0,train_bic,1,two_layer_mixture,vmf_gaussian,0,1110628884,True,1120387.448499737,1117898.280760768,281759.9920093847,279618.7774525186,-558698.140380384,-139558.3887262593,-3.729826294998291,-3.7266252430307696,0.023997003874293196,0.02407394260750374,251,55,True,63.60956395800167,149792,37449
87,ind_cyl_k3,"Independent cylindrical mixture, K=3",cylindrical_mixture,independent,3,,train_bic,1,cylindrical_mixture,independent,0,1894026663,True,1183443.700964423,1183096.6058613793,296225.1799172934,295926.6041822723,-591513.3029306896,-147928.30209113614,-3.9488978245212674,-3.9501268950075072,0.019275935535049128,0.019252258604876935,35,32,True,8.839797042004648,149792,37449
87,ind_cyl_k6,"Independent cylindrical mixture, K=6",cylindrical_mixture,independent,6,,train_bic,1,cylindrical_mixture,independent,0,1034221242,True,1146372.8640483066,1145668.7568392756,287212.22249348287,286606.5402881542,-572763.3784196378,-143232.2701440771,-3.8237247544570994,-3.824728835057735,0.021846277142379057,0.021824352728085798,71,80,True,28.033395666992874,149792,37449
87,full_cyl_k3,"Full cylindrical mixture, K=3",cylindrical_mixture,full,3,,train_bic,1,cylindrical_mixture,full,0,907920251,True,1166246.6984246213,1165721.097268584,291993.6105826515,291541.4816124766,-582807.548634292,-145717.7408062383,-3.8907788709296356,-3.891098315208371,0.020429427952134222,0.02042290293050298,53,26,True,8.564704750009696,149792,37449
87,full_cyl_k6,"Full cylindrical mixture, K=6",cylindrical_mixture,full,6,,train_bic,1,cylindrical_mixture,full,0,2108412950,True,1141102.2762945595,1140041.1569795408,286138.511820707,285225.72314507084,-569913.5784897704,-142505.86157253542,-3.8046997068586466,-3.8053315595218944,0.022265882454021037,0.02225181814064775,107,57,True,23.565329542005202,149792,37449
87,gauss_vmf_tl_3x2,"Gaussian/vMF two-layer, (K,L)=(3,2)",two_layer_mixture,gaussian_vmf,3,2.0,train_bic,1,two_layer_mixture,gaussian_vmf,0,1123345607,True,1169539.3349353704,1169102.98680583,292753.26408995455,292377.9117373565,-584507.493402915,-146144.95586867825,-3.9021275729205493,-3.9025062316397836,0.020198891083858566,0.02019124404553104,44,51,True,20.474396124991472,149792,37449
87,gauss_vmf_tl_6x4,"Gaussian/vMF two-layer, (K,L)=(6,4)",two_layer_mixture,gaussian_vmf,6,4.0,train_bic,1,two_layer_mixture,gaussian_vmf,0,653007732,True,1130268.704065726,1129029.0786977133,283596.4023054678,282530.0603946779,-564389.5393488567,-141140.03019733896,-3.7678216416688253,-3.7688597879072594,0.02310233367491821,0.0230783625190501,125,46,True,49.140841000000364,149792,37449
87,vmf_gauss_tl_3x2,"vMF/Gaussian two-layer, (K,L)=(3,2)",two_layer_mixture,vmf_gaussian,3,2.0,train_bic,1,two_layer_mixture,vmf_gaussian,0,1521777387,True,1141083.6129075238,1140439.0077161572,285856.28766314586,285301.78986953513,-570154.5038580786,-142585.89493476757,-3.806308106294586,-3.8074686890108564,0.02223009880615502,0.022204313903350138,65,25,True,11.200456542006577,149792,37449
87,vmf_gauss_tl_6x4,"vMF/Gaussian two-layer, (K,L)=(6,4)",two_layer_mixture,vmf_gaussian,6,4.0,train_bic,1,two_layer_mixture,vmf_gaussian,0,1486536945,True,1120506.4388556425,1118017.2711166735,282292.0374335629,280150.8228766968,-558757.6355583367,-139824.4114383484,-3.730223480281569,-3.733728842915656,0.023987474510098458,0.023903536915068295,251,56,True,59.19847837500856,149792,37449
88,ind_cyl_k3,"Independent cylindrical mixture, K=3",cylindrical_mixture,independent,3,,train_bic,1,cylindrical_mixture,independent,0,5226763,True,1184002.8601875696,1183655.765084526,296200.8645502961,295902.28881527495,-591792.882542263,-147916.14440763748,-3.9507642767455073,-3.9498022485950885,0.01923999147666398,0.019258509796222484,35,33,True,8.730505749990698,149792,37449
88,ind_cyl_k6,"Independent cylindrical mixture, K=6",cylindrical_mixture,independent,6,,train_bic,1,cylindrical_mixture,independent,0,5384566,True,1147117.280364732,1146413.173155701,287209.22163858847,286603.5394332598,-573135.5865778505,-143230.7697166299,-3.826209587814106,-3.824688769169535,0.021792060172173725,0.02182522715767952,71,118,True,36.88802070800739,149792,37449
88,full_cyl_k3,"Full cylindrical mixture, K=3",cylindrical_mixture,full,3,,train_bic,1,cylindrical_mixture,full,0,1926102949,True,1166734.2001778677,1166208.5990218304,292007.68130060245,291555.5523304275,-583051.2995109152,-145724.77616521376,-3.8924061332442,-3.8912861802775445,0.020396210947639253,0.020419066540804307,53,26,True,8.595294500002638,149792,37449
88,full_cyl_k6,"Full cylindrical mixture, K=6",cylindrical_mixture,full,6,,train_bic,1,cylindrical_mixture,full,0,79296521,True,1141475.9712542417,1140414.851939223,285963.9371676062,285051.14849197003,-570100.4259696115,-142418.57424598502,-3.805947086423918,-3.803000727549067,0.02223812576240913,0.022303743881403475,107,63,True,24.908161374987685,149792,37449
88,gauss_vmf_tl_3x2,"Gaussian/vMF two-layer, (K,L)=(3,2)",two_layer_mixture,gaussian_vmf,3,2.0,train_bic,1,two_layer_mixture,gaussian_vmf,0,2037767308,True,1170149.7091010846,1169713.3609715442,292688.5969434886,292313.24459089054,-584812.6804857721,-146112.62229544527,-3.904164978675577,-3.901642828792365,0.020157779641484987,0.020208684751226908,44,72,True,28.579756166989682,149792,37449
88,gauss_vmf_tl_6x4,"Gaussian/vMF two-layer, (K,L)=(6,4)",two_layer_mixture,gaussian_vmf,6,4.0,train_bic,1,two_layer_mixture,gaussian_vmf,0,1225201344,True,1130915.6041603796,1129675.978792367,283504.6292103557,282438.2872995658,-564712.9893961835,-141094.1436497829,-3.7699809695857156,-3.767634480220644,0.023052501981714293,0.023106657945800958,125,51,True,54.89101591600047,149792,37449
88,vmf_gauss_tl_3x2,"vMF/Gaussian two-layer, (K,L)=(3,2)",two_layer_mixture,vmf_gaussian,3,2.0,train_bic,1,two_layer_mixture,vmf_gaussian,0,1633177671,True,1141443.684624078,1140799.0794327115,286033.6576665845,285479.15987297375,-570334.5397163557,-142674.57993648687,-3.8075100119923344,-3.8098368430795713,0.022203396373855634,0.022151792880519345,65,24,True,11.051350749999983,149792,37449
88,vmf_gauss_tl_6x4,"vMF/Gaussian two-layer, (K,L)=(6,4)",two_layer_mixture,vmf_gaussian,6,4.0,train_bic,1,two_layer_mixture,vmf_gaussian,0,16280219,True,1121036.4527684636,1118547.2850294947,282050.3308858024,279909.1163289363,-559022.6425147473,-139703.55816446815,-3.7319926465682234,-3.7305017000311933,0.023945074196555075,0.023980801649250014,251,63,True,66.59293487499235,149792,37449
89,ind_cyl_k3,"Independent cylindrical mixture, K=3",cylindrical_mixture,independent,3,,train_bic,1,cylindrical_mixture,independent,0,2065012138,True,1183777.078949329,1183429.9838462854,296378.55466477736,296079.9789297562,-591679.9919231427,-148004.9894648781,-3.9500106275578313,-3.952174676623624,0.019254497146017638,0.019212874522399972,35,32,True,8.70704479199776,149792,37449
89,ind_cyl_k6,"Independent cylindrical mixture, K=6",cylindrical_mixture,independent,6,,train_bic,1,cylindrical_mixture,independent,0,296025631,True,1146848.0297334117,1146143.9225243807,287044.9654951577,286439.28328982904,-573000.9612621904,-143148.64164491452,-3.8253108394453,-3.8224957046894312,0.021811654554597062,0.021873143811079788,71,44,True,17.999377583008027,149792,37449
89,full_cyl_k3,"Full cylindrical mixture, K=3",cylindrical_mixture,full,3,,train_bic,1,cylindrical_mixture,full,0,954743606,True,1166632.1354434066,1166106.5342873693,292107.3361608631,291655.2071906882,-583000.2671436847,-145774.6035953441,-3.892065445041689,-3.8926167212834546,0.020403160879897783,0.02039191620179449,53,26,True,8.397155917002237,149792,37449
89,full_cyl_k6,"Full cylindrical mixture, K=6",cylindrical_mixture,full,6,,train_bic,1,cylindrical_mixture,full,0,319581196,True,1141282.6995001142,1140221.5801850955,286125.74827359244,285212.9595979563,-570003.7900925478,-142499.47979897814,-3.805301952658004,-3.805161147132851,0.022252476956951445,0.02225561044925667,107,67,True,27.049668958992697,149792,37449
89,gauss_vmf_tl_3x2,"Gaussian/vMF two-layer, (K,L)=(3,2)",two_layer_mixture,gaussian_vmf,3,2.0,train_bic,1,two_layer_mixture,gaussian_vmf,0,1453421683,True,1169653.2630949512,1169216.9149654107,293141.7900382283,292766.4376856303,-584564.4574827054,-146339.21884281514,-3.902507860784991,-3.9076936324819127,0.020191211151089374,0.020086775164410337,44,64,True,25.855062167000142,149792,37449
89,gauss_vmf_tl_6x4,"Gaussian/vMF two-layer, (K,L)=(6,4)",two_layer_mixture,gaussian_vmf,6,4.0,train_bic,1,two_layer_mixture,gaussian_vmf,0,1087376750,True,1130811.976633315,1129572.3512653024,283609.89318903943,282543.55127824954,-564661.1756326512,-141146.77563912477,-3.7696350648409207,-3.769039911322726,0.023060477330805185,0.02307420593992964,125,41,True,44.25364920900029,149792,37449
89,vmf_gauss_tl_3x2,"vMF/Gaussian two-layer, (K,L)=(3,2)",two_layer_mixture,vmf_gaussian,3,2.0,train_bic,1,two_layer_mixture,vmf_gaussian,0,2133625715,True,1141547.3101708635,1140902.704979497,285853.2712015376,285298.77340792684,-570386.3524897485,-142584.38670396342,-3.807855910127033,-3.807428414749751,0.02219571758858126,0.02220520818369407,65,24,True,11.131979416997638,149792,37449
89,vmf_gauss_tl_6x4,"vMF/Gaussian two-layer, (K,L)=(6,4)",two_layer_mixture,vmf_gaussian,6,4.0,train_bic,1,two_layer_mixture,vmf_gaussian,0,1921099460,True,1121635.3747288315,1119146.2069898625,282349.4575636276,280208.24300676154,-559322.1034949312,-139853.12150338077,-3.733991825297287,-3.734495487286196,0.02389725153250963,0.0238852184258369,251,53,True,63.168035750000854,149792,37449
90,ind_cyl_k3,"Independent cylindrical mixture, K=3",cylindrical_mixture,independent,3,,train_bic,1,cylindrical_mixture,independent,0,599656062,True,1184238.0668304402,1183890.9717273966,297257.18150258705,296958.6057675659,-591910.4858636983,-148444.30288378295,-3.9515493875754264,-3.963905655258697,0.019224891879192466,0.01898880554566331,35,34,True,9.371529416996054,149792,37449
90,ind_cyl_k6,"Independent cylindrical mixture, K=6",cylindrical_mixture,independent,6,,train_bic,1,cylindrical_mixture,independent,0,410330629,True,1146454.8757373695,1145750.7685283385,288323.4151732943,287717.73296796565,-572804.3842641693,-143787.86648398283,-3.8239985063566095,-3.8395649145232937,0.021840297501020536,0.021502954933534973,71,42,True,17.769969750006567,149792,37449
90,full_cyl_k3,"Full cylindrical mixture, K=3",cylindrical_mixture,full,3,,train_bic,1,cylindrical_mixture,full,0,723206912,True,1166743.4717303636,1166217.8705743263,293326.17076269095,292874.041792516,-583055.9352871631,-146384.020896258,-3.8924370813338705,-3.90888998094096,0.02039557973364139,0.020062758750759354,53,26,True,8.82160508299421,149792,37449
90,full_cyl_k6,"Full cylindrical mixture, K=6",cylindrical_mixture,full,6,,train_bic,1,cylindrical_mixture,full,0,1374955503,True,1145605.2874991943,1144544.1681841756,288290.5078681854,287377.71919254924,-572165.0840920878,-143581.85959627462,-3.819730587027931,-3.8340639161599674,0.021933709324139565,0.021621568601112938,107,37,True,17.588734749995638,149792,37449
90,gauss_vmf_tl_3x2,"Gaussian/vMF two-layer, (K,L)=(3,2)",two_layer_mixture,gaussian_vmf,3,2.0,train_bic,1,two_layer_mixture,gaussian_vmf,0,263638586,True,1170452.7447473116,1170016.3966177711,293705.92490366526,293330.5725510672,-584964.1983088856,-146621.2862755336,-3.9051765001394303,-3.915225674264563,0.02013739992371265,0.019936049084735855,44,72,True,28.359562249999726,149792,37449
90,gauss_vmf_tl_6x4,"Gaussian/vMF two-layer, (K,L)=(6,4)",two_layer_mixture,gaussian_vmf,6,4.0,train_bic,1,two_layer_mixture,gaussian_vmf,0,1623601690,True,1130828.582753503,1129588.9573854904,284883.5499739678,283817.2080631779,-564669.4786927452,-141783.60403158894,-3.7696904954386428,-3.786045128884321,0.023059199110189575,0.02268514148637537,125,49,True,54.02090237499215,149792,37449
90,vmf_gauss_tl_3x2,"vMF/Gaussian two-layer, (K,L)=(3,2)",two_layer_mixture,vmf_gaussian,3,2.0,train_bic,1,two_layer_mixture,vmf_gaussian,0,154067800,True,1141469.848863252,1140825.2436718855,287297.2744019361,286742.77660832537,-570347.6218359427,-143306.38830416268,-3.807597347227774,-3.826708011005973,0.022201457319680876,0.02178120121038935,65,24,True,10.803756250010338,149792,37449
90,vmf_gauss_tl_6x4,"vMF/Gaussian two-layer, (K,L)=(6,4)",two_layer_mixture,vmf_gaussian,6,4.0,train_bic,1,two_layer_mixture,vmf_gaussian,0,1051345238,True,1120432.3009745849,1117943.133235616,282933.32451911137,280792.1099622453,-558720.566617808,-140145.05498112264,-3.72997601085377,-3.7422909818986523,0.023993411411260275,0.023699745201304544,251,65,True,76.44187833298929,149792,37449
91,ind_cyl_k3,"Independent cylindrical mixture, K=3",cylindrical_mixture,independent,3,,train_bic,1,cylindrical_mixture,independent,0,1203395983,True,1183803.1792714738,1183456.0841684302,295855.83549084695,295557.2597558258,-591693.0420842151,-147743.6298779129,-3.9500977494406584,-3.9451955960883573,0.019252819731044226,0.01934743171759437,35,29,True,8.467766708999989,149792,37449
91,ind_cyl_k6,"Independent cylindrical mixture, K=6",cylindrical_mixture,independent,6,,train_bic,1,cylindrical_mixture,independent,0,160174878,True,1146688.1438892887,1145984.0366802576,286629.63647317205,286023.9542678434,-572921.0183401288,-142940.9771339217,-3.8247771465774463,-3.8169504428401746,0.02182329838590743,0.021994773042272393,71,45,True,18.375479666996398,149792,37449
91,full_cyl_k3,"Full cylindrical mixture, K=3",cylindrical_mixture,full,3,,train_bic,1,cylindrical_mixture,full,0,1716045919,True,1166496.4447126486,1165970.8435566113,291763.48176418175,291311.3527940068,-582932.4217783057,-145602.6763970034,-3.891612514542203,-3.8880257522765205,0.020412404186876013,0.020485750086485822,53,26,True,8.350951667001937,149792,37449
91,full_cyl_k6,"Full cylindrical mixture, K=6",cylindrical_mixture,full,6,,train_bic,1,cylindrical_mixture,full,0,1614670948,True,1141418.5367229874,1140357.4174079688,285751.79593629565,284839.0072606595,-570071.7087039844,-142312.50363032974,-3.8057553721426003,-3.8001683257317884,0.022242389537407745,0.022367006596526167,107,88,True,33.38133283299976,149792,37449
91,gauss_vmf_tl_3x2,"Gaussian/vMF two-layer, (K,L)=(3,2)",two_layer_mixture,gaussian_vmf,3,2.0,train_bic,1,two_layer_mixture,gaussian_vmf,0,572563260,True,1169868.2566588244,1169431.908529284,292524.13183832465,292148.7794857266,-584671.954264642,-146030.3897428633,-3.9032255011258408,-3.8994469743614864,0.0201767263215074,0.020253108837743474,44,57,True,23.762465332998545,149792,37449
91,gauss_vmf_tl_6x4,"Gaussian/vMF two-layer, (K,L)=(6,4)",two_layer_mixture,gaussian_vmf,6,4.0,train_bic,1,two_layer_mixture,gaussian_vmf,0,724313599,True,1130423.9640553065,1129184.338687294,283167.3019099158,282100.9599991259,-564467.169343647,-140925.47999956296,-3.7683398936101193,-3.7631306576827943,0.023090363947577887,0.023210960937403415,125,50,True,56.94331995799439,149792,37449
91,vmf_gauss_tl_3x2,"vMF/Gaussian two-layer, (K,L)=(3,2)",two_layer_mixture,vmf_gaussian,3,2.0,train_bic,1,two_layer_mixture,vmf_gaussian,0,1059812581,True,1141283.686128241,1140639.0809368745,285341.1768005422,284786.6790069315,-570254.5404684372,-142328.33950346574,-3.8069759430973433,-3.8005911907785452,0.02221525768431862,0.02235755037073051,65,25,True,9.688800208008615,149792,37449
91,vmf_gauss_tl_6x4,"vMF/Gaussian two-layer, (K,L)=(6,4)",two_layer_mixture,vmf_gaussian,6,4.0,train_bic,1,two_layer_mixture,vmf_gaussian,0,1694504046,True,1121145.1116291734,1118655.9438902044,282041.90695382433,279900.69239695824,-559076.9719451022,-139699.34619847912,-3.7323553457134038,-3.7303892279761577,0.02393639091341758,0.02398349897097672,251,48,True,54.90993104199879,149792,37449
92,ind_cyl_k3,"Independent cylindrical mixture, K=3",cylindrical_mixture,independent,3,,train_bic,1,cylindrical_mixture,independent,0,1627129449,True,1184250.1713604368,1183903.0762573932,295783.0978267358,295484.52209171467,-591916.5381286966,-147707.26104585733,-3.951589792036268,-3.944224439794316,0.019224115123493656,0.01936623022434705,35,34,True,9.034699666997767,149792,37449
92,ind_cyl_k6,"Independent cylindrical mixture, K=6",cylindrical_mixture,independent,6,,train_bic,1,cylindrical_mixture,independent,0,196802888,True,1147201.1137620225,1146497.0065529915,286612.822496657,286007.14029132837,-573177.5032764957,-142932.57014566418,-3.826489420506407,-3.8167259511779803,0.021785962894453566,0.021999711239703575,71,55,True,21.103917041007662,149792,37449
92,full_cyl_k3,"Full cylindrical mixture, K=3",cylindrical_mixture,full,3,,train_bic,1,cylindrical_mixture,full,0,117256566,True,1166875.738071763,1166350.1369157257,291759.93319112674,291307.8042209518,-583122.0684578628,-145600.9021104759,-3.8928785813518934,-3.8879783735340303,0.020386577072305206,0.020486720698556896,53,26,True,8.286329082999146,149792,37449
92,full_cyl_k6,"Full cylindrical mixture, K=6",cylindrical_mixture,full,6,,train_bic,1,cylindrical_mixture,full,0,1550484172,True,1145391.0637967798,1144329.9444817612,286621.89931129053,285709.11063565436,-572057.9722408806,-142747.55531782718,-3.819015516455355,-3.8117855034267185,0.021949399083198637,0.022108668591057534,107,34,True,16.847237082998618,149792,37449
92,gauss_vmf_tl_3x2,"Gaussian/vMF two-layer, (K,L)=(3,2)",two_layer_mixture,gaussian_vmf,3,2.0,train_bic,1,two_layer_mixture,gaussian_vmf,0,267643519,True,1170541.4975123126,1170105.1493827722,292139.0697412167,291763.7173886187,-585008.5746913861,-145837.85869430934,-3.905472753494086,-3.894305821098276,0.020131435035033975,0.020357501293204357,44,63,True,25.653364042009343,149792,37449
92,gauss_vmf_tl_6x4,"Gaussian/vMF two-layer, (K,L)=(6,4)",two_layer_mixture,gaussian_vmf,6,4.0,train_bic,1,two_layer_mixture,gaussian_vmf,0,892296283,True,1130944.1518311934,1129704.5264631808,283144.9470152038,282078.60510441393,-564727.2632315904,-140914.30255220697,-3.7700762606253364,-3.762832186499158,0.023050305389494034,0.02321788977436539,125,48,True,51.20791170900338,149792,37449
92,vmf_gauss_tl_3x2,"vMF/Gaussian two-layer, (K,L)=(3,2)",two_layer_mixture,vmf_gaussian,3,2.0,train_bic,1,two_layer_mixture,vmf_gaussian,0,1787082778,True,1141824.6775631455,1141180.072371779,285257.22712954803,284702.7293359373,-570525.0361858895,-142286.36466796865,-3.8087817519352805,-3.7994703374714587,0.022175177375235056,0.022382623954281398,65,25,True,11.203008582990151,149792,37449
92,vmf_gauss_tl_6x4,"vMF/Gaussian two-layer, (K,L)=(6,4)",two_layer_mixture,vmf_gaussian,6,4.0,train_bic,1,two_layer_mixture,vmf_gaussian,0,1836767544,True,1120105.8951645247,1117616.7274255557,281819.3744628737,279678.1599060076,-558557.3637127778,-139588.0799530038,-3.7288864806717172,-3.7274180873455576,0.0240195672033383,0.024054863283439098,251,80,True,86.46555920800893,149792,37449
93,ind_cyl_k3,"Independent cylindrical mixture, K=3",cylindrical_mixture,independent,3,,train_bic,1,cylindrical_mixture,independent,0,1514112446,True,1184582.2840801708,1184235.1889771272,296537.072366195,296238.4966311738,-592082.5944885636,-148084.2483155869,-3.9526983716658006,-3.95429112434476,0.01920281546943461,0.019172254478163217,35,32,True,8.606885000001057,149792,37449
93,ind_cyl_k6,"Independent cylindrical mixture, K=6",cylindrical_mixture,independent,6,,train_bic,1,cylindrical_mixture,independent,0,1231213508,True,1147481.3811185088,1146777.2739094777,287383.5187951954,286777.8365898667,-573317.6369547389,-143317.91829493336,-3.8274249422848943,-3.827015896150321,0.021765591182276472,0.021774496134360236,71,41,True,16.93064404100005,149792,37449
93,full_cyl_k3,"Full cylindrical mixture, K=3",cylindrical_mixture,full,3,,train_bic,1,cylindrical_mixture,full,0,1413555204,True,1167237.0795998692,1166711.478443832,292444.3841999818,291992.2552298069,-583302.739221916,-145943.12761490344,-3.8940847256323163,-3.897116815266187,0.020362002742045183,0.020300356829800737,53,26,True,8.47835325000051,149792,37449
93,full_cyl_k6,"Full cylindrical mixture, K=6",cylindrical_mixture,full,6,,train_bic,1,cylindrical_mixture,full,0,1553396268,True,1142309.6175618211,1141248.4982468025,286343.6368821545,285430.84820651833,-570517.2491234012,-142608.42410325917,-3.8087297660983315,-3.808070285007855,0.022176330200355428,0.022190959894251745,107,68,True,26.57968179100135,149792,37449
93,gauss_vmf_tl_3x2,"Gaussian/vMF two-layer, (K,L)=(3,2)",two_layer_mixture,gaussian_vmf,3,2.0,train_bic,1,two_layer_mixture,gaussian_vmf,0,744999905,True,1170699.1095182837,1170262.7613887433,293085.3673384785,292710.01498588047,-585087.3806943716,-146311.00749294023,-3.9059988563766534,-3.9069403052936056,0.020120846614575312,0.02010191277933966,44,51,True,20.992949457999202,149792,37449
93,gauss_vmf_tl_6x4,"Gaussian/vMF two-layer, (K,L)=(6,4)",two_layer_mixture,gaussian_vmf,6,4.0,train_bic,1,two_layer_mixture,gaussian_vmf,0,305369497,True,1131467.1893196632,1130227.5639516506,283975.3609433735,282909.01903258363,-564988.7819758253,-141329.50951629182,-3.7718221398727922,-3.7739194508876555,0.02301009744898459,0.022961888690203536,125,52,True,50.68648862501141,149792,37449
93,vmf_gauss_tl_3x2,"vMF/Gaussian two-layer, (K,L)=(3,2)",two_layer_mixture,vmf_gaussian,3,2.0,train_bic,1,two_layer_mixture,vmf_gaussian,0,575666856,True,1142240.3801468092,1141595.7749554426,286134.23205778614,285579.7342641754,-570732.8874777213,-142724.8671320877,-3.810169351352017,-3.811179661194897,0.022144428450571862,0.022122067014434883,65,24,True,10.529032291990006,149792,37449
93,vmf_gauss_tl_6x4,"vMF/Gaussian two-layer, (K,L)=(6,4)",two_layer_mixture,vmf_gaussian,6,4.0,train_bic,1,two_layer_mixture,vmf_gaussian,0,1435690471,True,1122020.4433646325,1119531.2756256636,282450.2278819967,280309.0133251306,-559514.6378128318,-139903.5066625653,-3.735277169760947,-3.7358409213214054,0.023866555064549363,0.023853104048760773,251,52,True,56.68242883399944,149792,37449
94,ind_cyl_k3,"Independent cylindrical mixture, K=3",cylindrical_mixture,independent,3,,train_bic,1,cylindrical_mixture,independent,0,1598424418,True,1184735.9495745804,1184388.8544715368,295696.3900133562,295397.8142783351,-592159.4272357684,-147663.90713916754,-3.9532113012428463,-3.943066761172996,0.01919296830308512,0.01938866307756521,35,33,True,8.813774333000765,149792,37449
94,ind_cyl_k6,"Independent cylindrical mixture, K=6",cylindrical_mixture,independent,6,,train_bic,1,cylindrical_mixture,independent,0,2080844005,True,1147318.7048602484,1146614.5976512174,286852.79282736883,286247.11062204017,-573236.2988256087,-143052.55531102009,-3.826881935120759,-3.8199299129755158,0.021777413263667052,0.02192933780243781,71,47,True,18.736190458002966,149792,37449
94,full_cyl_k3,"Full cylindrical mixture, K=3",cylindrical_mixture,full,3,,train_bic,1,cylindrical_mixture,full,0,671969253,True,1167291.898502429,1166766.2973463917,291735.631437431,291283.50246725604,-583330.1486731959,-145588.75123362802,-3.894267709044514,-3.88765390887949,0.020358277174173222,0.0204933689938211,53,26,True,8.671453792005195,149792,37449
94,full_cyl_k6,"Full cylindrical mixture, K=6",cylindrical_mixture,full,6,,train_bic,1,cylindrical_mixture,full,0,1588545718,True,1146060.3932560561,1144999.2739410375,286806.6228064445,285893.8341308083,-572392.6369705187,-142839.91706540415,-3.8212497127384557,-3.814251837576548,0.021900414558248517,0.022054208412808734,107,43,True,19.3556834589981,149792,37449
94,gauss_vmf_tl_3x2,"Gaussian/vMF two-layer, (K,L)=(3,2)",two_layer_mixture,gaussian_vmf,3,2.0,train_bic,1,two_layer_mixture,gaussian_vmf,0,753095584,True,1170757.588592706,1170321.2404631656,292366.1051864772,291990.75283387915,-585116.6202315828,-145951.37641693957,-3.906194057303346,-3.897337082884445,0.02011691938998172,0.020295885810980463,44,58,True,23.24298141700274,149792,37449
94,gauss_vmf_tl_6x4,"Gaussian/vMF two-layer, (K,L)=(6,4)",two_layer_mixture,gaussian_vmf,6,4.0,train_bic,1,two_layer_mixture,gaussian_vmf,0,2018923994,True,1131361.499872824,1130121.8745048114,283078.6787255384,282012.33681474853,-564935.9372524057,-140881.16840737427,-3.7714693525181966,-3.761947406002143,0.023018216552466917,0.023238441601006552,125,44,True,48.01221833299496,149792,37449
94,vmf_gauss_tl_3x2,"vMF/Gaussian two-layer, (K,L)=(3,2)",two_layer_mixture,vmf_gaussian,3,2.0,train_bic,1,two_layer_mixture,vmf_gaussian,0,1436321131,True,1142127.0854475612,1141482.4802561947,285327.1116980084,284772.61390439764,-570676.2401280974,-142321.30695219882,-3.8097911779540787,-3.8004034006835647,0.02215280446801808,0.02236174929148368,65,24,True,11.12132166599622,149792,37449
94,vmf_gauss_tl_6x4,"vMF/Gaussian two-layer, (K,L)=(6,4)",two_layer_mixture,vmf_gaussian,6,4.0,train_bic,1,two_layer_mixture,vmf_gaussian,0,217112259,True,1121854.1191152208,1119364.9513762519,282047.11782512045,279905.90326825436,-559431.4756881259,-139701.95163412718,-3.7347219857410674,-3.730458800879254,0.023879809073397297,0.023981830427370288,251,43,True,46.94099324999843,149792,37449
95,ind_cyl_k3,"Independent cylindrical mixture, K=3",cylindrical_mixture,independent,3,,train_bic,1,cylindrical_mixture,independent,0,1114248278,True,1184806.5066826984,1184459.4115796548,295947.1444229905,295648.56868796935,-592194.7057898274,-147789.28434398468,-3.953446818186735,-3.946414706507108,0.019188448566104438,0.01932385943353942,35,34,True,9.448567208004533,149792,37449
95,ind_cyl_k6,"Independent cylindrical mixture, K=6",cylindrical_mixture,independent,6,,train_bic,1,cylindrical_mixture,independent,0,184035384,True,1147600.4439994723,1146896.3367904413,286827.6934700471,286222.0112647184,-573377.1683952207,-143040.0056323592,-3.827822369654058,-3.819594799123053,0.021756942659328305,0.02193668785879481,71,39,True,16.71943520900095,149792,37449
95,full_cyl_k3,"Full cylindrical mixture, K=3",cylindrical_mixture,full,3,,train_bic,1,cylindrical_mixture,full,0,1404792480,True,1167762.2649664292,1167236.663810392,291605.63333468756,291153.5043645126,-583565.331905196,-145523.7521822563,-3.895837774415162,-3.8859182403336887,0.02032633842769694,0.020528969576249383,53,24,True,8.049869249996846,149792,37449
95,full_cyl_k6,"Full cylindrical mixture, K=6",cylindrical_mixture,full,6,,train_bic,1,cylindrical_mixture,full,0,2139762568,True,1142435.2382581888,1141374.1189431702,285822.6018648323,284909.8131891961,-570580.0594715851,-142347.90659459805,-3.8091490832059463,-3.801113690474994,0.022167033235042828,0.022345871608788946,107,70,True,27.277112832991406,149792,37449
95,gauss_vmf_tl_3x2,"Gaussian/vMF two-layer, (K,L)=(3,2)",two_layer_mixture,gaussian_vmf,3,2.0,train_bic,1,two_layer_mixture,gaussian_vmf,0,281331665,True,1170921.941135584,1170485.5930060435,292561.28786112595,292185.9355085279,-585198.7965030217,-146048.96775426395,-3.9067426598417923,-3.8999430626789486,0.020105886223626905,0.020243063998826402,44,59,True,24.289520249993075,149792,37449
95,gauss_vmf_tl_6x4,"Gaussian/vMF two-layer, (K,L)=(6,4)",two_layer_mixture,gaussian_vmf,6,4.0,train_bic,1,two_layer_mixture,gaussian_vmf,0,429923159,True,1131568.958708169,1130329.3333401564,283271.7485489481,282205.4066381582,-565039.6666700782,-140977.7033190791,-3.772161842221735,-3.7645251760815803,0.02300228219233744,0.02317861538379933,125,46,True,49.47616937500425,149792,37449
95,vmf_gauss_tl_3x2,"vMF/Gaussian two-layer, (K,L)=(3,2)",two_layer_mixture,vmf_gaussian,3,2.0,train_bic,1,two_layer_mixture,vmf_gaussian,0,57455712,True,1142260.3464724422,1141615.7412810756,285538.55090775277,284984.05311414204,-570742.8706405378,-142427.02655707102,-3.810235998187739,-3.8032264294659677,0.022142952643666232,0.022298710451704118,65,24,True,11.085048666995135,149792,37449
95,vmf_gauss_tl_6x4,"vMF/Gaussian two-layer, (K,L)=(6,4)",two_layer_mixture,vmf_gaussian,6,4.0,train_bic,1,two_layer_mixture,vmf_gaussian,0,336560733,True,1121929.816239266,1119440.648500297,281848.0888561349,279706.8742992688,-559469.3242501485,-139602.4371496344,-3.734974659862666,-3.7278014673191384,0.023873776025845325,0.02404564289815747,251,51,True,55.13630408300378,149792,37449
96,ind_cyl_k3,"Independent cylindrical mixture, K=3",cylindrical_mixture,independent,3,,train_bic,1,cylindrical_mixture,independent,0,1979796475,True,1184803.0768108459,1184455.9817078023,296021.71520310803,295723.1394680869,-592192.9908539011,-147826.56973404344,-3.953435369404916,-3.9474103376336735,0.019188668251723082,0.019304629572114818,35,32,True,8.751372958009597,149792,37449
96,ind_cyl_k6,"Independent cylindrical mixture, K=6",cylindrical_mixture,independent,6,,train_bic,1,cylindrical_mixture,independent,0,1877372974,True,1147841.4220011402,1147137.3147921092,286947.45443724806,286341.7722319194,-573497.6573960546,-143099.8861159597,-3.8286267450601805,-3.821193786642092,0.021739448946440157,0.021901639397193418,71,48,True,18.820273500008625,149792,37449
96,full_cyl_k3,"Full cylindrical mixture, K=3",cylindrical_mixture,full,3,,train_bic,1,cylindrical_mixture,full,0,1093741295,True,1167749.5371379298,1167223.9359818925,291557.4474837688,291105.31851359387,-583558.9679909463,-145499.65925679693,-3.89579528940762,-3.8852748873613963,0.020327202010682874,0.020542181199257135,53,25,True,8.20150312500482,149792,37449
96,full_cyl_k6,"Full cylindrical mixture, K=6",cylindrical_mixture,full,6,,train_bic,1,cylindrical_mixture,full,0,420089190,True,1142784.186213048,1141723.0668980293,285769.1034805779,284856.3148049417,-570754.5334490146,-142321.15740247085,-3.810313858210149,-3.800399407259763,0.02214122865999275,0.02236183859160386,107,61,True,24.644813958002487,149792,37449
96,gauss_vmf_tl_3x2,"Gaussian/vMF two-layer, (K,L)=(3,2)",two_layer_mixture,gaussian_vmf,3,2.0,train_bic,1,two_layer_mixture,gaussian_vmf,0,1825229945,True,1170610.8934705828,1170174.5453410423,292765.1196640393,292389.76731144125,-585043.2726705212,-146150.88365572062,-3.9057043945639363,-3.9026645212347626,0.020126772307945233,0.020188048234627432,44,55,True,22.077964458003407,149792,37449
96,gauss_vmf_tl_6x4,"Gaussian/vMF two-layer, (K,L)=(6,4)",two_layer_mixture,gaussian_vmf,6,4.0,train_bic,1,two_layer_mixture,gaussian_vmf,0,672024631,True,1131806.2899755184,1130566.6646075058,283519.1006714551,282452.7587606652,-565158.3323037529,-141101.3793803326,-3.772954044967374,-3.767827695808502,0.022984066937268878,0.023102193810586667,125,49,True,54.77660599999945,149792,37449
96,vmf_gauss_tl_3x2,"vMF/Gaussian two-layer, (K,L)=(3,2)",two_layer_mixture,vmf_gaussian,3,2.0,train_bic,1,two_layer_mixture,vmf_gaussian,0,438024852,True,1142630.810963327,1141986.2057719606,285737.94730584795,285183.4495122372,-570928.1028859803,-142526.7247561186,-3.811472594571007,-3.8058886687526665,0.022115587671712022,0.022239424899875092,65,24,True,11.027812541011372,149792,37449
96,vmf_gauss_tl_6x4,"vMF/Gaussian two-layer, (K,L)=(6,4)",two_layer_mixture,vmf_gaussian,6,4.0,train_bic,1,two_layer_mixture,vmf_gaussian,0,725761806,True,1122369.4049848712,1119880.2372459022,281949.3242790386,279808.1097221725,-559689.1186229511,-139653.05486108625,-3.7364419903796673,-3.729153111193523,0.023838770993982957,0.024013163707323003,251,55,True,57.32576066700858,149792,37449
97,ind_cyl_k3,"Independent cylindrical mixture, K=3",cylindrical_mixture,independent,3,,train_bic,1,cylindrical_mixture,independent,0,658477276,True,1184722.5992502868,1184375.5041472432,295306.30700880714,295007.731273786,-592152.7520736216,-147468.865636893,-3.9531667383680142,-3.937858571307458,0.019193823615986726,0.019489906334310105,35,35,True,9.22967954199703,149792,37449
97,ind_cyl_k6,"Independent cylindrical mixture, K=6",cylindrical_mixture,independent,6,,train_bic,1,cylindrical_mixture,independent,0,648177803,True,1147324.389458823,1146620.282249792,286356.559910726,285750.8777053973,-573239.141124896,-142804.43885269866,-3.826900910094638,-3.8133044634756246,0.021777000041739665,0.022075111898822598,71,54,True,20.457200834003743,149792,37449
97,full_cyl_k3,"Full cylindrical mixture, K=3",cylindrical_mixture,full,3,,train_bic,1,cylindrical_mixture,full,0,2087467036,True,1167205.131135492,1166679.5299794546,291447.5220696834,290995.3930995085,-583286.7649897273,-145444.69654975424,-3.893978082873099,-3.8838072191448165,0.020364174317990147,0.020572352440972903,53,28,True,8.702526125009172,149792,37449
97,full_cyl_k6,"Full cylindrical mixture, K=6",cylindrical_mixture,full,6,,train_bic,1,cylindrical_mixture,full,0,47075859,True,1146427.871128928,1145366.7518139093,286607.83593783266,285695.0472621965,-572576.3759069546,-142740.52363109824,-3.822476339904365,-3.811597736417481,0.021873567383909595,0.022112820259398074,107,44,True,20.013360583005124,149792,37449
97,gauss_vmf_tl_3x2,"Gaussian/vMF two-layer, (K,L)=(3,2)",two_layer_mixture,gaussian_vmf,3,2.0,train_bic,1,two_layer_mixture,gaussian_vmf,0,1088698940,True,1170808.8891614832,1170372.5410319427,291988.6736391988,291613.3212866008,-585142.2705159714,-145762.6606433004,-3.9063652966511655,-3.8922978088413682,0.020113474876751754,0.020398420474680875,44,72,True,29.129912958000205,149792,37449
97,gauss_vmf_tl_6x4,"Gaussian/vMF two-layer, (K,L)=(6,4)",two_layer_mixture,gaussian_vmf,6,4.0,train_bic,1,two_layer_mixture,gaussian_vmf,0,1971943893,True,1131049.550096886,1129809.9247288734,282972.10702063685,281905.76510984695,-564779.9623644367,-140827.88255492348,-3.7704280760283373,-3.7605245148047604,0.023042197363362008,0.023271530910662468,125,60,True,65.027949292009,149792,37449
97,vmf_gauss_tl_3x2,"vMF/Gaussian two-layer, (K,L)=(3,2)",two_layer_mixture,vmf_gaussian,3,2.0,train_bic,1,two_layer_mixture,vmf_gaussian,0,111416851,True,1142051.3562016848,1141406.7510103183,284991.5001587007,284437.00236508995,-570638.3755051591,-142153.50118254498,-3.8095383966110283,-3.79592248611565,0.02215840499150794,0.022462175211597938,65,25,True,11.355232209010865,149792,37449
97,vmf_gauss_tl_6x4,"vMF/Gaussian two-layer, (K,L)=(6,4)",two_layer_mixture,vmf_gaussian,6,4.0,train_bic,1,two_layer_mixture,vmf_gaussian,0,1506069679,True,1121922.1878729213,1119433.0201339524,281804.25814305677,279663.0435861907,-559465.5100669762,-139580.52179309534,-3.7349491966658848,-3.7272162619321034,0.023874383936241823,0.02405971865611918,251,54,True,62.91440704099659,149792,37449
98,ind_cyl_k3,"Independent cylindrical mixture, K=3",cylindrical_mixture,independent,3,,train_bic,1,cylindrical_mixture,independent,0,168016707,True,1184763.7536169488,1184416.6585139052,295841.2526827044,295542.67694768327,-592173.3292569526,-147736.33847384164,-3.9533041100789936,-3.945000893851415,0.019191187108691266,0.019351199072573197,35,33,True,8.776285166997695,149792,37449
98,ind_cyl_k6,"Independent cylindrical mixture, K=6",cylindrical_mixture,independent,6,,train_bic,1,cylindrical_mixture,independent,0,1318191209,True,1147690.1388906548,1146986.0316816238,286628.0661232806,286022.38391795196,-573422.0158408119,-142940.19195897598,-3.8281217677900816,-3.8169294763271644,0.02175042964629116,0.021995234200801964,71,61,True,22.279940332999104,149792,37449
98,full_cyl_k3,"Full cylindrical mixture, K=3",cylindrical_mixture,full,3,,train_bic,1,cylindrical_mixture,full,0,1732881574,True,1167527.3119083531,1167001.7107523158,291684.7036878692,291232.57471769425,-583447.8553761579,-145563.28735884713,-3.895053510041644,-3.8869739474711507,0.020342285903471,0.020507308432466856,53,26,True,8.389200791993062,149792,37449
98,full_cyl_k6,"Full cylindrical mixture, K=6",cylindrical_mixture,full,6,,train_bic,1,cylindrical_mixture,full,0,923555334,True,1142290.1318797986,1141229.01256478,285627.96005421947,284715.1713785833,-570507.50628239,-142250.58568929165,-3.808664723632704,-3.7985149320219938,0.02217777265045998,0.022404018653859503,107,56,True,23.038927207991946,149792,37449
98,gauss_vmf_tl_3x2,"Gaussian/vMF two-layer, (K,L)=(3,2)",two_layer_mixture,gaussian_vmf,3,2.0,train_bic,1,two_layer_mixture,gaussian_vmf,0,1502272553,True,1170908.160444832,1170471.8123152915,292480.040679124,292104.68832652597,-585191.9061576457,-146008.34416326298,-3.9066966604200877,-3.898858291630297,0.020106811104037867,0.02026503500318856,44,67,True,27.06202862499049,149792,37449
98,gauss_vmf_tl_6x4,"Gaussian/vMF two-layer, (K,L)=(6,4)",two_layer_mixture,gaussian_vmf,6,4.0,train_bic,1,two_layer_mixture,gaussian_vmf,0,585226453,True,1131787.7359947176,1130548.110626705,283044.69846943504,281978.35655864514,-565149.0553133525,-140864.17827932257,-3.7728921124849957,-3.7614937189063147,0.022985490441669584,0.02324898697405705,125,51,True,56.018400667002425,149792,37449
98,vmf_gauss_tl_3x2,"vMF/Gaussian two-layer, (K,L)=(3,2)",two_layer_mixture,vmf_gaussian,3,2.0,train_bic,1,two_layer_mixture,vmf_gaussian,0,1546705249,True,1142397.0605295852,1141752.4553382187,285209.9471691876,284655.44937557686,-570811.2276691094,-142262.72468778843,-3.8106923445117853,-3.79883907948913,0.022132850093929807,0.02239675762484484,65,24,True,10.933298292002291,149792,37449
98,vmf_gauss_tl_6x4,"vMF/Gaussian two-layer, (K,L)=(6,4)",two_layer_mixture,vmf_gaussian,6,4.0,train_bic,1,two_layer_mixture,vmf_gaussian,0,84387278,True,1122041.9630607648,1119552.7953217959,281773.1162242233,279631.9016673572,-559525.3976608979,-139564.9508336786,-3.7353490016883275,-3.7268004708718148,0.023864840745471304,0.024069724552086346,251,56,True,59.471030250002514,149792,37449
99,ind_cyl_k3,"Independent cylindrical mixture, K=3",cylindrical_mixture,independent,3,,train_bic,1,cylindrical_mixture,independent,0,468047408,True,1183516.9722467144,1183169.8771436708,296646.5754220131,296347.99968699197,-591549.9385718354,-148138.99984349599,-3.949142401275338,-3.955753153448583,0.01927122166577921,0.01914424456477386,35,33,True,8.772839124998427,149792,37449
99,ind_cyl_k6,"Independent cylindrical mixture, K=6",cylindrical_mixture,independent,6,,train_bic,1,cylindrical_mixture,independent,0,814555870,True,1146171.4358537586,1145467.3286447276,287730.7109475313,287125.0287422026,-572662.6643223638,-143491.5143711013,-3.823052394803219,-3.8316514291730437,0.02186097063681996,0.021673793324403275,71,51,True,19.862724584003445,149792,37449
99,full_cyl_k3,"Full cylindrical mixture, K=3",cylindrical_mixture,full,3,,train_bic,1,cylindrical_mixture,full,0,1848535912,True,1166125.7668516939,1165600.1656956566,292663.6802414812,292211.5512713063,-582747.0828478283,-146052.77563565315,-3.8903752059377554,-3.9000447444698962,0.020437676261667537,0.020241005752469593,53,25,True,8.289901041003759,149792,37449
99,full_cyl_k6,"Full cylindrical mixture, K=6",cylindrical_mixture,full,6,,train_bic,1,cylindrical_mixture,full,0,343897389,True,1140724.7293484325,1139663.6100334139,286790.6586854686,285877.87000983243,-569724.8050167069,-142831.93500491622,-3.8034394695090987,-3.8140386927532437,0.022293960439457094,0.022058909654168835,107,52,True,22.178661957994336,149792,37449
99,gauss_vmf_tl_3x2,"Gaussian/vMF two-layer, (K,L)=(3,2)",two_layer_mixture,gaussian_vmf,3,2.0,train_bic,1,two_layer_mixture,gaussian_vmf,0,1597817080,True,1169682.2809449534,1169245.932815413,293235.0905171874,292859.73816458933,-584578.9664077065,-146385.86908229467,-3.902604721264864,-3.908939333020766,0.020189255515401492,0.020061768636320663,44,65,True,26.72588466698653,149792,37449
99,gauss_vmf_tl_6x4,"Gaussian/vMF two-layer, (K,L)=(6,4)",two_layer_mixture,gaussian_vmf,6,4.0,train_bic,1,two_layer_mixture,gaussian_vmf,0,1426669855,True,1129987.1692582162,1128747.5438902036,284187.2041046464,283120.8621938565,-564248.7719451018,-141435.43109692825,-3.766881889187018,-3.776747873025401,0.023124054354757628,0.022897034536605534,125,46,True,47.376308625011006,149792,37449
99,vmf_gauss_tl_3x2,"vMF/Gaussian two-layer, (K,L)=(3,2)",two_layer_mixture,vmf_gaussian,3,2.0,train_bic,1,two_layer_mixture,vmf_gaussian,0,922659538,True,1140894.6009152797,1140249.9957239132,286300.18267355976,285745.684879949,-570059.9978619566,-142807.8424399745,-3.8056771914518572,-3.8133953494078483,0.02224412853076252,0.022073105672868968,65,24,True,11.043527959001949,149792,37449
99,vmf_gauss_tl_6x4,"vMF/Gaussian two-layer, (K,L)=(6,4)",two_layer_mixture,vmf_gaussian,6,4.0,train_bic,1,two_layer_mixture,vmf_gaussian,0,1408665736,True,1120764.9617538159,1118275.794014847,282990.342896644,280849.12833977793,-558886.8970074235,-140173.56416988897,-3.7310864198850635,-3.7430522622737312,0.023966783697100834,0.023681709916213742,251,47,True,50.20335300000443,149792,37449
