Model,Model Type,Metric,Sample,Noise,Experiment,Dimension,Separability,Dependence,K,L,Avg Value,Std Value
"(2,1)-Isolated Two-layer MoM",isomom,aic,in sample,no noise,2d-high-ind,2,high,ind,2,1,62110.3459047,227.77640179571287
"(2,1)-Isolated Two-layer MoM",isomom,aic,in sample,no noise,2d-high-strong,2,high,strong,2,1,62882.4069804,244.68055123568817
"(2,1)-Isolated Two-layer MoM",isomom,aic,in sample,no noise,2d-high-weak,2,high,weak,2,1,62588.026747899996,224.39138382377897
"(2,1)-Isolated Two-layer MoM",isomom,aic,in sample,no noise,2d-low-ind,2,low,ind,2,1,54969.2363112,240.41977121688052
"(2,1)-Isolated Two-layer MoM",isomom,aic,in sample,no noise,2d-low-strong,2,low,strong,2,1,54284.0996812,265.77672961710743
"(2,1)-Isolated Two-layer MoM",isomom,aic,in sample,no noise,2d-low-weak,2,low,weak,2,1,54885.3809942,235.73218842814177
"(2,1)-Isolated Two-layer MoM",isomom,aic,in sample,no noise,3d-high-ind,3,high,ind,2,1,89964.1064735,245.19232211530095
"(2,1)-Isolated Two-layer MoM",isomom,aic,in sample,no noise,3d-high-strong,3,high,strong,2,1,91216.4887015,304.79711059850865
"(2,1)-Isolated Two-layer MoM",isomom,aic,in sample,no noise,3d-high-weak,3,high,weak,2,1,90571.8403592,242.2276225637631
"(2,1)-Isolated Two-layer MoM",isomom,aic,in sample,no noise,3d-low-ind,3,low,ind,2,1,81420.7452683,255.2743348381319
"(2,1)-Isolated Two-layer MoM",isomom,aic,in sample,no noise,3d-low-strong,3,low,strong,2,1,80406.2484609,340.5407138532012
"(2,1)-Isolated Two-layer MoM",isomom,aic,in sample,no noise,3d-low-weak,3,low,weak,2,1,81301.8857404,260.8842376204247
"(2,1)-Isolated Two-layer MoM",isomom,aic,in sample,with noise,2d-high-ind,2,high,ind,2,1,62659.1981023,226.95268985722856
"(2,1)-Isolated Two-layer MoM",isomom,aic,in sample,with noise,2d-high-strong,2,high,strong,2,1,63404.5138505,252.5518243495697
"(2,1)-Isolated Two-layer MoM",isomom,aic,in sample,with noise,2d-high-weak,2,high,weak,2,1,63123.1653884,228.33831934112186
"(2,1)-Isolated Two-layer MoM",isomom,aic,in sample,with noise,2d-low-ind,2,low,ind,2,1,55466.084364,239.6508970863544
"(2,1)-Isolated Two-layer MoM",isomom,aic,in sample,with noise,2d-low-strong,2,low,strong,2,1,54824.9335709,273.46226064250584
"(2,1)-Isolated Two-layer MoM",isomom,aic,in sample,with noise,2d-low-weak,2,low,weak,2,1,55393.7923373,238.56537749394832
"(2,1)-Isolated Two-layer MoM",isomom,aic,in sample,with noise,3d-high-ind,3,high,ind,2,1,90964.2101189,250.47190906290166
"(2,1)-Isolated Two-layer MoM",isomom,aic,in sample,with noise,3d-high-strong,3,high,strong,2,1,92171.0513193,311.4906622581903
"(2,1)-Isolated Two-layer MoM",isomom,aic,in sample,with noise,3d-high-weak,3,high,weak,2,1,91550.6657694,250.38410939076758
"(2,1)-Isolated Two-layer MoM",isomom,aic,in sample,with noise,3d-low-ind,3,low,ind,2,1,82264.861483,262.40641574655433
"(2,1)-Isolated Two-layer MoM",isomom,aic,in sample,with noise,3d-low-strong,3,low,strong,2,1,81312.2108227,346.58119003561916
"(2,1)-Isolated Two-layer MoM",isomom,aic,in sample,with noise,3d-low-weak,3,low,weak,2,1,82154.9408158,266.3184317362277
"(2,1)-Isolated Two-layer MoM",isomom,aic,out of sample,no noise,2d-high-ind,2,high,ind,2,1,15572.7045497,96.11250122076454
"(2,1)-Isolated Two-layer MoM",isomom,aic,out of sample,no noise,2d-high-strong,2,high,strong,2,1,15745.1878957,100.37344104730465
"(2,1)-Isolated Two-layer MoM",isomom,aic,out of sample,no noise,2d-high-weak,2,high,weak,2,1,15680.0882322,106.45306176064543
"(2,1)-Isolated Two-layer MoM",isomom,aic,out of sample,no noise,2d-low-ind,2,low,ind,2,1,13777.8100447,104.99717542612966
"(2,1)-Isolated Two-layer MoM",isomom,aic,out of sample,no noise,2d-low-strong,2,low,strong,2,1,13590.2097801,109.80628092140242
"(2,1)-Isolated Two-layer MoM",isomom,aic,out of sample,no noise,2d-low-weak,2,low,weak,2,1,13751.6640099,110.16475838897024
"(2,1)-Isolated Two-layer MoM",isomom,aic,out of sample,no noise,3d-high-ind,3,high,ind,2,1,22534.4872376,146.639830213241
"(2,1)-Isolated Two-layer MoM",isomom,aic,out of sample,no noise,3d-high-strong,3,high,strong,2,1,22838.8596478,162.00426747457425
"(2,1)-Isolated Two-layer MoM",isomom,aic,out of sample,no noise,3d-high-weak,3,high,weak,2,1,22688.474254200002,145.89138964486662
"(2,1)-Isolated Two-layer MoM",isomom,aic,out of sample,no noise,3d-low-ind,3,low,ind,2,1,20388.9068114,156.05969172307113
"(2,1)-Isolated Two-layer MoM",isomom,aic,out of sample,no noise,3d-low-strong,3,low,strong,2,1,20131.5094933,181.0186839455076
"(2,1)-Isolated Two-layer MoM",isomom,aic,out of sample,no noise,3d-low-weak,3,low,weak,2,1,20361.9062457,160.27822212152495
"(2,1)-Isolated Two-layer MoM",isomom,aic,out of sample,with noise,2d-high-ind,2,high,ind,2,1,15711.839452200002,94.98011940252371
"(2,1)-Isolated Two-layer MoM",isomom,aic,out of sample,with noise,2d-high-strong,2,high,strong,2,1,15873.8088844,100.37038279078712
"(2,1)-Isolated Two-layer MoM",isomom,aic,out of sample,with noise,2d-high-weak,2,high,weak,2,1,15813.3440696,106.65214850358232
"(2,1)-Isolated Two-layer MoM",isomom,aic,out of sample,with noise,2d-low-ind,2,low,ind,2,1,13904.0450602,105.59836245752776
"(2,1)-Isolated Two-layer MoM",isomom,aic,out of sample,with noise,2d-low-strong,2,low,strong,2,1,13723.799586199999,108.9179348136227
"(2,1)-Isolated Two-layer MoM",isomom,aic,out of sample,with noise,2d-low-weak,2,low,weak,2,1,13878.2765741,109.72154119907354
"(2,1)-Isolated Two-layer MoM",isomom,aic,out of sample,with noise,3d-high-ind,3,high,ind,2,1,22785.83613,144.49960129730488
"(2,1)-Isolated Two-layer MoM",isomom,aic,out of sample,with noise,3d-high-strong,3,high,strong,2,1,23075.8174891,160.34619014952415
"(2,1)-Isolated Two-layer MoM",isomom,aic,out of sample,with noise,3d-high-weak,3,high,weak,2,1,22933.970765399998,142.95642060671446
"(2,1)-Isolated Two-layer MoM",isomom,aic,out of sample,with noise,3d-low-ind,3,low,ind,2,1,20602.3285893,152.61333462635102
"(2,1)-Isolated Two-layer MoM",isomom,aic,out of sample,with noise,3d-low-strong,3,low,strong,2,1,20356.5953119,179.7993852253113
"(2,1)-Isolated Two-layer MoM",isomom,aic,out of sample,with noise,3d-low-weak,3,low,weak,2,1,20575.9958422,157.7107466648174
"(2,1)-Isolated Two-layer MoM",isomom,ari,in sample,no noise,2d-high-ind,2,high,ind,2,1,0.3293678,0.0076144237901869995
"(2,1)-Isolated Two-layer MoM",isomom,ari,in sample,no noise,2d-high-strong,2,high,strong,2,1,0.302453,0.00861747830419273
"(2,1)-Isolated Two-layer MoM",isomom,ari,in sample,no noise,2d-high-weak,2,high,weak,2,1,0.3355981,0.007627796151662233
"(2,1)-Isolated Two-layer MoM",isomom,ari,in sample,no noise,2d-low-ind,2,low,ind,2,1,0.0038001999999999997,0.0017731761037611282
"(2,1)-Isolated Two-layer MoM",isomom,ari,in sample,no noise,2d-low-strong,2,low,strong,2,1,0.0023003999999999998,0.0010280637090662181
"(2,1)-Isolated Two-layer MoM",isomom,ari,in sample,no noise,2d-low-weak,2,low,weak,2,1,0.0031254,0.0015576993006068637
"(2,1)-Isolated Two-layer MoM",isomom,ari,in sample,no noise,3d-high-ind,3,high,ind,2,1,0.36396639999999997,0.006735485632608137
"(2,1)-Isolated Two-layer MoM",isomom,ari,in sample,no noise,3d-high-strong,3,high,strong,2,1,0.3617818,0.009119777086146889
"(2,1)-Isolated Two-layer MoM",isomom,ari,in sample,no noise,3d-high-weak,3,high,weak,2,1,0.37364339999999996,0.007171710447827263
"(2,1)-Isolated Two-layer MoM",isomom,ari,in sample,no noise,3d-low-ind,3,low,ind,2,1,0.0042833,0.002539060533728842
"(2,1)-Isolated Two-layer MoM",isomom,ari,in sample,no noise,3d-low-strong,3,low,strong,2,1,0.0023721999999999997,0.0010972882828853936
"(2,1)-Isolated Two-layer MoM",isomom,ari,in sample,no noise,3d-low-weak,3,low,weak,2,1,0.0029548,0.0015442081295844639
"(2,1)-Isolated Two-layer MoM",isomom,ari,in sample,with noise,2d-high-ind,2,high,ind,2,1,0.3234714,0.008168953794765284
"(2,1)-Isolated Two-layer MoM",isomom,ari,in sample,with noise,2d-high-strong,2,high,strong,2,1,0.29530809999999996,0.008665576585874519
"(2,1)-Isolated Two-layer MoM",isomom,ari,in sample,with noise,2d-high-weak,2,high,weak,2,1,0.32905070000000003,0.007649484600714326
"(2,1)-Isolated Two-layer MoM",isomom,ari,in sample,with noise,2d-low-ind,2,low,ind,2,1,0.0037830999999999997,0.0018276195783675346
"(2,1)-Isolated Two-layer MoM",isomom,ari,in sample,with noise,2d-low-strong,2,low,strong,2,1,0.0023149,0.0010231990781540776
"(2,1)-Isolated Two-layer MoM",isomom,ari,in sample,with noise,2d-low-weak,2,low,weak,2,1,0.0031341999999999997,0.0015915459608363642
"(2,1)-Isolated Two-layer MoM",isomom,ari,in sample,with noise,3d-high-ind,3,high,ind,2,1,0.359396,0.0068713526229329
"(2,1)-Isolated Two-layer MoM",isomom,ari,in sample,with noise,3d-high-strong,3,high,strong,2,1,0.3570951,0.008747595513203974
"(2,1)-Isolated Two-layer MoM",isomom,ari,in sample,with noise,3d-high-weak,3,high,weak,2,1,0.369411,0.007489467958608966
"(2,1)-Isolated Two-layer MoM",isomom,ari,in sample,with noise,3d-low-ind,3,low,ind,2,1,0.0043186000000000006,0.0023393515548052407
"(2,1)-Isolated Two-layer MoM",isomom,ari,in sample,with noise,3d-low-strong,3,low,strong,2,1,0.0022877,0.001059837852092136
"(2,1)-Isolated Two-layer MoM",isomom,ari,in sample,with noise,3d-low-weak,3,low,weak,2,1,0.0029923,0.0015445936048166212
"(2,1)-Isolated Two-layer MoM",isomom,ari,out of sample,no noise,2d-high-ind,2,high,ind,2,1,0.3312943,0.01426856750683018
"(2,1)-Isolated Two-layer MoM",isomom,ari,out of sample,no noise,2d-high-strong,2,high,strong,2,1,0.304394,0.01446613377038337
"(2,1)-Isolated Two-layer MoM",isomom,ari,out of sample,no noise,2d-high-weak,2,high,weak,2,1,0.3380541,0.014287117393800694
"(2,1)-Isolated Two-layer MoM",isomom,ari,out of sample,no noise,2d-low-ind,2,low,ind,2,1,0.0037289,0.0027641397350256143
"(2,1)-Isolated Two-layer MoM",isomom,ari,out of sample,no noise,2d-low-strong,2,low,strong,2,1,0.0023547999999999998,0.0018871899263671952
"(2,1)-Isolated Two-layer MoM",isomom,ari,out of sample,no noise,2d-low-weak,2,low,weak,2,1,0.0029427,0.002320737367582323
"(2,1)-Isolated Two-layer MoM",isomom,ari,out of sample,no noise,3d-high-ind,3,high,ind,2,1,0.3665899,0.015552945772814908
"(2,1)-Isolated Two-layer MoM",isomom,ari,out of sample,no noise,3d-high-strong,3,high,strong,2,1,0.36353749999999996,0.0157515766326467
"(2,1)-Isolated Two-layer MoM",isomom,ari,out of sample,no noise,3d-high-weak,3,high,weak,2,1,0.3754795,0.015601767341936593
"(2,1)-Isolated Two-layer MoM",isomom,ari,out of sample,no noise,3d-low-ind,3,low,ind,2,1,0.004181,0.003038396872621409
"(2,1)-Isolated Two-layer MoM",isomom,ari,out of sample,no noise,3d-low-strong,3,low,strong,2,1,0.0022008,0.0016858062723453095
"(2,1)-Isolated Two-layer MoM",isomom,ari,out of sample,no noise,3d-low-weak,3,low,weak,2,1,0.0029349999999999997,0.0022744365491614875
"(2,1)-Isolated Two-layer MoM",isomom,ari,out of sample,with noise,2d-high-ind,2,high,ind,2,1,0.3245924,0.014743480197132302
"(2,1)-Isolated Two-layer MoM",isomom,ari,out of sample,with noise,2d-high-strong,2,high,strong,2,1,0.2975144,0.01456839628591405
"(2,1)-Isolated Two-layer MoM",isomom,ari,out of sample,with noise,2d-high-weak,2,high,weak,2,1,0.33094,0.014497740123442298
"(2,1)-Isolated Two-layer MoM",isomom,ari,out of sample,with noise,2d-low-ind,2,low,ind,2,1,0.0038401000000000004,0.00283248347147192
"(2,1)-Isolated Two-layer MoM",isomom,ari,out of sample,with noise,2d-low-strong,2,low,strong,2,1,0.0023574,0.0020131560327309984
"(2,1)-Isolated Two-layer MoM",isomom,ari,out of sample,with noise,2d-low-weak,2,low,weak,2,1,0.0029973,0.0023730710848470955
"(2,1)-Isolated Two-layer MoM",isomom,ari,out of sample,with noise,3d-high-ind,3,high,ind,2,1,0.3634097,0.014865139917187992
"(2,1)-Isolated Two-layer MoM",isomom,ari,out of sample,with noise,3d-high-strong,3,high,strong,2,1,0.35842820000000003,0.01591305857121468
"(2,1)-Isolated Two-layer MoM",isomom,ari,out of sample,with noise,3d-high-weak,3,high,weak,2,1,0.3708029,0.01514062855099456
"(2,1)-Isolated Two-layer MoM",isomom,ari,out of sample,with noise,3d-low-ind,3,low,ind,2,1,0.0040104,0.0031455207595062606
"(2,1)-Isolated Two-layer MoM",isomom,ari,out of sample,with noise,3d-low-strong,3,low,strong,2,1,0.0020109,0.0015542207732884067
"(2,1)-Isolated Two-layer MoM",isomom,ari,out of sample,with noise,3d-low-weak,3,low,weak,2,1,0.0029842999999999996,0.002147397417029895
"(2,1)-Isolated Two-layer MoM",isomom,avg_ll,in sample,no noise,2d-high-ind,2,high,ind,2,1,-3.8800222000000004,0.014236239330055802
"(2,1)-Isolated Two-layer MoM",isomom,avg_ll,in sample,no noise,2d-high-strong,2,high,strong,2,1,-3.9282752,0.015292795655127756
"(2,1)-Isolated Two-layer MoM",isomom,avg_ll,in sample,no noise,2d-high-weak,2,high,weak,2,1,-3.9098764999999998,0.0140247319335551
"(2,1)-Isolated Two-layer MoM",isomom,avg_ll,in sample,no noise,2d-low-ind,2,low,ind,2,1,-3.4337020999999996,0.015026688936486931
"(2,1)-Isolated Two-layer MoM",isomom,avg_ll,in sample,no noise,2d-low-strong,2,low,strong,2,1,-3.3908812999999998,0.016611275327015056
"(2,1)-Isolated Two-layer MoM",isomom,avg_ll,in sample,no noise,2d-low-weak,2,low,weak,2,1,-3.4284618,0.014733770895737444
"(2,1)-Isolated Two-layer MoM",isomom,avg_ll,in sample,no noise,3d-high-ind,3,high,ind,2,1,-5.6196313,0.015324625502040183
"(2,1)-Isolated Two-layer MoM",isomom,avg_ll,in sample,no noise,3d-high-strong,3,high,strong,2,1,-5.6979052999999995,0.019049700093346878
"(2,1)-Isolated Two-layer MoM",isomom,avg_ll,in sample,no noise,3d-high-weak,3,high,weak,2,1,-5.657615,0.015139446335765822
"(2,1)-Isolated Two-layer MoM",isomom,avg_ll,in sample,no noise,3d-low-ind,3,low,ind,2,1,-5.0856724,0.015954510404980388
"(2,1)-Isolated Two-layer MoM",isomom,avg_ll,in sample,no noise,3d-low-strong,3,low,strong,2,1,-5.0222651,0.021283610021456654
"(2,1)-Isolated Two-layer MoM",isomom,avg_ll,in sample,no noise,3d-low-weak,3,low,weak,2,1,-5.0782423,0.016305204836418775
"(2,1)-Isolated Two-layer MoM",isomom,avg_ll,in sample,with noise,2d-high-ind,2,high,ind,2,1,-3.9143248,0.014184762451947582
"(2,1)-Isolated Two-layer MoM",isomom,avg_ll,in sample,with noise,2d-high-strong,2,high,strong,2,1,-3.9609076,0.015784390903738447
"(2,1)-Isolated Two-layer MoM",isomom,avg_ll,in sample,with noise,2d-high-weak,2,high,weak,2,1,-3.9433227,0.014271087877314074
"(2,1)-Isolated Two-layer MoM",isomom,avg_ll,in sample,with noise,2d-low-ind,2,low,ind,2,1,-3.4647557,0.014978301427280193
"(2,1)-Isolated Two-layer MoM",isomom,avg_ll,in sample,with noise,2d-low-strong,2,low,strong,2,1,-3.4246839,0.017091186688294697
"(2,1)-Isolated Two-layer MoM",isomom,avg_ll,in sample,with noise,2d-low-weak,2,low,weak,2,1,-3.4602371,0.01491001441611934
"(2,1)-Isolated Two-layer MoM",isomom,avg_ll,in sample,with noise,3d-high-ind,3,high,ind,2,1,-5.6821378000000005,0.015654317930161872
"(2,1)-Isolated Two-layer MoM",isomom,avg_ll,in sample,with noise,3d-high-strong,3,high,strong,2,1,-5.757566000000001,0.019468384212316822
"(2,1)-Isolated Two-layer MoM",isomom,avg_ll,in sample,with noise,3d-high-weak,3,high,weak,2,1,-5.718791599999999,0.015648691410743876
"(2,1)-Isolated Two-layer MoM",isomom,avg_ll,in sample,with noise,3d-low-ind,3,low,ind,2,1,-5.1384286,0.016400545323527974
"(2,1)-Isolated Two-layer MoM",isomom,avg_ll,in sample,with noise,3d-low-strong,3,low,strong,2,1,-5.078888,0.02166184328595917
"(2,1)-Isolated Two-layer MoM",isomom,avg_ll,in sample,with noise,3d-low-weak,3,low,weak,2,1,-5.1315591,0.016644777267747636
"(2,1)-Isolated Two-layer MoM",isomom,avg_ll,out of sample,no noise,2d-high-ind,2,high,ind,2,1,-3.8856762,0.02402794508504843
"(2,1)-Isolated Two-layer MoM",isomom,avg_ll,out of sample,no noise,2d-high-strong,2,high,strong,2,1,-3.9287972,0.025093139876238835
"(2,1)-Isolated Two-layer MoM",isomom,avg_ll,out of sample,no noise,2d-high-weak,2,high,weak,2,1,-3.9125214999999995,0.0266132725440719
"(2,1)-Isolated Two-layer MoM",isomom,avg_ll,out of sample,no noise,2d-low-ind,2,low,ind,2,1,-3.4369527,0.026249532784875303
"(2,1)-Isolated Two-layer MoM",isomom,avg_ll,out of sample,no noise,2d-low-strong,2,low,strong,2,1,-3.390052,0.027451639792054828
"(2,1)-Isolated Two-layer MoM",isomom,avg_ll,out of sample,no noise,2d-low-weak,2,low,weak,2,1,-3.4304158,0.027541102329706253
"(2,1)-Isolated Two-layer MoM",isomom,avg_ll,out of sample,no noise,3d-high-ind,3,high,ind,2,1,-5.6211214,0.03666002325546055
"(2,1)-Isolated Two-layer MoM",isomom,avg_ll,out of sample,no noise,3d-high-strong,3,high,strong,2,1,-5.6972148,0.04050127675952328
"(2,1)-Isolated Two-layer MoM",isomom,avg_ll,out of sample,no noise,3d-high-weak,3,high,weak,2,1,-5.6596181,0.03647277780202599
"(2,1)-Isolated Two-layer MoM",isomom,avg_ll,out of sample,no noise,3d-low-ind,3,low,ind,2,1,-5.0847264,0.03901475213145413
"(2,1)-Isolated Two-layer MoM",isomom,avg_ll,out of sample,no noise,3d-low-strong,3,low,strong,2,1,-5.0203774,0.04525442347082503
"(2,1)-Isolated Two-layer MoM",isomom,avg_ll,out of sample,no noise,3d-low-weak,3,low,weak,2,1,-5.0779764,0.04006940931267459
"(2,1)-Isolated Two-layer MoM",isomom,avg_ll,out of sample,with noise,2d-high-ind,2,high,ind,2,1,-3.92046,0.02374471858342522
"(2,1)-Isolated Two-layer MoM",isomom,avg_ll,out of sample,with noise,2d-high-strong,2,high,strong,2,1,-3.9609521,0.02509257712668405
"(2,1)-Isolated Two-layer MoM",isomom,avg_ll,out of sample,with noise,2d-high-weak,2,high,weak,2,1,-3.9458362,0.026662523760757017
"(2,1)-Isolated Two-layer MoM",isomom,avg_ll,out of sample,with noise,2d-low-ind,2,low,ind,2,1,-3.4685108000000002,0.026399544711409283
"(2,1)-Isolated Two-layer MoM",isomom,avg_ll,out of sample,with noise,2d-low-strong,2,low,strong,2,1,-3.4234496,0.027229683480801667
"(2,1)-Isolated Two-layer MoM",isomom,avg_ll,out of sample,with noise,2d-low-weak,2,low,weak,2,1,-3.462069,0.027429937250671107
"(2,1)-Isolated Two-layer MoM",isomom,avg_ll,out of sample,with noise,3d-high-ind,3,high,ind,2,1,-5.6839585999999995,0.03612523891836682
"(2,1)-Isolated Two-layer MoM",isomom,avg_ll,out of sample,with noise,3d-high-strong,3,high,strong,2,1,-5.756454,0.04008653261345629
"(2,1)-Isolated Two-layer MoM",isomom,avg_ll,out of sample,with noise,3d-high-weak,3,high,weak,2,1,-5.720992300000001,0.03573906562612226
"(2,1)-Isolated Two-layer MoM",isomom,avg_ll,out of sample,with noise,3d-low-ind,3,low,ind,2,1,-5.1380821,0.03815357542574063
"(2,1)-Isolated Two-layer MoM",isomom,avg_ll,out of sample,with noise,3d-low-strong,3,low,strong,2,1,-5.0766489,0.04495001149189188
"(2,1)-Isolated Two-layer MoM",isomom,avg_ll,out of sample,with noise,3d-low-weak,3,low,weak,2,1,-5.1314989,0.039427482772397174
"(2,1)-Isolated Two-layer MoM",isomom,bic,in sample,no noise,2d-high-ind,2,high,ind,2,1,62215.1538568,227.77640110940806
"(2,1)-Isolated Two-layer MoM",isomom,bic,in sample,no noise,2d-high-strong,2,high,strong,2,1,62987.214933,244.68055197453197
"(2,1)-Isolated Two-layer MoM",isomom,bic,in sample,no noise,2d-high-weak,2,high,weak,2,1,62692.8347001,224.39138353582257
"(2,1)-Isolated Two-layer MoM",isomom,bic,in sample,no noise,2d-low-ind,2,low,ind,2,1,55074.0442634,240.41977103287462
"(2,1)-Isolated Two-layer MoM",isomom,bic,in sample,no noise,2d-low-strong,2,low,strong,2,1,54388.9076337,265.7767304061726
"(2,1)-Isolated Two-layer MoM",isomom,bic,in sample,no noise,2d-low-weak,2,low,weak,2,1,54990.1889466,235.73218722485967
"(2,1)-Isolated Two-layer MoM",isomom,bic,in sample,no noise,3d-high-ind,3,high,ind,2,1,90138.78639380001,245.19232221408993
"(2,1)-Isolated Two-layer MoM",isomom,bic,in sample,no noise,3d-high-strong,3,high,strong,2,1,91391.1686221,304.7971102588128
"(2,1)-Isolated Two-layer MoM",isomom,bic,in sample,no noise,3d-high-weak,3,high,weak,2,1,90746.5202795,242.2276225475551
"(2,1)-Isolated Two-layer MoM",isomom,bic,in sample,no noise,3d-low-ind,3,low,ind,2,1,81595.4251888,255.2743350571967
"(2,1)-Isolated Two-layer MoM",isomom,bic,in sample,no noise,3d-low-strong,3,low,strong,2,1,80580.9283812,340.54071389208104
"(2,1)-Isolated Two-layer MoM",isomom,bic,in sample,no noise,3d-low-weak,3,low,weak,2,1,81476.5656611,260.8842379133674
"(2,1)-Isolated Two-layer MoM",isomom,bic,in sample,with noise,2d-high-ind,2,high,ind,2,1,62764.0060542,226.9526902202114
"(2,1)-Isolated Two-layer MoM",isomom,bic,in sample,with noise,2d-high-strong,2,high,strong,2,1,63509.3218029,252.55182445186475
"(2,1)-Isolated Two-layer MoM",isomom,bic,in sample,with noise,2d-high-weak,2,high,weak,2,1,63227.9733403,228.33831923882585
"(2,1)-Isolated Two-layer MoM",isomom,bic,in sample,with noise,2d-low-ind,2,low,ind,2,1,55570.8923163,239.65089823579387
"(2,1)-Isolated Two-layer MoM",isomom,bic,in sample,with noise,2d-low-strong,2,low,strong,2,1,54929.741523599994,273.4622612342077
"(2,1)-Isolated Two-layer MoM",isomom,bic,in sample,with noise,2d-low-weak,2,low,weak,2,1,55498.600289899994,238.56537743994284
"(2,1)-Isolated Two-layer MoM",isomom,bic,in sample,with noise,3d-high-ind,3,high,ind,2,1,91138.89003909999,250.4719091881644
"(2,1)-Isolated Two-layer MoM",isomom,bic,in sample,with noise,3d-high-strong,3,high,strong,2,1,92345.7312398,311.4906626261396
"(2,1)-Isolated Two-layer MoM",isomom,bic,in sample,with noise,3d-high-weak,3,high,weak,2,1,91725.3456895,250.38410944350449
"(2,1)-Isolated Two-layer MoM",isomom,bic,in sample,with noise,3d-low-ind,3,low,ind,2,1,82439.5414032,262.4064157494674
"(2,1)-Isolated Two-layer MoM",isomom,bic,in sample,with noise,3d-low-strong,3,low,strong,2,1,81486.8907431,346.58119002825157
"(2,1)-Isolated Two-layer MoM",isomom,bic,in sample,with noise,3d-low-weak,3,low,weak,2,1,82329.6207363,266.31843173480473
"(2,1)-Isolated Two-layer MoM",isomom,bic,out of sample,no noise,2d-high-ind,2,high,ind,2,1,15656.718086300001,96.11250151475697
"(2,1)-Isolated Two-layer MoM",isomom,bic,out of sample,no noise,2d-high-strong,2,high,strong,2,1,15829.2014324,100.37344010038122
"(2,1)-Isolated Two-layer MoM",isomom,bic,out of sample,no noise,2d-high-weak,2,high,weak,2,1,15764.1017691,106.45306124262328
"(2,1)-Isolated Two-layer MoM",isomom,bic,out of sample,no noise,2d-low-ind,2,low,ind,2,1,13861.823581999999,104.99717519495059
"(2,1)-Isolated Two-layer MoM",isomom,bic,out of sample,no noise,2d-low-strong,2,low,strong,2,1,13674.223316200001,109.80628152750117
"(2,1)-Isolated Two-layer MoM",isomom,bic,out of sample,no noise,2d-low-weak,2,low,weak,2,1,13835.6775469,110.16475816133031
"(2,1)-Isolated Two-layer MoM",isomom,bic,out of sample,no noise,3d-high-ind,3,high,ind,2,1,22674.509799199997,146.63983040071105
"(2,1)-Isolated Two-layer MoM",isomom,bic,out of sample,no noise,3d-high-strong,3,high,strong,2,1,22978.8822097,162.0042680154104
"(2,1)-Isolated Two-layer MoM",isomom,bic,out of sample,no noise,3d-high-weak,3,high,weak,2,1,22828.4968162,145.89138885329842
"(2,1)-Isolated Two-layer MoM",isomom,bic,out of sample,no noise,3d-low-ind,3,low,ind,2,1,20528.9293732,156.05969217647663
"(2,1)-Isolated Two-layer MoM",isomom,bic,out of sample,no noise,3d-low-strong,3,low,strong,2,1,20271.5320543,181.01868388674978
"(2,1)-Isolated Two-layer MoM",isomom,bic,out of sample,no noise,3d-low-weak,3,low,weak,2,1,20501.9288076,160.2782226553658
"(2,1)-Isolated Two-layer MoM",isomom,bic,out of sample,with noise,2d-high-ind,2,high,ind,2,1,15795.8529892,94.98011920863537
"(2,1)-Isolated Two-layer MoM",isomom,bic,out of sample,with noise,2d-high-strong,2,high,strong,2,1,15957.8224208,100.37038359077788
"(2,1)-Isolated Two-layer MoM",isomom,bic,out of sample,with noise,2d-high-weak,2,high,weak,2,1,15897.357607,106.65214908414585
"(2,1)-Isolated Two-layer MoM",isomom,bic,out of sample,with noise,2d-low-ind,2,low,ind,2,1,13988.058597899999,105.59836219052316
"(2,1)-Isolated Two-layer MoM",isomom,bic,out of sample,with noise,2d-low-strong,2,low,strong,2,1,13807.813123000002,108.9179349989399
"(2,1)-Isolated Two-layer MoM",isomom,bic,out of sample,with noise,2d-low-weak,2,low,weak,2,1,13962.2901101,109.72154112343306
"(2,1)-Isolated Two-layer MoM",isomom,bic,out of sample,with noise,3d-high-ind,3,high,ind,2,1,22925.8586917,144.49960107228662
"(2,1)-Isolated Two-layer MoM",isomom,bic,out of sample,with noise,3d-high-strong,3,high,strong,2,1,23215.8400505,160.34619039591576
"(2,1)-Isolated Two-layer MoM",isomom,bic,out of sample,with noise,3d-high-weak,3,high,weak,2,1,23073.9933271,142.9564208173012
"(2,1)-Isolated Two-layer MoM",isomom,bic,out of sample,with noise,3d-low-ind,3,low,ind,2,1,20742.3511511,152.6133350197703
"(2,1)-Isolated Two-layer MoM",isomom,bic,out of sample,with noise,3d-low-strong,3,low,strong,2,1,20496.6178737,179.79938508166865
"(2,1)-Isolated Two-layer MoM",isomom,bic,out of sample,with noise,3d-low-weak,3,low,weak,2,1,20716.0184038,157.7107465786626
"(2,1)-Isolated Two-layer MoM",isomom,em_iters,training,no noise,2d-high-ind,2,high,ind,2,1,21.01,0.6741249472052231
"(2,1)-Isolated Two-layer MoM",isomom,em_iters,training,no noise,2d-high-strong,2,high,strong,2,1,20.96,0.7095310729167137
"(2,1)-Isolated Two-layer MoM",isomom,em_iters,training,no noise,2d-high-weak,2,high,weak,2,1,21.0,0.6963106238227914
"(2,1)-Isolated Two-layer MoM",isomom,em_iters,training,no noise,2d-low-ind,2,low,ind,2,1,27.54,1.048519880304584
"(2,1)-Isolated Two-layer MoM",isomom,em_iters,training,no noise,2d-low-strong,2,low,strong,2,1,27.54,1.0092501466860715
"(2,1)-Isolated Two-layer MoM",isomom,em_iters,training,no noise,2d-low-weak,2,low,weak,2,1,27.52,0.9154123649917548
"(2,1)-Isolated Two-layer MoM",isomom,em_iters,training,no noise,3d-high-ind,3,high,ind,2,1,19.68,0.5663992238766579
"(2,1)-Isolated Two-layer MoM",isomom,em_iters,training,no noise,3d-high-strong,3,high,strong,2,1,19.75,0.6256309946079568
"(2,1)-Isolated Two-layer MoM",isomom,em_iters,training,no noise,3d-high-weak,3,high,weak,2,1,19.76,0.7264136340107942
"(2,1)-Isolated Two-layer MoM",isomom,em_iters,training,no noise,3d-low-ind,3,low,ind,2,1,27.59,1.0356767172367363
"(2,1)-Isolated Two-layer MoM",isomom,em_iters,training,no noise,3d-low-strong,3,low,strong,2,1,27.33,1.082971967701973
"(2,1)-Isolated Two-layer MoM",isomom,em_iters,training,no noise,3d-low-weak,3,low,weak,2,1,27.42,1.1991579537241113
"(2,1)-Isolated Two-layer MoM",isomom,em_iters,training,with noise,2d-high-ind,2,high,ind,2,1,21.17,0.7114503609961949
"(2,1)-Isolated Two-layer MoM",isomom,em_iters,training,with noise,2d-high-strong,2,high,strong,2,1,21.16,0.7208300490378851
"(2,1)-Isolated Two-layer MoM",isomom,em_iters,training,with noise,2d-high-weak,2,high,weak,2,1,21.16,0.6922368952836304
"(2,1)-Isolated Two-layer MoM",isomom,em_iters,training,with noise,2d-low-ind,2,low,ind,2,1,27.47,1.0391818848974366
"(2,1)-Isolated Two-layer MoM",isomom,em_iters,training,with noise,2d-low-strong,2,low,strong,2,1,27.53,0.9369518599580171
"(2,1)-Isolated Two-layer MoM",isomom,em_iters,training,with noise,2d-low-weak,2,low,weak,2,1,27.51,0.9691712590109808
"(2,1)-Isolated Two-layer MoM",isomom,em_iters,training,with noise,3d-high-ind,3,high,ind,2,1,19.83,0.5135536717202732
"(2,1)-Isolated Two-layer MoM",isomom,em_iters,training,with noise,3d-high-strong,3,high,strong,2,1,19.93,0.65528157260367
"(2,1)-Isolated Two-layer MoM",isomom,em_iters,training,with noise,3d-high-weak,3,high,weak,2,1,19.95,0.6723244767373877
"(2,1)-Isolated Two-layer MoM",isomom,em_iters,training,with noise,3d-low-ind,3,low,ind,2,1,27.53,0.9995453511926858
"(2,1)-Isolated Two-layer MoM",isomom,em_iters,training,with noise,3d-low-strong,3,low,strong,2,1,27.36,1.0002019998000606
"(2,1)-Isolated Two-layer MoM",isomom,em_iters,training,with noise,3d-low-weak,3,low,weak,2,1,27.4,1.0444659357341868
"(2,1)-Isolated Two-layer MoM",isomom,gmpd,in sample,no noise,2d-high-ind,2,high,ind,2,1,0.020652300000000002,0.0002933603809844014
"(2,1)-Isolated Two-layer MoM",isomom,gmpd,in sample,no noise,2d-high-strong,2,high,strong,2,1,0.0196797,0.000300442283403261
"(2,1)-Isolated Two-layer MoM",isomom,gmpd,in sample,no noise,2d-high-weak,2,high,weak,2,1,0.0200449,0.0002805567876760623
"(2,1)-Isolated Two-layer MoM",isomom,gmpd,in sample,no noise,2d-low-ind,2,low,ind,2,1,0.0322705,0.00048345635842860776
"(2,1)-Isolated Two-layer MoM",isomom,gmpd,in sample,no noise,2d-low-strong,2,low,strong,2,1,0.0336836,0.0005585488412670879
"(2,1)-Isolated Two-layer MoM",isomom,gmpd,in sample,no noise,2d-low-weak,2,low,weak,2,1,0.032441,0.000476850992121091
"(2,1)-Isolated Two-layer MoM",isomom,gmpd,in sample,no noise,3d-high-ind,3,high,ind,2,1,0.0036264,5.5569048866425564e-05
"(2,1)-Isolated Two-layer MoM",isomom,gmpd,in sample,no noise,3d-high-strong,3,high,strong,2,1,0.0033539000000000004,6.351481176175616e-05
"(2,1)-Isolated Two-layer MoM",isomom,gmpd,in sample,no noise,3d-high-weak,3,high,weak,2,1,0.0034909,5.234105328120424e-05
"(2,1)-Isolated Two-layer MoM",isomom,gmpd,in sample,no noise,3d-low-ind,3,low,ind,2,1,0.006185199999999999,9.853963977030063e-05
"(2,1)-Isolated Two-layer MoM",isomom,gmpd,in sample,no noise,3d-low-strong,3,low,strong,2,1,0.0065913,0.00013978088914331946
"(2,1)-Isolated Two-layer MoM",isomom,gmpd,in sample,no noise,3d-low-weak,3,low,weak,2,1,0.0062316,0.00010161046633436367
"(2,1)-Isolated Two-layer MoM",isomom,gmpd,in sample,with noise,2d-high-ind,2,high,ind,2,1,0.0199557,0.0002823968659510764
"(2,1)-Isolated Two-layer MoM",isomom,gmpd,in sample,with noise,2d-high-strong,2,high,strong,2,1,0.019048,0.000299427062331657
"(2,1)-Isolated Two-layer MoM",isomom,gmpd,in sample,with noise,2d-high-weak,2,high,weak,2,1,0.019385200000000002,0.0002766811971357734
"(2,1)-Isolated Two-layer MoM",isomom,gmpd,in sample,with noise,2d-low-ind,2,low,ind,2,1,0.0312841,0.0004673546768134383
"(2,1)-Isolated Two-layer MoM",isomom,gmpd,in sample,with noise,2d-low-strong,2,low,strong,2,1,0.0325645,0.0005550618766125876
"(2,1)-Isolated Two-layer MoM",isomom,gmpd,in sample,with noise,2d-low-weak,2,low,weak,2,1,0.0314257,0.0004676661482966531
"(2,1)-Isolated Two-layer MoM",isomom,gmpd,in sample,with noise,3d-high-ind,3,high,ind,2,1,0.0034067999999999998,5.306523524793976e-05
"(2,1)-Isolated Two-layer MoM",isomom,gmpd,in sample,with noise,3d-high-strong,3,high,strong,2,1,0.0031593,6.140205307000837e-05
"(2,1)-Isolated Two-layer MoM",isomom,gmpd,in sample,with noise,3d-high-weak,3,high,weak,2,1,0.0032837,5.151551693275034e-05
"(2,1)-Isolated Two-layer MoM",isomom,gmpd,in sample,with noise,3d-low-ind,3,low,ind,2,1,0.0058674,9.623855041436674e-05
"(2,1)-Isolated Two-layer MoM",isomom,gmpd,in sample,with noise,3d-low-strong,3,low,strong,2,1,0.0062285000000000005,0.00013412925320621362
"(2,1)-Isolated Two-layer MoM",isomom,gmpd,in sample,with noise,3d-low-weak,3,low,weak,2,1,0.005908,9.825754655264635e-05
"(2,1)-Isolated Two-layer MoM",isomom,gmpd,out of sample,no noise,2d-high-ind,2,high,ind,2,1,0.020539900000000003,0.0004950390148893577
"(2,1)-Isolated Two-layer MoM",isomom,gmpd,out of sample,no noise,2d-high-strong,2,high,strong,2,1,0.0196736,0.000494369346243323
"(2,1)-Isolated Two-layer MoM",isomom,gmpd,out of sample,no noise,2d-high-weak,2,high,weak,2,1,0.019997499999999998,0.0005346354842414608
"(2,1)-Isolated Two-layer MoM",isomom,gmpd,out of sample,no noise,2d-low-ind,2,low,ind,2,1,0.032173099999999996,0.0008482122554543943
"(2,1)-Isolated Two-layer MoM",isomom,gmpd,out of sample,no noise,2d-low-strong,2,low,strong,2,1,0.0337197,0.0009262910237101833
"(2,1)-Isolated Two-layer MoM",isomom,gmpd,out of sample,no noise,2d-low-weak,2,low,weak,2,1,0.0323857,0.000897000900870013
"(2,1)-Isolated Two-layer MoM",isomom,gmpd,out of sample,no noise,3d-high-ind,3,high,ind,2,1,0.003623,0.00013312483698477232
"(2,1)-Isolated Two-layer MoM",isomom,gmpd,out of sample,no noise,3d-high-strong,3,high,strong,2,1,0.0033583000000000003,0.000136670768600674
"(2,1)-Isolated Two-layer MoM",isomom,gmpd,out of sample,no noise,3d-high-weak,3,high,weak,2,1,0.0034863,0.00012781500994670688
"(2,1)-Isolated Two-layer MoM",isomom,gmpd,out of sample,no noise,3d-low-ind,3,low,ind,2,1,0.0061949,0.00024196792090579836
"(2,1)-Isolated Two-layer MoM",isomom,gmpd,out of sample,no noise,3d-low-strong,3,low,strong,2,1,0.006608800000000001,0.0002998258080144455
"(2,1)-Isolated Two-layer MoM",isomom,gmpd,out of sample,no noise,3d-low-weak,3,low,weak,2,1,0.006237599999999999,0.00025109505624907724
"(2,1)-Isolated Two-layer MoM",isomom,gmpd,out of sample,with noise,2d-high-ind,2,high,ind,2,1,0.0198376,0.00047347228007561424
"(2,1)-Isolated Two-layer MoM",isomom,gmpd,out of sample,with noise,2d-high-strong,2,high,strong,2,1,0.0190509,0.0004786346216166371
"(2,1)-Isolated Two-layer MoM",isomom,gmpd,out of sample,with noise,2d-high-weak,2,high,weak,2,1,0.0193416,0.000517916806236115
"(2,1)-Isolated Two-layer MoM",isomom,gmpd,out of sample,with noise,2d-low-ind,2,low,ind,2,1,0.0311741,0.0008268036237966258
"(2,1)-Isolated Two-layer MoM",isomom,gmpd,out of sample,with noise,2d-low-strong,2,low,strong,2,1,0.0326114,0.000888089562323008
"(2,1)-Isolated Two-layer MoM",isomom,gmpd,out of sample,with noise,2d-low-weak,2,low,weak,2,1,0.0313764,0.0008644371322170019
"(2,1)-Isolated Two-layer MoM",isomom,gmpd,out of sample,with noise,3d-high-ind,3,high,ind,2,1,0.0034022,0.00012371831805445073
"(2,1)-Isolated Two-layer MoM",isomom,gmpd,out of sample,with noise,3d-high-strong,3,high,strong,2,1,0.0031647,0.00012796349700464011
"(2,1)-Isolated Two-layer MoM",isomom,gmpd,out of sample,with noise,3d-high-weak,3,high,weak,2,1,0.0032787,0.00011759934549395278
"(2,1)-Isolated Two-layer MoM",isomom,gmpd,out of sample,with noise,3d-low-ind,3,low,ind,2,1,0.0058731,0.00022453856162487016
"(2,1)-Isolated Two-layer MoM",isomom,gmpd,out of sample,with noise,3d-low-strong,3,low,strong,2,1,0.006246699999999999,0.00028210985395226736
"(2,1)-Isolated Two-layer MoM",isomom,gmpd,out of sample,with noise,3d-low-weak,3,low,weak,2,1,0.0059124,0.0002339477624504145
"(2,1)-Isolated Two-layer MoM",isomom,training_time,training,no noise,2d-high-ind,2,high,ind,2,1,253.8305,82.6351116996042
"(2,1)-Isolated Two-layer MoM",isomom,training_time,training,no noise,2d-high-strong,2,high,strong,2,1,259.0313,82.64593470059707
"(2,1)-Isolated Two-layer MoM",isomom,training_time,training,no noise,2d-high-weak,2,high,weak,2,1,263.0755,83.60768543252372
"(2,1)-Isolated Two-layer MoM",isomom,training_time,training,no noise,2d-low-ind,2,low,ind,2,1,301.7481,81.09983060793878
"(2,1)-Isolated Two-layer MoM",isomom,training_time,training,no noise,2d-low-strong,2,low,strong,2,1,310.8659,90.23163335980227
"(2,1)-Isolated Two-layer MoM",isomom,training_time,training,no noise,2d-low-weak,2,low,weak,2,1,299.8825,100.32211316881519
"(2,1)-Isolated Two-layer MoM",isomom,training_time,training,no noise,3d-high-ind,3,high,ind,2,1,266.7299,80.66228853001252
"(2,1)-Isolated Two-layer MoM",isomom,training_time,training,no noise,3d-high-strong,3,high,strong,2,1,254.3448,85.9527196610515
"(2,1)-Isolated Two-layer MoM",isomom,training_time,training,no noise,3d-high-weak,3,high,weak,2,1,274.5939,79.29988459485662
"(2,1)-Isolated Two-layer MoM",isomom,training_time,training,no noise,3d-low-ind,3,low,ind,2,1,298.8414,85.33272798104413
"(2,1)-Isolated Two-layer MoM",isomom,training_time,training,no noise,3d-low-strong,3,low,strong,2,1,304.2717,79.4801377520246
"(2,1)-Isolated Two-layer MoM",isomom,training_time,training,no noise,3d-low-weak,3,low,weak,2,1,294.5806,80.04363968599768
"(2,1)-Isolated Two-layer MoM",isomom,training_time,training,with noise,2d-high-ind,2,high,ind,2,1,244.738,80.00155382329405
"(2,1)-Isolated Two-layer MoM",isomom,training_time,training,with noise,2d-high-strong,2,high,strong,2,1,279.1118,80.44867378583062
"(2,1)-Isolated Two-layer MoM",isomom,training_time,training,with noise,2d-high-weak,2,high,weak,2,1,244.50209999999998,81.94298713123597
"(2,1)-Isolated Two-layer MoM",isomom,training_time,training,with noise,2d-low-ind,2,low,ind,2,1,300.88169999999997,83.64438843869222
"(2,1)-Isolated Two-layer MoM",isomom,training_time,training,with noise,2d-low-strong,2,low,strong,2,1,315.4049,92.44804516887017
"(2,1)-Isolated Two-layer MoM",isomom,training_time,training,with noise,2d-low-weak,2,low,weak,2,1,295.6427,88.80290651644056
"(2,1)-Isolated Two-layer MoM",isomom,training_time,training,with noise,3d-high-ind,3,high,ind,2,1,271.46389999999997,77.82749512715722
"(2,1)-Isolated Two-layer MoM",isomom,training_time,training,with noise,3d-high-strong,3,high,strong,2,1,271.389,88.75168612994963
"(2,1)-Isolated Two-layer MoM",isomom,training_time,training,with noise,3d-high-weak,3,high,weak,2,1,262.9486,86.11780009364904
"(2,1)-Isolated Two-layer MoM",isomom,training_time,training,with noise,3d-low-ind,3,low,ind,2,1,286.5985,85.84910910481777
"(2,1)-Isolated Two-layer MoM",isomom,training_time,training,with noise,3d-low-strong,3,low,strong,2,1,311.2991,84.88977656849194
"(2,1)-Isolated Two-layer MoM",isomom,training_time,training,with noise,3d-low-weak,3,low,weak,2,1,304.5731,86.6039251996692
"(2,1)-Two-layer MoM",mom,aic,in sample,no noise,2d-high-ind,2,high,ind,2,1,61915.8458418,225.98719137961623
"(2,1)-Two-layer MoM",mom,aic,in sample,no noise,2d-high-strong,2,high,strong,2,1,62464.6712843,230.26394141768495
"(2,1)-Two-layer MoM",mom,aic,in sample,no noise,2d-high-weak,2,high,weak,2,1,62506.0757666,224.49602043816057
"(2,1)-Two-layer MoM",mom,aic,in sample,no noise,2d-low-ind,2,low,ind,2,1,54965.150779100004,240.0355963878529
"(2,1)-Two-layer MoM",mom,aic,in sample,no noise,2d-low-strong,2,low,strong,2,1,51558.3483179,284.7570903430914
"(2,1)-Two-layer MoM",mom,aic,in sample,no noise,2d-low-weak,2,low,weak,2,1,54710.1590938,248.71553337169178
"(2,1)-Two-layer MoM",mom,aic,in sample,no noise,3d-high-ind,3,high,ind,2,1,89662.24634649999,244.7421016521625
"(2,1)-Two-layer MoM",mom,aic,in sample,no noise,3d-high-strong,3,high,strong,2,1,89894.1203542,301.64631973899554
"(2,1)-Two-layer MoM",mom,aic,in sample,no noise,3d-high-weak,3,high,weak,2,1,90357.66285460001,246.00093341614834
"(2,1)-Two-layer MoM",mom,aic,in sample,no noise,3d-low-ind,3,low,ind,2,1,81393.610618,257.4702882197366
"(2,1)-Two-layer MoM",mom,aic,in sample,no noise,3d-low-strong,3,low,strong,2,1,77901.5735951,321.9217215458008
"(2,1)-Two-layer MoM",mom,aic,in sample,no noise,3d-low-weak,3,low,weak,2,1,81017.3775587,281.5369152577222
"(2,1)-Two-layer MoM",mom,aic,in sample,with noise,2d-high-ind,2,high,ind,2,1,62461.7800748,225.58290108612118
"(2,1)-Two-layer MoM",mom,aic,in sample,with noise,2d-high-strong,2,high,strong,2,1,62999.86546849999,236.11283728324054
"(2,1)-Two-layer MoM",mom,aic,in sample,with noise,2d-high-weak,2,high,weak,2,1,63040.7257794,227.79851823331285
"(2,1)-Two-layer MoM",mom,aic,in sample,with noise,2d-low-ind,2,low,ind,2,1,55462.19035229999,239.27104049630785
"(2,1)-Two-layer MoM",mom,aic,in sample,with noise,2d-low-strong,2,low,strong,2,1,52206.403609999994,293.74209462191897
"(2,1)-Two-layer MoM",mom,aic,in sample,with noise,2d-low-weak,2,low,weak,2,1,55228.7093339,250.1341563286968
"(2,1)-Two-layer MoM",mom,aic,in sample,with noise,3d-high-ind,3,high,ind,2,1,90659.6276922,250.1003640670906
"(2,1)-Two-layer MoM",mom,aic,in sample,with noise,3d-high-strong,3,high,strong,2,1,90903.3748532,312.46925218044424
"(2,1)-Two-layer MoM",mom,aic,in sample,with noise,3d-high-weak,3,high,weak,2,1,91335.2401734,254.02701185629567
"(2,1)-Two-layer MoM",mom,aic,in sample,with noise,3d-low-ind,3,low,ind,2,1,82243.97888329999,270.2245701058541
"(2,1)-Two-layer MoM",mom,aic,in sample,with noise,3d-low-strong,3,low,strong,2,1,78903.0370464,329.7700937765168
"(2,1)-Two-layer MoM",mom,aic,in sample,with noise,3d-low-weak,3,low,weak,2,1,81879.24389859999,290.3943638550254
"(2,1)-Two-layer MoM",mom,aic,out of sample,no noise,2d-high-ind,2,high,ind,2,1,15525.6193169,96.70869612874858
"(2,1)-Two-layer MoM",mom,aic,out of sample,no noise,2d-high-strong,2,high,strong,2,1,15642.2479765,101.45625572686001
"(2,1)-Two-layer MoM",mom,aic,out of sample,no noise,2d-high-weak,2,high,weak,2,1,15660.084387699999,107.07396599453132
"(2,1)-Two-layer MoM",mom,aic,out of sample,no noise,2d-low-ind,2,low,ind,2,1,13777.723466100002,104.9102479905021
"(2,1)-Two-layer MoM",mom,aic,out of sample,no noise,2d-low-strong,2,low,strong,2,1,12904.7814806,118.08704703004108
"(2,1)-Two-layer MoM",mom,aic,out of sample,no noise,2d-low-weak,2,low,weak,2,1,13712.3622177,108.43035690264028
"(2,1)-Two-layer MoM",mom,aic,out of sample,no noise,3d-high-ind,3,high,ind,2,1,22458.344928799997,147.62814989246743
"(2,1)-Two-layer MoM",mom,aic,out of sample,no noise,3d-high-strong,3,high,strong,2,1,22509.7674383,155.74324635710602
"(2,1)-Two-layer MoM",mom,aic,out of sample,no noise,3d-high-weak,3,high,weak,2,1,22634.600052299997,148.5136888316253
"(2,1)-Two-layer MoM",mom,aic,out of sample,no noise,3d-low-ind,3,low,ind,2,1,20385.0340904,155.29166926715956
"(2,1)-Two-layer MoM",mom,aic,out of sample,no noise,3d-low-strong,3,low,strong,2,1,19501.1416931,182.0920119542319
"(2,1)-Two-layer MoM",mom,aic,out of sample,no noise,3d-low-weak,3,low,weak,2,1,20295.876384,161.90179366744982
"(2,1)-Two-layer MoM",mom,aic,out of sample,with noise,2d-high-ind,2,high,ind,2,1,15663.7111288,94.91795157488363
"(2,1)-Two-layer MoM",mom,aic,out of sample,with noise,2d-high-strong,2,high,strong,2,1,15775.9388023,102.28253973430945
"(2,1)-Two-layer MoM",mom,aic,out of sample,with noise,2d-high-weak,2,high,weak,2,1,15793.0016602,107.4716037459583
"(2,1)-Two-layer MoM",mom,aic,out of sample,with noise,2d-low-ind,2,low,ind,2,1,13903.8957409,105.56114880701655
"(2,1)-Two-layer MoM",mom,aic,out of sample,with noise,2d-low-strong,2,low,strong,2,1,13063.950110500002,119.00309585002795
"(2,1)-Two-layer MoM",mom,aic,out of sample,with noise,2d-low-weak,2,low,weak,2,1,13842.366672700002,108.91034811051864
"(2,1)-Two-layer MoM",mom,aic,out of sample,with noise,3d-high-ind,3,high,ind,2,1,22709.8052061,145.24823982922103
"(2,1)-Two-layer MoM",mom,aic,out of sample,with noise,3d-high-strong,3,high,strong,2,1,22760.2820354,154.16438838529163
"(2,1)-Two-layer MoM",mom,aic,out of sample,with noise,3d-high-weak,3,high,weak,2,1,22880.8583853,145.33958539005874
"(2,1)-Two-layer MoM",mom,aic,out of sample,with noise,3d-low-ind,3,low,ind,2,1,20599.541666,152.0076751103113
"(2,1)-Two-layer MoM",mom,aic,out of sample,with noise,3d-low-strong,3,low,strong,2,1,19749.736234800002,179.47988437137218
"(2,1)-Two-layer MoM",mom,aic,out of sample,with noise,3d-low-weak,3,low,weak,2,1,20511.837257799998,162.33233422546016
"(2,1)-Two-layer MoM",mom,ari,in sample,no noise,2d-high-ind,2,high,ind,2,1,0.3308607,0.007919617664350651
"(2,1)-Two-layer MoM",mom,ari,in sample,no noise,2d-high-strong,2,high,strong,2,1,0.038507599999999996,0.07598963249488097
"(2,1)-Two-layer MoM",mom,ari,in sample,no noise,2d-high-weak,2,high,weak,2,1,0.34715209999999996,0.007628519495083482
"(2,1)-Two-layer MoM",mom,ari,in sample,no noise,2d-low-ind,2,low,ind,2,1,0.0047931,0.0023509214591454783
"(2,1)-Two-layer MoM",mom,ari,in sample,no noise,2d-low-strong,2,low,strong,2,1,-3.0000000000000004e-07,0.00018213911322298836
"(2,1)-Two-layer MoM",mom,ari,in sample,no noise,2d-low-weak,2,low,weak,2,1,0.0029804,0.0014131760347000316
"(2,1)-Two-layer MoM",mom,ari,in sample,no noise,3d-high-ind,3,high,ind,2,1,0.3582038,0.007427914831732701
"(2,1)-Two-layer MoM",mom,ari,in sample,no noise,3d-high-strong,3,high,strong,2,1,0.0009000999999999999,0.0011977778204119108
"(2,1)-Two-layer MoM",mom,ari,in sample,no noise,3d-high-weak,3,high,weak,2,1,0.3802137,0.007553677631966882
"(2,1)-Two-layer MoM",mom,ari,in sample,no noise,3d-low-ind,3,low,ind,2,1,0.0115849,0.01331538917489038
"(2,1)-Two-layer MoM",mom,ari,in sample,no noise,3d-low-strong,3,low,strong,2,1,0.0002284,0.00034009422342650986
"(2,1)-Two-layer MoM",mom,ari,in sample,no noise,3d-low-weak,3,low,weak,2,1,0.0009410999999999999,0.0012629426076837503
"(2,1)-Two-layer MoM",mom,ari,in sample,with noise,2d-high-ind,2,high,ind,2,1,0.3255928,0.007936934639692285
"(2,1)-Two-layer MoM",mom,ari,in sample,with noise,2d-high-strong,2,high,strong,2,1,0.0361135,0.0710113216520984
"(2,1)-Two-layer MoM",mom,ari,in sample,with noise,2d-high-weak,2,high,weak,2,1,0.3408028,0.008075441018072234
"(2,1)-Two-layer MoM",mom,ari,in sample,with noise,2d-low-ind,2,low,ind,2,1,0.0048267,0.0024806520220590103
"(2,1)-Two-layer MoM",mom,ari,in sample,with noise,2d-low-strong,2,low,strong,2,1,-8.500000000000002e-06,0.00020184189732350296
"(2,1)-Two-layer MoM",mom,ari,in sample,with noise,2d-low-weak,2,low,weak,2,1,0.0028617,0.0013421414029283747
"(2,1)-Two-layer MoM",mom,ari,in sample,with noise,3d-high-ind,3,high,ind,2,1,0.3541101,0.007275474158590853
"(2,1)-Two-layer MoM",mom,ari,in sample,with noise,3d-high-strong,3,high,strong,2,1,0.0008996,0.001206259700332588
"(2,1)-Two-layer MoM",mom,ari,in sample,with noise,3d-high-weak,3,high,weak,2,1,0.37674959999999996,0.007595406761904714
"(2,1)-Two-layer MoM",mom,ari,in sample,with noise,3d-low-ind,3,low,ind,2,1,0.010008,0.010941395955477775
"(2,1)-Two-layer MoM",mom,ari,in sample,with noise,3d-low-strong,3,low,strong,2,1,0.0002273,0.0003578918492471933
"(2,1)-Two-layer MoM",mom,ari,in sample,with noise,3d-low-weak,3,low,weak,2,1,0.0009228,0.0012211933888329452
"(2,1)-Two-layer MoM",mom,ari,out of sample,no noise,2d-high-ind,2,high,ind,2,1,0.3326903,0.013348176242468486
"(2,1)-Two-layer MoM",mom,ari,out of sample,no noise,2d-high-strong,2,high,strong,2,1,0.0384361,0.07709510825570969
"(2,1)-Two-layer MoM",mom,ari,out of sample,no noise,2d-high-weak,2,high,weak,2,1,0.3493496,0.014373378515136728
"(2,1)-Two-layer MoM",mom,ari,out of sample,no noise,2d-low-ind,2,low,ind,2,1,0.0046542,0.003307105353353869
"(2,1)-Two-layer MoM",mom,ari,out of sample,no noise,2d-low-strong,2,low,strong,2,1,9.65e-05,0.0007917712849534061
"(2,1)-Two-layer MoM",mom,ari,out of sample,no noise,2d-low-weak,2,low,weak,2,1,0.0030726,0.002217114158522107
"(2,1)-Two-layer MoM",mom,ari,out of sample,no noise,3d-high-ind,3,high,ind,2,1,0.3612185,0.014815891439309828
"(2,1)-Two-layer MoM",mom,ari,out of sample,no noise,3d-high-strong,3,high,strong,2,1,0.0004993,0.001022503616846731
"(2,1)-Two-layer MoM",mom,ari,out of sample,no noise,3d-high-weak,3,high,weak,2,1,0.38188160000000004,0.015133914734526523
"(2,1)-Two-layer MoM",mom,ari,out of sample,no noise,3d-low-ind,3,low,ind,2,1,0.0118717,0.01334429027484766
"(2,1)-Two-layer MoM",mom,ari,out of sample,no noise,3d-low-strong,3,low,strong,2,1,0.00024300000000000002,0.0007961593414447242
"(2,1)-Two-layer MoM",mom,ari,out of sample,no noise,3d-low-weak,3,low,weak,2,1,0.0007296999999999999,0.0013919308985228492
"(2,1)-Two-layer MoM",mom,ari,out of sample,with noise,2d-high-ind,2,high,ind,2,1,0.3269149,0.013808287402860645
"(2,1)-Two-layer MoM",mom,ari,out of sample,with noise,2d-high-strong,2,high,strong,2,1,0.035923699999999996,0.07187992710426988
"(2,1)-Two-layer MoM",mom,ari,out of sample,with noise,2d-high-weak,2,high,weak,2,1,0.34270989999999996,0.014929144196990837
"(2,1)-Two-layer MoM",mom,ari,out of sample,with noise,2d-low-ind,2,low,ind,2,1,0.0047513,0.0033612430525901964
"(2,1)-Two-layer MoM",mom,ari,out of sample,with noise,2d-low-strong,2,low,strong,2,1,6.07e-05,0.0007591213088934875
"(2,1)-Two-layer MoM",mom,ari,out of sample,with noise,2d-low-weak,2,low,weak,2,1,0.0028327,0.002078512412396147
"(2,1)-Two-layer MoM",mom,ari,out of sample,with noise,3d-high-ind,3,high,ind,2,1,0.35826729999999996,0.014978466554128003
"(2,1)-Two-layer MoM",mom,ari,out of sample,with noise,3d-high-strong,3,high,strong,2,1,0.0005291,0.0010423275188565521
"(2,1)-Two-layer MoM",mom,ari,out of sample,with noise,3d-high-weak,3,high,weak,2,1,0.3778543,0.01516131095948175
"(2,1)-Two-layer MoM",mom,ari,out of sample,with noise,3d-low-ind,3,low,ind,2,1,0.010218,0.012034355534523365
"(2,1)-Two-layer MoM",mom,ari,out of sample,with noise,3d-low-strong,3,low,strong,2,1,0.00027279999999999996,0.0008014268588592538
"(2,1)-Two-layer MoM",mom,ari,out of sample,with noise,3d-low-weak,3,low,weak,2,1,0.0005806,0.001159529528417766
"(2,1)-Two-layer MoM",mom,avg_ll,in sample,no noise,2d-high-ind,2,high,ind,2,1,-3.8678653,0.014124629499386879
"(2,1)-Two-layer MoM",mom,avg_ll,in sample,no noise,2d-high-strong,2,high,strong,2,1,-3.9021663,0.014391854504222408
"(2,1)-Two-layer MoM",mom,avg_ll,in sample,no noise,2d-high-weak,2,high,weak,2,1,-3.9047552000000003,0.014031202420809798
"(2,1)-Two-layer MoM",mom,avg_ll,in sample,no noise,2d-low-ind,2,low,ind,2,1,-3.4334467,0.015001997715792584
"(2,1)-Two-layer MoM",mom,avg_ll,in sample,no noise,2d-low-strong,2,low,strong,2,1,-3.2205223000000003,0.017796865735575495
"(2,1)-Two-layer MoM",mom,avg_ll,in sample,no noise,2d-low-weak,2,low,weak,2,1,-3.4175098000000004,0.01554451665184202
"(2,1)-Two-layer MoM",mom,avg_ll,in sample,no noise,3d-high-ind,3,high,ind,2,1,-5.6007655,0.015296330079103752
"(2,1)-Two-layer MoM",mom,avg_ll,in sample,no noise,3d-high-strong,3,high,strong,2,1,-5.6152576,0.018852633131740487
"(2,1)-Two-layer MoM",mom,avg_ll,in sample,no noise,3d-high-weak,3,high,weak,2,1,-5.644228900000001,0.015375367739381408
"(2,1)-Two-layer MoM",mom,avg_ll,in sample,no noise,3d-low-ind,3,low,ind,2,1,-5.0839757,0.016091846812857937
"(2,1)-Two-layer MoM",mom,avg_ll,in sample,no noise,3d-low-strong,3,low,strong,2,1,-4.8657233,0.02011972332756531
"(2,1)-Two-layer MoM",mom,avg_ll,in sample,no noise,3d-low-weak,3,low,weak,2,1,-5.0604608,0.017595779262038518
"(2,1)-Two-layer MoM",mom,avg_ll,in sample,with noise,2d-high-ind,2,high,ind,2,1,-3.9019866000000003,0.014098968815362612
"(2,1)-Two-layer MoM",mom,avg_ll,in sample,with noise,2d-high-strong,2,high,strong,2,1,-3.9356169,0.014757055747449425
"(2,1)-Two-layer MoM",mom,avg_ll,in sample,with noise,2d-high-weak,2,high,weak,2,1,-3.9381701,0.014237140679833643
"(2,1)-Two-layer MoM",mom,avg_ll,in sample,with noise,2d-low-ind,2,low,ind,2,1,-3.4645118000000004,0.01495464364083085
"(2,1)-Two-layer MoM",mom,avg_ll,in sample,with noise,2d-low-strong,2,low,strong,2,1,-3.2610251,0.01835857477220562
"(2,1)-Two-layer MoM",mom,avg_ll,in sample,with noise,2d-low-weak,2,low,weak,2,1,-3.4499191000000002,0.015633155267771877
"(2,1)-Two-layer MoM",mom,avg_ll,in sample,with noise,3d-high-ind,3,high,ind,2,1,-5.6631018,0.015631528446564586
"(2,1)-Two-layer MoM",mom,avg_ll,in sample,with noise,3d-high-strong,3,high,strong,2,1,-5.6783356000000005,0.019529008380438275
"(2,1)-Two-layer MoM",mom,avg_ll,in sample,with noise,3d-high-weak,3,high,weak,2,1,-5.7053273,0.015876871613523972
"(2,1)-Two-layer MoM",mom,avg_ll,in sample,with noise,3d-low-ind,3,low,ind,2,1,-5.1371236,0.016888790468081092
"(2,1)-Two-layer MoM",mom,avg_ll,in sample,with noise,3d-low-strong,3,low,strong,2,1,-4.9283150000000004,0.020610554151313843
"(2,1)-Two-layer MoM",mom,avg_ll,in sample,with noise,3d-low-weak,3,low,weak,2,1,-5.1143277000000005,0.01814966181363984
"(2,1)-Two-layer MoM",mom,avg_ll,out of sample,no noise,2d-high-ind,2,high,ind,2,1,-3.8739049999999997,0.024177188660287827
"(2,1)-Two-layer MoM",mom,avg_ll,out of sample,no noise,2d-high-strong,2,high,strong,2,1,-3.9030621,0.02536385857491093
"(2,1)-Two-layer MoM",mom,avg_ll,out of sample,no noise,2d-high-weak,2,high,weak,2,1,-3.9075211999999997,0.026768316839581873
"(2,1)-Two-layer MoM",mom,avg_ll,out of sample,no noise,2d-low-ind,2,low,ind,2,1,-3.4369308000000003,0.026227746803411035
"(2,1)-Two-layer MoM",mom,avg_ll,out of sample,no noise,2d-low-strong,2,low,strong,2,1,-3.2186953999999997,0.0295215682640282
"(2,1)-Two-layer MoM",mom,avg_ll,out of sample,no noise,2d-low-weak,2,low,weak,2,1,-3.4205905999999997,0.02710795640852448
"(2,1)-Two-layer MoM",mom,avg_ll,out of sample,no noise,3d-high-ind,3,high,ind,2,1,-5.6020859,0.036907421281450636
"(2,1)-Two-layer MoM",mom,avg_ll,out of sample,no noise,3d-high-strong,3,high,strong,2,1,-5.6149424,0.038936277496608884
"(2,1)-Two-layer MoM",mom,avg_ll,out of sample,no noise,3d-high-weak,3,high,weak,2,1,-5.6461498,0.03712803147450338
"(2,1)-Two-layer MoM",mom,avg_ll,out of sample,no noise,3d-low-ind,3,low,ind,2,1,-5.0837581,0.03882265098736662
"(2,1)-Two-layer MoM",mom,avg_ll,out of sample,no noise,3d-low-strong,3,low,strong,2,1,-4.862785,0.04552281522556158
"(2,1)-Two-layer MoM",mom,avg_ll,out of sample,no noise,3d-low-weak,3,low,weak,2,1,-5.0614693,0.04047543403239932
"(2,1)-Two-layer MoM",mom,avg_ll,out of sample,with noise,2d-high-ind,2,high,ind,2,1,-3.9084279,0.0237296271491224
"(2,1)-Two-layer MoM",mom,avg_ll,out of sample,with noise,2d-high-strong,2,high,strong,2,1,-3.9364849,0.025570275455274002
"(2,1)-Two-layer MoM",mom,avg_ll,out of sample,with noise,2d-high-weak,2,high,weak,2,1,-3.9407503000000004,0.026868414540294216
"(2,1)-Two-layer MoM",mom,avg_ll,out of sample,with noise,2d-low-ind,2,low,ind,2,1,-3.4684739,0.026390228674356857
"(2,1)-Two-layer MoM",mom,avg_ll,out of sample,with noise,2d-low-strong,2,low,strong,2,1,-3.2584874999999998,0.029751057136807382
"(2,1)-Two-layer MoM",mom,avg_ll,out of sample,with noise,2d-low-weak,2,low,weak,2,1,-3.4530914999999998,0.027227325451880592
"(2,1)-Two-layer MoM",mom,avg_ll,out of sample,with noise,3d-high-ind,3,high,ind,2,1,-5.664950999999999,0.036312137367580447
"(2,1)-Two-layer MoM",mom,avg_ll,out of sample,with noise,3d-high-strong,3,high,strong,2,1,-5.6775708,0.03854093588312905
"(2,1)-Two-layer MoM",mom,avg_ll,out of sample,with noise,3d-high-weak,3,high,weak,2,1,-5.7077143,0.03633520451826076
"(2,1)-Two-layer MoM",mom,avg_ll,out of sample,with noise,3d-low-ind,3,low,ind,2,1,-5.137385500000001,0.03800192999817057
"(2,1)-Two-layer MoM",mom,avg_ll,out of sample,with noise,3d-low-strong,3,low,strong,2,1,-4.924934,0.0448700276106196
"(2,1)-Two-layer MoM",mom,avg_ll,out of sample,with noise,3d-low-weak,3,low,weak,2,1,-5.1154593,0.040583035895991784
"(2,1)-Two-layer MoM",mom,bic,in sample,no noise,2d-high-ind,2,high,ind,2,1,62020.653794,225.9871917518639
"(2,1)-Two-layer MoM",mom,bic,in sample,no noise,2d-high-strong,2,high,strong,2,1,62569.4792372,230.26394121114075
"(2,1)-Two-layer MoM",mom,bic,in sample,no noise,2d-high-weak,2,high,weak,2,1,62610.8837194,224.49602058478223
"(2,1)-Two-layer MoM",mom,bic,in sample,no noise,2d-low-ind,2,low,ind,2,1,55069.9587315,240.03559650944413
"(2,1)-Two-layer MoM",mom,bic,in sample,no noise,2d-low-strong,2,low,strong,2,1,51663.156269800005,284.75709042815026
"(2,1)-Two-layer MoM",mom,bic,in sample,no noise,2d-low-weak,2,low,weak,2,1,54814.9670466,248.7155330217326
"(2,1)-Two-layer MoM",mom,bic,in sample,no noise,3d-high-ind,3,high,ind,2,1,89836.9262668,244.74210153194957
"(2,1)-Two-layer MoM",mom,bic,in sample,no noise,3d-high-strong,3,high,strong,2,1,90068.80027450001,301.6463198616921
"(2,1)-Two-layer MoM",mom,bic,in sample,no noise,3d-high-weak,3,high,weak,2,1,90532.34277520001,246.0009336342269
"(2,1)-Two-layer MoM",mom,bic,in sample,no noise,3d-low-ind,3,low,ind,2,1,81568.2905381,257.47028828282845
"(2,1)-Two-layer MoM",mom,bic,in sample,no noise,3d-low-strong,3,low,strong,2,1,78076.2535154,321.921721516371
"(2,1)-Two-layer MoM",mom,bic,in sample,no noise,3d-low-weak,3,low,weak,2,1,81192.05747910001,281.53691515587747
"(2,1)-Two-layer MoM",mom,bic,in sample,with noise,2d-high-ind,2,high,ind,2,1,62566.588027499994,225.58290112167762
"(2,1)-Two-layer MoM",mom,bic,in sample,with noise,2d-high-strong,2,high,strong,2,1,63104.6734206,236.11283776040906
"(2,1)-Two-layer MoM",mom,bic,in sample,with noise,2d-high-weak,2,high,weak,2,1,63145.533732,227.79851779617343
"(2,1)-Two-layer MoM",mom,bic,in sample,with noise,2d-low-ind,2,low,ind,2,1,55566.9983043,239.27104113448442
"(2,1)-Two-layer MoM",mom,bic,in sample,with noise,2d-low-strong,2,low,strong,2,1,52311.211562200006,293.7420949447673
"(2,1)-Two-layer MoM",mom,bic,in sample,with noise,2d-low-weak,2,low,weak,2,1,55333.517286099996,250.13415619398563
"(2,1)-Two-layer MoM",mom,bic,in sample,with noise,3d-high-ind,3,high,ind,2,1,90834.3076127,250.10036408764864
"(2,1)-Two-layer MoM",mom,bic,in sample,with noise,3d-high-strong,3,high,strong,2,1,91078.0547738,312.46925236075316
"(2,1)-Two-layer MoM",mom,bic,in sample,with noise,3d-high-weak,3,high,weak,2,1,91509.9200939,254.02701203475533
"(2,1)-Two-layer MoM",mom,bic,in sample,with noise,3d-low-ind,3,low,ind,2,1,82418.6588036,270.22457010627085
"(2,1)-Two-layer MoM",mom,bic,in sample,with noise,3d-low-strong,3,low,strong,2,1,79077.7169671,329.77009361345824
"(2,1)-Two-layer MoM",mom,bic,in sample,with noise,3d-low-weak,3,low,weak,2,1,82053.9238188,290.3943640481437
"(2,1)-Two-layer MoM",mom,bic,out of sample,no noise,2d-high-ind,2,high,ind,2,1,15609.632854500001,96.7086970249593
"(2,1)-Two-layer MoM",mom,bic,out of sample,no noise,2d-high-strong,2,high,strong,2,1,15726.2615133,101.45625526244919
"(2,1)-Two-layer MoM",mom,bic,out of sample,no noise,2d-high-weak,2,high,weak,2,1,15744.097924599999,107.0739662230939
"(2,1)-Two-layer MoM",mom,bic,out of sample,no noise,2d-low-ind,2,low,ind,2,1,13861.737002999998,104.91024832246863
"(2,1)-Two-layer MoM",mom,bic,out of sample,no noise,2d-low-strong,2,low,strong,2,1,12988.7950181,118.08704690672391
"(2,1)-Two-layer MoM",mom,bic,out of sample,no noise,2d-low-weak,2,low,weak,2,1,13796.3757549,108.43035687826358
"(2,1)-Two-layer MoM",mom,bic,out of sample,no noise,3d-high-ind,3,high,ind,2,1,22598.3674903,147.62814969184456
"(2,1)-Two-layer MoM",mom,bic,out of sample,no noise,3d-high-strong,3,high,strong,2,1,22649.7899995,155.7432465676749
"(2,1)-Two-layer MoM",mom,bic,out of sample,no noise,3d-high-weak,3,high,weak,2,1,22774.622614099997,148.51368802584858
"(2,1)-Two-layer MoM",mom,bic,out of sample,no noise,3d-low-ind,3,low,ind,2,1,20525.0566518,155.29166868813056
"(2,1)-Two-layer MoM",mom,bic,out of sample,no noise,3d-low-strong,3,low,strong,2,1,19641.1642543,182.09201215180678
"(2,1)-Two-layer MoM",mom,bic,out of sample,no noise,3d-low-weak,3,low,weak,2,1,20435.898945,161.9017930879675
"(2,1)-Two-layer MoM",mom,bic,out of sample,with noise,2d-high-ind,2,high,ind,2,1,15747.724665099999,94.91795187887585
"(2,1)-Two-layer MoM",mom,bic,out of sample,with noise,2d-high-strong,2,high,strong,2,1,15859.9523386,102.2825396166735
"(2,1)-Two-layer MoM",mom,bic,out of sample,with noise,2d-high-weak,2,high,weak,2,1,15877.015197300001,107.4716035638163
"(2,1)-Two-layer MoM",mom,bic,out of sample,with noise,2d-low-ind,2,low,ind,2,1,13987.9092779,105.56114825154293
"(2,1)-Two-layer MoM",mom,bic,out of sample,with noise,2d-low-strong,2,low,strong,2,1,13147.9636468,119.00309590959858
"(2,1)-Two-layer MoM",mom,bic,out of sample,with noise,2d-low-weak,2,low,weak,2,1,13926.3802101,108.9103488712319
"(2,1)-Two-layer MoM",mom,bic,out of sample,with noise,3d-high-ind,3,high,ind,2,1,22849.8277678,145.24823999377074
"(2,1)-Two-layer MoM",mom,bic,out of sample,with noise,3d-high-strong,3,high,strong,2,1,22900.304596899998,154.16438827110812
"(2,1)-Two-layer MoM",mom,bic,out of sample,with noise,3d-high-weak,3,high,weak,2,1,23020.8809468,145.33958520984325
"(2,1)-Two-layer MoM",mom,bic,out of sample,with noise,3d-low-ind,3,low,ind,2,1,20739.564228,152.0076757106415
"(2,1)-Two-layer MoM",mom,bic,out of sample,with noise,3d-low-strong,3,low,strong,2,1,19889.758796000002,179.47988469751624
"(2,1)-Two-layer MoM",mom,bic,out of sample,with noise,3d-low-weak,3,low,weak,2,1,20651.859819499998,162.33233410317985
"(2,1)-Two-layer MoM",mom,em_iters,training,no noise,2d-high-ind,2,high,ind,2,1,11.0,0.0
"(2,1)-Two-layer MoM",mom,em_iters,training,no noise,2d-high-strong,2,high,strong,2,1,66.77,19.420313742537367
"(2,1)-Two-layer MoM",mom,em_iters,training,no noise,2d-high-weak,2,high,weak,2,1,11.0,0.0
"(2,1)-Two-layer MoM",mom,em_iters,training,no noise,2d-low-ind,2,low,ind,2,1,15.91,1.484567072900175
"(2,1)-Two-layer MoM",mom,em_iters,training,no noise,2d-low-strong,2,low,strong,2,1,22.85,3.6828156773223544
"(2,1)-Two-layer MoM",mom,em_iters,training,no noise,2d-low-weak,2,low,weak,2,1,35.3,16.636032452408106
"(2,1)-Two-layer MoM",mom,em_iters,training,no noise,3d-high-ind,3,high,ind,2,1,11.0,0.0
"(2,1)-Two-layer MoM",mom,em_iters,training,no noise,3d-high-strong,3,high,strong,2,1,59.64,11.977689698145067
"(2,1)-Two-layer MoM",mom,em_iters,training,no noise,3d-high-weak,3,high,weak,2,1,11.0,0.0
"(2,1)-Two-layer MoM",mom,em_iters,training,no noise,3d-low-ind,3,low,ind,2,1,22.85,15.687848350190851
"(2,1)-Two-layer MoM",mom,em_iters,training,no noise,3d-low-strong,3,low,strong,2,1,24.65,2.9860788111948193
"(2,1)-Two-layer MoM",mom,em_iters,training,no noise,3d-low-weak,3,low,weak,2,1,42.41,16.557274332852415
"(2,1)-Two-layer MoM",mom,em_iters,training,with noise,2d-high-ind,2,high,ind,2,1,11.0,0.0
"(2,1)-Two-layer MoM",mom,em_iters,training,with noise,2d-high-strong,2,high,strong,2,1,66.08,18.216808754886827
"(2,1)-Two-layer MoM",mom,em_iters,training,with noise,2d-high-weak,2,high,weak,2,1,11.0,0.0
"(2,1)-Two-layer MoM",mom,em_iters,training,with noise,2d-low-ind,2,low,ind,2,1,15.8,1.4564381625088378
"(2,1)-Two-layer MoM",mom,em_iters,training,with noise,2d-low-strong,2,low,strong,2,1,22.65,3.6635661822488164
"(2,1)-Two-layer MoM",mom,em_iters,training,with noise,2d-low-weak,2,low,weak,2,1,34.15,16.838133129083143
"(2,1)-Two-layer MoM",mom,em_iters,training,with noise,3d-high-ind,3,high,ind,2,1,11.0,0.0
"(2,1)-Two-layer MoM",mom,em_iters,training,with noise,3d-high-strong,3,high,strong,2,1,60.06,12.608975478850873
"(2,1)-Two-layer MoM",mom,em_iters,training,with noise,3d-high-weak,3,high,weak,2,1,11.0,0.0
"(2,1)-Two-layer MoM",mom,em_iters,training,with noise,3d-low-ind,3,low,ind,2,1,20.58,12.439899963870735
"(2,1)-Two-layer MoM",mom,em_iters,training,with noise,3d-low-strong,3,low,strong,2,1,24.53,2.804955931521524
"(2,1)-Two-layer MoM",mom,em_iters,training,with noise,3d-low-weak,3,low,weak,2,1,43.33,16.78025234276495
"(2,1)-Two-layer MoM",mom,gmpd,in sample,no noise,2d-high-ind,2,high,ind,2,1,0.020905200000000002,0.00029505856292532143
"(2,1)-Two-layer MoM",mom,gmpd,in sample,no noise,2d-high-strong,2,high,strong,2,1,0.0202,0.0002907253207431582
"(2,1)-Two-layer MoM",mom,gmpd,in sample,no noise,2d-high-weak,2,high,weak,2,1,0.0201478,0.00028226923174855446
"(2,1)-Two-layer MoM",mom,gmpd,in sample,no noise,2d-low-ind,2,low,ind,2,1,0.0322796,0.0004834198877567899
"(2,1)-Two-layer MoM",mom,gmpd,in sample,no noise,2d-low-strong,2,low,strong,2,1,0.0399401,0.0007109809626796852
"(2,1)-Two-layer MoM",mom,gmpd,in sample,no noise,2d-low-weak,2,low,weak,2,1,0.0327983,0.0005090038895685953
"(2,1)-Two-layer MoM",mom,gmpd,in sample,no noise,3d-high-ind,3,high,ind,2,1,0.0036957,5.673356122875568e-05
"(2,1)-Two-layer MoM",mom,gmpd,in sample,no noise,3d-high-strong,3,high,strong,2,1,0.0036425000000000003,6.853996843249406e-05
"(2,1)-Two-layer MoM",mom,gmpd,in sample,no noise,3d-high-weak,3,high,weak,2,1,0.0035383,5.425445101137282e-05
"(2,1)-Two-layer MoM",mom,gmpd,in sample,no noise,3d-low-ind,3,low,ind,2,1,0.006196,9.987871432771645e-05
"(2,1)-Two-layer MoM",mom,gmpd,in sample,no noise,3d-low-strong,3,low,strong,2,1,0.0077080000000000004,0.00015512132755564684
"(2,1)-Two-layer MoM",mom,gmpd,in sample,no noise,3d-low-weak,3,low,weak,2,1,0.0063436000000000005,0.00011217338671391137
"(2,1)-Two-layer MoM",mom,gmpd,in sample,with noise,2d-high-ind,2,high,ind,2,1,0.020204,0.00028454109784640293
"(2,1)-Two-layer MoM",mom,gmpd,in sample,with noise,2d-high-strong,2,high,strong,2,1,0.0195357,0.00028793677406435225
"(2,1)-Two-layer MoM",mom,gmpd,in sample,with noise,2d-high-weak,2,high,weak,2,1,0.019486,0.000277401361120517
"(2,1)-Two-layer MoM",mom,gmpd,in sample,with noise,2d-low-ind,2,low,ind,2,1,0.0312917,0.0004663181707414332
"(2,1)-Two-layer MoM",mom,gmpd,in sample,with noise,2d-low-strong,2,low,strong,2,1,0.0383552,0.0007045959942772274
"(2,1)-Two-layer MoM",mom,gmpd,in sample,with noise,2d-low-weak,2,low,weak,2,1,0.0317522,0.0004957100406935939
"(2,1)-Two-layer MoM",mom,gmpd,in sample,with noise,3d-high-ind,3,high,ind,2,1,0.0034722999999999998,5.4880126483348036e-05
"(2,1)-Two-layer MoM",mom,gmpd,in sample,with noise,3d-high-strong,3,high,strong,2,1,0.0034200000000000003,6.692374674798083e-05
"(2,1)-Two-layer MoM",mom,gmpd,in sample,with noise,3d-high-weak,3,high,weak,2,1,0.0033288000000000002,5.2151295053503496e-05
"(2,1)-Two-layer MoM",mom,gmpd,in sample,with noise,3d-low-ind,3,low,ind,2,1,0.005875399999999999,9.902983939656326e-05
"(2,1)-Two-layer MoM",mom,gmpd,in sample,with noise,3d-low-strong,3,low,strong,2,1,0.0072401,0.00014849749173135907
"(2,1)-Two-layer MoM",mom,gmpd,in sample,with noise,3d-low-weak,3,low,weak,2,1,0.0060117,0.00010932349364444163
"(2,1)-Two-layer MoM",mom,gmpd,out of sample,no noise,2d-high-ind,2,high,ind,2,1,0.0207832,0.0005032538167171753
"(2,1)-Two-layer MoM",mom,gmpd,out of sample,no noise,2d-high-strong,2,high,strong,2,1,0.0201871,0.0005125008893808499
"(2,1)-Two-layer MoM",mom,gmpd,out of sample,no noise,2d-high-weak,2,high,weak,2,1,0.020097800000000002,0.0005412622359640548
"(2,1)-Two-layer MoM",mom,gmpd,out of sample,no noise,2d-low-ind,2,low,ind,2,1,0.0321748,0.0008478379871916877
"(2,1)-Two-layer MoM",mom,gmpd,out of sample,no noise,2d-low-strong,2,low,strong,2,1,0.040024699999999996,0.0011821008989733224
"(2,1)-Two-layer MoM",mom,gmpd,out of sample,no noise,2d-low-weak,2,low,weak,2,1,0.032705000000000005,0.0008927174493894711
"(2,1)-Two-layer MoM",mom,gmpd,out of sample,no noise,3d-high-ind,3,high,ind,2,1,0.0036924,0.0001367451363787112
"(2,1)-Two-layer MoM",mom,gmpd,out of sample,no noise,3d-high-strong,3,high,strong,2,1,0.0036459,0.00014239718956482117
"(2,1)-Two-layer MoM",mom,gmpd,out of sample,no noise,3d-high-weak,3,high,weak,2,1,0.003534,0.00013202387295600386
"(2,1)-Two-layer MoM",mom,gmpd,out of sample,no noise,3d-low-ind,3,low,ind,2,1,0.0062014,0.00024129708416862974
"(2,1)-Two-layer MoM",mom,gmpd,out of sample,no noise,3d-low-strong,3,low,strong,2,1,0.0077366,0.00035396233321263623
"(2,1)-Two-layer MoM",mom,gmpd,out of sample,no noise,3d-low-weak,3,low,weak,2,1,0.0063411,0.0002583783733952667
"(2,1)-Two-layer MoM",mom,gmpd,out of sample,with noise,2d-high-ind,2,high,ind,2,1,0.0200776,0.0004778785611344365
"(2,1)-Two-layer MoM",mom,gmpd,out of sample,with noise,2d-high-strong,2,high,strong,2,1,0.019523,0.0005000454524795266
"(2,1)-Two-layer MoM",mom,gmpd,out of sample,with noise,2d-high-weak,2,high,weak,2,1,0.0194402,0.0005247182601408609
"(2,1)-Two-layer MoM",mom,gmpd,out of sample,with noise,2d-low-ind,2,low,ind,2,1,0.0311751,0.000826376409208885
"(2,1)-Two-layer MoM",mom,gmpd,out of sample,with noise,2d-low-strong,2,low,strong,2,1,0.0384632,0.0011445778013898162
"(2,1)-Two-layer MoM",mom,gmpd,out of sample,with noise,2d-low-weak,2,low,weak,2,1,0.0316595,0.0008664479619152392
"(2,1)-Two-layer MoM",mom,gmpd,out of sample,with noise,3d-high-ind,3,high,ind,2,1,0.0034675,0.0001264461797115135
"(2,1)-Two-layer MoM",mom,gmpd,out of sample,with noise,3d-high-strong,3,high,strong,2,1,0.0034241,0.00013284071877875622
"(2,1)-Two-layer MoM",mom,gmpd,out of sample,with noise,3d-high-weak,3,high,weak,2,1,0.0033223999999999997,0.00012190507981560281
"(2,1)-Two-layer MoM",mom,gmpd,out of sample,with noise,3d-low-ind,3,low,ind,2,1,0.005877599999999999,0.00022353957008534176
"(2,1)-Two-layer MoM",mom,gmpd,out of sample,with noise,3d-low-strong,3,low,strong,2,1,0.0072699999999999996,0.00032889161888028837
"(2,1)-Two-layer MoM",mom,gmpd,out of sample,with noise,3d-low-weak,3,low,weak,2,1,0.0060088,0.00024520154563093183
"(2,1)-Two-layer MoM",mom,training_time,training,no noise,2d-high-ind,2,high,ind,2,1,349.24129999999997,87.50652336612545
"(2,1)-Two-layer MoM",mom,training_time,training,no noise,2d-high-strong,2,high,strong,2,1,955.1928,215.3038733580748
"(2,1)-Two-layer MoM",mom,training_time,training,no noise,2d-high-weak,2,high,weak,2,1,341.5376,87.41211711441524
"(2,1)-Two-layer MoM",mom,training_time,training,no noise,2d-low-ind,2,low,ind,2,1,435.95599999999996,84.49316988713203
"(2,1)-Two-layer MoM",mom,training_time,training,no noise,2d-low-strong,2,low,strong,2,1,529.6743,119.76709572623429
"(2,1)-Two-layer MoM",mom,training_time,training,no noise,2d-low-weak,2,low,weak,2,1,655.41,210.57914101425862
"(2,1)-Two-layer MoM",mom,training_time,training,no noise,3d-high-ind,3,high,ind,2,1,372.4665,83.70986925601177
"(2,1)-Two-layer MoM",mom,training_time,training,no noise,3d-high-strong,3,high,strong,2,1,960.7828999999999,180.90779119133396
"(2,1)-Two-layer MoM",mom,training_time,training,no noise,3d-high-weak,3,high,weak,2,1,374.1643,80.93890926395278
"(2,1)-Two-layer MoM",mom,training_time,training,no noise,3d-low-ind,3,low,ind,2,1,523.5537,189.7127592480939
"(2,1)-Two-layer MoM",mom,training_time,training,no noise,3d-low-strong,3,low,strong,2,1,546.5206,83.68942235299382
"(2,1)-Two-layer MoM",mom,training_time,training,no noise,3d-low-weak,3,low,weak,2,1,771.5419999999999,216.53918291005337
"(2,1)-Two-layer MoM",mom,training_time,training,with noise,2d-high-ind,2,high,ind,2,1,358.1396,79.6938391205856
"(2,1)-Two-layer MoM",mom,training_time,training,with noise,2d-high-strong,2,high,strong,2,1,960.3895,212.4502626302605
"(2,1)-Two-layer MoM",mom,training_time,training,with noise,2d-high-weak,2,high,weak,2,1,347.06800000000004,85.34414511289279
"(2,1)-Two-layer MoM",mom,training_time,training,with noise,2d-low-ind,2,low,ind,2,1,427.1104,83.04423499253244
"(2,1)-Two-layer MoM",mom,training_time,training,with noise,2d-low-strong,2,low,strong,2,1,520.1296,100.07849169950795
"(2,1)-Two-layer MoM",mom,training_time,training,with noise,2d-low-weak,2,low,weak,2,1,642.7725,228.6276563304217
"(2,1)-Two-layer MoM",mom,training_time,training,with noise,3d-high-ind,3,high,ind,2,1,384.92470000000003,89.82480112913632
"(2,1)-Two-layer MoM",mom,training_time,training,with noise,3d-high-strong,3,high,strong,2,1,957.1521,183.67991798588935
"(2,1)-Two-layer MoM",mom,training_time,training,with noise,3d-high-weak,3,high,weak,2,1,357.2824,83.11227171322736
"(2,1)-Two-layer MoM",mom,training_time,training,with noise,3d-low-ind,3,low,ind,2,1,504.2795,174.81082184201532
"(2,1)-Two-layer MoM",mom,training_time,training,with noise,3d-low-strong,3,low,strong,2,1,558.7667,94.09467351529251
"(2,1)-Two-layer MoM",mom,training_time,training,with noise,3d-low-weak,3,low,weak,2,1,767.5622,217.39243978091554
"(2,2)-Isolated Two-layer MoM",isomom,aic,in sample,no noise,2d-high-ind,2,high,ind,2,2,62120.757737800006,229.5261316000017
"(2,2)-Isolated Two-layer MoM",isomom,aic,in sample,no noise,2d-high-strong,2,high,strong,2,2,62894.86414990001,244.9501408754544
"(2,2)-Isolated Two-layer MoM",isomom,aic,in sample,no noise,2d-high-weak,2,high,weak,2,2,62598.3464597,225.7903858646235
"(2,2)-Isolated Two-layer MoM",isomom,aic,in sample,no noise,2d-low-ind,2,low,ind,2,2,54958.90836450001,240.0653855443836
"(2,2)-Isolated Two-layer MoM",isomom,aic,in sample,no noise,2d-low-strong,2,low,strong,2,2,54278.4648901,265.3454836283406
"(2,2)-Isolated Two-layer MoM",isomom,aic,in sample,no noise,2d-low-weak,2,low,weak,2,2,54887.608247,235.09818846912498
"(2,2)-Isolated Two-layer MoM",isomom,aic,in sample,no noise,3d-high-ind,3,high,ind,2,2,89874.34640590001,244.74095533780826
"(2,2)-Isolated Two-layer MoM",isomom,aic,in sample,no noise,3d-high-strong,3,high,strong,2,2,90912.3060854,307.9272609402629
"(2,2)-Isolated Two-layer MoM",isomom,aic,in sample,no noise,3d-high-weak,3,high,weak,2,2,90387.3303951,245.4642789730815
"(2,2)-Isolated Two-layer MoM",isomom,aic,in sample,no noise,3d-low-ind,3,low,ind,2,2,81349.6162735,253.41780216211762
"(2,2)-Isolated Two-layer MoM",isomom,aic,in sample,no noise,3d-low-strong,3,low,strong,2,2,80283.6078524,336.7598214186154
"(2,2)-Isolated Two-layer MoM",isomom,aic,in sample,no noise,3d-low-weak,3,low,weak,2,2,81225.4087041,262.92809945881976
"(2,2)-Isolated Two-layer MoM",isomom,aic,in sample,with noise,2d-high-ind,2,high,ind,2,2,62671.8665604,228.351082030651
"(2,2)-Isolated Two-layer MoM",isomom,aic,in sample,with noise,2d-high-strong,2,high,strong,2,2,63416.5186406,253.105816800571
"(2,2)-Isolated Two-layer MoM",isomom,aic,in sample,with noise,2d-high-weak,2,high,weak,2,2,63134.6030734,229.2182581273226
"(2,2)-Isolated Two-layer MoM",isomom,aic,in sample,with noise,2d-low-ind,2,low,ind,2,2,55460.1236458,239.26749286879064
"(2,2)-Isolated Two-layer MoM",isomom,aic,in sample,with noise,2d-low-strong,2,low,strong,2,2,54819.4356628,273.7087503455269
"(2,2)-Isolated Two-layer MoM",isomom,aic,in sample,with noise,2d-low-weak,2,low,weak,2,2,55399.410626900004,237.84151541524977
"(2,2)-Isolated Two-layer MoM",isomom,aic,in sample,with noise,3d-high-ind,3,high,ind,2,2,90876.219647,250.549789919619
"(2,2)-Isolated Two-layer MoM",isomom,aic,in sample,with noise,3d-high-strong,3,high,strong,2,2,91880.6987514,312.6918387137071
"(2,2)-Isolated Two-layer MoM",isomom,aic,in sample,with noise,3d-high-weak,3,high,weak,2,2,91372.1300061,253.38310021184049
"(2,2)-Isolated Two-layer MoM",isomom,aic,in sample,with noise,3d-low-ind,3,low,ind,2,2,82196.546449,260.36204324784427
"(2,2)-Isolated Two-layer MoM",isomom,aic,in sample,with noise,3d-low-strong,3,low,strong,2,2,81196.1713649,342.2156892546178
"(2,2)-Isolated Two-layer MoM",isomom,aic,in sample,with noise,3d-low-weak,3,low,weak,2,2,82080.8504557,268.1003122896501
"(2,2)-Isolated Two-layer MoM",isomom,aic,out of sample,no noise,2d-high-ind,2,high,ind,2,2,15586.1497308,96.29764271240222
"(2,2)-Isolated Two-layer MoM",isomom,aic,out of sample,no noise,2d-high-strong,2,high,strong,2,2,15758.9007715,100.7427908613775
"(2,2)-Isolated Two-layer MoM",isomom,aic,out of sample,no noise,2d-high-weak,2,high,weak,2,2,15693.819177000001,106.32672002656345
"(2,2)-Isolated Two-layer MoM",isomom,aic,out of sample,no noise,2d-low-ind,2,low,ind,2,2,13786.7899111,104.2349427332202
"(2,2)-Isolated Two-layer MoM",isomom,aic,out of sample,no noise,2d-low-strong,2,low,strong,2,2,13598.838044799999,109.45003671734658
"(2,2)-Isolated Two-layer MoM",isomom,aic,out of sample,no noise,2d-low-weak,2,low,weak,2,2,13763.2218438,109.71830620705566
"(2,2)-Isolated Two-layer MoM",isomom,aic,out of sample,no noise,3d-high-ind,3,high,ind,2,2,22526.7554705,147.18445545326884
"(2,2)-Isolated Two-layer MoM",isomom,aic,out of sample,no noise,3d-high-strong,3,high,strong,2,2,22777.7963887,162.9929007219826
"(2,2)-Isolated Two-layer MoM",isomom,aic,out of sample,no noise,3d-high-weak,3,high,weak,2,2,22658.5035054,147.05764899684272
"(2,2)-Isolated Two-layer MoM",isomom,aic,out of sample,no noise,3d-low-ind,3,low,ind,2,2,20385.2595273,156.0513786837926
"(2,2)-Isolated Two-layer MoM",isomom,aic,out of sample,no noise,3d-low-strong,3,low,strong,2,2,20114.7953504,179.36953065068676
"(2,2)-Isolated Two-layer MoM",isomom,aic,out of sample,no noise,3d-low-weak,3,low,weak,2,2,20357.0453202,160.33121666173426
"(2,2)-Isolated Two-layer MoM",isomom,aic,out of sample,with noise,2d-high-ind,2,high,ind,2,2,15726.0324096,95.09690953978682
"(2,2)-Isolated Two-layer MoM",isomom,aic,out of sample,with noise,2d-high-strong,2,high,strong,2,2,15887.219170999999,100.74209055017229
"(2,2)-Isolated Two-layer MoM",isomom,aic,out of sample,with noise,2d-high-weak,2,high,weak,2,2,15827.4185908,106.40077073845235
"(2,2)-Isolated Two-layer MoM",isomom,aic,out of sample,with noise,2d-low-ind,2,low,ind,2,2,13914.2084338,104.69152450858397
"(2,2)-Isolated Two-layer MoM",isomom,aic,out of sample,with noise,2d-low-strong,2,low,strong,2,2,13732.3566227,108.58661326591297
"(2,2)-Isolated Two-layer MoM",isomom,aic,out of sample,with noise,2d-low-weak,2,low,weak,2,2,13890.718070199999,109.33394118123465
"(2,2)-Isolated Two-layer MoM",isomom,aic,out of sample,with noise,3d-high-ind,3,high,ind,2,2,22778.518919700004,144.45090149078047
"(2,2)-Isolated Two-layer MoM",isomom,aic,out of sample,with noise,3d-high-strong,3,high,strong,2,2,23017.9955039,160.47942848347455
"(2,2)-Isolated Two-layer MoM",isomom,aic,out of sample,with noise,3d-high-weak,3,high,weak,2,2,22905.3776821,143.65697779058868
"(2,2)-Isolated Two-layer MoM",isomom,aic,out of sample,with noise,3d-low-ind,3,low,ind,2,2,20599.5313798,152.66666074109068
"(2,2)-Isolated Two-layer MoM",isomom,aic,out of sample,with noise,3d-low-strong,3,low,strong,2,2,20341.4683025,177.95959493986882
"(2,2)-Isolated Two-layer MoM",isomom,aic,out of sample,with noise,3d-low-weak,3,low,weak,2,2,20571.9656991,157.76940542428875
"(2,2)-Isolated Two-layer MoM",isomom,ari,in sample,no noise,2d-high-ind,2,high,ind,2,2,0.32929139999999996,0.007672027114159852
"(2,2)-Isolated Two-layer MoM",isomom,ari,in sample,no noise,2d-high-strong,2,high,strong,2,2,0.3029778,0.008329842611922135
"(2,2)-Isolated Two-layer MoM",isomom,ari,in sample,no noise,2d-high-weak,2,high,weak,2,2,0.33543280000000003,0.007620364672203923
"(2,2)-Isolated Two-layer MoM",isomom,ari,in sample,no noise,2d-low-ind,2,low,ind,2,2,0.0038290000000000004,0.0017859951813705402
"(2,2)-Isolated Two-layer MoM",isomom,ari,in sample,no noise,2d-low-strong,2,low,strong,2,2,0.0023556,0.001006651936476616
"(2,2)-Isolated Two-layer MoM",isomom,ari,in sample,no noise,2d-low-weak,2,low,weak,2,2,0.0032021,0.0015897489128980735
"(2,2)-Isolated Two-layer MoM",isomom,ari,in sample,no noise,3d-high-ind,3,high,ind,2,2,0.3633566,0.006834431429877465
"(2,2)-Isolated Two-layer MoM",isomom,ari,in sample,no noise,3d-high-strong,3,high,strong,2,2,0.35998199999999997,0.009131214750967296
"(2,2)-Isolated Two-layer MoM",isomom,ari,in sample,no noise,3d-high-weak,3,high,weak,2,2,0.3712258,0.007312239660219354
"(2,2)-Isolated Two-layer MoM",isomom,ari,in sample,no noise,3d-low-ind,3,low,ind,2,2,0.0042821,0.002526906239141876
"(2,2)-Isolated Two-layer MoM",isomom,ari,in sample,no noise,3d-low-strong,3,low,strong,2,2,0.0025215,0.0011246866005669978
"(2,2)-Isolated Two-layer MoM",isomom,ari,in sample,no noise,3d-low-weak,3,low,weak,2,2,0.003095,0.0015520813656688765
"(2,2)-Isolated Two-layer MoM",isomom,ari,in sample,with noise,2d-high-ind,2,high,ind,2,2,0.3232924,0.008067101556020695
"(2,2)-Isolated Two-layer MoM",isomom,ari,in sample,with noise,2d-high-strong,2,high,strong,2,2,0.29574290000000003,0.00843099096647409
"(2,2)-Isolated Two-layer MoM",isomom,ari,in sample,with noise,2d-high-weak,2,high,weak,2,2,0.32870489999999997,0.0076413189002523365
"(2,2)-Isolated Two-layer MoM",isomom,ari,in sample,with noise,2d-low-ind,2,low,ind,2,2,0.0038094,0.0018659272453256277
"(2,2)-Isolated Two-layer MoM",isomom,ari,in sample,with noise,2d-low-strong,2,low,strong,2,2,0.0023587,0.0009989849949834182
"(2,2)-Isolated Two-layer MoM",isomom,ari,in sample,with noise,2d-low-weak,2,low,weak,2,2,0.0032373000000000002,0.0016085427591707993
"(2,2)-Isolated Two-layer MoM",isomom,ari,in sample,with noise,3d-high-ind,3,high,ind,2,2,0.3593884,0.006890317569025408
"(2,2)-Isolated Two-layer MoM",isomom,ari,in sample,with noise,3d-high-strong,3,high,strong,2,2,0.35542720000000005,0.008547671202725286
"(2,2)-Isolated Two-layer MoM",isomom,ari,in sample,with noise,3d-high-weak,3,high,weak,2,2,0.3669662,0.007500742425206515
"(2,2)-Isolated Two-layer MoM",isomom,ari,in sample,with noise,3d-low-ind,3,low,ind,2,2,0.0043159999999999995,0.0023152044655217214
"(2,2)-Isolated Two-layer MoM",isomom,ari,in sample,with noise,3d-low-strong,3,low,strong,2,2,0.00243,0.001077887008939436
"(2,2)-Isolated Two-layer MoM",isomom,ari,in sample,with noise,3d-low-weak,3,low,weak,2,2,0.0031543,0.0015885151283923336
"(2,2)-Isolated Two-layer MoM",isomom,ari,out of sample,no noise,2d-high-ind,2,high,ind,2,2,0.3313137,0.014251584611877196
"(2,2)-Isolated Two-layer MoM",isomom,ari,out of sample,no noise,2d-high-strong,2,high,strong,2,2,0.3049507,0.01462448474478691
"(2,2)-Isolated Two-layer MoM",isomom,ari,out of sample,no noise,2d-high-weak,2,high,weak,2,2,0.3380778,0.014146572599864331
"(2,2)-Isolated Two-layer MoM",isomom,ari,out of sample,no noise,2d-low-ind,2,low,ind,2,2,0.0037333,0.0027714912497561212
"(2,2)-Isolated Two-layer MoM",isomom,ari,out of sample,no noise,2d-low-strong,2,low,strong,2,2,0.0024825,0.0019795512066622524
"(2,2)-Isolated Two-layer MoM",isomom,ari,out of sample,no noise,2d-low-weak,2,low,weak,2,2,0.0030614,0.0023700023526391596
"(2,2)-Isolated Two-layer MoM",isomom,ari,out of sample,no noise,3d-high-ind,3,high,ind,2,2,0.3660473,0.01580582687945918
"(2,2)-Isolated Two-layer MoM",isomom,ari,out of sample,no noise,3d-high-strong,3,high,strong,2,2,0.3620381,0.015934940498061732
"(2,2)-Isolated Two-layer MoM",isomom,ari,out of sample,no noise,3d-high-weak,3,high,weak,2,2,0.3733435,0.015204699922967071
"(2,2)-Isolated Two-layer MoM",isomom,ari,out of sample,no noise,3d-low-ind,3,low,ind,2,2,0.0042239,0.0030831097036019403
"(2,2)-Isolated Two-layer MoM",isomom,ari,out of sample,no noise,3d-low-strong,3,low,strong,2,2,0.002387,0.001722895437009654
"(2,2)-Isolated Two-layer MoM",isomom,ari,out of sample,no noise,3d-low-weak,3,low,weak,2,2,0.0030856,0.002366482843906765
"(2,2)-Isolated Two-layer MoM",isomom,ari,out of sample,with noise,2d-high-ind,2,high,ind,2,2,0.3244972,0.014821076453224408
"(2,2)-Isolated Two-layer MoM",isomom,ari,out of sample,with noise,2d-high-strong,2,high,strong,2,2,0.2980429,0.01469349937313379
"(2,2)-Isolated Two-layer MoM",isomom,ari,out of sample,with noise,2d-high-weak,2,high,weak,2,2,0.3310854,0.014403121324170954
"(2,2)-Isolated Two-layer MoM",isomom,ari,out of sample,with noise,2d-low-ind,2,low,ind,2,2,0.0039198,0.0029044879866590018
"(2,2)-Isolated Two-layer MoM",isomom,ari,out of sample,with noise,2d-low-strong,2,low,strong,2,2,0.0023867,0.002029145740045163
"(2,2)-Isolated Two-layer MoM",isomom,ari,out of sample,with noise,2d-low-weak,2,low,weak,2,2,0.0030212,0.002346673674231961
"(2,2)-Isolated Two-layer MoM",isomom,ari,out of sample,with noise,3d-high-ind,3,high,ind,2,2,0.36292900000000006,0.01452268872760095
"(2,2)-Isolated Two-layer MoM",isomom,ari,out of sample,with noise,3d-high-strong,3,high,strong,2,2,0.3567322,0.015789457074487097
"(2,2)-Isolated Two-layer MoM",isomom,ari,out of sample,with noise,3d-high-weak,3,high,weak,2,2,0.36845669999999997,0.015202221731235747
"(2,2)-Isolated Two-layer MoM",isomom,ari,out of sample,with noise,3d-low-ind,3,low,ind,2,2,0.0040173,0.0030987872684896485
"(2,2)-Isolated Two-layer MoM",isomom,ari,out of sample,with noise,3d-low-strong,3,low,strong,2,2,0.0021535,0.0015901098208690628
"(2,2)-Isolated Two-layer MoM",isomom,ari,out of sample,with noise,3d-low-weak,3,low,weak,2,2,0.0031815,0.002210423596224822
"(2,2)-Isolated Two-layer MoM",isomom,avg_ll,in sample,no noise,2d-high-ind,2,high,ind,2,2,-3.8799225,0.014345403682649784
"(2,2)-Isolated Two-layer MoM",isomom,avg_ll,in sample,no noise,2d-high-strong,2,high,strong,2,2,-3.9283035,0.01530926624893593
"(2,2)-Isolated Two-layer MoM",isomom,avg_ll,in sample,no noise,2d-high-weak,2,high,weak,2,2,-3.9097711,0.014112336883490659
"(2,2)-Isolated Two-layer MoM",isomom,avg_ll,in sample,no noise,2d-low-ind,2,low,ind,2,2,-3.4323068,0.015004078360044136
"(2,2)-Isolated Two-layer MoM",isomom,avg_ll,in sample,no noise,2d-low-strong,2,low,strong,2,2,-3.389779,0.016584221508117433
"(2,2)-Isolated Two-layer MoM",isomom,avg_ll,in sample,no noise,2d-low-weak,2,low,weak,2,2,-3.4278505,0.01469328860570383
"(2,2)-Isolated Two-layer MoM",isomom,avg_ll,in sample,no noise,3d-high-ind,3,high,ind,2,2,-5.6130214,0.015296313876951656
"(2,2)-Isolated Two-layer MoM",isomom,avg_ll,in sample,no noise,3d-high-strong,3,high,strong,2,2,-5.677893699999999,0.01924544168278962
"(2,2)-Isolated Two-layer MoM",isomom,avg_ll,in sample,no noise,3d-high-weak,3,high,weak,2,2,-5.6450838,0.015341633048866137
"(2,2)-Isolated Two-layer MoM",isomom,avg_ll,in sample,no noise,3d-low-ind,3,low,ind,2,2,-5.0802263,0.0158383802900461
"(2,2)-Isolated Two-layer MoM",isomom,avg_ll,in sample,no noise,3d-low-strong,3,low,strong,2,2,-5.0136008,0.021047747338858027
"(2,2)-Isolated Two-layer MoM",isomom,avg_ll,in sample,no noise,3d-low-weak,3,low,weak,2,2,-5.0724631,0.016432925908957775
"(2,2)-Isolated Two-layer MoM",isomom,avg_ll,in sample,with noise,2d-high-ind,2,high,ind,2,2,-3.9143667,0.014271853705525377
"(2,2)-Isolated Two-layer MoM",isomom,avg_ll,in sample,with noise,2d-high-strong,2,high,strong,2,2,-3.9609074,0.015819481380611608
"(2,2)-Isolated Two-layer MoM",isomom,avg_ll,in sample,with noise,2d-high-weak,2,high,weak,2,2,-3.9432874,0.014325922581746071
"(2,2)-Isolated Two-layer MoM",isomom,avg_ll,in sample,with noise,2d-low-ind,2,low,ind,2,2,-3.4636329,0.01495413454499793
"(2,2)-Isolated Two-layer MoM",isomom,avg_ll,in sample,with noise,2d-low-strong,2,low,strong,2,2,-3.4235894,0.017106857200337174
"(2,2)-Isolated Two-layer MoM",isomom,avg_ll,in sample,with noise,2d-low-weak,2,low,weak,2,2,-3.4598377,0.01486563801679784
"(2,2)-Isolated Two-layer MoM",isomom,avg_ll,in sample,with noise,3d-high-ind,3,high,ind,2,2,-5.6756386999999995,0.015659527235597583
"(2,2)-Isolated Two-layer MoM",isomom,avg_ll,in sample,with noise,3d-high-strong,3,high,strong,2,2,-5.7384189,0.019543254637037447
"(2,2)-Isolated Two-layer MoM",isomom,avg_ll,in sample,with noise,3d-high-weak,3,high,weak,2,2,-5.7066333,0.015836070197591038
"(2,2)-Isolated Two-layer MoM",isomom,avg_ll,in sample,with noise,3d-low-ind,3,low,ind,2,2,-5.133159000000001,0.016272281290090708
"(2,2)-Isolated Two-layer MoM",isomom,avg_ll,in sample,with noise,3d-low-strong,3,low,strong,2,2,-5.0706361,0.02138852528645415
"(2,2)-Isolated Two-layer MoM",isomom,avg_ll,in sample,with noise,3d-low-weak,3,low,weak,2,2,-5.1259286,0.016756516417938697
"(2,2)-Isolated Two-layer MoM",isomom,avg_ll,out of sample,no noise,2d-high-ind,2,high,ind,2,2,-3.8860377999999995,0.024074906361671148
"(2,2)-Isolated Two-layer MoM",isomom,avg_ll,out of sample,no noise,2d-high-strong,2,high,strong,2,2,-3.9292255,0.025185389398248617
"(2,2)-Isolated Two-layer MoM",isomom,avg_ll,out of sample,no noise,2d-high-weak,2,high,weak,2,2,-3.9129549000000003,0.026581598613296085
"(2,2)-Isolated Two-layer MoM",isomom,avg_ll,out of sample,no noise,2d-low-ind,2,low,ind,2,2,-3.4361971999999996,0.026058872006720184
"(2,2)-Isolated Two-layer MoM",isomom,avg_ll,out of sample,no noise,2d-low-strong,2,low,strong,2,2,-3.3892093,0.027362169905350897
"(2,2)-Isolated Two-layer MoM",isomom,avg_ll,out of sample,no noise,2d-low-weak,2,low,weak,2,2,-3.4303055000000002,0.027429254948324794
"(2,2)-Isolated Two-layer MoM",isomom,avg_ll,out of sample,no noise,3d-high-ind,3,high,ind,2,2,-5.615188799999999,0.03679580526927137
"(2,2)-Isolated Two-layer MoM",isomom,avg_ll,out of sample,no noise,3d-high-strong,3,high,strong,2,2,-5.6779493,0.04074848191396745
"(2,2)-Isolated Two-layer MoM",isomom,avg_ll,out of sample,no noise,3d-high-weak,3,high,weak,2,2,-5.6481258,0.03676435911822376
"(2,2)-Isolated Two-layer MoM",isomom,avg_ll,out of sample,no noise,3d-low-ind,3,low,ind,2,2,-5.0798152,0.03901259323952634
"(2,2)-Isolated Two-layer MoM",isomom,avg_ll,out of sample,no noise,3d-low-strong,3,low,strong,2,2,-5.0121991,0.04484219912553522
"(2,2)-Isolated Two-layer MoM",isomom,avg_ll,out of sample,no noise,3d-low-weak,3,low,weak,2,2,-5.0727614999999995,0.040082553255812566
"(2,2)-Isolated Two-layer MoM",isomom,avg_ll,out of sample,with noise,2d-high-ind,2,high,ind,2,2,-3.9210082,0.023774099920508024
"(2,2)-Isolated Two-layer MoM",isomom,avg_ll,out of sample,with noise,2d-high-strong,2,high,strong,2,2,-3.9613052,0.0251855125295027
"(2,2)-Isolated Two-layer MoM",isomom,avg_ll,out of sample,with noise,2d-high-weak,2,high,weak,2,2,-3.9463547,0.026599887804692378
"(2,2)-Isolated Two-layer MoM",isomom,avg_ll,out of sample,with noise,2d-low-ind,2,low,ind,2,2,-3.4680521,0.026172828392256417
"(2,2)-Isolated Two-layer MoM",isomom,avg_ll,out of sample,with noise,2d-low-strong,2,low,strong,2,2,-3.4225884000000004,0.0271466168333174
"(2,2)-Isolated Two-layer MoM",isomom,avg_ll,out of sample,with noise,2d-low-weak,2,low,weak,2,2,-3.4621793000000003,0.027333342285844702
"(2,2)-Isolated Two-layer MoM",isomom,avg_ll,out of sample,with noise,3d-high-ind,3,high,ind,2,2,-5.6781296,0.03611250022590058
"(2,2)-Isolated Two-layer MoM",isomom,avg_ll,out of sample,with noise,3d-high-strong,3,high,strong,2,2,-5.7379994,0.040119587468296136
"(2,2)-Isolated Two-layer MoM",isomom,avg_ll,out of sample,with noise,3d-high-weak,3,high,weak,2,2,-5.709844100000001,0.03591434518532817
"(2,2)-Isolated Two-layer MoM",isomom,avg_ll,out of sample,with noise,3d-low-ind,3,low,ind,2,2,-5.133383,0.038166672343522126
"(2,2)-Isolated Two-layer MoM",isomom,avg_ll,out of sample,with noise,3d-low-strong,3,low,strong,2,2,-5.068867,0.04449019697947774
"(2,2)-Isolated Two-layer MoM",isomom,avg_ll,out of sample,with noise,3d-low-weak,3,low,weak,2,2,-5.1264912,0.03944231646136395
"(2,2)-Isolated Two-layer MoM",isomom,bic,in sample,no noise,2d-high-ind,2,high,ind,2,2,62267.4888715,229.5261320371074
"(2,2)-Isolated Two-layer MoM",isomom,bic,in sample,no noise,2d-high-strong,2,high,strong,2,2,63041.595282199996,244.95014095783418
"(2,2)-Isolated Two-layer MoM",isomom,bic,in sample,no noise,2d-high-weak,2,high,weak,2,2,62745.0775932,225.79038599611843
"(2,2)-Isolated Two-layer MoM",isomom,bic,in sample,no noise,2d-low-ind,2,low,ind,2,2,55105.6394979,240.0653855228738
"(2,2)-Isolated Two-layer MoM",isomom,bic,in sample,no noise,2d-low-strong,2,low,strong,2,2,54425.196024000004,265.3454835043971
"(2,2)-Isolated Two-layer MoM",isomom,bic,in sample,no noise,2d-low-weak,2,low,weak,2,2,55034.3393799,235.09818809025654
"(2,2)-Isolated Two-layer MoM",isomom,bic,in sample,no noise,3d-high-ind,3,high,ind,2,2,90104.92390149999,244.7409558668524
"(2,2)-Isolated Two-layer MoM",isomom,bic,in sample,no noise,3d-high-strong,3,high,strong,2,2,91142.8835798,307.92726008624805
"(2,2)-Isolated Two-layer MoM",isomom,bic,in sample,no noise,3d-high-weak,3,high,weak,2,2,90617.9078896,245.46427872750846
"(2,2)-Isolated Two-layer MoM",isomom,bic,in sample,no noise,3d-low-ind,3,low,ind,2,2,81580.1937688,253.41780194251464
"(2,2)-Isolated Two-layer MoM",isomom,bic,in sample,no noise,3d-low-strong,3,low,strong,2,2,80514.1853478,336.75982105522087
"(2,2)-Isolated Two-layer MoM",isomom,bic,in sample,no noise,3d-low-weak,3,low,weak,2,2,81455.9861996,262.92809826974985
"(2,2)-Isolated Two-layer MoM",isomom,bic,in sample,with noise,2d-high-ind,2,high,ind,2,2,62818.5976935,228.35108241508163
"(2,2)-Isolated Two-layer MoM",isomom,bic,in sample,with noise,2d-high-strong,2,high,strong,2,2,63563.2497737,253.10581628546075
"(2,2)-Isolated Two-layer MoM",isomom,bic,in sample,with noise,2d-high-weak,2,high,weak,2,2,63281.334206600004,229.2182580378735
"(2,2)-Isolated Two-layer MoM",isomom,bic,in sample,with noise,2d-low-ind,2,low,ind,2,2,55606.854779500005,239.26749299878824
"(2,2)-Isolated Two-layer MoM",isomom,bic,in sample,with noise,2d-low-strong,2,low,strong,2,2,54966.16679720001,273.7087503564925
"(2,2)-Isolated Two-layer MoM",isomom,bic,in sample,with noise,2d-low-weak,2,low,weak,2,2,55546.1417604,237.84151547790182
"(2,2)-Isolated Two-layer MoM",isomom,bic,in sample,with noise,3d-high-ind,3,high,ind,2,2,91106.7971429,250.54978993967262
"(2,2)-Isolated Two-layer MoM",isomom,bic,in sample,with noise,3d-high-strong,3,high,strong,2,2,92111.27624630001,312.69183947570605
"(2,2)-Isolated Two-layer MoM",isomom,bic,in sample,with noise,3d-high-weak,3,high,weak,2,2,91602.70750029999,253.3830995912435
"(2,2)-Isolated Two-layer MoM",isomom,bic,in sample,with noise,3d-low-ind,3,low,ind,2,2,82427.1239442,260.36204377455886
"(2,2)-Isolated Two-layer MoM",isomom,bic,in sample,with noise,3d-low-strong,3,low,strong,2,2,81426.74885959999,342.2156898111832
"(2,2)-Isolated Two-layer MoM",isomom,bic,in sample,with noise,3d-low-weak,3,low,weak,2,2,82311.4279509,268.1003123080239
"(2,2)-Isolated Two-layer MoM",isomom,bic,out of sample,no noise,2d-high-ind,2,high,ind,2,2,15703.768682299999,96.29764303143186
"(2,2)-Isolated Two-layer MoM",isomom,bic,out of sample,no noise,2d-high-strong,2,high,strong,2,2,15876.5197231,100.74279061871604
"(2,2)-Isolated Two-layer MoM",isomom,bic,out of sample,no noise,2d-high-weak,2,high,weak,2,2,15811.4381287,106.3267196743673
"(2,2)-Isolated Two-layer MoM",isomom,bic,out of sample,no noise,2d-low-ind,2,low,ind,2,2,13904.408862799999,104.23494245836284
"(2,2)-Isolated Two-layer MoM",isomom,bic,out of sample,no noise,2d-low-strong,2,low,strong,2,2,13716.4569961,109.45003692303085
"(2,2)-Isolated Two-layer MoM",isomom,bic,out of sample,no noise,2d-low-weak,2,low,weak,2,2,13880.8407956,109.7183065591625
"(2,2)-Isolated Two-layer MoM",isomom,bic,out of sample,no noise,3d-high-ind,3,high,ind,2,2,22711.5852516,147.18445554110016
"(2,2)-Isolated Two-layer MoM",isomom,bic,out of sample,no noise,3d-high-strong,3,high,strong,2,2,22962.6261703,162.99290065212313
"(2,2)-Isolated Two-layer MoM",isomom,bic,out of sample,no noise,3d-high-weak,3,high,weak,2,2,22843.3332861,147.05764832311033
"(2,2)-Isolated Two-layer MoM",isomom,bic,out of sample,no noise,3d-low-ind,3,low,ind,2,2,20570.0893084,156.0513787825913
"(2,2)-Isolated Two-layer MoM",isomom,bic,out of sample,no noise,3d-low-strong,3,low,strong,2,2,20299.625132,179.36953104041234
"(2,2)-Isolated Two-layer MoM",isomom,bic,out of sample,no noise,3d-low-weak,3,low,weak,2,2,20541.8751013,160.33121677659187
"(2,2)-Isolated Two-layer MoM",isomom,bic,out of sample,with noise,2d-high-ind,2,high,ind,2,2,15843.651361499999,95.09690876721088
"(2,2)-Isolated Two-layer MoM",isomom,bic,out of sample,with noise,2d-high-strong,2,high,strong,2,2,16004.8381229,100.74209102551555
"(2,2)-Isolated Two-layer MoM",isomom,bic,out of sample,with noise,2d-high-weak,2,high,weak,2,2,15945.037541700001,106.40077057520243
"(2,2)-Isolated Two-layer MoM",isomom,bic,out of sample,with noise,2d-low-ind,2,low,ind,2,2,14031.827385199998,104.69152420013002
"(2,2)-Isolated Two-layer MoM",isomom,bic,out of sample,with noise,2d-low-strong,2,low,strong,2,2,13849.9755736,108.58661288736353
"(2,2)-Isolated Two-layer MoM",isomom,bic,out of sample,with noise,2d-low-weak,2,low,weak,2,2,14008.337021399999,109.3339413058697
"(2,2)-Isolated Two-layer MoM",isomom,bic,out of sample,with noise,3d-high-ind,3,high,ind,2,2,22963.348700799997,144.45090136378016
"(2,2)-Isolated Two-layer MoM",isomom,bic,out of sample,with noise,3d-high-strong,3,high,strong,2,2,23202.825284799997,160.47942860073726
"(2,2)-Isolated Two-layer MoM",isomom,bic,out of sample,with noise,3d-high-weak,3,high,weak,2,2,23090.2074631,143.65697786161726
"(2,2)-Isolated Two-layer MoM",isomom,bic,out of sample,with noise,3d-low-ind,3,low,ind,2,2,20784.3611607,152.66666047272108
"(2,2)-Isolated Two-layer MoM",isomom,bic,out of sample,with noise,3d-low-strong,3,low,strong,2,2,20526.2980836,177.95959505541956
"(2,2)-Isolated Two-layer MoM",isomom,bic,out of sample,with noise,3d-low-weak,3,low,weak,2,2,20756.7954799,157.76940533674593
"(2,2)-Isolated Two-layer MoM",isomom,em_iters,training,no noise,2d-high-ind,2,high,ind,2,2,49.4,4.114522199392408
"(2,2)-Isolated Two-layer MoM",isomom,em_iters,training,no noise,2d-high-strong,2,high,strong,2,2,44.47,2.6187166260740704
"(2,2)-Isolated Two-layer MoM",isomom,em_iters,training,no noise,2d-high-weak,2,high,weak,2,2,46.15,2.4919060896422156
"(2,2)-Isolated Two-layer MoM",isomom,em_iters,training,no noise,2d-low-ind,2,low,ind,2,2,67.22,5.790239087193955
"(2,2)-Isolated Two-layer MoM",isomom,em_iters,training,no noise,2d-low-strong,2,low,strong,2,2,51.73,2.6394635206359043
"(2,2)-Isolated Two-layer MoM",isomom,em_iters,training,no noise,2d-low-weak,2,low,weak,2,2,67.74,6.176887516697984
"(2,2)-Isolated Two-layer MoM",isomom,em_iters,training,no noise,3d-high-ind,3,high,ind,2,2,23.63,1.0115993936995678
"(2,2)-Isolated Two-layer MoM",isomom,em_iters,training,no noise,3d-high-strong,3,high,strong,2,2,21.56,0.8565847148632607
"(2,2)-Isolated Two-layer MoM",isomom,em_iters,training,no noise,3d-high-weak,3,high,weak,2,2,22.68,0.9087676192837124
"(2,2)-Isolated Two-layer MoM",isomom,em_iters,training,no noise,3d-low-ind,3,low,ind,2,2,35.55,2.275805995530578
"(2,2)-Isolated Two-layer MoM",isomom,em_iters,training,no noise,3d-low-strong,3,low,strong,2,2,32.81,1.383123386770068
"(2,2)-Isolated Two-layer MoM",isomom,em_iters,training,no noise,3d-low-weak,3,low,weak,2,2,34.85,1.6537377315791286
"(2,2)-Isolated Two-layer MoM",isomom,em_iters,training,with noise,2d-high-ind,2,high,ind,2,2,48.27,3.9411196686251797
"(2,2)-Isolated Two-layer MoM",isomom,em_iters,training,with noise,2d-high-strong,2,high,strong,2,2,43.86,2.558487558277074
"(2,2)-Isolated Two-layer MoM",isomom,em_iters,training,with noise,2d-high-weak,2,high,weak,2,2,45.16,2.241572319744884
"(2,2)-Isolated Two-layer MoM",isomom,em_iters,training,with noise,2d-low-ind,2,low,ind,2,2,66.54,6.275525653060643
"(2,2)-Isolated Two-layer MoM",isomom,em_iters,training,with noise,2d-low-strong,2,low,strong,2,2,51.32,2.4898987850103373
"(2,2)-Isolated Two-layer MoM",isomom,em_iters,training,with noise,2d-low-weak,2,low,weak,2,2,65.6,5.870659798067544
"(2,2)-Isolated Two-layer MoM",isomom,em_iters,training,with noise,3d-high-ind,3,high,ind,2,2,23.76,0.9002805398902339
"(2,2)-Isolated Two-layer MoM",isomom,em_iters,training,with noise,3d-high-strong,3,high,strong,2,2,21.94,1.0032271160931838
"(2,2)-Isolated Two-layer MoM",isomom,em_iters,training,with noise,3d-high-weak,3,high,weak,2,2,22.88,0.9132028219072662
"(2,2)-Isolated Two-layer MoM",isomom,em_iters,training,with noise,3d-low-ind,3,low,ind,2,2,35.29,2.0165727501296997
"(2,2)-Isolated Two-layer MoM",isomom,em_iters,training,with noise,3d-low-strong,3,low,strong,2,2,32.93,1.3872070625337218
"(2,2)-Isolated Two-layer MoM",isomom,em_iters,training,with noise,3d-low-weak,3,low,weak,2,2,34.68,1.5691469727919756
"(2,2)-Isolated Two-layer MoM",isomom,gmpd,in sample,no noise,2d-high-ind,2,high,ind,2,2,0.0206546,0.0002962404838006183
"(2,2)-Isolated Two-layer MoM",isomom,gmpd,in sample,no noise,2d-high-strong,2,high,strong,2,2,0.0196792,0.00030118513384376245
"(2,2)-Isolated Two-layer MoM",isomom,gmpd,in sample,no noise,2d-high-weak,2,high,weak,2,2,0.0200467,0.0002830035692390117
"(2,2)-Isolated Two-layer MoM",isomom,gmpd,in sample,no noise,2d-low-ind,2,low,ind,2,2,0.032316199999999996,0.0004837203883871494
"(2,2)-Isolated Two-layer MoM",isomom,gmpd,in sample,no noise,2d-low-strong,2,low,strong,2,2,0.0337208,0.0005584568927053363
"(2,2)-Isolated Two-layer MoM",isomom,gmpd,in sample,no noise,2d-low-weak,2,low,weak,2,2,0.0324602,0.00047668887424428337
"(2,2)-Isolated Two-layer MoM",isomom,gmpd,in sample,no noise,3d-high-ind,3,high,ind,2,2,0.00365,5.6084352055226104e-05
"(2,2)-Isolated Two-layer MoM",isomom,gmpd,in sample,no noise,3d-high-strong,3,high,strong,2,2,0.0034218,6.589523365298756e-05
"(2,2)-Isolated Two-layer MoM",isomom,gmpd,in sample,no noise,3d-high-weak,3,high,weak,2,2,0.0035354999999999996,5.446479726772276e-05
"(2,2)-Isolated Two-layer MoM",isomom,gmpd,in sample,no noise,3d-low-ind,3,low,ind,2,2,0.006219400000000001,9.812196080347764e-05
"(2,2)-Isolated Two-layer MoM",isomom,gmpd,in sample,no noise,3d-low-strong,3,low,strong,2,2,0.0066487,0.00013914352012192024
"(2,2)-Isolated Two-layer MoM",isomom,gmpd,in sample,no noise,3d-low-weak,3,low,weak,2,2,0.0062680999999999995,0.00010314934744722279
"(2,2)-Isolated Two-layer MoM",isomom,gmpd,in sample,with noise,2d-high-ind,2,high,ind,2,2,0.0199546,0.00028382104192322235
"(2,2)-Isolated Two-layer MoM",isomom,gmpd,in sample,with noise,2d-high-strong,2,high,strong,2,2,0.0190478,0.0003010237750266796
"(2,2)-Isolated Two-layer MoM",isomom,gmpd,in sample,with noise,2d-high-weak,2,high,weak,2,2,0.0193866,0.00027781332297829484
"(2,2)-Isolated Two-layer MoM",isomom,gmpd,in sample,with noise,2d-low-ind,2,low,ind,2,2,0.0313189,0.00046653222089295407
"(2,2)-Isolated Two-layer MoM",isomom,gmpd,in sample,with noise,2d-low-strong,2,low,strong,2,2,0.032600199999999996,0.0005565441345817727
"(2,2)-Isolated Two-layer MoM",isomom,gmpd,in sample,with noise,2d-low-weak,2,low,weak,2,2,0.0314382,0.000466899033058227
"(2,2)-Isolated Two-layer MoM",isomom,gmpd,in sample,with noise,3d-high-ind,3,high,ind,2,2,0.0034291,5.3993920346122687e-05
"(2,2)-Isolated Two-layer MoM",isomom,gmpd,in sample,with noise,3d-high-strong,3,high,strong,2,2,0.0032209,6.292684545397046e-05
"(2,2)-Isolated Two-layer MoM",isomom,gmpd,in sample,with noise,3d-high-weak,3,high,weak,2,2,0.0033241,5.284043064842592e-05
"(2,2)-Isolated Two-layer MoM",isomom,gmpd,in sample,with noise,3d-low-ind,3,low,ind,2,2,0.0058986,9.561095410806508e-05
"(2,2)-Isolated Two-layer MoM",isomom,gmpd,in sample,with noise,3d-low-strong,3,low,strong,2,2,0.0062792,0.00013364871790623285
"(2,2)-Isolated Two-layer MoM",isomom,gmpd,in sample,with noise,3d-low-weak,3,low,weak,2,2,0.0059423,9.973555944687842e-05
"(2,2)-Isolated Two-layer MoM",isomom,gmpd,out of sample,no noise,2d-high-ind,2,high,ind,2,2,0.0205321,0.0004955790307888099
"(2,2)-Isolated Two-layer MoM",isomom,gmpd,out of sample,no noise,2d-high-strong,2,high,strong,2,2,0.0196652,0.0004952960139291868
"(2,2)-Isolated Two-layer MoM",isomom,gmpd,out of sample,no noise,2d-high-weak,2,high,weak,2,2,0.0199885,0.0005339927268448812
"(2,2)-Isolated Two-layer MoM",isomom,gmpd,out of sample,no noise,2d-low-ind,2,low,ind,2,2,0.0321978,0.0008429548557834466
"(2,2)-Isolated Two-layer MoM",isomom,gmpd,out of sample,no noise,2d-low-strong,2,low,strong,2,2,0.0337475,0.0009246002412181204
"(2,2)-Isolated Two-layer MoM",isomom,gmpd,out of sample,no noise,2d-low-weak,2,low,weak,2,2,0.0323894,0.0008929101439968794
"(2,2)-Isolated Two-layer MoM",isomom,gmpd,out of sample,no noise,3d-high-ind,3,high,ind,2,2,0.0036444,0.000134444761665875
"(2,2)-Isolated Two-layer MoM",isomom,gmpd,out of sample,no noise,3d-high-strong,3,high,strong,2,2,0.0034236,0.00014042878061224634
"(2,2)-Isolated Two-layer MoM",isomom,gmpd,out of sample,no noise,3d-high-weak,3,high,weak,2,2,0.0035265,0.00013056501147789258
"(2,2)-Isolated Two-layer MoM",isomom,gmpd,out of sample,no noise,3d-low-ind,3,low,ind,2,2,0.0062254,0.00024365242672812632
"(2,2)-Isolated Two-layer MoM",isomom,gmpd,out of sample,no noise,3d-low-strong,3,low,strong,2,2,0.0066629,0.0002998864936787071
"(2,2)-Isolated Two-layer MoM",isomom,gmpd,out of sample,no noise,3d-low-weak,3,low,weak,2,2,0.0062702,0.00025266250896075463
"(2,2)-Isolated Two-layer MoM",isomom,gmpd,out of sample,with noise,2d-high-ind,2,high,ind,2,2,0.019826999999999997,0.00047306543848701205
"(2,2)-Isolated Two-layer MoM",isomom,gmpd,out of sample,with noise,2d-high-strong,2,high,strong,2,2,0.019044000000000002,0.00048052580628416886
"(2,2)-Isolated Two-layer MoM",isomom,gmpd,out of sample,with noise,2d-high-weak,2,high,weak,2,2,0.0193317,0.000516718579992138
"(2,2)-Isolated Two-layer MoM",isomom,gmpd,out of sample,with noise,2d-low-ind,2,low,ind,2,2,0.0311885,0.0008199216210385388
"(2,2)-Isolated Two-layer MoM",isomom,gmpd,out of sample,with noise,2d-low-strong,2,low,strong,2,2,0.0326396,0.0008858710488279399
"(2,2)-Isolated Two-layer MoM",isomom,gmpd,out of sample,with noise,2d-low-weak,2,low,weak,2,2,0.031373000000000005,0.0008615202677344115
"(2,2)-Isolated Two-layer MoM",isomom,gmpd,out of sample,with noise,3d-high-ind,3,high,ind,2,2,0.0034225,0.00012338144024925225
"(2,2)-Isolated Two-layer MoM",isomom,gmpd,out of sample,with noise,3d-high-strong,3,high,strong,2,2,0.0032238,0.0001307305038866778
"(2,2)-Isolated Two-layer MoM",isomom,gmpd,out of sample,with noise,3d-high-weak,3,high,weak,2,2,0.0033150000000000002,0.000120063114715351
"(2,2)-Isolated Two-layer MoM",isomom,gmpd,out of sample,with noise,3d-low-ind,3,low,ind,2,2,0.0059007,0.00022566290673202693
"(2,2)-Isolated Two-layer MoM",isomom,gmpd,out of sample,with noise,3d-low-strong,3,low,strong,2,2,0.0062956999999999996,0.0002823968659510758
"(2,2)-Isolated Two-layer MoM",isomom,gmpd,out of sample,with noise,3d-low-weak,3,low,weak,2,2,0.0059421000000000005,0.00023612740526070142
"(2,2)-Isolated Two-layer MoM",isomom,training_time,training,no noise,2d-high-ind,2,high,ind,2,2,485.76300000000003,83.78934431783148
"(2,2)-Isolated Two-layer MoM",isomom,training_time,training,no noise,2d-high-strong,2,high,strong,2,2,471.8758,85.2801126197922
"(2,2)-Isolated Two-layer MoM",isomom,training_time,training,no noise,2d-high-weak,2,high,weak,2,2,481.1676,84.35231159221124
"(2,2)-Isolated Two-layer MoM",isomom,training_time,training,no noise,2d-low-ind,2,low,ind,2,2,573.1066,99.22801159598501
"(2,2)-Isolated Two-layer MoM",isomom,training_time,training,no noise,2d-low-strong,2,low,strong,2,2,551.4479,89.94349635159558
"(2,2)-Isolated Two-layer MoM",isomom,training_time,training,no noise,2d-low-weak,2,low,weak,2,2,579.3197,92.70282081348859
"(2,2)-Isolated Two-layer MoM",isomom,training_time,training,no noise,3d-high-ind,3,high,ind,2,2,451.18050000000005,86.01001488991638
"(2,2)-Isolated Two-layer MoM",isomom,training_time,training,no noise,3d-high-strong,3,high,strong,2,2,440.772,85.66935248707998
"(2,2)-Isolated Two-layer MoM",isomom,training_time,training,no noise,3d-high-weak,3,high,weak,2,2,439.28839999999997,87.26506879477937
"(2,2)-Isolated Two-layer MoM",isomom,training_time,training,no noise,3d-low-ind,3,low,ind,2,2,505.89419999999996,82.82351799879653
"(2,2)-Isolated Two-layer MoM",isomom,training_time,training,no noise,3d-low-strong,3,low,strong,2,2,484.338,82.00683356596053
"(2,2)-Isolated Two-layer MoM",isomom,training_time,training,no noise,3d-low-weak,3,low,weak,2,2,503.3215,94.63172330303951
"(2,2)-Isolated Two-layer MoM",isomom,training_time,training,with noise,2d-high-ind,2,high,ind,2,2,481.3287,88.97282184794331
"(2,2)-Isolated Two-layer MoM",isomom,training_time,training,with noise,2d-high-strong,2,high,strong,2,2,485.62669999999997,93.487464249643
"(2,2)-Isolated Two-layer MoM",isomom,training_time,training,with noise,2d-high-weak,2,high,weak,2,2,484.28790000000004,86.35010381510136
"(2,2)-Isolated Two-layer MoM",isomom,training_time,training,with noise,2d-low-ind,2,low,ind,2,2,570.5527999999999,103.01400697227946
"(2,2)-Isolated Two-layer MoM",isomom,training_time,training,with noise,2d-low-strong,2,low,strong,2,2,541.7372,95.11978800895581
"(2,2)-Isolated Two-layer MoM",isomom,training_time,training,with noise,2d-low-weak,2,low,weak,2,2,567.3516999999999,97.96097094452435
"(2,2)-Isolated Two-layer MoM",isomom,training_time,training,with noise,3d-high-ind,3,high,ind,2,2,447.8826,91.52824194738912
"(2,2)-Isolated Two-layer MoM",isomom,training_time,training,with noise,3d-high-strong,3,high,strong,2,2,422.9992,86.45400748059367
"(2,2)-Isolated Two-layer MoM",isomom,training_time,training,with noise,3d-high-weak,3,high,weak,2,2,443.3361,83.05286235430073
"(2,2)-Isolated Two-layer MoM",isomom,training_time,training,with noise,3d-low-ind,3,low,ind,2,2,492.76959999999997,86.29552541649588
"(2,2)-Isolated Two-layer MoM",isomom,training_time,training,with noise,3d-low-strong,3,low,strong,2,2,492.5096,92.32130359136009
"(2,2)-Isolated Two-layer MoM",isomom,training_time,training,with noise,3d-low-weak,3,low,weak,2,2,503.57529999999997,87.03566321701851
"(2,2)-Two-layer MoM",mom,aic,in sample,no noise,2d-high-ind,2,high,ind,2,2,61908.5787232,226.3384519216275
"(2,2)-Two-layer MoM",mom,aic,in sample,no noise,2d-high-strong,2,high,strong,2,2,62059.0853156,221.9105203150602
"(2,2)-Two-layer MoM",mom,aic,in sample,no noise,2d-high-weak,2,high,weak,2,2,62507.8981704,225.46704028475935
"(2,2)-Two-layer MoM",mom,aic,in sample,no noise,2d-low-ind,2,low,ind,2,2,54944.4650233,239.17380889301262
"(2,2)-Two-layer MoM",mom,aic,in sample,no noise,2d-low-strong,2,low,strong,2,2,50877.378103799994,269.1631146759329
"(2,2)-Two-layer MoM",mom,aic,in sample,no noise,2d-low-weak,2,low,weak,2,2,54658.8835895,252.8001401552995
"(2,2)-Two-layer MoM",mom,aic,in sample,no noise,3d-high-ind,3,high,ind,2,2,89561.6354886,243.24492916470157
"(2,2)-Two-layer MoM",mom,aic,in sample,no noise,3d-high-strong,3,high,strong,2,2,89027.9484,305.2210868842474
"(2,2)-Two-layer MoM",mom,aic,in sample,no noise,3d-high-weak,3,high,weak,2,2,90187.3401362,248.58720940069452
"(2,2)-Two-layer MoM",mom,aic,in sample,no noise,3d-low-ind,3,low,ind,2,2,81283.0104099,255.390222246654
"(2,2)-Two-layer MoM",mom,aic,in sample,no noise,3d-low-strong,3,low,strong,2,2,77566.9903036,324.0776613785568
"(2,2)-Two-layer MoM",mom,aic,in sample,no noise,3d-low-weak,3,low,weak,2,2,80995.1455169,284.8939312781416
"(2,2)-Two-layer MoM",mom,aic,in sample,with noise,2d-high-ind,2,high,ind,2,2,62457.5036594,225.99479551961454
"(2,2)-Two-layer MoM",mom,aic,in sample,with noise,2d-high-strong,2,high,strong,2,2,62616.411843400005,227.85261867267508
"(2,2)-Two-layer MoM",mom,aic,in sample,with noise,2d-high-weak,2,high,weak,2,2,63044.4661728,228.44934051760566
"(2,2)-Two-layer MoM",mom,aic,in sample,with noise,2d-low-ind,2,low,ind,2,2,55445.3588313,238.50154614764833
"(2,2)-Two-layer MoM",mom,aic,in sample,with noise,2d-low-strong,2,low,strong,2,2,51585.3915803,276.0082464411473
"(2,2)-Two-layer MoM",mom,aic,in sample,with noise,2d-low-weak,2,low,weak,2,2,55191.369558499995,255.1846448978326
"(2,2)-Two-layer MoM",mom,aic,in sample,with noise,3d-high-ind,3,high,ind,2,2,90565.96755720001,248.26802338184208
"(2,2)-Two-layer MoM",mom,aic,in sample,with noise,3d-high-strong,3,high,strong,2,2,90087.16458289999,309.6768973654592
"(2,2)-Two-layer MoM",mom,aic,in sample,with noise,3d-high-weak,3,high,weak,2,2,91174.9057257,256.7434710078073
"(2,2)-Two-layer MoM",mom,aic,in sample,with noise,3d-low-ind,3,low,ind,2,2,82138.4733776,263.5796984797659
"(2,2)-Two-layer MoM",mom,aic,in sample,with noise,3d-low-strong,3,low,strong,2,2,78598.849601,330.9908060204943
"(2,2)-Two-layer MoM",mom,aic,in sample,with noise,3d-low-weak,3,low,weak,2,2,81857.60900689999,284.1679944817882
"(2,2)-Two-layer MoM",mom,aic,out of sample,no noise,2d-high-ind,2,high,ind,2,2,15535.1957996,97.7193090815014
"(2,2)-Two-layer MoM",mom,aic,out of sample,no noise,2d-high-strong,2,high,strong,2,2,15550.9893598,94.80421808220228
"(2,2)-Two-layer MoM",mom,aic,out of sample,no noise,2d-high-weak,2,high,weak,2,2,15672.017512700002,107.175605185064
"(2,2)-Two-layer MoM",mom,aic,out of sample,no noise,2d-low-ind,2,low,ind,2,2,13785.523063300001,104.03556019595575
"(2,2)-Two-layer MoM",mom,aic,out of sample,no noise,2d-low-strong,2,low,strong,2,2,12746.805136899999,112.42028952094822
"(2,2)-Two-layer MoM",mom,aic,out of sample,no noise,2d-low-weak,2,low,weak,2,2,13709.3112386,109.7899178972304
"(2,2)-Two-layer MoM",mom,aic,out of sample,no noise,3d-high-ind,3,high,ind,2,2,22448.580347099996,146.96342089376816
"(2,2)-Two-layer MoM",mom,aic,out of sample,no noise,3d-high-strong,3,high,strong,2,2,22308.237693500003,160.62184106423365
"(2,2)-Two-layer MoM",mom,aic,out of sample,no noise,3d-high-weak,3,high,weak,2,2,22608.546803,148.51310831784127
"(2,2)-Two-layer MoM",mom,aic,out of sample,no noise,3d-low-ind,3,low,ind,2,2,20374.6337511,154.96928712327204
"(2,2)-Two-layer MoM",mom,aic,out of sample,no noise,3d-low-strong,3,low,strong,2,2,19437.3806887,183.4814989435827
"(2,2)-Two-layer MoM",mom,aic,out of sample,no noise,3d-low-weak,3,low,weak,2,2,20307.231176100002,159.26129220273506
"(2,2)-Two-layer MoM",mom,aic,out of sample,with noise,2d-high-ind,2,high,ind,2,2,15674.1829332,95.61392426282423
"(2,2)-Two-layer MoM",mom,aic,out of sample,with noise,2d-high-strong,2,high,strong,2,2,15688.391980600001,95.84021809924104
"(2,2)-Two-layer MoM",mom,aic,out of sample,with noise,2d-high-weak,2,high,weak,2,2,15805.5816509,107.4980453311218
"(2,2)-Two-layer MoM",mom,aic,out of sample,with noise,2d-low-ind,2,low,ind,2,2,13912.853945899999,104.49293731726004
"(2,2)-Two-layer MoM",mom,aic,out of sample,with noise,2d-low-strong,2,low,strong,2,2,12921.595382399999,114.27505697217082
"(2,2)-Two-layer MoM",mom,aic,out of sample,with noise,2d-low-weak,2,low,weak,2,2,13842.2577316,110.9697140544876
"(2,2)-Two-layer MoM",mom,aic,out of sample,with noise,3d-high-ind,3,high,ind,2,2,22701.4323744,143.94592207457148
"(2,2)-Two-layer MoM",mom,aic,out of sample,with noise,3d-high-strong,3,high,strong,2,2,22571.7504188,156.2405991555508
"(2,2)-Two-layer MoM",mom,aic,out of sample,with noise,3d-high-weak,3,high,weak,2,2,22856.744196199998,144.9934802875797
"(2,2)-Two-layer MoM",mom,aic,out of sample,with noise,3d-low-ind,3,low,ind,2,2,20590.7456398,151.29422679256203
"(2,2)-Two-layer MoM",mom,aic,out of sample,with noise,3d-low-strong,3,low,strong,2,2,19693.997973499998,181.61398924451217
"(2,2)-Two-layer MoM",mom,aic,out of sample,with noise,3d-low-weak,3,low,weak,2,2,20522.5638789,156.22430814248625
"(2,2)-Two-layer MoM",mom,ari,in sample,no noise,2d-high-ind,2,high,ind,2,2,0.3286956,0.00781653431689984
"(2,2)-Two-layer MoM",mom,ari,in sample,no noise,2d-high-strong,2,high,strong,2,2,0.011306700000000001,0.00287790961419478
"(2,2)-Two-layer MoM",mom,ari,in sample,no noise,2d-high-weak,2,high,weak,2,2,0.34721310000000005,0.00773787767407769
"(2,2)-Two-layer MoM",mom,ari,in sample,no noise,2d-low-ind,2,low,ind,2,2,0.005969400000000001,0.004138774234192554
"(2,2)-Two-layer MoM",mom,ari,in sample,no noise,2d-low-strong,2,low,strong,2,2,0.0012494,0.000640715855961758
"(2,2)-Two-layer MoM",mom,ari,in sample,no noise,2d-low-weak,2,low,weak,2,2,0.0010348,0.0014838541680095088
"(2,2)-Two-layer MoM",mom,ari,in sample,no noise,3d-high-ind,3,high,ind,2,2,0.35970480000000005,0.007403691200606592
"(2,2)-Two-layer MoM",mom,ari,in sample,no noise,3d-high-strong,3,high,strong,2,2,0.0018447,0.0016183976705995407
"(2,2)-Two-layer MoM",mom,ari,in sample,no noise,3d-high-weak,3,high,weak,2,2,0.3777339,0.0076230498277767966
"(2,2)-Two-layer MoM",mom,ari,in sample,no noise,3d-low-ind,3,low,ind,2,2,0.0161574,0.015290738638836652
"(2,2)-Two-layer MoM",mom,ari,in sample,no noise,3d-low-strong,3,low,strong,2,2,3.17e-05,0.000198158466328789
"(2,2)-Two-layer MoM",mom,ari,in sample,no noise,3d-low-weak,3,low,weak,2,2,0.0017606,0.0013219642715873736
"(2,2)-Two-layer MoM",mom,ari,in sample,with noise,2d-high-ind,2,high,ind,2,2,0.32338140000000004,0.007874867838557514
"(2,2)-Two-layer MoM",mom,ari,in sample,with noise,2d-high-strong,2,high,strong,2,2,0.011012200000000002,0.002987215716578523
"(2,2)-Two-layer MoM",mom,ari,in sample,with noise,2d-high-weak,2,high,weak,2,2,0.3410641,0.007947946446546532
"(2,2)-Two-layer MoM",mom,ari,in sample,with noise,2d-low-ind,2,low,ind,2,2,0.005798299999999999,0.003977426977788074
"(2,2)-Two-layer MoM",mom,ari,in sample,with noise,2d-low-strong,2,low,strong,2,2,0.0011521,0.000603281087642461
"(2,2)-Two-layer MoM",mom,ari,in sample,with noise,2d-low-weak,2,low,weak,2,2,0.0011705,0.0014496870961582286
"(2,2)-Two-layer MoM",mom,ari,in sample,with noise,3d-high-ind,3,high,ind,2,2,0.3558634,0.007499681773720175
"(2,2)-Two-layer MoM",mom,ari,in sample,with noise,3d-high-strong,3,high,strong,2,2,0.0018105999999999999,0.0016627607686427333
"(2,2)-Two-layer MoM",mom,ari,in sample,with noise,3d-high-weak,3,high,weak,2,2,0.37432960000000004,0.007535232922207464
"(2,2)-Two-layer MoM",mom,ari,in sample,with noise,3d-low-ind,3,low,ind,2,2,0.0141529,0.012913081402323393
"(2,2)-Two-layer MoM",mom,ari,in sample,with noise,3d-low-strong,3,low,strong,2,2,3.8799999999999994e-05,0.0002227707976437403
"(2,2)-Two-layer MoM",mom,ari,in sample,with noise,3d-low-weak,3,low,weak,2,2,0.0016672999999999998,0.0012989388481807495
"(2,2)-Two-layer MoM",mom,ari,out of sample,no noise,2d-high-ind,2,high,ind,2,2,0.3307716,0.014605093045533368
"(2,2)-Two-layer MoM",mom,ari,out of sample,no noise,2d-high-strong,2,high,strong,2,2,0.0113624,0.0043321010182500634
"(2,2)-Two-layer MoM",mom,ari,out of sample,no noise,2d-high-weak,2,high,weak,2,2,0.3494796,0.014868199263304663
"(2,2)-Two-layer MoM",mom,ari,out of sample,no noise,2d-low-ind,2,low,ind,2,2,0.005893300000000001,0.004988885233064283
"(2,2)-Two-layer MoM",mom,ari,out of sample,no noise,2d-low-strong,2,low,strong,2,2,0.0012772,0.0012891740994085549
"(2,2)-Two-layer MoM",mom,ari,out of sample,no noise,2d-low-weak,2,low,weak,2,2,0.0008979,0.001897353976228767
"(2,2)-Two-layer MoM",mom,ari,out of sample,no noise,3d-high-ind,3,high,ind,2,2,0.3628251,0.015243216507182742
"(2,2)-Two-layer MoM",mom,ari,out of sample,no noise,3d-high-strong,3,high,strong,2,2,0.0016234,0.001435617081272163
"(2,2)-Two-layer MoM",mom,ari,out of sample,no noise,3d-high-weak,3,high,weak,2,2,0.379238,0.01543420836579538
"(2,2)-Two-layer MoM",mom,ari,out of sample,no noise,3d-low-ind,3,low,ind,2,2,0.016838699999999998,0.016856645702913002
"(2,2)-Two-layer MoM",mom,ari,out of sample,no noise,3d-low-strong,3,low,strong,2,2,3.7999999999999995e-05,0.0007578771521676701
"(2,2)-Two-layer MoM",mom,ari,out of sample,no noise,3d-low-weak,3,low,weak,2,2,0.0015086,0.001931441090706286
"(2,2)-Two-layer MoM",mom,ari,out of sample,with noise,2d-high-ind,2,high,ind,2,2,0.3249017,0.014262905058829059
"(2,2)-Two-layer MoM",mom,ari,out of sample,with noise,2d-high-strong,2,high,strong,2,2,0.0109358,0.004439508840792497
"(2,2)-Two-layer MoM",mom,ari,out of sample,with noise,2d-high-weak,2,high,weak,2,2,0.3422556,0.014769567696428829
"(2,2)-Two-layer MoM",mom,ari,out of sample,with noise,2d-low-ind,2,low,ind,2,2,0.005883500000000001,0.005185925664719849
"(2,2)-Two-layer MoM",mom,ari,out of sample,with noise,2d-low-strong,2,low,strong,2,2,0.0012211,0.0012696654255863206
"(2,2)-Two-layer MoM",mom,ari,out of sample,with noise,2d-low-weak,2,low,weak,2,2,0.0011520999999999999,0.0018112601199778628
"(2,2)-Two-layer MoM",mom,ari,out of sample,with noise,3d-high-ind,3,high,ind,2,2,0.3600351,0.015009536866925502
"(2,2)-Two-layer MoM",mom,ari,out of sample,with noise,3d-high-strong,3,high,strong,2,2,0.0016699,0.001608222869499062
"(2,2)-Two-layer MoM",mom,ari,out of sample,with noise,3d-high-weak,3,high,weak,2,2,0.3752739,0.015048180258117851
"(2,2)-Two-layer MoM",mom,ari,out of sample,with noise,3d-low-ind,3,low,ind,2,2,0.0147289,0.014230123184585747
"(2,2)-Two-layer MoM",mom,ari,out of sample,with noise,3d-low-strong,3,low,strong,2,2,1.02e-05,0.000629235514996836
"(2,2)-Two-layer MoM",mom,ari,out of sample,with noise,3d-low-weak,3,low,weak,2,2,0.0015313,0.0019147216244117314
"(2,2)-Two-layer MoM",mom,avg_ll,in sample,no noise,2d-high-ind,2,high,ind,2,2,-3.8666609999999997,0.014145923173276502
"(2,2)-Two-layer MoM",mom,avg_ll,in sample,no noise,2d-high-strong,2,high,strong,2,2,-3.8760676000000003,0.013869760298847114
"(2,2)-Two-layer MoM",mom,avg_ll,in sample,no noise,2d-high-weak,2,high,weak,2,2,-3.9041181999999996,0.014092086853223267
"(2,2)-Two-layer MoM",mom,avg_ll,in sample,no noise,2d-low-ind,2,low,ind,2,2,-3.4314042000000002,0.014948257368116044
"(2,2)-Two-layer MoM",mom,avg_ll,in sample,no noise,2d-low-strong,2,low,strong,2,2,-3.177211,0.016822770493313707
"(2,2)-Two-layer MoM",mom,avg_ll,in sample,no noise,2d-low-weak,2,low,weak,2,2,-3.4135554000000004,0.015800121302436687
"(2,2)-Two-layer MoM",mom,avg_ll,in sample,no noise,3d-high-ind,3,high,ind,2,2,-5.593477699999999,0.015202840102488091
"(2,2)-Two-layer MoM",mom,avg_ll,in sample,no noise,3d-high-strong,3,high,strong,2,2,-5.5601215,0.019076206258111694
"(2,2)-Two-layer MoM",mom,avg_ll,in sample,no noise,3d-high-weak,3,high,weak,2,2,-5.6325837000000005,0.015537235343886397
"(2,2)-Two-layer MoM",mom,avg_ll,in sample,no noise,3d-low-ind,3,low,ind,2,2,-5.0760631,0.01596243663173706
"(2,2)-Two-layer MoM",mom,avg_ll,in sample,no noise,3d-low-strong,3,low,strong,2,2,-4.8438125,0.020254829446556405
"(2,2)-Two-layer MoM",mom,avg_ll,in sample,no noise,3d-low-weak,3,low,weak,2,2,-5.0580715,0.017806568665137832
"(2,2)-Two-layer MoM",mom,avg_ll,in sample,with noise,2d-high-ind,2,high,ind,2,2,-3.9009688999999996,0.014124537564254558
"(2,2)-Two-layer MoM",mom,avg_ll,in sample,with noise,2d-high-strong,2,high,strong,2,2,-3.9109,0.014240915303689927
"(2,2)-Two-layer MoM",mom,avg_ll,in sample,with noise,2d-high-weak,2,high,weak,2,2,-3.9376539000000004,0.014278397746670397
"(2,2)-Two-layer MoM",mom,avg_ll,in sample,with noise,2d-low-ind,2,low,ind,2,2,-3.4627096999999996,0.014906497224534382
"(2,2)-Two-layer MoM",mom,avg_ll,in sample,with noise,2d-low-strong,2,low,strong,2,2,-3.2214625,0.01725109806928131
"(2,2)-Two-layer MoM",mom,avg_ll,in sample,with noise,2d-low-weak,2,low,weak,2,2,-3.4468354,0.015948844954852995
"(2,2)-Two-layer MoM",mom,avg_ll,in sample,with noise,3d-high-ind,3,high,ind,2,2,-5.656248000000001,0.01551656612277434
"(2,2)-Two-layer MoM",mom,avg_ll,in sample,with noise,3d-high-strong,3,high,strong,2,2,-5.6263226,0.019355025532758568
"(2,2)-Two-layer MoM",mom,avg_ll,in sample,with noise,3d-high-weak,3,high,weak,2,2,-5.6943069,0.016046300350529178
"(2,2)-Two-layer MoM",mom,avg_ll,in sample,with noise,3d-low-ind,3,low,ind,2,2,-5.1295294,0.016473755915995432
"(2,2)-Two-layer MoM",mom,avg_ll,in sample,with noise,3d-low-strong,3,low,strong,2,2,-4.9083031,0.020687187988186934
"(2,2)-Two-layer MoM",mom,avg_ll,in sample,with noise,3d-low-weak,3,low,weak,2,2,-5.1119755,0.017760305551505335
"(2,2)-Two-layer MoM",mom,avg_ll,out of sample,no noise,2d-high-ind,2,high,ind,2,2,-3.8732995,0.024429933013010996
"(2,2)-Two-layer MoM",mom,avg_ll,out of sample,no noise,2d-high-strong,2,high,strong,2,2,-3.8772473,0.02370088562701929
"(2,2)-Two-layer MoM",mom,avg_ll,out of sample,no noise,2d-high-weak,2,high,weak,2,2,-3.9075045999999998,0.02679410799169682
"(2,2)-Two-layer MoM",mom,avg_ll,out of sample,no noise,2d-low-ind,2,low,ind,2,2,-3.4358807000000002,0.02600869975876184
"(2,2)-Two-layer MoM",mom,avg_ll,out of sample,no noise,2d-low-strong,2,low,strong,2,2,-3.176201,0.028104992133574525
"(2,2)-Two-layer MoM",mom,avg_ll,out of sample,no noise,2d-low-weak,2,low,weak,2,2,-3.4168275999999995,0.027447668853564755
"(2,2)-Two-layer MoM",mom,avg_ll,out of sample,no noise,3d-high-ind,3,high,ind,2,2,-5.5956453,0.0367405795375846
"(2,2)-Two-layer MoM",mom,avg_ll,out of sample,no noise,3d-high-strong,3,high,strong,2,2,-5.5605592999999995,0.040155177490618026
"(2,2)-Two-layer MoM",mom,avg_ll,out of sample,no noise,3d-high-weak,3,high,weak,2,2,-5.6356367999999994,0.03712799387322868
"(2,2)-Two-layer MoM",mom,avg_ll,out of sample,no noise,3d-low-ind,3,low,ind,2,2,-5.0771584,0.03874232054813643
"(2,2)-Two-layer MoM",mom,avg_ll,out of sample,no noise,3d-low-strong,3,low,strong,2,2,-4.8428449,0.04587009099036807
"(2,2)-Two-layer MoM",mom,avg_ll,out of sample,no noise,3d-low-weak,3,low,weak,2,2,-5.0603076,0.03981516205587215
"(2,2)-Two-layer MoM",mom,avg_ll,out of sample,with noise,2d-high-ind,2,high,ind,2,2,-3.9080459000000003,0.023903753312275944
"(2,2)-Two-layer MoM",mom,avg_ll,out of sample,with noise,2d-high-strong,2,high,strong,2,2,-3.9115979,0.023959465614139815
"(2,2)-Two-layer MoM",mom,avg_ll,out of sample,with noise,2d-high-weak,2,high,weak,2,2,-3.9408955,0.02687517240254774
"(2,2)-Two-layer MoM",mom,avg_ll,out of sample,with noise,2d-low-ind,2,low,ind,2,2,-3.4677131,0.026123158064495722
"(2,2)-Two-layer MoM",mom,avg_ll,out of sample,with noise,2d-low-strong,2,low,strong,2,2,-3.2198989,0.02856848987834842
"(2,2)-Two-layer MoM",mom,avg_ll,out of sample,with noise,2d-low-weak,2,low,weak,2,2,-3.4500645000000003,0.027742696386216292
"(2,2)-Two-layer MoM",mom,avg_ll,out of sample,with noise,3d-high-ind,3,high,ind,2,2,-5.658858,0.03598665785307575
"(2,2)-Two-layer MoM",mom,avg_ll,out of sample,with noise,3d-high-strong,3,high,strong,2,2,-5.6264377,0.03905996275748561
"(2,2)-Two-layer MoM",mom,avg_ll,out of sample,with noise,3d-high-weak,3,high,weak,2,2,-5.6976863,0.03624820142260482
"(2,2)-Two-layer MoM",mom,avg_ll,out of sample,with noise,3d-low-ind,3,low,ind,2,2,-5.1311869,0.037823437784639334
"(2,2)-Two-layer MoM",mom,avg_ll,out of sample,with noise,3d-low-strong,3,low,strong,2,2,-4.9069991,0.04540339301375651
"(2,2)-Two-layer MoM",mom,avg_ll,out of sample,with noise,3d-low-weak,3,low,weak,2,2,-5.1141407,0.03905561774294223
"(2,2)-Two-layer MoM",mom,bic,in sample,no noise,2d-high-ind,2,high,ind,2,2,62055.309857099994,226.33845163909507
"(2,2)-Two-layer MoM",mom,bic,in sample,no noise,2d-high-strong,2,high,strong,2,2,62205.8164488,221.9105202799247
"(2,2)-Two-layer MoM",mom,bic,in sample,no noise,2d-high-weak,2,high,weak,2,2,62654.6293039,225.46703973350552
"(2,2)-Two-layer MoM",mom,bic,in sample,no noise,2d-low-ind,2,low,ind,2,2,55091.1961576,239.17380904032842
"(2,2)-Two-layer MoM",mom,bic,in sample,no noise,2d-low-strong,2,low,strong,2,2,51024.109236899996,269.16311461369116
"(2,2)-Two-layer MoM",mom,bic,in sample,no noise,2d-low-weak,2,low,weak,2,2,54805.614722499995,252.8001401816963
"(2,2)-Two-layer MoM",mom,bic,in sample,no noise,3d-high-ind,3,high,ind,2,2,89792.212983,243.24492913644755
"(2,2)-Two-layer MoM",mom,bic,in sample,no noise,3d-high-strong,3,high,strong,2,2,89258.52589470001,305.22108747814013
"(2,2)-Two-layer MoM",mom,bic,in sample,no noise,3d-high-weak,3,high,weak,2,2,90417.9176317,248.58720893730177
"(2,2)-Two-layer MoM",mom,bic,in sample,no noise,3d-low-ind,3,low,ind,2,2,81513.5879047,255.39022163836464
"(2,2)-Two-layer MoM",mom,bic,in sample,no noise,3d-low-strong,3,low,strong,2,2,77797.56779860001,324.07766052506736
"(2,2)-Two-layer MoM",mom,bic,in sample,no noise,3d-low-weak,3,low,weak,2,2,81225.7230115,284.8939307564393
"(2,2)-Two-layer MoM",mom,bic,in sample,with noise,2d-high-ind,2,high,ind,2,2,62604.2347925,225.99479611541219
"(2,2)-Two-layer MoM",mom,bic,in sample,with noise,2d-high-strong,2,high,strong,2,2,62763.1429767,227.85261858611577
"(2,2)-Two-layer MoM",mom,bic,in sample,with noise,2d-high-weak,2,high,weak,2,2,63191.1973058,228.44934145268502
"(2,2)-Two-layer MoM",mom,bic,in sample,with noise,2d-low-ind,2,low,ind,2,2,55592.0899642,238.50154574342122
"(2,2)-Two-layer MoM",mom,bic,in sample,with noise,2d-low-strong,2,low,strong,2,2,51732.12271340001,276.0082467991172
"(2,2)-Two-layer MoM",mom,bic,in sample,with noise,2d-low-weak,2,low,weak,2,2,55338.100691,255.18464619088735
"(2,2)-Two-layer MoM",mom,bic,in sample,with noise,3d-high-ind,3,high,ind,2,2,90796.54505300001,248.26802330697538
"(2,2)-Two-layer MoM",mom,bic,in sample,with noise,3d-high-strong,3,high,strong,2,2,90317.7420782,309.6768971256889
"(2,2)-Two-layer MoM",mom,bic,in sample,with noise,3d-high-weak,3,high,weak,2,2,91405.483221,256.74347102456017
"(2,2)-Two-layer MoM",mom,bic,in sample,with noise,3d-low-ind,3,low,ind,2,2,82369.0508729,263.57969873982194
"(2,2)-Two-layer MoM",mom,bic,in sample,with noise,3d-low-strong,3,low,strong,2,2,78829.4270962,330.9908050678412
"(2,2)-Two-layer MoM",mom,bic,in sample,with noise,3d-low-weak,3,low,weak,2,2,82088.1865022,284.167994748929
"(2,2)-Two-layer MoM",mom,bic,out of sample,no noise,2d-high-ind,2,high,ind,2,2,15652.814751200001,97.7193095664848
"(2,2)-Two-layer MoM",mom,bic,out of sample,no noise,2d-high-strong,2,high,strong,2,2,15668.608311099999,94.80421829804591
"(2,2)-Two-layer MoM",mom,bic,out of sample,no noise,2d-high-weak,2,high,weak,2,2,15789.6364643,107.17560571153423
"(2,2)-Two-layer MoM",mom,bic,out of sample,no noise,2d-low-ind,2,low,ind,2,2,13903.1420151,104.0355596463525
"(2,2)-Two-layer MoM",mom,bic,out of sample,no noise,2d-low-strong,2,low,strong,2,2,12864.4240886,112.42028964725667
"(2,2)-Two-layer MoM",mom,bic,out of sample,no noise,2d-low-weak,2,low,weak,2,2,13826.930189300001,109.78991816181006
"(2,2)-Two-layer MoM",mom,bic,out of sample,no noise,3d-high-ind,3,high,ind,2,2,22633.410128100004,146.96342098074166
"(2,2)-Two-layer MoM",mom,bic,out of sample,no noise,3d-high-strong,3,high,strong,2,2,22493.0674748,160.62184101237267
"(2,2)-Two-layer MoM",mom,bic,out of sample,no noise,3d-high-weak,3,high,weak,2,2,22793.3765845,148.51310822111168
"(2,2)-Two-layer MoM",mom,bic,out of sample,no noise,3d-low-ind,3,low,ind,2,2,20559.4635318,154.96928686582842
"(2,2)-Two-layer MoM",mom,bic,out of sample,no noise,3d-low-strong,3,low,strong,2,2,19622.2104702,183.48149855356968
"(2,2)-Two-layer MoM",mom,bic,out of sample,no noise,3d-low-weak,3,low,weak,2,2,20492.0609574,159.2612918989088
"(2,2)-Two-layer MoM",mom,bic,out of sample,with noise,2d-high-ind,2,high,ind,2,2,15791.8018852,95.61392451735547
"(2,2)-Two-layer MoM",mom,bic,out of sample,with noise,2d-high-strong,2,high,strong,2,2,15806.010932199999,95.84021779854288
"(2,2)-Two-layer MoM",mom,bic,out of sample,with noise,2d-high-weak,2,high,weak,2,2,15923.200604099999,107.49804546774091
"(2,2)-Two-layer MoM",mom,bic,out of sample,with noise,2d-low-ind,2,low,ind,2,2,14030.472897099999,104.49293710592633
"(2,2)-Two-layer MoM",mom,bic,out of sample,with noise,2d-low-strong,2,low,strong,2,2,13039.2143349,114.27505689359332
"(2,2)-Two-layer MoM",mom,bic,out of sample,with noise,2d-low-weak,2,low,weak,2,2,13959.876683,110.96971413092353
"(2,2)-Two-layer MoM",mom,bic,out of sample,with noise,3d-high-ind,3,high,ind,2,2,22886.2621558,143.94592182149833
"(2,2)-Two-layer MoM",mom,bic,out of sample,with noise,3d-high-strong,3,high,strong,2,2,22756.580199699998,156.24059933157366
"(2,2)-Two-layer MoM",mom,bic,out of sample,with noise,3d-high-weak,3,high,weak,2,2,23041.573978,144.99348016921732
"(2,2)-Two-layer MoM",mom,bic,out of sample,with noise,3d-low-ind,3,low,ind,2,2,20775.575421100002,151.2942270567852
"(2,2)-Two-layer MoM",mom,bic,out of sample,with noise,3d-low-strong,3,low,strong,2,2,19878.8277551,181.61398891442965
"(2,2)-Two-layer MoM",mom,bic,out of sample,with noise,3d-low-weak,3,low,weak,2,2,20707.3936604,156.22430823657848
"(2,2)-Two-layer MoM",mom,em_iters,training,no noise,2d-high-ind,2,high,ind,2,2,19.51,1.732021648218921
"(2,2)-Two-layer MoM",mom,em_iters,training,no noise,2d-high-strong,2,high,strong,2,2,70.39,7.744525599910997
"(2,2)-Two-layer MoM",mom,em_iters,training,no noise,2d-high-weak,2,high,weak,2,2,19.03,1.4937918668322376
"(2,2)-Two-layer MoM",mom,em_iters,training,no noise,2d-low-ind,2,low,ind,2,2,23.66,2.7162808798395313
"(2,2)-Two-layer MoM",mom,em_iters,training,no noise,2d-low-strong,2,low,strong,2,2,51.14,8.480542197265217
"(2,2)-Two-layer MoM",mom,em_iters,training,no noise,2d-low-weak,2,low,weak,2,2,46.15,19.103849630560603
"(2,2)-Two-layer MoM",mom,em_iters,training,no noise,3d-high-ind,3,high,ind,2,2,13.06,1.0807778717575636
"(2,2)-Two-layer MoM",mom,em_iters,training,no noise,3d-high-strong,3,high,strong,2,2,43.98,7.261326923288104
"(2,2)-Two-layer MoM",mom,em_iters,training,no noise,3d-high-weak,3,high,weak,2,2,11.2,0.4714045207910319
"(2,2)-Two-layer MoM",mom,em_iters,training,no noise,3d-low-ind,3,low,ind,2,2,32.43,14.068558683615866
"(2,2)-Two-layer MoM",mom,em_iters,training,no noise,3d-low-strong,3,low,strong,2,2,41.3,7.314714656434009
"(2,2)-Two-layer MoM",mom,em_iters,training,no noise,3d-low-weak,3,low,weak,2,2,33.45,21.240981449294967
"(2,2)-Two-layer MoM",mom,em_iters,training,with noise,2d-high-ind,2,high,ind,2,2,19.19,1.685919106103028
"(2,2)-Two-layer MoM",mom,em_iters,training,with noise,2d-high-strong,2,high,strong,2,2,70.14,6.60122425131593
"(2,2)-Two-layer MoM",mom,em_iters,training,with noise,2d-high-weak,2,high,weak,2,2,18.61,1.4417651919389889
"(2,2)-Two-layer MoM",mom,em_iters,training,with noise,2d-low-ind,2,low,ind,2,2,23.53,2.5602043794678706
"(2,2)-Two-layer MoM",mom,em_iters,training,with noise,2d-low-strong,2,low,strong,2,2,48.75,8.756382953265717
"(2,2)-Two-layer MoM",mom,em_iters,training,with noise,2d-low-weak,2,low,weak,2,2,43.25,19.720458023242383
"(2,2)-Two-layer MoM",mom,em_iters,training,with noise,3d-high-ind,3,high,ind,2,2,13.03,1.1142329879855257
"(2,2)-Two-layer MoM",mom,em_iters,training,with noise,3d-high-strong,3,high,strong,2,2,43.96,7.236160598136293
"(2,2)-Two-layer MoM",mom,em_iters,training,with noise,3d-high-weak,3,high,weak,2,2,11.16,0.44312936752559773
"(2,2)-Two-layer MoM",mom,em_iters,training,with noise,3d-low-ind,3,low,ind,2,2,30.87,12.557467897629682
"(2,2)-Two-layer MoM",mom,em_iters,training,with noise,3d-low-strong,3,low,strong,2,2,42.0,8.415954065243156
"(2,2)-Two-layer MoM",mom,em_iters,training,with noise,3d-low-weak,3,low,weak,2,2,35.22,21.29996443303333
"(2,2)-Two-layer MoM",mom,gmpd,in sample,no noise,2d-high-ind,2,high,ind,2,2,0.0209304,0.0002961535228406199
"(2,2)-Two-layer MoM",mom,gmpd,in sample,no noise,2d-high-strong,2,high,strong,2,2,0.0207341,0.0002873778879890568
"(2,2)-Two-layer MoM",mom,gmpd,in sample,no noise,2d-high-weak,2,high,weak,2,2,0.0201608,0.0002839785167575143
"(2,2)-Two-layer MoM",mom,gmpd,in sample,no noise,2d-low-ind,2,low,ind,2,2,0.032345099999999995,0.00048197928410153716
"(2,2)-Two-layer MoM",mom,gmpd,in sample,no noise,2d-low-strong,2,low,strong,2,2,0.041707999999999995,0.0007016963572498978
"(2,2)-Two-layer MoM",mom,gmpd,in sample,no noise,2d-low-weak,2,low,weak,2,2,0.0329282,0.000518931263815986
"(2,2)-Two-layer MoM",mom,gmpd,in sample,no noise,3d-high-ind,3,high,ind,2,2,0.0037225,5.645012100621358e-05
"(2,2)-Two-layer MoM",mom,gmpd,in sample,no noise,3d-high-strong,3,high,strong,2,2,0.0038491000000000003,7.303098830308443e-05
"(2,2)-Two-layer MoM",mom,gmpd,in sample,no noise,3d-high-weak,3,high,weak,2,2,0.0035796,5.6064897460645774e-05
"(2,2)-Two-layer MoM",mom,gmpd,in sample,no noise,3d-low-ind,3,low,ind,2,2,0.0062451,9.967112587571857e-05
"(2,2)-Two-layer MoM",mom,gmpd,in sample,no noise,3d-low-strong,3,low,strong,2,2,0.0078785,0.0001595091903878327
"(2,2)-Two-layer MoM",mom,gmpd,in sample,no noise,3d-low-weak,3,low,weak,2,2,0.006358399999999999,0.00011308100252170177
"(2,2)-Two-layer MoM",mom,gmpd,in sample,with noise,2d-high-ind,2,high,ind,2,2,0.0202244,0.0002845777307669822
"(2,2)-Two-layer MoM",mom,gmpd,in sample,with noise,2d-high-strong,2,high,strong,2,2,0.0200246,0.00028455323834837174
"(2,2)-Two-layer MoM",mom,gmpd,in sample,with noise,2d-high-weak,2,high,weak,2,2,0.019496100000000002,0.00027805927352987105
"(2,2)-Two-layer MoM",mom,gmpd,in sample,with noise,2d-low-ind,2,low,ind,2,2,0.0313483,0.0004658218652027932
"(2,2)-Two-layer MoM",mom,gmpd,in sample,with noise,2d-low-strong,2,low,strong,2,2,0.0399029,0.0006886207779014331
"(2,2)-Two-layer MoM",mom,gmpd,in sample,with noise,2d-low-weak,2,low,weak,2,2,0.0318504,0.0005066984041096562
"(2,2)-Two-layer MoM",mom,gmpd,in sample,with noise,3d-high-ind,3,high,ind,2,2,0.0034959,5.45522638847326e-05
"(2,2)-Two-layer MoM",mom,gmpd,in sample,with noise,3d-high-strong,3,high,strong,2,2,0.0036018,6.956401020032935e-05
"(2,2)-Two-layer MoM",mom,gmpd,in sample,with noise,3d-high-weak,3,high,weak,2,2,0.0033652,5.381374538088936e-05
"(2,2)-Two-layer MoM",mom,gmpd,in sample,with noise,3d-low-ind,3,low,ind,2,2,0.0059199000000000005,9.732269555816411e-05
"(2,2)-Two-layer MoM",mom,gmpd,in sample,with noise,3d-low-strong,3,low,strong,2,2,0.0073867,0.00015301716415243264
"(2,2)-Two-layer MoM",mom,gmpd,in sample,with noise,3d-low-weak,3,low,weak,2,2,0.006025,0.00010689842247326533
"(2,2)-Two-layer MoM",mom,gmpd,out of sample,no noise,2d-high-ind,2,high,ind,2,2,0.020795300000000003,0.0005087208259820684
"(2,2)-Two-layer MoM",mom,gmpd,out of sample,no noise,2d-high-strong,2,high,strong,2,2,0.0207136,0.0004909185782846788
"(2,2)-Two-layer MoM",mom,gmpd,out of sample,no noise,2d-high-weak,2,high,weak,2,2,0.020097800000000002,0.0005411857165502253
"(2,2)-Two-layer MoM",mom,gmpd,out of sample,no noise,2d-low-ind,2,low,ind,2,2,0.0322079,0.0008416581697740929
"(2,2)-Two-layer MoM",mom,gmpd,out of sample,no noise,2d-low-strong,2,low,strong,2,2,0.0417605,0.0011740066723262977
"(2,2)-Two-layer MoM",mom,gmpd,out of sample,no noise,2d-low-weak,2,low,weak,2,2,0.0328287,0.0009074602754474444
"(2,2)-Two-layer MoM",mom,gmpd,out of sample,no noise,3d-high-ind,3,high,ind,2,2,0.0037162000000000002,0.0001370598925339362
"(2,2)-Two-layer MoM",mom,gmpd,out of sample,no noise,3d-high-strong,3,high,strong,2,2,0.0038493,0.00015527268291816833
"(2,2)-Two-layer MoM",mom,gmpd,out of sample,no noise,3d-high-weak,3,high,weak,2,2,0.0035705,0.00013335132454376212
"(2,2)-Two-layer MoM",mom,gmpd,out of sample,no noise,3d-low-ind,3,low,ind,2,2,0.0062419,0.0002417808298789829
"(2,2)-Two-layer MoM",mom,gmpd,out of sample,no noise,3d-low-strong,3,low,strong,2,2,0.0078924,0.00036402108941015123
"(2,2)-Two-layer MoM",mom,gmpd,out of sample,no noise,3d-low-weak,3,low,weak,2,2,0.0063483,0.0002531660332746878
"(2,2)-Two-layer MoM",mom,gmpd,out of sample,with noise,2d-high-ind,2,high,ind,2,2,0.0200855,0.00048207961746557775
"(2,2)-Two-layer MoM",mom,gmpd,out of sample,with noise,2d-high-strong,2,high,strong,2,2,0.020014599999999997,0.0004801039870526372
"(2,2)-Two-layer MoM",mom,gmpd,out of sample,with noise,2d-high-weak,2,high,weak,2,2,0.0194376,0.0005255456423777313
"(2,2)-Two-layer MoM",mom,gmpd,out of sample,with noise,2d-low-ind,2,low,ind,2,2,0.031198299999999998,0.0008191250012524143
"(2,2)-Two-layer MoM",mom,gmpd,out of sample,with noise,2d-low-strong,2,low,strong,2,2,0.039975000000000004,0.0011406275961641963
"(2,2)-Two-layer MoM",mom,gmpd,out of sample,with noise,2d-low-weak,2,low,weak,2,2,0.031755399999999996,0.0008854359423926769
"(2,2)-Two-layer MoM",mom,gmpd,out of sample,with noise,3d-high-ind,3,high,ind,2,2,0.0034886,0.0001259230164052865
"(2,2)-Two-layer MoM",mom,gmpd,out of sample,with noise,3d-high-strong,3,high,strong,2,2,0.0036041000000000003,0.00014193536016316176
"(2,2)-Two-layer MoM",mom,gmpd,out of sample,with noise,3d-high-weak,3,high,weak,2,2,0.0033559,0.000122705980195578
"(2,2)-Two-layer MoM",mom,gmpd,out of sample,with noise,3d-low-ind,3,low,ind,2,2,0.0059138,0.00022449395393536834
"(2,2)-Two-layer MoM",mom,gmpd,out of sample,with noise,3d-low-strong,3,low,strong,2,2,0.0074024,0.00033960797363662663
"(2,2)-Two-layer MoM",mom,gmpd,out of sample,with noise,3d-low-weak,3,low,weak,2,2,0.0060162,0.0002357870122621582
"(2,2)-Two-layer MoM",mom,training_time,training,no noise,2d-high-ind,2,high,ind,2,2,708.5703,85.99305404713533
"(2,2)-Two-layer MoM",mom,training_time,training,no noise,2d-high-strong,2,high,strong,2,2,1581.0775,177.08554968096092
"(2,2)-Two-layer MoM",mom,training_time,training,no noise,2d-high-weak,2,high,weak,2,2,684.1183,87.22775957523588
"(2,2)-Two-layer MoM",mom,training_time,training,no noise,2d-low-ind,2,low,ind,2,2,799.2425999999999,97.5855573601593
"(2,2)-Two-layer MoM",mom,training_time,training,no noise,2d-low-strong,2,low,strong,2,2,1327.389,206.07775524561288
"(2,2)-Two-layer MoM",mom,training_time,training,no noise,2d-low-weak,2,low,weak,2,2,1196.827,355.3656547398565
"(2,2)-Two-layer MoM",mom,training_time,training,no noise,3d-high-ind,3,high,ind,2,2,641.8906,81.51780161065648
"(2,2)-Two-layer MoM",mom,training_time,training,no noise,3d-high-strong,3,high,strong,2,2,1224.9002,174.87770013932655
"(2,2)-Two-layer MoM",mom,training_time,training,no noise,3d-high-weak,3,high,weak,2,2,598.4237,87.20925833130892
"(2,2)-Two-layer MoM",mom,training_time,training,no noise,3d-low-ind,3,low,ind,2,2,1013.0542999999999,275.2218336940754
"(2,2)-Two-layer MoM",mom,training_time,training,no noise,3d-low-strong,3,low,strong,2,2,1168.9317999999998,160.14832240284144
"(2,2)-Two-layer MoM",mom,training_time,training,no noise,3d-low-weak,3,low,weak,2,2,1037.2894999999999,425.37183585438663
"(2,2)-Two-layer MoM",mom,training_time,training,with noise,2d-high-ind,2,high,ind,2,2,706.8380999999999,98.12787206574652
"(2,2)-Two-layer MoM",mom,training_time,training,with noise,2d-high-strong,2,high,strong,2,2,1637.0014,163.26276092572647
"(2,2)-Two-layer MoM",mom,training_time,training,with noise,2d-high-weak,2,high,weak,2,2,681.8442,118.99722306563852
"(2,2)-Two-layer MoM",mom,training_time,training,with noise,2d-low-ind,2,low,ind,2,2,792.1822,94.73865368571491
"(2,2)-Two-layer MoM",mom,training_time,training,with noise,2d-low-strong,2,low,strong,2,2,1267.259,190.2573182786562
"(2,2)-Two-layer MoM",mom,training_time,training,with noise,2d-low-weak,2,low,weak,2,2,1166.5931,377.5553521950139
"(2,2)-Two-layer MoM",mom,training_time,training,with noise,3d-high-ind,3,high,ind,2,2,644.9746,130.48201509585434
"(2,2)-Two-layer MoM",mom,training_time,training,with noise,3d-high-strong,3,high,strong,2,2,1222.6038,157.2372556913066
"(2,2)-Two-layer MoM",mom,training_time,training,with noise,3d-high-weak,3,high,weak,2,2,583.6468,87.31314684444023
"(2,2)-Two-layer MoM",mom,training_time,training,with noise,3d-low-ind,3,low,ind,2,2,979.1416,248.8091967417457
"(2,2)-Two-layer MoM",mom,training_time,training,with noise,3d-low-strong,3,low,strong,2,2,1173.1638,196.16572018916386
"(2,2)-Two-layer MoM",mom,training_time,training,with noise,3d-low-weak,3,low,weak,2,2,1078.8213,416.4984432790218
"(3,1)-Isolated Two-layer MoM",isomom,aic,in sample,no noise,2d-high-ind,2,high,ind,3,1,62145.2708913,228.13647907880792
"(3,1)-Isolated Two-layer MoM",isomom,aic,in sample,no noise,2d-high-strong,2,high,strong,3,1,62726.4043818,242.33231356176074
"(3,1)-Isolated Two-layer MoM",isomom,aic,in sample,no noise,2d-high-weak,2,high,weak,3,1,62604.95844549999,224.30371631413456
"(3,1)-Isolated Two-layer MoM",isomom,aic,in sample,no noise,2d-low-ind,2,low,ind,3,1,54971.1565933,239.42412687767018
"(3,1)-Isolated Two-layer MoM",isomom,aic,in sample,no noise,2d-low-strong,2,low,strong,3,1,53054.4615556,315.90249028022345
"(3,1)-Isolated Two-layer MoM",isomom,aic,in sample,no noise,2d-low-weak,2,low,weak,3,1,54800.052042899995,235.59285900799034
"(3,1)-Isolated Two-layer MoM",isomom,aic,in sample,no noise,3d-high-ind,3,high,ind,3,1,89928.5087255,258.35541986472316
"(3,1)-Isolated Two-layer MoM",isomom,aic,in sample,no noise,3d-high-strong,3,high,strong,3,1,91061.71348969999,307.83000788907196
"(3,1)-Isolated Two-layer MoM",isomom,aic,in sample,no noise,3d-high-weak,3,high,weak,3,1,90548.4197473,247.5568674536107
"(3,1)-Isolated Two-layer MoM",isomom,aic,in sample,no noise,3d-low-ind,3,low,ind,3,1,81423.6025797,254.23000061986815
"(3,1)-Isolated Two-layer MoM",isomom,aic,in sample,no noise,3d-low-strong,3,low,strong,3,1,79615.0790228,398.38021930068174
"(3,1)-Isolated Two-layer MoM",isomom,aic,in sample,no noise,3d-low-weak,3,low,weak,3,1,81252.7570864,259.70029281033544
"(3,1)-Isolated Two-layer MoM",isomom,aic,in sample,with noise,2d-high-ind,2,high,ind,3,1,62691.4892311,224.47967164170805
"(3,1)-Isolated Two-layer MoM",isomom,aic,in sample,with noise,2d-high-strong,2,high,strong,3,1,63253.3520048,245.84250361724912
"(3,1)-Isolated Two-layer MoM",isomom,aic,in sample,with noise,2d-high-weak,2,high,weak,3,1,63139.1100757,226.9915056705348
"(3,1)-Isolated Two-layer MoM",isomom,aic,in sample,with noise,2d-low-ind,2,low,ind,3,1,55468.71590149999,238.63217730418475
"(3,1)-Isolated Two-layer MoM",isomom,aic,in sample,with noise,2d-low-strong,2,low,strong,3,1,53641.7867717,315.6844372906644
"(3,1)-Isolated Two-layer MoM",isomom,aic,in sample,with noise,2d-low-weak,2,low,weak,3,1,55312.226961,238.07606790207208
"(3,1)-Isolated Two-layer MoM",isomom,aic,in sample,with noise,3d-high-ind,3,high,ind,3,1,90946.8217278,264.30629922894906
"(3,1)-Isolated Two-layer MoM",isomom,aic,in sample,with noise,3d-high-strong,3,high,strong,3,1,92013.217096,313.3872380914475
"(3,1)-Isolated Two-layer MoM",isomom,aic,in sample,with noise,3d-high-weak,3,high,weak,3,1,91538.7352055,253.6109728170734
"(3,1)-Isolated Two-layer MoM",isomom,aic,in sample,with noise,3d-low-ind,3,low,ind,3,1,82268.0595764,261.6416723099952
"(3,1)-Isolated Two-layer MoM",isomom,aic,in sample,with noise,3d-low-strong,3,low,strong,3,1,80579.0041252,389.22210005331834
"(3,1)-Isolated Two-layer MoM",isomom,aic,in sample,with noise,3d-low-weak,3,low,weak,3,1,82105.9549553,263.9472307931319
"(3,1)-Isolated Two-layer MoM",isomom,aic,out of sample,no noise,2d-high-ind,2,high,ind,3,1,15594.8722425,96.67540107118144
"(3,1)-Isolated Two-layer MoM",isomom,aic,out of sample,no noise,2d-high-strong,2,high,strong,3,1,15720.376121199999,98.69352626716613
"(3,1)-Isolated Two-layer MoM",isomom,aic,out of sample,no noise,2d-high-weak,2,high,weak,3,1,15697.2502449,105.96582054262008
"(3,1)-Isolated Two-layer MoM",isomom,aic,out of sample,no noise,2d-low-ind,2,low,ind,3,1,13792.8046343,104.93608110477388
"(3,1)-Isolated Two-layer MoM",isomom,aic,out of sample,no noise,2d-low-strong,2,low,strong,3,1,13297.185560000002,114.59895340042478
"(3,1)-Isolated Two-layer MoM",isomom,aic,out of sample,no noise,2d-low-weak,2,low,weak,3,1,13745.031217400001,110.90160870360438
"(3,1)-Isolated Two-layer MoM",isomom,aic,out of sample,no noise,3d-high-ind,3,high,ind,3,1,22549.882055600003,149.36710385423558
"(3,1)-Isolated Two-layer MoM",isomom,aic,out of sample,no noise,3d-high-strong,3,high,strong,3,1,22825.5696537,158.0519304851873
"(3,1)-Isolated Two-layer MoM",isomom,aic,out of sample,no noise,3d-high-weak,3,high,weak,3,1,22706.6447507,146.05844707325215
"(3,1)-Isolated Two-layer MoM",isomom,aic,out of sample,no noise,3d-low-ind,3,low,ind,3,1,20414.6797252,156.8412124890256
"(3,1)-Isolated Two-layer MoM",isomom,aic,out of sample,no noise,3d-low-strong,3,low,strong,3,1,19963.3601008,188.06069860923097
"(3,1)-Isolated Two-layer MoM",isomom,aic,out of sample,no noise,3d-low-weak,3,low,weak,3,1,20373.0980304,160.02865502028777
"(3,1)-Isolated Two-layer MoM",isomom,aic,out of sample,with noise,2d-high-ind,2,high,ind,3,1,15733.3181999,94.99798726732473
"(3,1)-Isolated Two-layer MoM",isomom,aic,out of sample,with noise,2d-high-strong,2,high,strong,3,1,15850.360159,100.33293614781769
"(3,1)-Isolated Two-layer MoM",isomom,aic,out of sample,with noise,2d-high-weak,2,high,weak,3,1,15830.4280955,106.59395618686604
"(3,1)-Isolated Two-layer MoM",isomom,aic,out of sample,with noise,2d-low-ind,2,low,ind,3,1,13919.0614469,105.9052126302754
"(3,1)-Isolated Two-layer MoM",isomom,aic,out of sample,with noise,2d-low-strong,2,low,strong,3,1,13442.2886244,115.96286753533248
"(3,1)-Isolated Two-layer MoM",isomom,aic,out of sample,with noise,2d-low-weak,2,low,weak,3,1,13872.6861753,110.67815556862854
"(3,1)-Isolated Two-layer MoM",isomom,aic,out of sample,with noise,3d-high-ind,3,high,ind,3,1,22805.582087900002,146.16373422830802
"(3,1)-Isolated Two-layer MoM",isomom,aic,out of sample,with noise,3d-high-strong,3,high,strong,3,1,23061.0815084,158.19623172668759
"(3,1)-Isolated Two-layer MoM",isomom,aic,out of sample,with noise,3d-high-weak,3,high,weak,3,1,22954.852869600003,142.62313398009263
"(3,1)-Isolated Two-layer MoM",isomom,aic,out of sample,with noise,3d-low-ind,3,low,ind,3,1,20627.947052800002,153.51111966203814
"(3,1)-Isolated Two-layer MoM",isomom,aic,out of sample,with noise,3d-low-strong,3,low,strong,3,1,20200.6428292,184.45495234993732
"(3,1)-Isolated Two-layer MoM",isomom,aic,out of sample,with noise,3d-low-weak,3,low,weak,3,1,20587.6708496,156.94228629337982
"(3,1)-Isolated Two-layer MoM",isomom,ari,in sample,no noise,2d-high-ind,2,high,ind,3,1,0.2894752,0.014470316986748066
"(3,1)-Isolated Two-layer MoM",isomom,ari,in sample,no noise,2d-high-strong,2,high,strong,3,1,0.2550478,0.01598165030984793
"(3,1)-Isolated Two-layer MoM",isomom,ari,in sample,no noise,2d-high-weak,2,high,weak,3,1,0.2910137,0.016926046371426393
"(3,1)-Isolated Two-layer MoM",isomom,ari,in sample,no noise,2d-low-ind,2,low,ind,3,1,0.0130322,0.002661579837675969
"(3,1)-Isolated Two-layer MoM",isomom,ari,in sample,no noise,2d-low-strong,2,low,strong,3,1,0.0013905999999999999,0.0005960269467164393
"(3,1)-Isolated Two-layer MoM",isomom,ari,in sample,no noise,2d-low-weak,2,low,weak,3,1,0.0086145,0.0018690598160464515
"(3,1)-Isolated Two-layer MoM",isomom,ari,in sample,no noise,3d-high-ind,3,high,ind,3,1,0.3766707,0.029490957362753027
"(3,1)-Isolated Two-layer MoM",isomom,ari,in sample,no noise,3d-high-strong,3,high,strong,3,1,0.3643486,0.026552635206397886
"(3,1)-Isolated Two-layer MoM",isomom,ari,in sample,no noise,3d-high-weak,3,high,weak,3,1,0.38812789999999997,0.034048294319253436
"(3,1)-Isolated Two-layer MoM",isomom,ari,in sample,no noise,3d-low-ind,3,low,ind,3,1,0.0117943,0.004749522518265932
"(3,1)-Isolated Two-layer MoM",isomom,ari,in sample,no noise,3d-low-strong,3,low,strong,3,1,0.0022442,0.000927869483159015
"(3,1)-Isolated Two-layer MoM",isomom,ari,in sample,no noise,3d-low-weak,3,low,weak,3,1,0.0076251999999999995,0.002850181096496902
"(3,1)-Isolated Two-layer MoM",isomom,ari,in sample,with noise,2d-high-ind,2,high,ind,3,1,0.2818592,0.015189767135020925
"(3,1)-Isolated Two-layer MoM",isomom,ari,in sample,with noise,2d-high-strong,2,high,strong,3,1,0.2485373,0.015816668796819474
"(3,1)-Isolated Two-layer MoM",isomom,ari,in sample,with noise,2d-high-weak,2,high,weak,3,1,0.2850122,0.015359823992836278
"(3,1)-Isolated Two-layer MoM",isomom,ari,in sample,with noise,2d-low-ind,2,low,ind,3,1,0.012826299999999999,0.0024735353405213522
"(3,1)-Isolated Two-layer MoM",isomom,ari,in sample,with noise,2d-low-strong,2,low,strong,3,1,0.0014673,0.0006436556815282815
"(3,1)-Isolated Two-layer MoM",isomom,ari,in sample,with noise,2d-low-weak,2,low,weak,3,1,0.0084234,0.001729979984703507
"(3,1)-Isolated Two-layer MoM",isomom,ari,in sample,with noise,3d-high-ind,3,high,ind,3,1,0.3620845,0.02568818292857082
"(3,1)-Isolated Two-layer MoM",isomom,ari,in sample,with noise,3d-high-strong,3,high,strong,3,1,0.3508276,0.023094505670432017
"(3,1)-Isolated Two-layer MoM",isomom,ari,in sample,with noise,3d-high-weak,3,high,weak,3,1,0.3681259,0.027070325588449184
"(3,1)-Isolated Two-layer MoM",isomom,ari,in sample,with noise,3d-low-ind,3,low,ind,3,1,0.011375699999999999,0.004675442020911935
"(3,1)-Isolated Two-layer MoM",isomom,ari,in sample,with noise,3d-low-strong,3,low,strong,3,1,0.0023634,0.0009699601366379272
"(3,1)-Isolated Two-layer MoM",isomom,ari,in sample,with noise,3d-low-weak,3,low,weak,3,1,0.0073514999999999995,0.0027152410741790667
"(3,1)-Isolated Two-layer MoM",isomom,ari,out of sample,no noise,2d-high-ind,2,high,ind,3,1,0.2913708,0.0181931178951678
"(3,1)-Isolated Two-layer MoM",isomom,ari,out of sample,no noise,2d-high-strong,2,high,strong,3,1,0.2579837,0.018825003663728555
"(3,1)-Isolated Two-layer MoM",isomom,ari,out of sample,no noise,2d-high-weak,2,high,weak,3,1,0.2939418,0.019534351166986614
"(3,1)-Isolated Two-layer MoM",isomom,ari,out of sample,no noise,2d-low-ind,2,low,ind,3,1,0.0134805,0.004111096188206604
"(3,1)-Isolated Two-layer MoM",isomom,ari,out of sample,no noise,2d-low-strong,2,low,strong,3,1,0.0014022000000000001,0.001365088948890818
"(3,1)-Isolated Two-layer MoM",isomom,ari,out of sample,no noise,2d-low-weak,2,low,weak,3,1,0.008425,0.0029880261043036416
"(3,1)-Isolated Two-layer MoM",isomom,ari,out of sample,no noise,3d-high-ind,3,high,ind,3,1,0.3798233,0.030467624514317716
"(3,1)-Isolated Two-layer MoM",isomom,ari,out of sample,no noise,3d-high-strong,3,high,strong,3,1,0.3675218,0.031050935423376006
"(3,1)-Isolated Two-layer MoM",isomom,ari,out of sample,no noise,3d-high-weak,3,high,weak,3,1,0.39055280000000003,0.03594840017176135
"(3,1)-Isolated Two-layer MoM",isomom,ari,out of sample,no noise,3d-low-ind,3,low,ind,3,1,0.011589400000000001,0.0051113709283984446
"(3,1)-Isolated Two-layer MoM",isomom,ari,out of sample,no noise,3d-low-strong,3,low,strong,3,1,0.0019652,0.0015852498640003508
"(3,1)-Isolated Two-layer MoM",isomom,ari,out of sample,no noise,3d-low-weak,3,low,weak,3,1,0.007980899999999999,0.003903267498086208
"(3,1)-Isolated Two-layer MoM",isomom,ari,out of sample,with noise,2d-high-ind,2,high,ind,3,1,0.2851585,0.018646822535128213
"(3,1)-Isolated Two-layer MoM",isomom,ari,out of sample,with noise,2d-high-strong,2,high,strong,3,1,0.25069759999999996,0.01703461770168102
"(3,1)-Isolated Two-layer MoM",isomom,ari,out of sample,with noise,2d-high-weak,2,high,weak,3,1,0.28722200000000003,0.018359649652254686
"(3,1)-Isolated Two-layer MoM",isomom,ari,out of sample,with noise,2d-low-ind,2,low,ind,3,1,0.0131292,0.003617832008875541
"(3,1)-Isolated Two-layer MoM",isomom,ari,out of sample,with noise,2d-low-strong,2,low,strong,3,1,0.0014881,0.0012557171841082074
"(3,1)-Isolated Two-layer MoM",isomom,ari,out of sample,with noise,2d-low-weak,2,low,weak,3,1,0.0081749,0.0029300344725106922
"(3,1)-Isolated Two-layer MoM",isomom,ari,out of sample,with noise,3d-high-ind,3,high,ind,3,1,0.3655371,0.02643933518529549
"(3,1)-Isolated Two-layer MoM",isomom,ari,out of sample,with noise,3d-high-strong,3,high,strong,3,1,0.35440550000000004,0.031175721594201986
"(3,1)-Isolated Two-layer MoM",isomom,ari,out of sample,with noise,3d-high-weak,3,high,weak,3,1,0.37146999999999997,0.030048974940079
"(3,1)-Isolated Two-layer MoM",isomom,ari,out of sample,with noise,3d-low-ind,3,low,ind,3,1,0.0111795,0.005160628216201841
"(3,1)-Isolated Two-layer MoM",isomom,ari,out of sample,with noise,3d-low-strong,3,low,strong,3,1,0.0022202,0.0016755418119630328
"(3,1)-Isolated Two-layer MoM",isomom,ari,out of sample,with noise,3d-low-weak,3,low,weak,3,1,0.0075329,0.0032449517264623072
"(3,1)-Isolated Two-layer MoM",isomom,avg_ll,in sample,no noise,2d-high-ind,2,high,ind,3,1,-3.8812047,0.014258337093671422
"(3,1)-Isolated Two-layer MoM",isomom,avg_ll,in sample,no noise,2d-high-strong,2,high,strong,3,1,-3.9175255,0.015145828867074516
"(3,1)-Isolated Two-layer MoM",isomom,avg_ll,in sample,no noise,2d-high-weak,2,high,weak,3,1,-3.909935,0.01401885235003638
"(3,1)-Isolated Two-layer MoM",isomom,avg_ll,in sample,no noise,2d-low-ind,2,low,ind,3,1,-3.432822,0.014963651447640192
"(3,1)-Isolated Two-layer MoM",isomom,avg_ll,in sample,no noise,2d-low-strong,2,low,strong,3,1,-3.3130284999999997,0.019743999133095547
"(3,1)-Isolated Two-layer MoM",isomom,avg_ll,in sample,no noise,2d-low-weak,2,low,weak,3,1,-3.4221281,0.014724178884687793
"(3,1)-Isolated Two-layer MoM",isomom,avg_ll,in sample,no noise,3d-high-ind,3,high,ind,3,1,-5.6157813999999995,0.01614742322502521
"(3,1)-Isolated Two-layer MoM",isomom,avg_ll,in sample,no noise,3d-high-strong,3,high,strong,3,1,-5.686607400000001,0.019239727030340627
"(3,1)-Isolated Two-layer MoM",isomom,avg_ll,in sample,no noise,3d-high-weak,3,high,weak,3,1,-5.654525899999999,0.015472279160296335
"(3,1)-Isolated Two-layer MoM",isomom,avg_ll,in sample,no noise,3d-low-ind,3,low,ind,3,1,-5.0842255,0.0158893618801888
"(3,1)-Isolated Two-layer MoM",isomom,avg_ll,in sample,no noise,3d-low-strong,3,low,strong,3,1,-4.9711923,0.024898869628920513
"(3,1)-Isolated Two-layer MoM",isomom,avg_ll,in sample,no noise,3d-low-weak,3,low,weak,3,1,-5.0735476,0.016231028591291188
"(3,1)-Isolated Two-layer MoM",isomom,avg_ll,in sample,with noise,2d-high-ind,2,high,ind,3,1,-3.9153431999999997,0.01403022083672503
"(3,1)-Isolated Two-layer MoM",isomom,avg_ll,in sample,with noise,2d-high-strong,2,high,strong,3,1,-3.9504598,0.015365358912340808
"(3,1)-Isolated Two-layer MoM",isomom,avg_ll,in sample,with noise,2d-high-weak,2,high,weak,3,1,-3.9433193,0.014187134394701836
"(3,1)-Isolated Two-layer MoM",isomom,avg_ll,in sample,with noise,2d-low-ind,2,low,ind,3,1,-3.46392,0.014914609338402792
"(3,1)-Isolated Two-layer MoM",isomom,avg_ll,in sample,with noise,2d-low-strong,2,low,strong,3,1,-3.3497369,0.019729716636985955
"(3,1)-Isolated Two-layer MoM",isomom,avg_ll,in sample,with noise,2d-low-weak,2,low,weak,3,1,-3.4541394000000003,0.014880164807113778
"(3,1)-Isolated Two-layer MoM",isomom,avg_ll,in sample,with noise,3d-high-ind,3,high,ind,3,1,-5.6794264,0.016518935967396484
"(3,1)-Isolated Two-layer MoM",isomom,avg_ll,in sample,with noise,3d-high-strong,3,high,strong,3,1,-5.746075899999999,0.019586773887065454
"(3,1)-Isolated Two-layer MoM",isomom,avg_ll,in sample,with noise,3d-high-weak,3,high,weak,3,1,-5.7164211,0.01585078508045164
"(3,1)-Isolated Two-layer MoM",isomom,avg_ll,in sample,with noise,3d-low-ind,3,low,ind,3,1,-5.1370037,0.016352882713466875
"(3,1)-Isolated Two-layer MoM",isomom,avg_ll,in sample,with noise,3d-low-strong,3,low,strong,3,1,-5.0314381,0.024326880119602868
"(3,1)-Isolated Two-layer MoM",isomom,avg_ll,in sample,with noise,3d-low-weak,3,low,weak,3,1,-5.1268724,0.016496890990839303
"(3,1)-Isolated Two-layer MoM",isomom,avg_ll,out of sample,no noise,2d-high-ind,2,high,ind,3,1,-3.8872178,0.024168868680451913
"(3,1)-Isolated Two-layer MoM",isomom,avg_ll,out of sample,no noise,2d-high-strong,2,high,strong,3,1,-3.9185937,0.02467367634450805
"(3,1)-Isolated Two-layer MoM",isomom,avg_ll,out of sample,no noise,2d-high-weak,2,high,weak,3,1,-3.9128127999999998,0.026491599014469378
"(3,1)-Isolated Two-layer MoM",isomom,avg_ll,out of sample,no noise,2d-low-ind,2,low,ind,3,1,-3.4367012,0.026233953721053613
"(3,1)-Isolated Two-layer MoM",isomom,avg_ll,out of sample,no noise,2d-low-strong,2,low,strong,3,1,-3.3127961,0.028649819464412578
"(3,1)-Isolated Two-layer MoM",isomom,avg_ll,out of sample,no noise,2d-low-weak,2,low,weak,3,1,-3.4247578,0.02772484298140266
"(3,1)-Isolated Two-layer MoM",isomom,avg_ll,out of sample,no noise,3d-high-ind,3,high,ind,3,1,-5.6184707000000005,0.037341925587411125
"(3,1)-Isolated Two-layer MoM",isomom,avg_ll,out of sample,no noise,3d-high-strong,3,high,strong,3,1,-5.687392600000001,0.03951318127134059
"(3,1)-Isolated Two-layer MoM",isomom,avg_ll,out of sample,no noise,3d-high-weak,3,high,weak,3,1,-5.657661399999999,0.03651469487007308
"(3,1)-Isolated Two-layer MoM",isomom,avg_ll,out of sample,no noise,3d-low-ind,3,low,ind,3,1,-5.0846693,0.03921059914568552
"(3,1)-Isolated Two-layer MoM",isomom,avg_ll,out of sample,no noise,3d-low-strong,3,low,strong,3,1,-4.971839999999999,0.04701529465305022
"(3,1)-Isolated Two-layer MoM",isomom,avg_ll,out of sample,no noise,3d-low-weak,3,low,weak,3,1,-5.0742747,0.04000773789941497
"(3,1)-Isolated Two-layer MoM",isomom,avg_ll,out of sample,with noise,2d-high-ind,2,high,ind,3,1,-3.9218293,0.023749335397612384
"(3,1)-Isolated Two-layer MoM",isomom,avg_ll,out of sample,with noise,2d-high-strong,2,high,strong,3,1,-3.9510895,0.02508314035463874
"(3,1)-Isolated Two-layer MoM",isomom,avg_ll,out of sample,with noise,2d-high-weak,2,high,weak,3,1,-3.9461068999999998,0.026648719327729015
"(3,1)-Isolated Two-layer MoM",isomom,avg_ll,out of sample,with noise,2d-low-ind,2,low,ind,3,1,-3.4682657,0.026476017478564495
"(3,1)-Isolated Two-layer MoM",isomom,avg_ll,out of sample,with noise,2d-low-strong,2,low,strong,3,1,-3.3490723000000004,0.02899076902387997
"(3,1)-Isolated Two-layer MoM",isomom,avg_ll,out of sample,with noise,2d-low-weak,2,low,weak,3,1,-3.4566717999999996,0.02766987284744799
"(3,1)-Isolated Two-layer MoM",isomom,avg_ll,out of sample,with noise,3d-high-ind,3,high,ind,3,1,-5.6823957,0.03654065825304257
"(3,1)-Isolated Two-layer MoM",isomom,avg_ll,out of sample,with noise,3d-high-strong,3,high,strong,3,1,-5.746270399999999,0.03954897418940656
"(3,1)-Isolated Two-layer MoM",isomom,avg_ll,out of sample,with noise,3d-high-weak,3,high,weak,3,1,-5.7197135,0.03565571265873145
"(3,1)-Isolated Two-layer MoM",isomom,avg_ll,out of sample,with noise,3d-low-ind,3,low,ind,3,1,-5.1379868,0.03837776283950975
"(3,1)-Isolated Two-layer MoM",isomom,avg_ll,out of sample,with noise,3d-low-strong,3,low,strong,3,1,-5.0311603,0.04611329430902005
"(3,1)-Isolated Two-layer MoM",isomom,avg_ll,out of sample,with noise,3d-low-weak,3,low,weak,3,1,-5.1279170999999995,0.0392353557135614
"(3,1)-Isolated Two-layer MoM",isomom,bic,in sample,no noise,2d-high-ind,2,high,ind,3,1,62305.9764183,228.13647940652683
"(3,1)-Isolated Two-layer MoM",isomom,bic,in sample,no noise,2d-high-strong,2,high,strong,3,1,62887.1099086,242.33231380082069
"(3,1)-Isolated Two-layer MoM",isomom,bic,in sample,no noise,2d-high-weak,2,high,weak,3,1,62765.6639716,224.30371735383298
"(3,1)-Isolated Two-layer MoM",isomom,bic,in sample,no noise,2d-low-ind,2,low,ind,3,1,55131.862119699996,239.42412639100812
"(3,1)-Isolated Two-layer MoM",isomom,bic,in sample,no noise,2d-low-strong,2,low,strong,3,1,53215.1670822,315.90248971427377
"(3,1)-Isolated Two-layer MoM",isomom,bic,in sample,no noise,2d-low-weak,2,low,weak,3,1,54960.7575691,235.59285914201075
"(3,1)-Isolated Two-layer MoM",isomom,bic,in sample,no noise,3d-high-ind,3,high,ind,3,1,90194.022205,258.3554199275452
"(3,1)-Isolated Two-layer MoM",isomom,bic,in sample,no noise,3d-high-strong,3,high,strong,3,1,91327.22696900001,307.8300080861434
"(3,1)-Isolated Two-layer MoM",isomom,bic,in sample,no noise,3d-high-weak,3,high,weak,3,1,90813.9332264,247.55686775675787
"(3,1)-Isolated Two-layer MoM",isomom,bic,in sample,no noise,3d-low-ind,3,low,ind,3,1,81689.11605910001,254.23000052746553
"(3,1)-Isolated Two-layer MoM",isomom,bic,in sample,no noise,3d-low-strong,3,low,strong,3,1,79880.592502,398.3802194119024
"(3,1)-Isolated Two-layer MoM",isomom,bic,in sample,no noise,3d-low-weak,3,low,weak,3,1,81518.2705657,259.7002922675438
"(3,1)-Isolated Two-layer MoM",isomom,bic,in sample,with noise,2d-high-ind,2,high,ind,3,1,62852.1947583,224.4796711145775
"(3,1)-Isolated Two-layer MoM",isomom,bic,in sample,with noise,2d-high-strong,2,high,strong,3,1,63414.05753119999,245.84250299234523
"(3,1)-Isolated Two-layer MoM",isomom,bic,in sample,with noise,2d-high-weak,2,high,weak,3,1,63299.815603099996,226.99150642032717
"(3,1)-Isolated Two-layer MoM",isomom,bic,in sample,with noise,2d-low-ind,2,low,ind,3,1,55629.4214288,238.6321770343205
"(3,1)-Isolated Two-layer MoM",isomom,bic,in sample,with noise,2d-low-strong,2,low,strong,3,1,53802.4922985,315.6844370604733
"(3,1)-Isolated Two-layer MoM",isomom,bic,in sample,with noise,2d-low-weak,2,low,weak,3,1,55472.9324877,238.07606769400485
"(3,1)-Isolated Two-layer MoM",isomom,bic,in sample,with noise,3d-high-ind,3,high,ind,3,1,91212.3352073,264.306299122419
"(3,1)-Isolated Two-layer MoM",isomom,bic,in sample,with noise,3d-high-strong,3,high,strong,3,1,92278.73057490001,313.38723810700776
"(3,1)-Isolated Two-layer MoM",isomom,bic,in sample,with noise,3d-high-weak,3,high,weak,3,1,91804.24868480001,253.6109725917003
"(3,1)-Isolated Two-layer MoM",isomom,bic,in sample,with noise,3d-low-ind,3,low,ind,3,1,82533.5730558,261.6416722667636
"(3,1)-Isolated Two-layer MoM",isomom,bic,in sample,with noise,3d-low-strong,3,low,strong,3,1,80844.5176043,389.2221002216662
"(3,1)-Isolated Two-layer MoM",isomom,bic,in sample,with noise,3d-low-weak,3,low,weak,3,1,82371.4684343,263.9472305864945
"(3,1)-Isolated Two-layer MoM",isomom,bic,out of sample,no noise,2d-high-ind,2,high,ind,3,1,15723.6929987,96.6754016678269
"(3,1)-Isolated Two-layer MoM",isomom,bic,out of sample,no noise,2d-high-strong,2,high,strong,3,1,15849.196877800001,98.69352548831081
"(3,1)-Isolated Two-layer MoM",isomom,bic,out of sample,no noise,2d-high-weak,2,high,weak,3,1,15826.0710016,105.96582042966386
"(3,1)-Isolated Two-layer MoM",isomom,bic,out of sample,no noise,2d-low-ind,2,low,ind,3,1,13921.6253902,104.93608131990364
"(3,1)-Isolated Two-layer MoM",isomom,bic,out of sample,no noise,2d-low-strong,2,low,strong,3,1,13426.006316500001,114.59895250989611
"(3,1)-Isolated Two-layer MoM",isomom,bic,out of sample,no noise,2d-low-weak,2,low,weak,3,1,13873.8519741,110.90160846962304
"(3,1)-Isolated Two-layer MoM",isomom,bic,out of sample,no noise,3d-high-ind,3,high,ind,3,1,22762.716348700003,149.36710458578744
"(3,1)-Isolated Two-layer MoM",isomom,bic,out of sample,no noise,3d-high-strong,3,high,strong,3,1,23038.403946899998,158.05192992399157
"(3,1)-Isolated Two-layer MoM",isomom,bic,out of sample,no noise,3d-high-weak,3,high,weak,3,1,22919.4790442,146.05844769190335
"(3,1)-Isolated Two-layer MoM",isomom,bic,out of sample,no noise,3d-low-ind,3,low,ind,3,1,20627.5140184,156.84121281673217
"(3,1)-Isolated Two-layer MoM",isomom,bic,out of sample,no noise,3d-low-strong,3,low,strong,3,1,20176.1943939,188.06069822416262
"(3,1)-Isolated Two-layer MoM",isomom,bic,out of sample,no noise,3d-low-weak,3,low,weak,3,1,20585.9323243,160.0286546139575
"(3,1)-Isolated Two-layer MoM",isomom,bic,out of sample,with noise,2d-high-ind,2,high,ind,3,1,15862.1389561,94.99798690242811
"(3,1)-Isolated Two-layer MoM",isomom,bic,out of sample,with noise,2d-high-strong,2,high,strong,3,1,15979.180917,100.33293647989191
"(3,1)-Isolated Two-layer MoM",isomom,bic,out of sample,with noise,2d-high-weak,2,high,weak,3,1,15959.248851600001,106.59395613649049
"(3,1)-Isolated Two-layer MoM",isomom,bic,out of sample,with noise,2d-low-ind,2,low,ind,3,1,14047.8822044,105.90521336773541
"(3,1)-Isolated Two-layer MoM",isomom,bic,out of sample,with noise,2d-low-strong,2,low,strong,3,1,13571.1093815,115.96286749424493
"(3,1)-Isolated Two-layer MoM",isomom,bic,out of sample,with noise,2d-low-weak,2,low,weak,3,1,14001.5069321,110.67815526879568
"(3,1)-Isolated Two-layer MoM",isomom,bic,out of sample,with noise,3d-high-ind,3,high,ind,3,1,23018.4163814,146.163734686587
"(3,1)-Isolated Two-layer MoM",isomom,bic,out of sample,with noise,3d-high-strong,3,high,strong,3,1,23273.9158011,158.1962309500072
"(3,1)-Isolated Two-layer MoM",isomom,bic,out of sample,with noise,3d-high-weak,3,high,weak,3,1,23167.6871633,142.62313439740055
"(3,1)-Isolated Two-layer MoM",isomom,bic,out of sample,with noise,3d-low-ind,3,low,ind,3,1,20840.7813461,153.51111926067605
"(3,1)-Isolated Two-layer MoM",isomom,bic,out of sample,with noise,3d-low-strong,3,low,strong,3,1,20413.477123,184.45495108905024
"(3,1)-Isolated Two-layer MoM",isomom,bic,out of sample,with noise,3d-low-weak,3,low,weak,3,1,20800.5051428,156.94228730422802
"(3,1)-Isolated Two-layer MoM",isomom,em_iters,training,no noise,2d-high-ind,2,high,ind,3,1,32.26,0.8946530279410227
"(3,1)-Isolated Two-layer MoM",isomom,em_iters,training,no noise,2d-high-strong,2,high,strong,3,1,32.26,0.9494283234737321
"(3,1)-Isolated Two-layer MoM",isomom,em_iters,training,no noise,2d-high-weak,2,high,weak,3,1,32.14,1.0349449797506682
"(3,1)-Isolated Two-layer MoM",isomom,em_iters,training,no noise,2d-low-ind,2,low,ind,3,1,35.84,1.0891568419023152
"(3,1)-Isolated Two-layer MoM",isomom,em_iters,training,no noise,2d-low-strong,2,low,strong,3,1,35.76,1.0552418459933028
"(3,1)-Isolated Two-layer MoM",isomom,em_iters,training,no noise,2d-low-weak,2,low,weak,3,1,35.87,1.1947274741018294
"(3,1)-Isolated Two-layer MoM",isomom,em_iters,training,no noise,3d-high-ind,3,high,ind,3,1,34.64,4.053979214888438
"(3,1)-Isolated Two-layer MoM",isomom,em_iters,training,no noise,3d-high-strong,3,high,strong,3,1,34.01,3.334832995985125
"(3,1)-Isolated Two-layer MoM",isomom,em_iters,training,no noise,3d-high-weak,3,high,weak,3,1,35.04,4.8302916238791616
"(3,1)-Isolated Two-layer MoM",isomom,em_iters,training,no noise,3d-low-ind,3,low,ind,3,1,36.32,1.6073065493036311
"(3,1)-Isolated Two-layer MoM",isomom,em_iters,training,no noise,3d-low-strong,3,low,strong,3,1,36.27,1.4060116240162048
"(3,1)-Isolated Two-layer MoM",isomom,em_iters,training,no noise,3d-low-weak,3,low,weak,3,1,36.2,1.1281521496355325
"(3,1)-Isolated Two-layer MoM",isomom,em_iters,training,with noise,2d-high-ind,2,high,ind,3,1,32.35,0.9252354327740622
"(3,1)-Isolated Two-layer MoM",isomom,em_iters,training,with noise,2d-high-strong,2,high,strong,3,1,32.23,0.9729160583347647
"(3,1)-Isolated Two-layer MoM",isomom,em_iters,training,with noise,2d-high-weak,2,high,weak,3,1,32.27,1.0135944639616654
"(3,1)-Isolated Two-layer MoM",isomom,em_iters,training,with noise,2d-low-ind,2,low,ind,3,1,35.9,1.235011143776656
"(3,1)-Isolated Two-layer MoM",isomom,em_iters,training,with noise,2d-low-strong,2,low,strong,3,1,35.75,1.1838560518556096
"(3,1)-Isolated Two-layer MoM",isomom,em_iters,training,with noise,2d-low-weak,2,low,weak,3,1,35.82,1.200841455821793
"(3,1)-Isolated Two-layer MoM",isomom,em_iters,training,with noise,3d-high-ind,3,high,ind,3,1,33.91,2.700897718324129
"(3,1)-Isolated Two-layer MoM",isomom,em_iters,training,with noise,3d-high-strong,3,high,strong,3,1,33.46,2.3928344208608685
"(3,1)-Isolated Two-layer MoM",isomom,em_iters,training,with noise,3d-high-weak,3,high,weak,3,1,33.7,2.630435689993564
"(3,1)-Isolated Two-layer MoM",isomom,em_iters,training,with noise,3d-low-ind,3,low,ind,3,1,36.17,1.4217289232878147
"(3,1)-Isolated Two-layer MoM",isomom,em_iters,training,with noise,3d-low-strong,3,low,strong,3,1,36.18,1.2008414558217926
"(3,1)-Isolated Two-layer MoM",isomom,em_iters,training,with noise,3d-low-weak,3,low,weak,3,1,36.06,1.2045368781855907
"(3,1)-Isolated Two-layer MoM",isomom,gmpd,in sample,no noise,2d-high-ind,2,high,ind,3,1,0.0206278,0.0002939167064034136
"(3,1)-Isolated Two-layer MoM",isomom,gmpd,in sample,no noise,2d-high-strong,2,high,strong,3,1,0.0198922,0.00030120156679271185
"(3,1)-Isolated Two-layer MoM",isomom,gmpd,in sample,no noise,2d-high-weak,2,high,weak,3,1,0.0200443,0.0002805631242103402
"(3,1)-Isolated Two-layer MoM",isomom,gmpd,in sample,no noise,2d-low-ind,2,low,ind,3,1,0.0322994,0.00048275894815135475
"(3,1)-Isolated Two-layer MoM",isomom,gmpd,in sample,no noise,2d-low-strong,2,low,strong,3,1,0.0364124,0.0007197784732159267
"(3,1)-Isolated Two-layer MoM",isomom,gmpd,in sample,no noise,2d-low-weak,2,low,weak,3,1,0.0326465,0.00048017962758479816
"(3,1)-Isolated Two-layer MoM",isomom,gmpd,in sample,no noise,3d-high-ind,3,high,ind,3,1,0.0036401,5.917778384672838e-05
"(3,1)-Isolated Two-layer MoM",isomom,gmpd,in sample,no noise,3d-high-strong,3,high,strong,3,1,0.003391,6.489307444643921e-05
"(3,1)-Isolated Two-layer MoM",isomom,gmpd,in sample,no noise,3d-high-weak,3,high,weak,3,1,0.0035021999999999996,5.41151036628818e-05
"(3,1)-Isolated Two-layer MoM",isomom,gmpd,in sample,no noise,3d-low-ind,3,low,ind,3,1,0.0061944,9.848673191672241e-05
"(3,1)-Isolated Two-layer MoM",isomom,gmpd,in sample,no noise,3d-low-strong,3,low,strong,3,1,0.006937100000000001,0.00017237084170678945
"(3,1)-Isolated Two-layer MoM",isomom,gmpd,in sample,no noise,3d-low-weak,3,low,weak,3,1,0.0062613,0.00010174889868612022
"(3,1)-Isolated Two-layer MoM",isomom,gmpd,in sample,with noise,2d-high-ind,2,high,ind,3,1,0.0199356,0.00027915572570147873
"(3,1)-Isolated Two-layer MoM",isomom,gmpd,in sample,with noise,2d-high-strong,2,high,strong,3,1,0.019247399999999998,0.00029596143619933275
"(3,1)-Isolated Two-layer MoM",isomom,gmpd,in sample,with noise,2d-high-weak,2,high,weak,3,1,0.019385799999999998,0.0002747898370490701
"(3,1)-Isolated Two-layer MoM",isomom,gmpd,in sample,with noise,2d-low-ind,2,low,ind,3,1,0.0313106,0.0004658994125626925
"(3,1)-Isolated Two-layer MoM",isomom,gmpd,in sample,with noise,2d-low-strong,2,low,strong,3,1,0.035100099999999995,0.0006924987619870063
"(3,1)-Isolated Two-layer MoM",isomom,gmpd,in sample,with noise,2d-low-weak,2,low,weak,3,1,0.0316175,0.00047001692426008234
"(3,1)-Isolated Two-layer MoM",isomom,gmpd,in sample,with noise,3d-high-ind,3,high,ind,3,1,0.0034162,5.668947847437799e-05
"(3,1)-Isolated Two-layer MoM",isomom,gmpd,in sample,with noise,3d-high-strong,3,high,strong,3,1,0.0031953999999999997,6.244868600569895e-05
"(3,1)-Isolated Two-layer MoM",isomom,gmpd,in sample,with noise,3d-high-weak,3,high,weak,3,1,0.0032919,5.2236737720466196e-05
"(3,1)-Isolated Two-layer MoM",isomom,gmpd,in sample,with noise,3d-low-ind,3,low,ind,3,1,0.005876200000000001,9.592484431874645e-05
"(3,1)-Isolated Two-layer MoM",isomom,gmpd,in sample,with noise,3d-low-strong,3,low,strong,3,1,0.0065311,0.0001588271088481135
"(3,1)-Isolated Two-layer MoM",isomom,gmpd,in sample,with noise,3d-low-weak,3,low,weak,3,1,0.005936,9.804142600003935e-05
"(3,1)-Isolated Two-layer MoM",isomom,gmpd,out of sample,no noise,2d-high-ind,2,high,ind,3,1,0.0205084,0.000497321553195442
"(3,1)-Isolated Two-layer MoM",isomom,gmpd,out of sample,no noise,2d-high-strong,2,high,strong,3,1,0.019875,0.0004908053575399303
"(3,1)-Isolated Two-layer MoM",isomom,gmpd,out of sample,no noise,2d-high-weak,2,high,weak,3,1,0.019991099999999998,0.0005319677498389227
"(3,1)-Isolated Two-layer MoM",isomom,gmpd,out of sample,no noise,2d-low-ind,2,low,ind,3,1,0.032181799999999997,0.000848182108328682
"(3,1)-Isolated Two-layer MoM",isomom,gmpd,out of sample,no noise,2d-low-strong,2,low,strong,3,1,0.036428600000000005,0.0010406398769677026
"(3,1)-Isolated Two-layer MoM",isomom,gmpd,out of sample,no noise,2d-low-weak,2,low,weak,3,1,0.0325696,0.0009083617398949891
"(3,1)-Isolated Two-layer MoM",isomom,gmpd,out of sample,no noise,3d-high-ind,3,high,ind,3,1,0.0036329,0.00013588687362744948
"(3,1)-Isolated Two-layer MoM",isomom,gmpd,out of sample,no noise,3d-high-strong,3,high,strong,3,1,0.0033911999999999996,0.00013475214808729918
"(3,1)-Isolated Two-layer MoM",isomom,gmpd,out of sample,no noise,3d-high-weak,3,high,weak,3,1,0.003493,0.000128121627819629
"(3,1)-Isolated Two-layer MoM",isomom,gmpd,out of sample,no noise,3d-low-ind,3,low,ind,3,1,0.0061953,0.00024339125504073276
"(3,1)-Isolated Two-layer MoM",isomom,gmpd,out of sample,no noise,3d-low-strong,3,low,strong,3,1,0.0069379,0.0003251302613856283
"(3,1)-Isolated Two-layer MoM",isomom,gmpd,out of sample,no noise,3d-low-weak,3,low,weak,3,1,0.0062606,0.0002513632326882251
"(3,1)-Isolated Two-layer MoM",isomom,gmpd,out of sample,with noise,2d-high-ind,2,high,ind,3,1,0.019810499999999998,0.00047276187227692916
"(3,1)-Isolated Two-layer MoM",isomom,gmpd,out of sample,with noise,2d-high-strong,2,high,strong,3,1,0.0192402,0.00048299356918988866
"(3,1)-Isolated Two-layer MoM",isomom,gmpd,out of sample,with noise,2d-high-weak,2,high,weak,3,1,0.0193366,0.0005173675012146892
"(3,1)-Isolated Two-layer MoM",isomom,gmpd,out of sample,with noise,2d-low-ind,2,low,ind,3,1,0.031181999999999998,0.0008299762683719368
"(3,1)-Isolated Two-layer MoM",isomom,gmpd,out of sample,with noise,2d-low-strong,2,low,strong,3,1,0.0351312,0.0010143159908494628
"(3,1)-Isolated Two-layer MoM",isomom,gmpd,out of sample,with noise,2d-low-weak,2,low,weak,3,1,0.0315463,0.0008761908548606371
"(3,1)-Isolated Two-layer MoM",isomom,gmpd,out of sample,with noise,3d-high-ind,3,high,ind,3,1,0.0034077,0.0001247045397017376
"(3,1)-Isolated Two-layer MoM",isomom,gmpd,out of sample,with noise,3d-high-strong,3,high,strong,3,1,0.0031966,0.00012786688153677394
"(3,1)-Isolated Two-layer MoM",isomom,gmpd,out of sample,with noise,3d-high-weak,3,high,weak,3,1,0.0032828,0.00011770601968763989
"(3,1)-Isolated Two-layer MoM",isomom,gmpd,out of sample,with noise,3d-low-ind,3,low,ind,3,1,0.0058738,0.00022640260911513675
"(3,1)-Isolated Two-layer MoM",isomom,gmpd,out of sample,with noise,3d-low-strong,3,low,strong,3,1,0.0065377,0.0003027912405495499
"(3,1)-Isolated Two-layer MoM",isomom,gmpd,out of sample,with noise,3d-low-weak,3,low,weak,3,1,0.0059333,0.00023374014320491583
"(3,1)-Isolated Two-layer MoM",isomom,training_time,training,no noise,2d-high-ind,2,high,ind,3,1,333.5448,81.86501420304432
"(3,1)-Isolated Two-layer MoM",isomom,training_time,training,no noise,2d-high-strong,2,high,strong,3,1,335.7432,82.54966124385216
"(3,1)-Isolated Two-layer MoM",isomom,training_time,training,no noise,2d-high-weak,2,high,weak,3,1,332.0394,79.1591734612654
"(3,1)-Isolated Two-layer MoM",isomom,training_time,training,no noise,2d-low-ind,2,low,ind,3,1,342.6972,82.54596248996032
"(3,1)-Isolated Two-layer MoM",isomom,training_time,training,no noise,2d-low-strong,2,low,strong,3,1,362.865,86.2391904337388
"(3,1)-Isolated Two-layer MoM",isomom,training_time,training,no noise,2d-low-weak,2,low,weak,3,1,366.9066,82.36053541826837
"(3,1)-Isolated Two-layer MoM",isomom,training_time,training,no noise,3d-high-ind,3,high,ind,3,1,375.7639,85.9377301564007
"(3,1)-Isolated Two-layer MoM",isomom,training_time,training,no noise,3d-high-strong,3,high,strong,3,1,372.4586,81.00589418659416
"(3,1)-Isolated Two-layer MoM",isomom,training_time,training,no noise,3d-high-weak,3,high,weak,3,1,356.7717,85.68862284434029
"(3,1)-Isolated Two-layer MoM",isomom,training_time,training,no noise,3d-low-ind,3,low,ind,3,1,379.06730000000005,77.90419387908136
"(3,1)-Isolated Two-layer MoM",isomom,training_time,training,no noise,3d-low-strong,3,low,strong,3,1,376.7167,77.87181606643604
"(3,1)-Isolated Two-layer MoM",isomom,training_time,training,no noise,3d-low-weak,3,low,weak,3,1,358.7615,83.46829774249802
"(3,1)-Isolated Two-layer MoM",isomom,training_time,training,with noise,2d-high-ind,2,high,ind,3,1,338.5329,79.2865069251631
"(3,1)-Isolated Two-layer MoM",isomom,training_time,training,with noise,2d-high-strong,2,high,strong,3,1,348.60970000000003,78.00730332883175
"(3,1)-Isolated Two-layer MoM",isomom,training_time,training,with noise,2d-high-weak,2,high,weak,3,1,325.8975,81.6651662864649
"(3,1)-Isolated Two-layer MoM",isomom,training_time,training,with noise,2d-low-ind,2,low,ind,3,1,343.0498,81.75712723980124
"(3,1)-Isolated Two-layer MoM",isomom,training_time,training,with noise,2d-low-strong,2,low,strong,3,1,365.87800000000004,88.13112370585414
"(3,1)-Isolated Two-layer MoM",isomom,training_time,training,with noise,2d-low-weak,2,low,weak,3,1,349.8377,86.82070087667557
"(3,1)-Isolated Two-layer MoM",isomom,training_time,training,with noise,3d-high-ind,3,high,ind,3,1,359.9126,77.9660899433241
"(3,1)-Isolated Two-layer MoM",isomom,training_time,training,with noise,3d-high-strong,3,high,strong,3,1,378.0414,78.05246317779607
"(3,1)-Isolated Two-layer MoM",isomom,training_time,training,with noise,3d-high-weak,3,high,weak,3,1,360.9361,89.77016538765689
"(3,1)-Isolated Two-layer MoM",isomom,training_time,training,with noise,3d-low-ind,3,low,ind,3,1,376.7618,79.95466344640745
"(3,1)-Isolated Two-layer MoM",isomom,training_time,training,with noise,3d-low-strong,3,low,strong,3,1,367.5199,82.5979108559513
"(3,1)-Isolated Two-layer MoM",isomom,training_time,training,with noise,3d-low-weak,3,low,weak,3,1,365.5596,83.3839339577033
"(3,1)-Two-layer MoM",mom,aic,in sample,no noise,2d-high-ind,2,high,ind,3,1,61907.4481264,226.16286852619183
"(3,1)-Two-layer MoM",mom,aic,in sample,no noise,2d-high-strong,2,high,strong,3,1,62081.4924899,232.73658193017476
"(3,1)-Two-layer MoM",mom,aic,in sample,no noise,2d-high-weak,2,high,weak,3,1,62475.875871000004,224.94046230354428
"(3,1)-Two-layer MoM",mom,aic,in sample,no noise,2d-low-ind,2,low,ind,3,1,54957.0703647,239.4801797317986
"(3,1)-Two-layer MoM",mom,aic,in sample,no noise,2d-low-strong,2,low,strong,3,1,49483.463904,281.6020948524789
"(3,1)-Two-layer MoM",mom,aic,in sample,no noise,2d-low-weak,2,low,weak,3,1,54492.4645503,233.24951490717194
"(3,1)-Two-layer MoM",mom,aic,in sample,no noise,3d-high-ind,3,high,ind,3,1,89548.4364697,247.09714638485514
"(3,1)-Two-layer MoM",mom,aic,in sample,no noise,3d-high-strong,3,high,strong,3,1,88762.9352367,349.80124305154374
"(3,1)-Two-layer MoM",mom,aic,in sample,no noise,3d-high-weak,3,high,weak,3,1,90195.1503817,260.13424815634204
"(3,1)-Two-layer MoM",mom,aic,in sample,no noise,3d-low-ind,3,low,ind,3,1,81348.6029829,266.36657333411995
"(3,1)-Two-layer MoM",mom,aic,in sample,no noise,3d-low-strong,3,low,strong,3,1,76250.3314079,332.0090118438209
"(3,1)-Two-layer MoM",mom,aic,in sample,no noise,3d-low-weak,3,low,weak,3,1,80755.41459320001,269.8353477669416
"(3,1)-Two-layer MoM",mom,aic,in sample,with noise,2d-high-ind,2,high,ind,3,1,62460.209128400005,227.1174942938698
"(3,1)-Two-layer MoM",mom,aic,in sample,with noise,2d-high-strong,2,high,strong,3,1,62649.674648,236.1680291716148
"(3,1)-Two-layer MoM",mom,aic,in sample,with noise,2d-high-weak,2,high,weak,3,1,63015.419917,225.37400394340884
"(3,1)-Two-layer MoM",mom,aic,in sample,with noise,2d-low-ind,2,low,ind,3,1,55455.305121900004,238.81611117277768
"(3,1)-Two-layer MoM",mom,aic,in sample,with noise,2d-low-strong,2,low,strong,3,1,50287.1934827,310.6694490232702
"(3,1)-Two-layer MoM",mom,aic,in sample,with noise,2d-low-weak,2,low,weak,3,1,55022.725157,237.3148292068198
"(3,1)-Two-layer MoM",mom,aic,in sample,with noise,3d-high-ind,3,high,ind,3,1,90560.3424827,251.46669686357458
"(3,1)-Two-layer MoM",mom,aic,in sample,with noise,3d-high-strong,3,high,strong,3,1,89897.25243380001,427.18869269956673
"(3,1)-Two-layer MoM",mom,aic,in sample,with noise,3d-high-weak,3,high,weak,3,1,91186.5095743,263.7543030110685
"(3,1)-Two-layer MoM",mom,aic,in sample,with noise,3d-low-ind,3,low,ind,3,1,82203.1459023,272.46004867446686
"(3,1)-Two-layer MoM",mom,aic,in sample,with noise,3d-low-strong,3,low,strong,3,1,77368.5536832,348.7013628633767
"(3,1)-Two-layer MoM",mom,aic,in sample,with noise,3d-low-weak,3,low,weak,3,1,81632.7538793,268.39983074766764
"(3,1)-Two-layer MoM",mom,aic,out of sample,no noise,2d-high-ind,2,high,ind,3,1,15538.211200099999,96.25038315908252
"(3,1)-Two-layer MoM",mom,aic,out of sample,no noise,2d-high-strong,2,high,strong,3,1,15566.6119753,96.03570672022978
"(3,1)-Two-layer MoM",mom,aic,out of sample,no noise,2d-high-weak,2,high,weak,3,1,15664.9186927,105.69540272186241
"(3,1)-Two-layer MoM",mom,aic,out of sample,no noise,2d-low-ind,2,low,ind,3,1,13791.3037475,104.69716857067122
"(3,1)-Two-layer MoM",mom,aic,out of sample,no noise,2d-low-strong,2,low,strong,3,1,12400.4175843,113.5924053281187
"(3,1)-Two-layer MoM",mom,aic,out of sample,no noise,2d-low-weak,2,low,weak,3,1,13671.006938499999,110.83438245219602
"(3,1)-Two-layer MoM",mom,aic,out of sample,no noise,3d-high-ind,3,high,ind,3,1,22456.4881355,148.77337451161378
"(3,1)-Two-layer MoM",mom,aic,out of sample,no noise,3d-high-strong,3,high,strong,3,1,22255.164954400003,151.5464059763805
"(3,1)-Two-layer MoM",mom,aic,out of sample,no noise,3d-high-weak,3,high,weak,3,1,22623.826949899998,152.0764312294699
"(3,1)-Two-layer MoM",mom,aic,out of sample,no noise,3d-low-ind,3,low,ind,3,1,20402.12126,157.19078669327837
"(3,1)-Two-layer MoM",mom,aic,out of sample,no noise,3d-low-strong,3,low,strong,3,1,19128.8939919,178.70573813000865
"(3,1)-Two-layer MoM",mom,aic,out of sample,no noise,3d-low-weak,3,low,weak,3,1,20257.7479951,160.59644898659855
"(3,1)-Two-layer MoM",mom,aic,out of sample,with noise,2d-high-ind,2,high,ind,3,1,15678.6843384,93.36196771794573
"(3,1)-Two-layer MoM",mom,aic,out of sample,with noise,2d-high-strong,2,high,strong,3,1,15706.1329898,97.48109155270636
"(3,1)-Two-layer MoM",mom,aic,out of sample,with noise,2d-high-weak,2,high,weak,3,1,15799.016408200001,106.12829681019565
"(3,1)-Two-layer MoM",mom,aic,out of sample,with noise,2d-low-ind,2,low,ind,3,1,13917.435644700001,105.6938671875206
"(3,1)-Two-layer MoM",mom,aic,out of sample,with noise,2d-low-strong,2,low,strong,3,1,12599.4880966,113.74790224068103
"(3,1)-Two-layer MoM",mom,aic,out of sample,with noise,2d-low-weak,2,low,weak,3,1,13802.576418,111.26242282689088
"(3,1)-Two-layer MoM",mom,aic,out of sample,with noise,3d-high-ind,3,high,ind,3,1,22711.0102192,145.62579000321574
"(3,1)-Two-layer MoM",mom,aic,out of sample,with noise,3d-high-strong,3,high,strong,3,1,22538.5502204,170.12556394658588
"(3,1)-Two-layer MoM",mom,aic,out of sample,with noise,3d-high-weak,3,high,weak,3,1,22872.8487175,146.72437256564902
"(3,1)-Two-layer MoM",mom,aic,out of sample,with noise,3d-low-ind,3,low,ind,3,1,20617.2623253,154.37634213862023
"(3,1)-Two-layer MoM",mom,aic,out of sample,with noise,3d-low-strong,3,low,strong,3,1,19406.264321399998,175.98506802399675
"(3,1)-Two-layer MoM",mom,aic,out of sample,with noise,3d-low-weak,3,low,weak,3,1,20474.953249600003,159.76247365751462
"(3,1)-Two-layer MoM",mom,ari,in sample,no noise,2d-high-ind,2,high,ind,3,1,0.331582,0.02559031808708091
"(3,1)-Two-layer MoM",mom,ari,in sample,no noise,2d-high-strong,2,high,strong,3,1,0.0719409,0.03209350993565364
"(3,1)-Two-layer MoM",mom,ari,in sample,no noise,2d-high-weak,2,high,weak,3,1,0.3009026,0.019079679794234094
"(3,1)-Two-layer MoM",mom,ari,in sample,no noise,2d-low-ind,2,low,ind,3,1,0.0154196,0.0029368927852959203
"(3,1)-Two-layer MoM",mom,ari,in sample,no noise,2d-low-strong,2,low,strong,3,1,0.0007238,0.0005440602684975036
"(3,1)-Two-layer MoM",mom,ari,in sample,no noise,2d-low-weak,2,low,weak,3,1,0.0016472000000000001,0.0011613837793030704
"(3,1)-Two-layer MoM",mom,ari,in sample,no noise,3d-high-ind,3,high,ind,3,1,0.4308282,0.020942230273981923
"(3,1)-Two-layer MoM",mom,ari,in sample,no noise,3d-high-strong,3,high,strong,3,1,0.0275222,0.03319825636105218
"(3,1)-Two-layer MoM",mom,ari,in sample,no noise,3d-high-weak,3,high,weak,3,1,0.3459812,0.025635802429848423
"(3,1)-Two-layer MoM",mom,ari,in sample,no noise,3d-low-ind,3,low,ind,3,1,0.022377699999999997,0.007420637051663773
"(3,1)-Two-layer MoM",mom,ari,in sample,no noise,3d-low-strong,3,low,strong,3,1,0.0006958,0.0004900240769182631
"(3,1)-Two-layer MoM",mom,ari,in sample,no noise,3d-low-weak,3,low,weak,3,1,0.0014552999999999999,0.0009919305276667168
"(3,1)-Two-layer MoM",mom,ari,in sample,with noise,2d-high-ind,2,high,ind,3,1,0.3190352,0.02411829045150237
"(3,1)-Two-layer MoM",mom,ari,in sample,with noise,2d-high-strong,2,high,strong,3,1,0.0709373,0.03633419317456305
"(3,1)-Two-layer MoM",mom,ari,in sample,with noise,2d-high-weak,2,high,weak,3,1,0.296055,0.016981186529792195
"(3,1)-Two-layer MoM",mom,ari,in sample,with noise,2d-low-ind,2,low,ind,3,1,0.0151389,0.002802113522311185
"(3,1)-Two-layer MoM",mom,ari,in sample,with noise,2d-low-strong,2,low,strong,3,1,0.0007108,0.0006025529525328547
"(3,1)-Two-layer MoM",mom,ari,in sample,with noise,2d-low-weak,2,low,weak,3,1,0.0016511999999999998,0.0010801255819242839
"(3,1)-Two-layer MoM",mom,ari,in sample,with noise,3d-high-ind,3,high,ind,3,1,0.418073,0.019753085962717444
"(3,1)-Two-layer MoM",mom,ari,in sample,with noise,3d-high-strong,3,high,strong,3,1,0.0385789,0.05647433880287774
"(3,1)-Two-layer MoM",mom,ari,in sample,with noise,3d-high-weak,3,high,weak,3,1,0.33843229999999996,0.022350902716273532
"(3,1)-Two-layer MoM",mom,ari,in sample,with noise,3d-low-ind,3,low,ind,3,1,0.021327099999999998,0.006903083382947012
"(3,1)-Two-layer MoM",mom,ari,in sample,with noise,3d-low-strong,3,low,strong,3,1,0.0006071,0.0004421602045239332
"(3,1)-Two-layer MoM",mom,ari,in sample,with noise,3d-low-weak,3,low,weak,3,1,0.0014578,0.001018885883916567
"(3,1)-Two-layer MoM",mom,ari,out of sample,no noise,2d-high-ind,2,high,ind,3,1,0.33447629999999995,0.02996835363354234
"(3,1)-Two-layer MoM",mom,ari,out of sample,no noise,2d-high-strong,2,high,strong,3,1,0.0713039,0.031197228635495074
"(3,1)-Two-layer MoM",mom,ari,out of sample,no noise,2d-high-weak,2,high,weak,3,1,0.3023519,0.023403829898742914
"(3,1)-Two-layer MoM",mom,ari,out of sample,no noise,2d-low-ind,2,low,ind,3,1,0.0157865,0.00442026197290284
"(3,1)-Two-layer MoM",mom,ari,out of sample,no noise,2d-low-strong,2,low,strong,3,1,0.0006947,0.0014304519699674782
"(3,1)-Two-layer MoM",mom,ari,out of sample,no noise,2d-low-weak,2,low,weak,3,1,0.0015061,0.001554164750181611
"(3,1)-Two-layer MoM",mom,ari,out of sample,no noise,3d-high-ind,3,high,ind,3,1,0.4329147,0.022386147883921615
"(3,1)-Two-layer MoM",mom,ari,out of sample,no noise,3d-high-strong,3,high,strong,3,1,0.0266145,0.03314710552669689
"(3,1)-Two-layer MoM",mom,ari,out of sample,no noise,3d-high-weak,3,high,weak,3,1,0.34760559999999996,0.02843977000290583
"(3,1)-Two-layer MoM",mom,ari,out of sample,no noise,3d-low-ind,3,low,ind,3,1,0.022096900000000003,0.007946994310791822
"(3,1)-Two-layer MoM",mom,ari,out of sample,no noise,3d-low-strong,3,low,strong,3,1,0.0006922,0.0009904091390058266
"(3,1)-Two-layer MoM",mom,ari,out of sample,no noise,3d-low-weak,3,low,weak,3,1,0.0011204,0.001598449956247071
"(3,1)-Two-layer MoM",mom,ari,out of sample,with noise,2d-high-ind,2,high,ind,3,1,0.3216753,0.027646657731947893
"(3,1)-Two-layer MoM",mom,ari,out of sample,with noise,2d-high-strong,2,high,strong,3,1,0.0699449,0.03606695147747849
"(3,1)-Two-layer MoM",mom,ari,out of sample,with noise,2d-high-weak,2,high,weak,3,1,0.2976559,0.0201392282708011
"(3,1)-Two-layer MoM",mom,ari,out of sample,with noise,2d-low-ind,2,low,ind,3,1,0.015514300000000002,0.003732663158192184
"(3,1)-Two-layer MoM",mom,ari,out of sample,with noise,2d-low-strong,2,low,strong,3,1,0.0007348000000000001,0.001295637965395325
"(3,1)-Two-layer MoM",mom,ari,out of sample,with noise,2d-low-weak,2,low,weak,3,1,0.0015367,0.0015242491478254022
"(3,1)-Two-layer MoM",mom,ari,out of sample,with noise,3d-high-ind,3,high,ind,3,1,0.4210541,0.022512545911652082
"(3,1)-Two-layer MoM",mom,ari,out of sample,with noise,3d-high-strong,3,high,strong,3,1,0.0377859,0.05573129786581396
"(3,1)-Two-layer MoM",mom,ari,out of sample,with noise,3d-high-weak,3,high,weak,3,1,0.3402016,0.026173668652817377
"(3,1)-Two-layer MoM",mom,ari,out of sample,with noise,3d-low-ind,3,low,ind,3,1,0.0214603,0.00822529241198307
"(3,1)-Two-layer MoM",mom,ari,out of sample,with noise,3d-low-strong,3,low,strong,3,1,0.0005323,0.0008418904353005235
"(3,1)-Two-layer MoM",mom,ari,out of sample,with noise,3d-low-weak,3,low,weak,3,1,0.0013541999999999998,0.0015670967688143202
"(3,1)-Two-layer MoM",mom,avg_ll,in sample,no noise,2d-high-ind,2,high,ind,3,1,-3.8663405,0.014135325358116044
"(3,1)-Two-layer MoM",mom,avg_ll,in sample,no noise,2d-high-strong,2,high,strong,3,1,-3.8772186,0.014545707202477292
"(3,1)-Two-layer MoM",mom,avg_ll,in sample,no noise,2d-high-weak,2,high,weak,3,1,-3.9018673,0.01405872121251839
"(3,1)-Two-layer MoM",mom,avg_ll,in sample,no noise,2d-low-ind,2,low,ind,3,1,-3.4319421,0.014967698843735801
"(3,1)-Two-layer MoM",mom,avg_ll,in sample,no noise,2d-low-strong,2,low,strong,3,1,-3.0898415999999997,0.01759981868134333
"(3,1)-Two-layer MoM",mom,avg_ll,in sample,no noise,2d-low-weak,2,low,weak,3,1,-3.4029042,0.014578018195387598
"(3,1)-Two-layer MoM",mom,avg_ll,in sample,no noise,3d-high-ind,3,high,ind,3,1,-5.592027399999999,0.015443459118194757
"(3,1)-Two-layer MoM",mom,avg_ll,in sample,no noise,3d-high-strong,3,high,strong,3,1,-5.5429333,0.02186247775171986
"(3,1)-Two-layer MoM",mom,avg_ll,in sample,no noise,3d-high-weak,3,high,weak,3,1,-5.6324471,0.016258037471175442
"(3,1)-Two-layer MoM",mom,avg_ll,in sample,no noise,3d-low-ind,3,low,ind,3,1,-5.0795375,0.01664815459030285
"(3,1)-Two-layer MoM",mom,avg_ll,in sample,no noise,3d-low-strong,3,low,strong,3,1,-4.7608956000000004,0.02075056189186895
"(3,1)-Two-layer MoM",mom,avg_ll,in sample,no noise,3d-low-weak,3,low,weak,3,1,-5.0424639,0.016864690918836328
"(3,1)-Two-layer MoM",mom,avg_ll,in sample,with noise,2d-high-ind,2,high,ind,3,1,-3.9008884,0.014195329913515077
"(3,1)-Two-layer MoM",mom,avg_ll,in sample,with noise,2d-high-strong,2,high,strong,3,1,-3.9127294999999997,0.014760279580103704
"(3,1)-Two-layer MoM",mom,avg_ll,in sample,with noise,2d-high-weak,2,high,weak,3,1,-3.9355884,0.014085912564249363
"(3,1)-Two-layer MoM",mom,avg_ll,in sample,with noise,2d-low-ind,2,low,ind,3,1,-3.4630819,0.014925747105474042
"(3,1)-Two-layer MoM",mom,avg_ll,in sample,with noise,2d-low-strong,2,low,strong,3,1,-3.1400749,0.01941702145572597
"(3,1)-Two-layer MoM",mom,avg_ll,in sample,with noise,2d-low-weak,2,low,weak,3,1,-3.4360455,0.014832485394558703
"(3,1)-Two-layer MoM",mom,avg_ll,in sample,with noise,3d-high-ind,3,high,ind,3,1,-5.6552716,0.015716329262743124
"(3,1)-Two-layer MoM",mom,avg_ll,in sample,with noise,3d-high-strong,3,high,strong,3,1,-5.613828,0.026699344031589488
"(3,1)-Two-layer MoM",mom,avg_ll,in sample,with noise,3d-high-weak,3,high,weak,3,1,-5.694406900000001,0.01648452710050472
"(3,1)-Two-layer MoM",mom,avg_ll,in sample,with noise,3d-low-ind,3,low,ind,3,1,-5.1329468,0.01702882083855228
"(3,1)-Two-layer MoM",mom,avg_ll,in sample,with noise,3d-low-strong,3,low,strong,3,1,-4.8307849,0.02179412252781873
"(3,1)-Two-layer MoM",mom,avg_ll,in sample,with noise,3d-low-weak,3,low,weak,3,1,-5.0972971000000005,0.016774377002687232
"(3,1)-Two-layer MoM",mom,avg_ll,out of sample,no noise,2d-high-ind,2,high,ind,3,1,-3.873053,0.02406309204964939
"(3,1)-Two-layer MoM",mom,avg_ll,out of sample,no noise,2d-high-strong,2,high,strong,3,1,-3.8801528000000003,0.024008683281031666
"(3,1)-Two-layer MoM",mom,avg_ll,out of sample,no noise,2d-high-weak,2,high,weak,3,1,-3.9047298,0.026423719791815164
"(3,1)-Two-layer MoM",mom,avg_ll,out of sample,no noise,2d-low-ind,2,low,ind,3,1,-3.4363254999999997,0.02617375801902326
"(3,1)-Two-layer MoM",mom,avg_ll,out of sample,no noise,2d-low-strong,2,low,strong,3,1,-3.0886045,0.028398059165970112
"(3,1)-Two-layer MoM",mom,avg_ll,out of sample,no noise,2d-low-weak,2,low,weak,3,1,-3.4062520000000003,0.027708708035743965
"(3,1)-Two-layer MoM",mom,avg_ll,out of sample,no noise,3d-high-ind,3,high,ind,3,1,-5.595122,0.0371936179765
"(3,1)-Two-layer MoM",mom,avg_ll,out of sample,no noise,3d-high-strong,3,high,strong,3,1,-5.5447912,0.03788681008403086
"(3,1)-Two-layer MoM",mom,avg_ll,out of sample,no noise,3d-high-weak,3,high,weak,3,1,-5.6369565999999995,0.03801914406711388
"(3,1)-Two-layer MoM",mom,avg_ll,out of sample,no noise,3d-low-ind,3,low,ind,3,1,-5.08153,0.039297879321814846
"(3,1)-Two-layer MoM",mom,avg_ll,out of sample,no noise,3d-low-strong,3,low,strong,3,1,-4.7632237,0.0446767094918616
"(3,1)-Two-layer MoM",mom,avg_ll,out of sample,no noise,3d-low-weak,3,low,weak,3,1,-5.0454369,0.04014948654828487
"(3,1)-Two-layer MoM",mom,avg_ll,out of sample,with noise,2d-high-ind,2,high,ind,3,1,-3.9081715000000004,0.023341089895830697
"(3,1)-Two-layer MoM",mom,avg_ll,out of sample,with noise,2d-high-strong,2,high,strong,3,1,-3.9150334,0.024369820639885766
"(3,1)-Two-layer MoM",mom,avg_ll,out of sample,with noise,2d-high-weak,2,high,weak,3,1,-3.9382542000000003,0.02653275483532596
"(3,1)-Two-layer MoM",mom,avg_ll,out of sample,with noise,2d-low-ind,2,low,ind,3,1,-3.4678589,0.02642373504115677
"(3,1)-Two-layer MoM",mom,avg_ll,out of sample,with noise,2d-low-strong,2,low,strong,3,1,-3.1383719,0.028436916101497983
"(3,1)-Two-layer MoM",mom,avg_ll,out of sample,with noise,2d-low-weak,2,low,weak,3,1,-3.4391442999999997,0.027815718441815292
"(3,1)-Two-layer MoM",mom,avg_ll,out of sample,with noise,3d-high-ind,3,high,ind,3,1,-5.658752799999999,0.03640589390844186
"(3,1)-Two-layer MoM",mom,avg_ll,out of sample,with noise,3d-high-strong,3,high,strong,3,1,-5.6156372999999995,0.04253137553333514
"(3,1)-Two-layer MoM",mom,avg_ll,out of sample,with noise,3d-high-weak,3,high,weak,3,1,-5.6992121,0.03668090550789043
"(3,1)-Two-layer MoM",mom,avg_ll,out of sample,with noise,3d-low-ind,3,low,ind,3,1,-5.135315500000001,0.03859424734374673
"(3,1)-Two-layer MoM",mom,avg_ll,out of sample,with noise,3d-low-strong,3,low,strong,3,1,-4.8325664999999995,0.04399614924322731
"(3,1)-Two-layer MoM",mom,avg_ll,out of sample,with noise,3d-low-weak,3,low,weak,3,1,-5.0997379,0.03994060449548356
"(3,1)-Two-layer MoM",mom,bic,in sample,no noise,2d-high-ind,2,high,ind,3,1,62068.153652600005,226.16286885561505
"(3,1)-Two-layer MoM",mom,bic,in sample,no noise,2d-high-strong,2,high,strong,3,1,62242.198017300005,232.73658167129292
"(3,1)-Two-layer MoM",mom,bic,in sample,no noise,2d-high-weak,2,high,weak,3,1,62636.581398099996,224.9404624452942
"(3,1)-Two-layer MoM",mom,bic,in sample,no noise,2d-low-ind,2,low,ind,3,1,55117.7758914,239.48018025119075
"(3,1)-Two-layer MoM",mom,bic,in sample,no noise,2d-low-strong,2,low,strong,3,1,49644.1694303,281.60209536593277
"(3,1)-Two-layer MoM",mom,bic,in sample,no noise,2d-low-weak,2,low,weak,3,1,54653.1700777,233.2495145138094
"(3,1)-Two-layer MoM",mom,bic,in sample,no noise,3d-high-ind,3,high,ind,3,1,89813.9499489,247.09714699062846
"(3,1)-Two-layer MoM",mom,bic,in sample,no noise,3d-high-strong,3,high,strong,3,1,89028.448716,349.80124274113655
"(3,1)-Two-layer MoM",mom,bic,in sample,no noise,3d-high-weak,3,high,weak,3,1,90460.6638613,260.13424835973274
"(3,1)-Two-layer MoM",mom,bic,in sample,no noise,3d-low-ind,3,low,ind,3,1,81614.1164619,266.36657360542773
"(3,1)-Two-layer MoM",mom,bic,in sample,no noise,3d-low-strong,3,low,strong,3,1,76515.8448872,332.00901207908214
"(3,1)-Two-layer MoM",mom,bic,in sample,no noise,3d-low-weak,3,low,weak,3,1,81020.9280724,269.83534783566546
"(3,1)-Two-layer MoM",mom,bic,in sample,with noise,2d-high-ind,2,high,ind,3,1,62620.914655,227.11749441161666
"(3,1)-Two-layer MoM",mom,bic,in sample,with noise,2d-high-strong,2,high,strong,3,1,62810.3801752,236.1680292249118
"(3,1)-Two-layer MoM",mom,bic,in sample,with noise,2d-high-weak,2,high,weak,3,1,63176.125444,225.3740036106153
"(3,1)-Two-layer MoM",mom,bic,in sample,with noise,2d-low-ind,2,low,ind,3,1,55616.0106483,238.81611166691533
"(3,1)-Two-layer MoM",mom,bic,in sample,with noise,2d-low-strong,2,low,strong,3,1,50447.899009400004,310.669449075845
"(3,1)-Two-layer MoM",mom,bic,in sample,with noise,2d-low-weak,2,low,weak,3,1,55183.4306833,237.31482914856178
"(3,1)-Two-layer MoM",mom,bic,in sample,with noise,3d-high-ind,3,high,ind,3,1,90825.8559616,251.46669690359386
"(3,1)-Two-layer MoM",mom,bic,in sample,with noise,3d-high-strong,3,high,strong,3,1,90162.76591280001,427.18869192766635
"(3,1)-Two-layer MoM",mom,bic,in sample,with noise,3d-high-weak,3,high,weak,3,1,91452.0230532,263.75430328303685
"(3,1)-Two-layer MoM",mom,bic,in sample,with noise,3d-low-ind,3,low,ind,3,1,82468.6593815,272.4600487473153
"(3,1)-Two-layer MoM",mom,bic,in sample,with noise,3d-low-strong,3,low,strong,3,1,77634.06716210001,348.7013626719806
"(3,1)-Two-layer MoM",mom,bic,in sample,with noise,3d-low-weak,3,low,weak,3,1,81898.2673587,268.3998307266986
"(3,1)-Two-layer MoM",mom,bic,out of sample,no noise,2d-high-ind,2,high,ind,3,1,15667.0319568,96.25038302728234
"(3,1)-Two-layer MoM",mom,bic,out of sample,no noise,2d-high-strong,2,high,strong,3,1,15695.432731300001,96.03570705804992
"(3,1)-Two-layer MoM",mom,bic,out of sample,no noise,2d-high-weak,2,high,weak,3,1,15793.739449100001,105.69540266232592
"(3,1)-Two-layer MoM",mom,bic,out of sample,no noise,2d-low-ind,2,low,ind,3,1,13920.124504,104.6971691870132
"(3,1)-Two-layer MoM",mom,bic,out of sample,no noise,2d-low-strong,2,low,strong,3,1,12529.2383405,113.5924045673134
"(3,1)-Two-layer MoM",mom,bic,out of sample,no noise,2d-low-weak,2,low,weak,3,1,13799.827695299999,110.8343815446341
"(3,1)-Two-layer MoM",mom,bic,out of sample,no noise,3d-high-ind,3,high,ind,3,1,22669.3224285,148.77337556437112
"(3,1)-Two-layer MoM",mom,bic,out of sample,no noise,3d-high-strong,3,high,strong,3,1,22467.9992483,151.54640567482937
"(3,1)-Two-layer MoM",mom,bic,out of sample,no noise,3d-high-weak,3,high,weak,3,1,22836.661244100003,152.0764310751948
"(3,1)-Two-layer MoM",mom,bic,out of sample,no noise,3d-low-ind,3,low,ind,3,1,20614.9555534,157.19078760924367
"(3,1)-Two-layer MoM",mom,bic,out of sample,no noise,3d-low-strong,3,low,strong,3,1,19341.7282858,178.70573866902697
"(3,1)-Two-layer MoM",mom,bic,out of sample,no noise,3d-low-weak,3,low,weak,3,1,20470.5822879,160.59644938579964
"(3,1)-Two-layer MoM",mom,bic,out of sample,with noise,2d-high-ind,2,high,ind,3,1,15807.505093799999,93.36196797813135
"(3,1)-Two-layer MoM",mom,bic,out of sample,with noise,2d-high-strong,2,high,strong,3,1,15834.953745800001,97.48109029141557
"(3,1)-Two-layer MoM",mom,bic,out of sample,with noise,2d-high-weak,2,high,weak,3,1,15927.837164499999,106.12829694627685
"(3,1)-Two-layer MoM",mom,bic,out of sample,with noise,2d-low-ind,2,low,ind,3,1,14046.2564013,105.69386710158837
"(3,1)-Two-layer MoM",mom,bic,out of sample,with noise,2d-low-strong,2,low,strong,3,1,12728.3088533,113.74790197809888
"(3,1)-Two-layer MoM",mom,bic,out of sample,with noise,2d-low-weak,2,low,weak,3,1,13931.3971743,111.26242275765199
"(3,1)-Two-layer MoM",mom,bic,out of sample,with noise,3d-high-ind,3,high,ind,3,1,22923.8445138,145.6257899538461
"(3,1)-Two-layer MoM",mom,bic,out of sample,with noise,3d-high-strong,3,high,strong,3,1,22751.384514600002,170.12556464327085
"(3,1)-Two-layer MoM",mom,bic,out of sample,with noise,3d-high-weak,3,high,weak,3,1,23085.683010999997,146.72437285196347
"(3,1)-Two-layer MoM",mom,bic,out of sample,with noise,3d-low-ind,3,low,ind,3,1,20830.0966175,154.37634167673698
"(3,1)-Two-layer MoM",mom,bic,out of sample,with noise,3d-low-strong,3,low,strong,3,1,19619.0986151,175.9850675281157
"(3,1)-Two-layer MoM",mom,bic,out of sample,with noise,3d-low-weak,3,low,weak,3,1,20687.7875434,159.76247384483295
"(3,1)-Two-layer MoM",mom,em_iters,training,no noise,2d-high-ind,2,high,ind,3,1,26.28,8.247534066726741
"(3,1)-Two-layer MoM",mom,em_iters,training,no noise,2d-high-strong,2,high,strong,3,1,52.24,13.673036209705554
"(3,1)-Two-layer MoM",mom,em_iters,training,no noise,2d-high-weak,2,high,weak,3,1,19.13,5.018460869126061
"(3,1)-Two-layer MoM",mom,em_iters,training,no noise,2d-low-ind,2,low,ind,3,1,18.57,1.7538125857281854
"(3,1)-Two-layer MoM",mom,em_iters,training,no noise,2d-low-strong,2,low,strong,3,1,17.14,5.896446455966577
"(3,1)-Two-layer MoM",mom,em_iters,training,no noise,2d-low-weak,2,low,weak,3,1,27.13,6.237156500531408
"(3,1)-Two-layer MoM",mom,em_iters,training,no noise,3d-high-ind,3,high,ind,3,1,25.72,5.7455824049192055
"(3,1)-Two-layer MoM",mom,em_iters,training,no noise,3d-high-strong,3,high,strong,3,1,68.19,21.585018654220114
"(3,1)-Two-layer MoM",mom,em_iters,training,no noise,3d-high-weak,3,high,weak,3,1,38.7,15.70208761775184
"(3,1)-Two-layer MoM",mom,em_iters,training,no noise,3d-low-ind,3,low,ind,3,1,36.37,18.025601882664642
"(3,1)-Two-layer MoM",mom,em_iters,training,no noise,3d-low-strong,3,low,strong,3,1,38.36,20.123617964968428
"(3,1)-Two-layer MoM",mom,em_iters,training,no noise,3d-low-weak,3,low,weak,3,1,41.38,12.58569012647284
"(3,1)-Two-layer MoM",mom,em_iters,training,with noise,2d-high-ind,2,high,ind,3,1,23.94,6.9395950744967685
"(3,1)-Two-layer MoM",mom,em_iters,training,with noise,2d-high-strong,2,high,strong,3,1,51.53,12.855415869263707
"(3,1)-Two-layer MoM",mom,em_iters,training,with noise,2d-high-weak,2,high,weak,3,1,18.57,3.66874596690708
"(3,1)-Two-layer MoM",mom,em_iters,training,with noise,2d-low-ind,2,low,ind,3,1,18.56,1.7484191994397964
"(3,1)-Two-layer MoM",mom,em_iters,training,with noise,2d-low-strong,2,low,strong,3,1,17.19,4.689758883337008
"(3,1)-Two-layer MoM",mom,em_iters,training,with noise,2d-low-weak,2,low,weak,3,1,26.09,4.192574002647629
"(3,1)-Two-layer MoM",mom,em_iters,training,with noise,3d-high-ind,3,high,ind,3,1,27.2,5.780496640786275
"(3,1)-Two-layer MoM",mom,em_iters,training,with noise,3d-high-strong,3,high,strong,3,1,64.08,22.305355610007407
"(3,1)-Two-layer MoM",mom,em_iters,training,with noise,3d-high-weak,3,high,weak,3,1,36.03,15.102648774304457
"(3,1)-Two-layer MoM",mom,em_iters,training,with noise,3d-low-ind,3,low,ind,3,1,33.21,16.155366247345142
"(3,1)-Two-layer MoM",mom,em_iters,training,with noise,3d-low-strong,3,low,strong,3,1,37.69,16.720334804052097
"(3,1)-Two-layer MoM",mom,em_iters,training,with noise,3d-low-weak,3,low,weak,3,1,42.82,14.162391511793954
"(3,1)-Two-layer MoM",mom,gmpd,in sample,no noise,2d-high-ind,2,high,ind,3,1,0.0209366,0.0002955228887544542
"(3,1)-Two-layer MoM",mom,gmpd,in sample,no noise,2d-high-strong,2,high,strong,3,1,0.020710600000000003,0.0003006787607592486
"(3,1)-Two-layer MoM",mom,gmpd,in sample,no noise,2d-high-weak,2,high,weak,3,1,0.0202062,0.0002837333361813619
"(3,1)-Two-layer MoM",mom,gmpd,in sample,no noise,2d-low-ind,2,low,ind,3,1,0.0323272,0.00048350797262915955
"(3,1)-Two-layer MoM",mom,gmpd,in sample,no noise,2d-low-strong,2,low,strong,3,1,0.04551669999999999,0.0008008935098634614
"(3,1)-Two-layer MoM",mom,gmpd,in sample,no noise,2d-low-weak,2,low,weak,3,1,0.0332804,0.00048449686492402997
"(3,1)-Two-layer MoM",mom,gmpd,in sample,no noise,3d-high-ind,3,high,ind,3,1,0.0037279,5.772269129994799e-05
"(3,1)-Two-layer MoM",mom,gmpd,in sample,no noise,3d-high-strong,3,high,strong,3,1,0.003916,8.504306692684143e-05
"(3,1)-Two-layer MoM",mom,gmpd,in sample,no noise,3d-high-weak,3,high,weak,3,1,0.0035803000000000002,5.810917971953114e-05
"(3,1)-Two-layer MoM",mom,gmpd,in sample,no noise,3d-low-ind,3,low,ind,3,1,0.0062234000000000005,0.00010344783489979168
"(3,1)-Two-layer MoM",mom,gmpd,in sample,no noise,3d-low-strong,3,low,strong,3,1,0.0085592,0.00017800056747157268
"(3,1)-Two-layer MoM",mom,gmpd,in sample,no noise,3d-low-weak,3,low,weak,3,1,0.0064594,0.00010853310252376617
"(3,1)-Two-layer MoM",mom,gmpd,in sample,with noise,2d-high-ind,2,high,ind,3,1,0.020225800000000002,0.00028678355615482644
"(3,1)-Two-layer MoM",mom,gmpd,in sample,with noise,2d-high-strong,2,high,strong,3,1,0.0199882,0.00029424232437660187
"(3,1)-Two-layer MoM",mom,gmpd,in sample,with noise,2d-high-weak,2,high,weak,3,1,0.0195363,0.0002749312310709385
"(3,1)-Two-layer MoM",mom,gmpd,in sample,with noise,2d-low-ind,2,low,ind,3,1,0.031337000000000004,0.0004659073909798999
"(3,1)-Two-layer MoM",mom,gmpd,in sample,with noise,2d-low-strong,2,low,strong,3,1,0.0432872,0.000836663745014819
"(3,1)-Two-layer MoM",mom,gmpd,in sample,with noise,2d-low-weak,2,low,weak,3,1,0.0321957,0.0004769203711355185
"(3,1)-Two-layer MoM",mom,gmpd,in sample,with noise,3d-high-ind,3,high,ind,3,1,0.0034988000000000003,5.541906465533986e-05
"(3,1)-Two-layer MoM",mom,gmpd,in sample,with noise,3d-high-strong,3,high,strong,3,1,0.0036482,9.633044978383293e-05
"(3,1)-Two-layer MoM",mom,gmpd,in sample,with noise,3d-high-weak,3,high,weak,3,1,0.0033653,5.5093217606731085e-05
"(3,1)-Two-layer MoM",mom,gmpd,in sample,with noise,3d-low-ind,3,low,ind,3,1,0.0058996000000000005,0.0001010542408608347
"(3,1)-Two-layer MoM",mom,gmpd,in sample,with noise,3d-low-strong,3,low,strong,3,1,0.007981700000000001,0.0001739618848303773
"(3,1)-Two-layer MoM",mom,gmpd,in sample,with noise,3d-low-weak,3,low,weak,3,1,0.0061145,0.00010242883708539631
"(3,1)-Two-layer MoM",mom,gmpd,out of sample,no noise,2d-high-ind,2,high,ind,3,1,0.0208009,0.0005012934683537596
"(3,1)-Two-layer MoM",mom,gmpd,out of sample,no noise,2d-high-strong,2,high,strong,3,1,0.0206533,0.0004958291800182557
"(3,1)-Two-layer MoM",mom,gmpd,out of sample,no noise,2d-high-weak,2,high,weak,3,1,0.0201537,0.0005357193879506905
"(3,1)-Two-layer MoM",mom,gmpd,out of sample,no noise,2d-low-ind,2,low,ind,3,1,0.0321935,0.0008459880064579557
"(3,1)-Two-layer MoM",mom,gmpd,out of sample,no noise,2d-low-strong,2,low,strong,3,1,0.0455837,0.0013005792454661785
"(3,1)-Two-layer MoM",mom,gmpd,out of sample,no noise,2d-low-weak,2,low,weak,3,1,0.033178,0.0009240348500140039
"(3,1)-Two-layer MoM",mom,gmpd,out of sample,no noise,3d-high-ind,3,high,ind,3,1,0.0037188,0.00013865355415858648
"(3,1)-Two-layer MoM",mom,gmpd,out of sample,no noise,3d-high-strong,3,high,strong,3,1,0.0039107,0.00014722521056620235
"(3,1)-Two-layer MoM",mom,gmpd,out of sample,no noise,3d-high-weak,3,high,weak,3,1,0.0035659000000000003,0.00013616756611104593
"(3,1)-Two-layer MoM",mom,gmpd,out of sample,no noise,3d-low-ind,3,low,ind,3,1,0.0062153,0.0002447693410193164
"(3,1)-Two-layer MoM",mom,gmpd,out of sample,no noise,3d-low-strong,3,low,strong,3,1,0.0085461,0.0003832895758951698
"(3,1)-Two-layer MoM",mom,gmpd,out of sample,no noise,3d-low-weak,3,low,weak,3,1,0.0064442,0.0002596352530887603
"(3,1)-Two-layer MoM",mom,gmpd,out of sample,with noise,2d-high-ind,2,high,ind,3,1,0.0200831,0.00047010356692580435
"(3,1)-Two-layer MoM",mom,gmpd,out of sample,with noise,2d-high-strong,2,high,strong,3,1,0.0199454,0.0004871032081125468
"(3,1)-Two-layer MoM",mom,gmpd,out of sample,with noise,2d-high-weak,2,high,weak,3,1,0.0194894,0.0005182659899739088
"(3,1)-Two-layer MoM",mom,gmpd,out of sample,with noise,2d-low-ind,2,low,ind,3,1,0.031195,0.000828249340293712
"(3,1)-Two-layer MoM",mom,gmpd,out of sample,with noise,2d-low-strong,2,low,strong,3,1,0.0433713,0.0012375371885035584
"(3,1)-Two-layer MoM",mom,gmpd,out of sample,with noise,2d-low-weak,2,low,weak,3,1,0.0321045,0.0008958235024125833
"(3,1)-Two-layer MoM",mom,gmpd,out of sample,with noise,3d-high-ind,3,high,ind,3,1,0.0034887,0.00012766476776813928
"(3,1)-Two-layer MoM",mom,gmpd,out of sample,with noise,3d-high-strong,3,high,strong,3,1,0.003644,0.00015256725624054337
"(3,1)-Two-layer MoM",mom,gmpd,out of sample,with noise,3d-high-weak,3,high,weak,3,1,0.0033507999999999997,0.0001237354623641284
"(3,1)-Two-layer MoM",mom,gmpd,out of sample,with noise,3d-low-ind,3,low,ind,3,1,0.005889999999999999,0.00022822547773390395
"(3,1)-Two-layer MoM",mom,gmpd,out of sample,with noise,3d-low-strong,3,low,strong,3,1,0.0079737,0.00035261692666361974
"(3,1)-Two-layer MoM",mom,gmpd,out of sample,with noise,3d-low-weak,3,low,weak,3,1,0.0061031,0.0002448239730454879
"(3,1)-Two-layer MoM",mom,training_time,training,no noise,2d-high-ind,2,high,ind,3,1,672.2463,155.3023803446592
"(3,1)-Two-layer MoM",mom,training_time,training,no noise,2d-high-strong,2,high,strong,3,1,1088.9191,238.5438263148288
"(3,1)-Two-layer MoM",mom,training_time,training,no noise,2d-high-weak,2,high,weak,3,1,566.2106,117.9331400106335
"(3,1)-Two-layer MoM",mom,training_time,training,no noise,2d-low-ind,2,low,ind,3,1,564.1744,95.24027418539438
"(3,1)-Two-layer MoM",mom,training_time,training,no noise,2d-low-strong,2,low,strong,3,1,570.5939,122.9451431658474
"(3,1)-Two-layer MoM",mom,training_time,training,no noise,2d-low-weak,2,low,weak,3,1,717.8956,128.73147907833953
"(3,1)-Two-layer MoM",mom,training_time,training,no noise,3d-high-ind,3,high,ind,3,1,737.4021,132.52682451774652
"(3,1)-Two-layer MoM",mom,training_time,training,no noise,3d-high-strong,3,high,strong,3,1,1460.4279000000001,394.315757169443
"(3,1)-Two-layer MoM",mom,training_time,training,no noise,3d-high-weak,3,high,weak,3,1,967.9279000000001,285.7598879270335
"(3,1)-Two-layer MoM",mom,training_time,training,no noise,3d-low-ind,3,low,ind,3,1,904.8497,318.24413437096575
"(3,1)-Two-layer MoM",mom,training_time,training,no noise,3d-low-strong,3,low,strong,3,1,952.6731,346.8487195127966
"(3,1)-Two-layer MoM",mom,training_time,training,no noise,3d-low-weak,3,low,weak,3,1,1006.0639,239.82047596211834
"(3,1)-Two-layer MoM",mom,training_time,training,with noise,2d-high-ind,2,high,ind,3,1,638.4511,144.03429576091742
"(3,1)-Two-layer MoM",mom,training_time,training,with noise,2d-high-strong,2,high,strong,3,1,1069.4946,207.20210460896345
"(3,1)-Two-layer MoM",mom,training_time,training,with noise,2d-high-weak,2,high,weak,3,1,567.4708,97.73180302535026
"(3,1)-Two-layer MoM",mom,training_time,training,with noise,2d-low-ind,2,low,ind,3,1,569.8634,102.70850572332944
"(3,1)-Two-layer MoM",mom,training_time,training,with noise,2d-low-strong,2,low,strong,3,1,583.7284999999999,112.4865918867352
"(3,1)-Two-layer MoM",mom,training_time,training,with noise,2d-low-weak,2,low,weak,3,1,691.1878999999999,101.46029243999891
"(3,1)-Two-layer MoM",mom,training_time,training,with noise,3d-high-ind,3,high,ind,3,1,763.3358999999999,172.02205737763504
"(3,1)-Two-layer MoM",mom,training_time,training,with noise,3d-high-strong,3,high,strong,3,1,1371.777,402.8719137817146
"(3,1)-Two-layer MoM",mom,training_time,training,with noise,3d-high-weak,3,high,weak,3,1,902.0616,272.0025635972477
"(3,1)-Two-layer MoM",mom,training_time,training,with noise,3d-low-ind,3,low,ind,3,1,848.9766000000001,289.0722287330398
"(3,1)-Two-layer MoM",mom,training_time,training,with noise,3d-low-strong,3,low,strong,3,1,917.5722999999999,309.6503824953314
"(3,1)-Two-layer MoM",mom,training_time,training,with noise,3d-low-weak,3,low,weak,3,1,1009.0833,269.0273635703365
"(3,2)-Isolated Two-layer MoM",isomom,aic,in sample,no noise,2d-high-ind,2,high,ind,3,2,62158.8698202,229.32226485494422
"(3,2)-Isolated Two-layer MoM",isomom,aic,in sample,no noise,2d-high-strong,2,high,strong,3,2,62709.724710200004,241.36221956716602
"(3,2)-Isolated Two-layer MoM",isomom,aic,in sample,no noise,2d-high-weak,2,high,weak,3,2,62613.1981336,225.97477304652352
"(3,2)-Isolated Two-layer MoM",isomom,aic,in sample,no noise,2d-low-ind,2,low,ind,3,2,54964.603485399995,238.72352174636745
"(3,2)-Isolated Two-layer MoM",isomom,aic,in sample,no noise,2d-low-strong,2,low,strong,3,2,53005.412297200004,321.1632022417654
"(3,2)-Isolated Two-layer MoM",isomom,aic,in sample,no noise,2d-low-weak,2,low,weak,3,2,54798.0503484,235.69291456318038
"(3,2)-Isolated Two-layer MoM",isomom,aic,in sample,no noise,3d-high-ind,3,high,ind,3,2,89843.40501700001,256.9770180982818
"(3,2)-Isolated Two-layer MoM",isomom,aic,in sample,no noise,3d-high-strong,3,high,strong,3,2,90680.5505171,315.26198308954366
"(3,2)-Isolated Two-layer MoM",isomom,aic,in sample,no noise,3d-high-weak,3,high,weak,3,2,90356.29334219999,249.93512027741355
"(3,2)-Isolated Two-layer MoM",isomom,aic,in sample,no noise,3d-low-ind,3,low,ind,3,2,81358.122653,252.2550902256408
"(3,2)-Isolated Two-layer MoM",isomom,aic,in sample,no noise,3d-low-strong,3,low,strong,3,2,79473.33799279999,382.1567269706505
"(3,2)-Isolated Two-layer MoM",isomom,aic,in sample,no noise,3d-low-weak,3,low,weak,3,2,81179.4217768,263.09206704455266
"(3,2)-Isolated Two-layer MoM",isomom,aic,in sample,with noise,2d-high-ind,2,high,ind,3,2,62707.64232010001,225.5321924643792
"(3,2)-Isolated Two-layer MoM",isomom,aic,in sample,with noise,2d-high-strong,2,high,strong,3,2,63237.666817699996,245.79409700506747
"(3,2)-Isolated Two-layer MoM",isomom,aic,in sample,with noise,2d-high-weak,2,high,weak,3,2,63148.5157797,228.22011112534545
"(3,2)-Isolated Two-layer MoM",isomom,aic,in sample,with noise,2d-low-ind,2,low,ind,3,2,55467.065989300005,238.06764666577556
"(3,2)-Isolated Two-layer MoM",isomom,aic,in sample,with noise,2d-low-strong,2,low,strong,3,2,53600.771494500004,319.8785413013207
"(3,2)-Isolated Two-layer MoM",isomom,aic,in sample,with noise,2d-low-weak,2,low,weak,3,2,55314.5113741,238.2954100463653
"(3,2)-Isolated Two-layer MoM",isomom,aic,in sample,with noise,3d-high-ind,3,high,ind,3,2,90863.18278310001,263.6742016915319
"(3,2)-Isolated Two-layer MoM",isomom,aic,in sample,with noise,3d-high-strong,3,high,strong,3,2,91648.09974300001,318.20870155706365
"(3,2)-Isolated Two-layer MoM",isomom,aic,in sample,with noise,3d-high-weak,3,high,weak,3,2,91351.41119750001,256.88854549937804
"(3,2)-Isolated Two-layer MoM",isomom,aic,in sample,with noise,3d-low-ind,3,low,ind,3,2,82205.5356332,259.6388655118175
"(3,2)-Isolated Two-layer MoM",isomom,aic,in sample,with noise,3d-low-strong,3,low,strong,3,2,80438.4721223,371.8714371142536
"(3,2)-Isolated Two-layer MoM",isomom,aic,in sample,with noise,3d-low-weak,3,low,weak,3,2,82035.8418009,266.39836108576725
"(3,2)-Isolated Two-layer MoM",isomom,aic,out of sample,no noise,2d-high-ind,2,high,ind,3,2,15613.8823253,96.76872807995885
"(3,2)-Isolated Two-layer MoM",isomom,aic,out of sample,no noise,2d-high-strong,2,high,strong,3,2,15731.856134299998,98.57610517585246
"(3,2)-Isolated Two-layer MoM",isomom,aic,out of sample,no noise,2d-high-weak,2,high,weak,3,2,15715.2173356,105.67381455121668
"(3,2)-Isolated Two-layer MoM",isomom,aic,out of sample,no noise,2d-low-ind,2,low,ind,3,2,13807.655977,104.06199166302736
"(3,2)-Isolated Two-layer MoM",isomom,aic,out of sample,no noise,2d-low-strong,2,low,strong,3,2,13300.5376825,114.72078783202984
"(3,2)-Isolated Two-layer MoM",isomom,aic,out of sample,no noise,2d-low-weak,2,low,weak,3,2,13760.2172783,110.5600506815937
"(3,2)-Isolated Two-layer MoM",isomom,aic,out of sample,no noise,3d-high-ind,3,high,ind,3,2,22549.617568700003,149.50256532761802
"(3,2)-Isolated Two-layer MoM",isomom,aic,out of sample,no noise,3d-high-strong,3,high,strong,3,2,22751.9891108,157.09666226035813
"(3,2)-Isolated Two-layer MoM",isomom,aic,out of sample,no noise,3d-high-weak,3,high,weak,3,2,22680.895002899997,146.55274739506854
"(3,2)-Isolated Two-layer MoM",isomom,aic,out of sample,no noise,3d-low-ind,3,low,ind,3,2,20418.893961,156.70701723107467
"(3,2)-Isolated Two-layer MoM",isomom,aic,out of sample,no noise,3d-low-strong,3,low,strong,3,2,19947.7555922,182.41824043820517
"(3,2)-Isolated Two-layer MoM",isomom,aic,out of sample,no noise,3d-low-weak,3,low,weak,3,2,20375.7396104,159.84406454054093
"(3,2)-Isolated Two-layer MoM",isomom,aic,out of sample,with noise,2d-high-ind,2,high,ind,3,2,15753.1599511,95.00896266873825
"(3,2)-Isolated Two-layer MoM",isomom,aic,out of sample,with noise,2d-high-strong,2,high,strong,3,2,15861.6636766,100.1550634149108
"(3,2)-Isolated Two-layer MoM",isomom,aic,out of sample,with noise,2d-high-weak,2,high,weak,3,2,15848.7154551,106.11868977026668
"(3,2)-Isolated Two-layer MoM",isomom,aic,out of sample,with noise,2d-low-ind,2,low,ind,3,2,13935.1814053,104.79859188655996
"(3,2)-Isolated Two-layer MoM",isomom,aic,out of sample,with noise,2d-low-strong,2,low,strong,3,2,13447.3138053,116.05421294628967
"(3,2)-Isolated Two-layer MoM",isomom,aic,out of sample,with noise,2d-low-weak,2,low,weak,3,2,13888.9781948,110.26871126380917
"(3,2)-Isolated Two-layer MoM",isomom,aic,out of sample,with noise,3d-high-ind,3,high,ind,3,2,22805.6469182,145.79013012368407
"(3,2)-Isolated Two-layer MoM",isomom,aic,out of sample,with noise,3d-high-strong,3,high,strong,3,2,22991.2902897,157.17467397327275
"(3,2)-Isolated Two-layer MoM",isomom,aic,out of sample,with noise,3d-high-weak,3,high,weak,3,2,22930.1889852,142.68497984906156
"(3,2)-Isolated Two-layer MoM",isomom,aic,out of sample,with noise,3d-low-ind,3,low,ind,3,2,20633.041129999998,153.4962671076544
"(3,2)-Isolated Two-layer MoM",isomom,aic,out of sample,with noise,3d-low-strong,3,low,strong,3,2,20185.6792177,179.50605779571165
"(3,2)-Isolated Two-layer MoM",isomom,aic,out of sample,with noise,3d-low-weak,3,low,weak,3,2,20591.2922476,156.9254810968945
"(3,2)-Isolated Two-layer MoM",isomom,ari,in sample,no noise,2d-high-ind,2,high,ind,3,2,0.289592,0.01461043393599177
"(3,2)-Isolated Two-layer MoM",isomom,ari,in sample,no noise,2d-high-strong,2,high,strong,3,2,0.2519663,0.015149321460619007
"(3,2)-Isolated Two-layer MoM",isomom,ari,in sample,no noise,2d-high-weak,2,high,weak,3,2,0.2904156,0.01661203174287428
"(3,2)-Isolated Two-layer MoM",isomom,ari,in sample,no noise,2d-low-ind,2,low,ind,3,2,0.013153699999999999,0.0027292706892042603
"(3,2)-Isolated Two-layer MoM",isomom,ari,in sample,no noise,2d-low-strong,2,low,strong,3,2,0.0011902,0.0005767883564019026
"(3,2)-Isolated Two-layer MoM",isomom,ari,in sample,no noise,2d-low-weak,2,low,weak,3,2,0.0087464,0.0018925929623699123
"(3,2)-Isolated Two-layer MoM",isomom,ari,in sample,no noise,3d-high-ind,3,high,ind,3,2,0.3742403,0.029417597339728895
"(3,2)-Isolated Two-layer MoM",isomom,ari,in sample,no noise,3d-high-strong,3,high,strong,3,2,0.3489657,0.023207414665676294
"(3,2)-Isolated Two-layer MoM",isomom,ari,in sample,no noise,3d-high-weak,3,high,weak,3,2,0.3817776,0.03291891378965761
"(3,2)-Isolated Two-layer MoM",isomom,ari,in sample,no noise,3d-low-ind,3,low,ind,3,2,0.0118465,0.004728525593980569
"(3,2)-Isolated Two-layer MoM",isomom,ari,in sample,no noise,3d-low-strong,3,low,strong,3,2,0.0024177,0.0009626487606409911
"(3,2)-Isolated Two-layer MoM",isomom,ari,in sample,no noise,3d-low-weak,3,low,weak,3,2,0.0078999,0.0030009787948722215
"(3,2)-Isolated Two-layer MoM",isomom,ari,in sample,with noise,2d-high-ind,2,high,ind,3,2,0.2818152,0.01543336955817465
"(3,2)-Isolated Two-layer MoM",isomom,ari,in sample,with noise,2d-high-strong,2,high,strong,3,2,0.2457581,0.01510769712812484
"(3,2)-Isolated Two-layer MoM",isomom,ari,in sample,with noise,2d-high-weak,2,high,weak,3,2,0.2843301,0.015163657077021192
"(3,2)-Isolated Two-layer MoM",isomom,ari,in sample,with noise,2d-low-ind,2,low,ind,3,2,0.0128572,0.0025046353310240878
"(3,2)-Isolated Two-layer MoM",isomom,ari,in sample,with noise,2d-low-strong,2,low,strong,3,2,0.0012498,0.0006076914089279595
"(3,2)-Isolated Two-layer MoM",isomom,ari,in sample,with noise,2d-low-weak,2,low,weak,3,2,0.0085186,0.0017699346675153665
"(3,2)-Isolated Two-layer MoM",isomom,ari,in sample,with noise,3d-high-ind,3,high,ind,3,2,0.3598944,0.025400712004655195
"(3,2)-Isolated Two-layer MoM",isomom,ari,in sample,with noise,3d-high-strong,3,high,strong,3,2,0.33746250000000005,0.020308274343680224
"(3,2)-Isolated Two-layer MoM",isomom,ari,in sample,with noise,3d-high-weak,3,high,weak,3,2,0.3626476,0.026146377315166818
"(3,2)-Isolated Two-layer MoM",isomom,ari,in sample,with noise,3d-low-ind,3,low,ind,3,2,0.011425399999999999,0.004680890966731039
"(3,2)-Isolated Two-layer MoM",isomom,ari,in sample,with noise,3d-low-strong,3,low,strong,3,2,0.0025424999999999996,0.0009865411212100505
"(3,2)-Isolated Two-layer MoM",isomom,ari,in sample,with noise,3d-low-weak,3,low,weak,3,2,0.0076218,0.002857234086710892
"(3,2)-Isolated Two-layer MoM",isomom,ari,out of sample,no noise,2d-high-ind,2,high,ind,3,2,0.291057,0.018044923822437595
"(3,2)-Isolated Two-layer MoM",isomom,ari,out of sample,no noise,2d-high-strong,2,high,strong,3,2,0.2549883,0.01836396928193573
"(3,2)-Isolated Two-layer MoM",isomom,ari,out of sample,no noise,2d-high-weak,2,high,weak,3,2,0.2931997,0.019058569029296098
"(3,2)-Isolated Two-layer MoM",isomom,ari,out of sample,no noise,2d-low-ind,2,low,ind,3,2,0.013593599999999999,0.00421295033740662
"(3,2)-Isolated Two-layer MoM",isomom,ari,out of sample,no noise,2d-low-strong,2,low,strong,3,2,0.0012074,0.0012827894321644248
"(3,2)-Isolated Two-layer MoM",isomom,ari,out of sample,no noise,2d-low-weak,2,low,weak,3,2,0.008623500000000001,0.0030870529161436005
"(3,2)-Isolated Two-layer MoM",isomom,ari,out of sample,no noise,3d-high-ind,3,high,ind,3,2,0.3778441,0.030286962094591
"(3,2)-Isolated Two-layer MoM",isomom,ari,out of sample,no noise,3d-high-strong,3,high,strong,3,2,0.3519586,0.02860353623048885
"(3,2)-Isolated Two-layer MoM",isomom,ari,out of sample,no noise,3d-high-weak,3,high,weak,3,2,0.38425040000000005,0.03469048298798093
"(3,2)-Isolated Two-layer MoM",isomom,ari,out of sample,no noise,3d-low-ind,3,low,ind,3,2,0.0116469,0.005280699122485793
"(3,2)-Isolated Two-layer MoM",isomom,ari,out of sample,no noise,3d-low-strong,3,low,strong,3,2,0.0021595,0.0015932492528848655
"(3,2)-Isolated Two-layer MoM",isomom,ari,out of sample,no noise,3d-low-weak,3,low,weak,3,2,0.0082826,0.004078168191477615
"(3,2)-Isolated Two-layer MoM",isomom,ari,out of sample,with noise,2d-high-ind,2,high,ind,3,2,0.2848406,0.018514838592901966
"(3,2)-Isolated Two-layer MoM",isomom,ari,out of sample,with noise,2d-high-strong,2,high,strong,3,2,0.248172,0.01653929047126658
"(3,2)-Isolated Two-layer MoM",isomom,ari,out of sample,with noise,2d-high-weak,2,high,weak,3,2,0.2862847,0.017762687055292138
"(3,2)-Isolated Two-layer MoM",isomom,ari,out of sample,with noise,2d-low-ind,2,low,ind,3,2,0.0131229,0.0036776154151044868
"(3,2)-Isolated Two-layer MoM",isomom,ari,out of sample,with noise,2d-low-strong,2,low,strong,3,2,0.0012802,0.0012089572934449492
"(3,2)-Isolated Two-layer MoM",isomom,ari,out of sample,with noise,2d-low-weak,2,low,weak,3,2,0.0083295,0.002923553730332558
"(3,2)-Isolated Two-layer MoM",isomom,ari,out of sample,with noise,3d-high-ind,3,high,ind,3,2,0.3632373,0.025424357797278578
"(3,2)-Isolated Two-layer MoM",isomom,ari,out of sample,with noise,3d-high-strong,3,high,strong,3,2,0.340655,0.028009061863344266
"(3,2)-Isolated Two-layer MoM",isomom,ari,out of sample,with noise,3d-high-weak,3,high,weak,3,2,0.3658906,0.028470273273054895
"(3,2)-Isolated Two-layer MoM",isomom,ari,out of sample,with noise,3d-low-ind,3,low,ind,3,2,0.0112347,0.00512972944233077
"(3,2)-Isolated Two-layer MoM",isomom,ari,out of sample,with noise,3d-low-strong,3,low,strong,3,2,0.0023832999999999997,0.0017176087764944926
"(3,2)-Isolated Two-layer MoM",isomom,ari,out of sample,with noise,3d-low-weak,3,low,weak,3,2,0.0077634,0.0033641821675654926
"(3,2)-Isolated Two-layer MoM",isomom,avg_ll,in sample,no noise,2d-high-ind,2,high,ind,3,2,-3.880929,0.014333292706073537
"(3,2)-Isolated Two-layer MoM",isomom,avg_ll,in sample,no noise,2d-high-strong,2,high,strong,3,2,-3.9153582,0.015085459945847817
"(3,2)-Isolated Two-layer MoM",isomom,avg_ll,in sample,no noise,2d-high-weak,2,high,weak,3,2,-3.9093253,0.014123669899294722
"(3,2)-Isolated Two-layer MoM",isomom,avg_ll,in sample,no noise,2d-low-ind,2,low,ind,3,2,-3.4312878999999996,0.014919960414752432
"(3,2)-Isolated Two-layer MoM",isomom,avg_ll,in sample,no noise,2d-low-strong,2,low,strong,3,2,-3.3088386,0.0200729620156271
"(3,2)-Isolated Two-layer MoM",isomom,avg_ll,in sample,no noise,2d-low-weak,2,low,weak,3,2,-3.4208784000000003,0.014730591114611084
"(3,2)-Isolated Two-layer MoM",isomom,avg_ll,in sample,no noise,3d-high-ind,3,high,ind,3,2,-5.6089626,0.016061075263700937
"(3,2)-Isolated Two-layer MoM",isomom,avg_ll,in sample,no noise,3d-high-strong,3,high,strong,3,2,-5.6612843999999996,0.019704224451942514
"(3,2)-Isolated Two-layer MoM",isomom,avg_ll,in sample,no noise,3d-high-weak,3,high,weak,3,2,-5.641018,0.015620764605764089
"(3,2)-Isolated Two-layer MoM",isomom,avg_ll,in sample,no noise,3d-low-ind,3,low,ind,3,2,-5.078632600000001,0.015765801348539762
"(3,2)-Isolated Two-layer MoM",isomom,avg_ll,in sample,no noise,3d-low-strong,3,low,strong,3,2,-4.960834,0.023884901067199288
"(3,2)-Isolated Two-layer MoM",isomom,avg_ll,in sample,no noise,3d-low-weak,3,low,weak,3,2,-5.0674641,0.016443824734808148
"(3,2)-Isolated Two-layer MoM",isomom,avg_ll,in sample,with noise,2d-high-ind,2,high,ind,3,2,-3.9152276,0.014096133728828251
"(3,2)-Isolated Two-layer MoM",isomom,avg_ll,in sample,with noise,2d-high-strong,2,high,strong,3,2,-3.9483544,0.015362435381425786
"(3,2)-Isolated Two-layer MoM",isomom,avg_ll,in sample,with noise,2d-high-weak,2,high,weak,3,2,-3.9427823,0.014264065668807155
"(3,2)-Isolated Two-layer MoM",isomom,avg_ll,in sample,with noise,2d-low-ind,2,low,ind,3,2,-3.4626915,0.014879126547555821
"(3,2)-Isolated Two-layer MoM",isomom,avg_ll,in sample,with noise,2d-low-strong,2,low,strong,3,2,-3.3460485999999996,0.019992399920616227
"(3,2)-Isolated Two-layer MoM",isomom,avg_ll,in sample,with noise,2d-low-weak,2,low,weak,3,2,-3.4531567,0.014893403329574286
"(3,2)-Isolated Two-layer MoM",isomom,avg_ll,in sample,with noise,3d-high-ind,3,high,ind,3,2,-5.6726991,0.016479760166380343
"(3,2)-Isolated Two-layer MoM",isomom,avg_ll,in sample,with noise,3d-high-strong,3,high,strong,3,2,-5.7217557999999995,0.01988790090441538
"(3,2)-Isolated Two-layer MoM",isomom,avg_ll,in sample,with noise,3d-high-weak,3,high,weak,3,2,-5.7032133,0.01605556475827216
"(3,2)-Isolated Two-layer MoM",isomom,avg_ll,in sample,with noise,3d-low-ind,3,low,ind,3,2,-5.131595999999999,0.016227326559625475
"(3,2)-Isolated Two-layer MoM",isomom,avg_ll,in sample,with noise,3d-low-strong,3,low,strong,3,2,-5.021154,0.023241637357783257
"(3,2)-Isolated Two-layer MoM",isomom,avg_ll,in sample,with noise,3d-low-weak,3,low,weak,3,2,-5.1209903,0.016649932535732652
"(3,2)-Isolated Two-layer MoM",isomom,avg_ll,out of sample,no noise,2d-high-ind,2,high,ind,3,2,-3.8874706,0.024192296788002454
"(3,2)-Isolated Two-layer MoM",isomom,avg_ll,out of sample,no noise,2d-high-strong,2,high,strong,3,2,-3.9169637,0.024643826348211627
"(3,2)-Isolated Two-layer MoM",isomom,avg_ll,out of sample,no noise,2d-high-weak,2,high,weak,3,2,-3.9128043000000003,0.02641837569292501
"(3,2)-Isolated Two-layer MoM",isomom,avg_ll,out of sample,no noise,2d-low-ind,2,low,ind,3,2,-3.4359135,0.026015268724696675
"(3,2)-Isolated Two-layer MoM",isomom,avg_ll,out of sample,no noise,2d-low-strong,2,low,strong,3,2,-3.3091343,0.028680204106419107
"(3,2)-Isolated Two-layer MoM",isomom,avg_ll,out of sample,no noise,2d-low-weak,2,low,weak,3,2,-3.4240543000000003,0.027639759031204213
"(3,2)-Isolated Two-layer MoM",isomom,avg_ll,out of sample,no noise,3d-high-ind,3,high,ind,3,2,-5.6124045,0.03737540495709803
"(3,2)-Isolated Two-layer MoM",isomom,avg_ll,out of sample,no noise,3d-high-strong,3,high,strong,3,2,-5.6629971999999995,0.03927443638929757
"(3,2)-Isolated Two-layer MoM",isomom,avg_ll,out of sample,no noise,3d-high-weak,3,high,weak,3,2,-5.6452238,0.036638182180547076
"(3,2)-Isolated Two-layer MoM",isomom,avg_ll,out of sample,no noise,3d-low-ind,3,low,ind,3,2,-5.0797232,0.039176304214139306
"(3,2)-Isolated Two-layer MoM",isomom,avg_ll,out of sample,no noise,3d-low-strong,3,low,strong,3,2,-4.9619386,0.045604014465767506
"(3,2)-Isolated Two-layer MoM",isomom,avg_ll,out of sample,no noise,3d-low-weak,3,low,weak,3,2,-5.0689353,0.03996106103319818
"(3,2)-Isolated Two-layer MoM",isomom,avg_ll,out of sample,with noise,2d-high-ind,2,high,ind,3,2,-3.92229,0.023752211082615694
"(3,2)-Isolated Two-layer MoM",isomom,avg_ll,out of sample,with noise,2d-high-strong,2,high,strong,3,2,-3.9494162999999998,0.0250384849904335
"(3,2)-Isolated Two-layer MoM",isomom,avg_ll,out of sample,with noise,2d-high-weak,2,high,weak,3,2,-3.9461791,0.02652972116782272
"(3,2)-Isolated Two-layer MoM",isomom,avg_ll,out of sample,with noise,2d-low-ind,2,low,ind,3,2,-3.4677957,0.026199404082011588
"(3,2)-Isolated Two-layer MoM",isomom,avg_ll,out of sample,with noise,2d-low-strong,2,low,strong,3,2,-3.3458291000000004,0.02901367232892279
"(3,2)-Isolated Two-layer MoM",isomom,avg_ll,out of sample,with noise,2d-low-weak,2,low,weak,3,2,-3.4562445000000004,0.0275669581302609
"(3,2)-Isolated Two-layer MoM",isomom,avg_ll,out of sample,with noise,3d-high-ind,3,high,ind,3,2,-5.6764117,0.036447678981540214
"(3,2)-Isolated Two-layer MoM",isomom,avg_ll,out of sample,with noise,3d-high-strong,3,high,strong,3,2,-5.7228224999999995,0.039293363111293465
"(3,2)-Isolated Two-layer MoM",isomom,avg_ll,out of sample,with noise,3d-high-weak,3,high,weak,3,2,-5.7075471,0.035670974656142884
"(3,2)-Isolated Two-layer MoM",isomom,avg_ll,out of sample,with noise,3d-low-ind,3,low,ind,3,2,-5.1332601,0.038373931400118536
"(3,2)-Isolated Two-layer MoM",isomom,avg_ll,out of sample,with noise,3d-low-strong,3,low,strong,3,2,-5.02142,0.04487699102248644
"(3,2)-Isolated Two-layer MoM",isomom,avg_ll,out of sample,with noise,3d-low-weak,3,low,weak,3,2,-5.1228234,0.03923151413665478
"(3,2)-Isolated Two-layer MoM",isomom,bic,in sample,no noise,2d-high-ind,2,high,ind,3,2,62382.460119,229.32226447691934
"(3,2)-Isolated Two-layer MoM",isomom,bic,in sample,no noise,2d-high-strong,2,high,strong,3,2,62933.3150089,241.36221926180193
"(3,2)-Isolated Two-layer MoM",isomom,bic,in sample,no noise,2d-high-weak,2,high,weak,3,2,62836.788432,225.97477297625585
"(3,2)-Isolated Two-layer MoM",isomom,bic,in sample,no noise,2d-low-ind,2,low,ind,3,2,55188.1937839,238.72352161075906
"(3,2)-Isolated Two-layer MoM",isomom,bic,in sample,no noise,2d-low-strong,2,low,strong,3,2,53229.002596,321.1632017596558
"(3,2)-Isolated Two-layer MoM",isomom,bic,in sample,no noise,2d-low-weak,2,low,weak,3,2,55021.6406463,235.6929145909417
"(3,2)-Isolated Two-layer MoM",isomom,bic,in sample,no noise,3d-high-ind,3,high,ind,3,2,90192.7648583,256.9770178250293
"(3,2)-Isolated Two-layer MoM",isomom,bic,in sample,no noise,3d-high-strong,3,high,strong,3,2,91029.91035800001,315.26198327941796
"(3,2)-Isolated Two-layer MoM",isomom,bic,in sample,no noise,3d-high-weak,3,high,weak,3,2,90705.6531832,249.93511991952278
"(3,2)-Isolated Two-layer MoM",isomom,bic,in sample,no noise,3d-low-ind,3,low,ind,3,2,81707.4824943,252.25509033956791
"(3,2)-Isolated Two-layer MoM",isomom,bic,in sample,no noise,3d-low-strong,3,low,strong,3,2,79822.69783389999,382.15672718402146
"(3,2)-Isolated Two-layer MoM",isomom,bic,in sample,no noise,3d-low-weak,3,low,weak,3,2,81528.7816182,263.09206663096245
"(3,2)-Isolated Two-layer MoM",isomom,bic,in sample,with noise,2d-high-ind,2,high,ind,3,2,62931.2326179,225.5321929381825
"(3,2)-Isolated Two-layer MoM",isomom,bic,in sample,with noise,2d-high-strong,2,high,strong,3,2,63461.2571156,245.79409758322043
"(3,2)-Isolated Two-layer MoM",isomom,bic,in sample,with noise,2d-high-weak,2,high,weak,3,2,63372.106077699995,228.22011071475256
"(3,2)-Isolated Two-layer MoM",isomom,bic,in sample,with noise,2d-low-ind,2,low,ind,3,2,55690.656287599995,238.06764675685704
"(3,2)-Isolated Two-layer MoM",isomom,bic,in sample,with noise,2d-low-strong,2,low,strong,3,2,53824.3617921,319.8785414915209
"(3,2)-Isolated Two-layer MoM",isomom,bic,in sample,with noise,2d-low-weak,2,low,weak,3,2,55538.10167139999,238.29540948533784
"(3,2)-Isolated Two-layer MoM",isomom,bic,in sample,with noise,3d-high-ind,3,high,ind,3,2,91212.54262390001,263.6742011608031
"(3,2)-Isolated Two-layer MoM",isomom,bic,in sample,with noise,3d-high-strong,3,high,strong,3,2,91997.4595842,318.20870163348485
"(3,2)-Isolated Two-layer MoM",isomom,bic,in sample,with noise,3d-high-weak,3,high,weak,3,2,91700.7710388,256.88854536624154
"(3,2)-Isolated Two-layer MoM",isomom,bic,in sample,with noise,3d-low-ind,3,low,ind,3,2,82554.8954743,259.63886565574427
"(3,2)-Isolated Two-layer MoM",isomom,bic,in sample,with noise,3d-low-strong,3,low,strong,3,2,80787.83196329999,371.87143640645735
"(3,2)-Isolated Two-layer MoM",isomom,bic,in sample,with noise,3d-low-weak,3,low,weak,3,2,82385.2016422,266.39836065281776
"(3,2)-Isolated Two-layer MoM",isomom,bic,out of sample,no noise,2d-high-ind,2,high,ind,3,2,15793.1112041,96.76872807175603
"(3,2)-Isolated Two-layer MoM",isomom,bic,out of sample,no noise,2d-high-strong,2,high,strong,3,2,15911.085012399999,98.5761053695239
"(3,2)-Isolated Two-layer MoM",isomom,bic,out of sample,no noise,2d-high-weak,2,high,weak,3,2,15894.4462147,105.67381449103391
"(3,2)-Isolated Two-layer MoM",isomom,bic,out of sample,no noise,2d-low-ind,2,low,ind,3,2,13986.8848557,104.06199174622303
"(3,2)-Isolated Two-layer MoM",isomom,bic,out of sample,no noise,2d-low-strong,2,low,strong,3,2,13479.7665612,114.72078761398666
"(3,2)-Isolated Two-layer MoM",isomom,bic,out of sample,no noise,2d-low-weak,2,low,weak,3,2,13939.446156900001,110.56005042158776
"(3,2)-Isolated Two-layer MoM",isomom,bic,out of sample,no noise,3d-high-ind,3,high,ind,3,2,22829.6626907,149.50256533630716
"(3,2)-Isolated Two-layer MoM",isomom,bic,out of sample,no noise,3d-high-strong,3,high,strong,3,2,23032.0342338,157.09666264934637
"(3,2)-Isolated Two-layer MoM",isomom,bic,out of sample,no noise,3d-high-weak,3,high,weak,3,2,22960.9401255,146.5527467158747
"(3,2)-Isolated Two-layer MoM",isomom,bic,out of sample,no noise,3d-low-ind,3,low,ind,3,2,20698.939084600002,156.70701733289908
"(3,2)-Isolated Two-layer MoM",isomom,bic,out of sample,no noise,3d-low-strong,3,low,strong,3,2,20227.8007149,182.41824037651676
"(3,2)-Isolated Two-layer MoM",isomom,bic,out of sample,no noise,3d-low-weak,3,low,weak,3,2,20655.7847333,159.84406532011405
"(3,2)-Isolated Two-layer MoM",isomom,bic,out of sample,with noise,2d-high-ind,2,high,ind,3,2,15932.3888295,95.00896250017172
"(3,2)-Isolated Two-layer MoM",isomom,bic,out of sample,with noise,2d-high-strong,2,high,strong,3,2,16040.8925554,100.15506324606828
"(3,2)-Isolated Two-layer MoM",isomom,bic,out of sample,with noise,2d-high-weak,2,high,weak,3,2,16027.9443341,106.11869002405152
"(3,2)-Isolated Two-layer MoM",isomom,bic,out of sample,with noise,2d-low-ind,2,low,ind,3,2,14114.410284,104.79859221236289
"(3,2)-Isolated Two-layer MoM",isomom,bic,out of sample,with noise,2d-low-strong,2,low,strong,3,2,13626.5426844,116.05421266575512
"(3,2)-Isolated Two-layer MoM",isomom,bic,out of sample,with noise,2d-low-weak,2,low,weak,3,2,14068.207073200001,110.26871146335864
"(3,2)-Isolated Two-layer MoM",isomom,bic,out of sample,with noise,3d-high-ind,3,high,ind,3,2,23085.6920409,145.79013021648265
"(3,2)-Isolated Two-layer MoM",isomom,bic,out of sample,with noise,3d-high-strong,3,high,strong,3,2,23271.335412499997,157.17467352758868
"(3,2)-Isolated Two-layer MoM",isomom,bic,out of sample,with noise,3d-high-weak,3,high,weak,3,2,23210.2341086,142.68497972955765
"(3,2)-Isolated Two-layer MoM",isomom,bic,out of sample,with noise,3d-low-ind,3,low,ind,3,2,20913.0862528,153.4962667661699
"(3,2)-Isolated Two-layer MoM",isomom,bic,out of sample,with noise,3d-low-strong,3,low,strong,3,2,20465.7243404,179.5060581288331
"(3,2)-Isolated Two-layer MoM",isomom,bic,out of sample,with noise,3d-low-weak,3,low,weak,3,2,20871.3373713,156.9254815151011
"(3,2)-Isolated Two-layer MoM",isomom,em_iters,training,no noise,2d-high-ind,2,high,ind,3,2,73.85,4.370181329016545
"(3,2)-Isolated Two-layer MoM",isomom,em_iters,training,no noise,2d-high-strong,2,high,strong,3,2,63.3,4.889692312312802
"(3,2)-Isolated Two-layer MoM",isomom,em_iters,training,no noise,2d-high-weak,2,high,weak,3,2,68.84,3.886573625374224
"(3,2)-Isolated Two-layer MoM",isomom,em_iters,training,no noise,2d-low-ind,2,low,ind,3,2,94.56,7.768519742518457
"(3,2)-Isolated Two-layer MoM",isomom,em_iters,training,no noise,2d-low-strong,2,low,strong,3,2,78.3,6.664393551865123
"(3,2)-Isolated Two-layer MoM",isomom,em_iters,training,no noise,2d-low-weak,2,low,weak,3,2,94.24,8.83875762557365
"(3,2)-Isolated Two-layer MoM",isomom,em_iters,training,no noise,3d-high-ind,3,high,ind,3,2,40.86,4.2307675354944685
"(3,2)-Isolated Two-layer MoM",isomom,em_iters,training,no noise,3d-high-strong,3,high,strong,3,2,37.08,3.5124022686716447
"(3,2)-Isolated Two-layer MoM",isomom,em_iters,training,no noise,3d-high-weak,3,high,weak,3,2,39.41,5.081348345675685
"(3,2)-Isolated Two-layer MoM",isomom,em_iters,training,no noise,3d-low-ind,3,low,ind,3,2,48.55,3.3915372992973642
"(3,2)-Isolated Two-layer MoM",isomom,em_iters,training,no noise,3d-low-strong,3,low,strong,3,2,45.38,3.7706468646344717
"(3,2)-Isolated Two-layer MoM",isomom,em_iters,training,no noise,3d-low-weak,3,low,weak,3,2,47.65,2.495956325699226
"(3,2)-Isolated Two-layer MoM",isomom,em_iters,training,with noise,2d-high-ind,2,high,ind,3,2,72.2,4.530480385704426
"(3,2)-Isolated Two-layer MoM",isomom,em_iters,training,with noise,2d-high-strong,2,high,strong,3,2,62.07,4.25987859645855
"(3,2)-Isolated Two-layer MoM",isomom,em_iters,training,with noise,2d-high-weak,2,high,weak,3,2,67.47,3.8910801907060524
"(3,2)-Isolated Two-layer MoM",isomom,em_iters,training,with noise,2d-low-ind,2,low,ind,3,2,92.73,7.96945557878468
"(3,2)-Isolated Two-layer MoM",isomom,em_iters,training,with noise,2d-low-strong,2,low,strong,3,2,78.5,7.148497051899095
"(3,2)-Isolated Two-layer MoM",isomom,em_iters,training,with noise,2d-low-weak,2,low,weak,3,2,91.69,8.213926336325757
"(3,2)-Isolated Two-layer MoM",isomom,em_iters,training,with noise,3d-high-ind,3,high,ind,3,2,39.98,2.9231918351436526
"(3,2)-Isolated Two-layer MoM",isomom,em_iters,training,with noise,3d-high-strong,3,high,strong,3,2,36.53,2.6532046565417744
"(3,2)-Isolated Two-layer MoM",isomom,em_iters,training,with noise,3d-high-weak,3,high,weak,3,2,38.01,2.9661218430601917
"(3,2)-Isolated Two-layer MoM",isomom,em_iters,training,with noise,3d-low-ind,3,low,ind,3,2,47.97,3.0399860446250666
"(3,2)-Isolated Two-layer MoM",isomom,em_iters,training,with noise,3d-low-strong,3,low,strong,3,2,45.06,3.5755058976657303
"(3,2)-Isolated Two-layer MoM",isomom,em_iters,training,with noise,3d-low-weak,3,low,weak,3,2,47.09,2.2432615144521657
"(3,2)-Isolated Two-layer MoM",isomom,gmpd,in sample,no noise,2d-high-ind,2,high,ind,3,2,0.020634,0.00029552213679068647
"(3,2)-Isolated Two-layer MoM",isomom,gmpd,in sample,no noise,2d-high-strong,2,high,strong,3,2,0.0199356,0.0003005897234074732
"(3,2)-Isolated Two-layer MoM",isomom,gmpd,in sample,no noise,2d-high-weak,2,high,weak,3,2,0.0200561,0.00028281733763092814
"(3,2)-Isolated Two-layer MoM",isomom,gmpd,in sample,no noise,2d-low-ind,2,low,ind,3,2,0.0323488,0.0004817901802421645
"(3,2)-Isolated Two-layer MoM",isomom,gmpd,in sample,no noise,2d-low-strong,2,low,strong,3,2,0.0365659,0.000735196112090048
"(3,2)-Isolated Two-layer MoM",isomom,gmpd,in sample,no noise,2d-low-weak,2,low,weak,3,2,0.0326869,0.0004803822026325083
"(3,2)-Isolated Two-layer MoM",isomom,gmpd,in sample,no noise,3d-high-ind,3,high,ind,3,2,0.0036653000000000002,5.900616300631041e-05
"(3,2)-Isolated Two-layer MoM",isomom,gmpd,in sample,no noise,3d-high-strong,3,high,strong,3,2,0.0034786,6.809114509540903e-05
"(3,2)-Isolated Two-layer MoM",isomom,gmpd,in sample,no noise,3d-high-weak,3,high,weak,3,2,0.0035497000000000003,5.516650645403824e-05
"(3,2)-Isolated Two-layer MoM",isomom,gmpd,in sample,no noise,3d-low-ind,3,low,ind,3,2,0.0062295,9.847703931743319e-05
"(3,2)-Isolated Two-layer MoM",isomom,gmpd,in sample,no noise,3d-low-strong,3,low,strong,3,2,0.0070086,0.0001674045484097815
"(3,2)-Isolated Two-layer MoM",isomom,gmpd,in sample,no noise,3d-low-weak,3,low,weak,3,2,0.006299099999999999,0.00010363197314818366
"(3,2)-Isolated Two-layer MoM",isomom,gmpd,in sample,with noise,2d-high-ind,2,high,ind,3,2,0.0199382,0.00027991116917026063
"(3,2)-Isolated Two-layer MoM",isomom,gmpd,in sample,with noise,2d-high-strong,2,high,strong,3,2,0.0192885,0.0002963596470574908
"(3,2)-Isolated Two-layer MoM",isomom,gmpd,in sample,with noise,2d-high-weak,2,high,weak,3,2,0.0193961,0.0002764599264072297
"(3,2)-Isolated Two-layer MoM",isomom,gmpd,in sample,with noise,2d-low-ind,2,low,ind,3,2,0.031349300000000004,0.00046501928927082154
"(3,2)-Isolated Two-layer MoM",isomom,gmpd,in sample,with noise,2d-low-strong,2,low,strong,3,2,0.035230199999999996,0.0007045637377881868
"(3,2)-Isolated Two-layer MoM",isomom,gmpd,in sample,with noise,2d-low-weak,2,low,weak,3,2,0.0316494,0.00047085098116563933
"(3,2)-Isolated Two-layer MoM",isomom,gmpd,in sample,with noise,3d-high-ind,3,high,ind,3,2,0.0034392,5.6616376971810424e-05
"(3,2)-Isolated Two-layer MoM",isomom,gmpd,in sample,with noise,3d-high-strong,3,high,strong,3,2,0.0032748,6.476811785831886e-05
"(3,2)-Isolated Two-layer MoM",isomom,gmpd,in sample,with noise,3d-high-weak,3,high,weak,3,2,0.0033352,5.387002689789376e-05
"(3,2)-Isolated Two-layer MoM",isomom,gmpd,in sample,with noise,3d-low-ind,3,low,ind,3,2,0.005908,9.575853470942924e-05
"(3,2)-Isolated Two-layer MoM",isomom,gmpd,in sample,with noise,3d-low-strong,3,low,strong,3,2,0.0065984,0.0001529159008320351
"(3,2)-Isolated Two-layer MoM",isomom,gmpd,in sample,with noise,3d-low-weak,3,low,weak,3,2,0.00597,9.960528159295634e-05
"(3,2)-Isolated Two-layer MoM",isomom,gmpd,out of sample,no noise,2d-high-ind,2,high,ind,3,2,0.020503300000000002,0.0004969036550723321
"(3,2)-Isolated Two-layer MoM",isomom,gmpd,out of sample,no noise,2d-high-strong,2,high,strong,3,2,0.019906999999999998,0.0004908691528834597
"(3,2)-Isolated Two-layer MoM",isomom,gmpd,out of sample,no noise,2d-high-weak,2,high,weak,3,2,0.019991699999999998,0.0005303763767458922
"(3,2)-Isolated Two-layer MoM",isomom,gmpd,out of sample,no noise,2d-low-ind,2,low,ind,3,2,0.032206700000000005,0.0008413157744409841
"(3,2)-Isolated Two-layer MoM",isomom,gmpd,out of sample,no noise,2d-low-strong,2,low,strong,3,2,0.0365628,0.0010458866810008388
"(3,2)-Isolated Two-layer MoM",isomom,gmpd,out of sample,no noise,2d-low-weak,2,low,weak,3,2,0.0325922,0.0009060097664869291
"(3,2)-Isolated Two-layer MoM",isomom,gmpd,out of sample,no noise,3d-high-ind,3,high,ind,3,2,0.0036546,0.00013716774365349132
"(3,2)-Isolated Two-layer MoM",isomom,gmpd,out of sample,no noise,3d-high-strong,3,high,strong,3,2,0.0034749000000000004,0.00013727871082015757
"(3,2)-Isolated Two-layer MoM",isomom,gmpd,out of sample,no noise,3d-high-weak,3,high,weak,3,2,0.0035365999999999996,0.00013069526588691932
"(3,2)-Isolated Two-layer MoM",isomom,gmpd,out of sample,no noise,3d-low-ind,3,low,ind,3,2,0.006226300000000001,0.0002443116696336708
"(3,2)-Isolated Two-layer MoM",isomom,gmpd,out of sample,no noise,3d-low-strong,3,low,strong,3,2,0.0070068,0.0003190797373508364
"(3,2)-Isolated Two-layer MoM",isomom,gmpd,out of sample,no noise,3d-low-weak,3,low,weak,3,2,0.0062937,0.00025250524547006754
"(3,2)-Isolated Two-layer MoM",isomom,gmpd,out of sample,with noise,2d-high-ind,2,high,ind,3,2,0.019801100000000002,0.0004724252813563709
"(3,2)-Isolated Two-layer MoM",isomom,gmpd,out of sample,with noise,2d-high-strong,2,high,strong,3,2,0.019272,0.0004830751661611437
"(3,2)-Isolated Two-layer MoM",isomom,gmpd,out of sample,with noise,2d-high-weak,2,high,weak,3,2,0.0193359,0.0005146678736836212
"(3,2)-Isolated Two-layer MoM",isomom,gmpd,out of sample,with noise,2d-low-ind,2,low,ind,3,2,0.0311961,0.0008215898544218328
"(3,2)-Isolated Two-layer MoM",isomom,gmpd,out of sample,with noise,2d-low-strong,2,low,strong,3,2,0.0352452,0.0010194358511183797
"(3,2)-Isolated Two-layer MoM",isomom,gmpd,out of sample,with noise,2d-low-weak,2,low,weak,3,2,0.0315599,0.0008736426643946058
"(3,2)-Isolated Two-layer MoM",isomom,gmpd,out of sample,with noise,3d-high-ind,3,high,ind,3,2,0.0034281,0.0001247194427262221
"(3,2)-Isolated Two-layer MoM",isomom,gmpd,out of sample,with noise,3d-high-strong,3,high,strong,3,2,0.0032732,0.00013011944784339786
"(3,2)-Isolated Two-layer MoM",isomom,gmpd,out of sample,with noise,3d-high-weak,3,high,weak,3,2,0.0033226,0.00011976930687236548
"(3,2)-Isolated Two-layer MoM",isomom,gmpd,out of sample,with noise,3d-low-ind,3,low,ind,3,2,0.0059015,0.00022754009525684677
"(3,2)-Isolated Two-layer MoM",isomom,gmpd,out of sample,with noise,3d-low-strong,3,low,strong,3,2,0.0066017,0.00029737931089007276
"(3,2)-Isolated Two-layer MoM",isomom,gmpd,out of sample,with noise,3d-low-weak,3,low,weak,3,2,0.0059640000000000006,0.00023486080124106694
"(3,2)-Isolated Two-layer MoM",isomom,training_time,training,no noise,2d-high-ind,2,high,ind,3,2,711.0527000000001,81.95978636822603
"(3,2)-Isolated Two-layer MoM",isomom,training_time,training,no noise,2d-high-strong,2,high,strong,3,2,673.2788,86.6706855977256
"(3,2)-Isolated Two-layer MoM",isomom,training_time,training,no noise,2d-high-weak,2,high,weak,3,2,670.9594999999999,87.65903912404873
"(3,2)-Isolated Two-layer MoM",isomom,training_time,training,no noise,2d-low-ind,2,low,ind,3,2,771.2296000000001,86.17382404972832
"(3,2)-Isolated Two-layer MoM",isomom,training_time,training,no noise,2d-low-strong,2,low,strong,3,2,749.316,95.3760903799355
"(3,2)-Isolated Two-layer MoM",isomom,training_time,training,no noise,2d-low-weak,2,low,weak,3,2,786.4099000000001,93.51258965092467
"(3,2)-Isolated Two-layer MoM",isomom,training_time,training,no noise,3d-high-ind,3,high,ind,3,2,635.8308999999999,86.06537518800768
"(3,2)-Isolated Two-layer MoM",isomom,training_time,training,no noise,3d-high-strong,3,high,strong,3,2,650.0938,89.08141518222914
"(3,2)-Isolated Two-layer MoM",isomom,training_time,training,no noise,3d-high-weak,3,high,weak,3,2,651.1483000000001,86.88553688217061
"(3,2)-Isolated Two-layer MoM",isomom,training_time,training,no noise,3d-low-ind,3,low,ind,3,2,676.3724000000001,83.10499795494195
"(3,2)-Isolated Two-layer MoM",isomom,training_time,training,no noise,3d-low-strong,3,low,strong,3,2,659.5428999999999,82.15735320374215
"(3,2)-Isolated Two-layer MoM",isomom,training_time,training,no noise,3d-low-weak,3,low,weak,3,2,671.1197999999999,87.02840191198236
"(3,2)-Isolated Two-layer MoM",isomom,training_time,training,with noise,2d-high-ind,2,high,ind,3,2,679.8091000000001,93.46448317052491
"(3,2)-Isolated Two-layer MoM",isomom,training_time,training,with noise,2d-high-strong,2,high,strong,3,2,668.1633,88.39549267560896
"(3,2)-Isolated Two-layer MoM",isomom,training_time,training,with noise,2d-high-weak,2,high,weak,3,2,680.179,89.7056208445776
"(3,2)-Isolated Two-layer MoM",isomom,training_time,training,with noise,2d-low-ind,2,low,ind,3,2,739.9989,91.64846098985011
"(3,2)-Isolated Two-layer MoM",isomom,training_time,training,with noise,2d-low-strong,2,low,strong,3,2,749.7088,92.9295231956655
"(3,2)-Isolated Two-layer MoM",isomom,training_time,training,with noise,2d-low-weak,2,low,weak,3,2,763.0467,92.44412410163876
"(3,2)-Isolated Two-layer MoM",isomom,training_time,training,with noise,3d-high-ind,3,high,ind,3,2,655.6908,132.0889006927616
"(3,2)-Isolated Two-layer MoM",isomom,training_time,training,with noise,3d-high-strong,3,high,strong,3,2,640.7837999999999,84.52700108655738
"(3,2)-Isolated Two-layer MoM",isomom,training_time,training,with noise,3d-high-weak,3,high,weak,3,2,646.4082,88.83397448605966
"(3,2)-Isolated Two-layer MoM",isomom,training_time,training,with noise,3d-low-ind,3,low,ind,3,2,682.8875,96.92039429893282
"(3,2)-Isolated Two-layer MoM",isomom,training_time,training,with noise,3d-low-strong,3,low,strong,3,2,672.9422999999999,80.53890670127305
"(3,2)-Isolated Two-layer MoM",isomom,training_time,training,with noise,3d-low-weak,3,low,weak,3,2,654.5717,82.5062635523124
"(3,2)-Two-layer MoM",mom,aic,in sample,no noise,2d-high-ind,2,high,ind,3,2,61894.6226221,227.10244062959222
"(3,2)-Two-layer MoM",mom,aic,in sample,no noise,2d-high-strong,2,high,strong,3,2,61648.529415,225.25023732514978
"(3,2)-Two-layer MoM",mom,aic,in sample,no noise,2d-high-weak,2,high,weak,3,2,62447.536732099994,224.56769651620314
"(3,2)-Two-layer MoM",mom,aic,in sample,no noise,2d-low-ind,2,low,ind,3,2,54942.5360928,239.0271462995532
"(3,2)-Two-layer MoM",mom,aic,in sample,no noise,2d-low-strong,2,low,strong,3,2,48953.5406762,262.9929832338261
"(3,2)-Two-layer MoM",mom,aic,in sample,no noise,2d-low-weak,2,low,weak,3,2,54482.3564115,238.17778609561228
"(3,2)-Two-layer MoM",mom,aic,in sample,no noise,3d-high-ind,3,high,ind,3,2,89462.79473990001,247.32410070904368
"(3,2)-Two-layer MoM",mom,aic,in sample,no noise,3d-high-strong,3,high,strong,3,2,87285.58420770001,299.9263067428066
"(3,2)-Two-layer MoM",mom,aic,in sample,no noise,3d-high-weak,3,high,weak,3,2,90044.203226,250.4165791269875
"(3,2)-Two-layer MoM",mom,aic,in sample,no noise,3d-low-ind,3,low,ind,3,2,81270.9023532,254.9898927901329
"(3,2)-Two-layer MoM",mom,aic,in sample,no noise,3d-low-strong,3,low,strong,3,2,75621.8030873,329.3112345161403
"(3,2)-Two-layer MoM",mom,aic,in sample,no noise,3d-low-weak,3,low,weak,3,2,80703.0503836,258.0000696576206
"(3,2)-Two-layer MoM",mom,aic,in sample,with noise,2d-high-ind,2,high,ind,3,2,62448.244493,227.3024693034741
"(3,2)-Two-layer MoM",mom,aic,in sample,with noise,2d-high-strong,2,high,strong,3,2,62232.8970206,232.60682953219384
"(3,2)-Two-layer MoM",mom,aic,in sample,with noise,2d-high-weak,2,high,weak,3,2,62988.5423821,223.92237229571288
"(3,2)-Two-layer MoM",mom,aic,in sample,with noise,2d-low-ind,2,low,ind,3,2,55443.7230097,237.97921863842225
"(3,2)-Two-layer MoM",mom,aic,in sample,with noise,2d-low-strong,2,low,strong,3,2,49808.5871574,272.5981950739743
"(3,2)-Two-layer MoM",mom,aic,in sample,with noise,2d-low-weak,2,low,weak,3,2,55014.231408,237.59959573176127
"(3,2)-Two-layer MoM",mom,aic,in sample,with noise,3d-high-ind,3,high,ind,3,2,90480.0196023,251.52112027779418
"(3,2)-Two-layer MoM",mom,aic,in sample,with noise,3d-high-strong,3,high,strong,3,2,88463.23298350001,312.92914748176975
"(3,2)-Two-layer MoM",mom,aic,in sample,with noise,3d-high-weak,3,high,weak,3,2,91041.9717757,263.52619693764353
"(3,2)-Two-layer MoM",mom,aic,in sample,with noise,3d-low-ind,3,low,ind,3,2,82129.40653590001,261.5114043268571
"(3,2)-Two-layer MoM",mom,aic,in sample,with noise,3d-low-strong,3,low,strong,3,2,76780.455405,329.0119350818932
"(3,2)-Two-layer MoM",mom,aic,in sample,with noise,3d-low-weak,3,low,weak,3,2,81604.2587436,275.18592306814946
"(3,2)-Two-layer MoM",mom,aic,out of sample,no noise,2d-high-ind,2,high,ind,3,2,15551.7867493,96.29772001260424
"(3,2)-Two-layer MoM",mom,aic,out of sample,no noise,2d-high-strong,2,high,strong,3,2,15470.6930705,93.9700995018555
"(3,2)-Two-layer MoM",mom,aic,out of sample,no noise,2d-high-weak,2,high,weak,3,2,15674.2144958,104.66048912661672
"(3,2)-Two-layer MoM",mom,aic,out of sample,no noise,2d-low-ind,2,low,ind,3,2,13805.7151374,103.51387169770123
"(3,2)-Two-layer MoM",mom,aic,out of sample,no noise,2d-low-strong,2,low,strong,3,2,12286.6694422,109.53565623084647
"(3,2)-Two-layer MoM",mom,aic,out of sample,no noise,2d-low-weak,2,low,weak,3,2,13684.6395245,109.9236902365773
"(3,2)-Two-layer MoM",mom,aic,out of sample,no noise,3d-high-ind,3,high,ind,3,2,22459.7776045,148.02099513351877
"(3,2)-Two-layer MoM",mom,aic,out of sample,no noise,3d-high-strong,3,high,strong,3,2,21914.086563400004,155.89758597390687
"(3,2)-Two-layer MoM",mom,aic,out of sample,no noise,3d-high-weak,3,high,weak,3,2,22609.2581181,149.821750947778
"(3,2)-Two-layer MoM",mom,aic,out of sample,no noise,3d-low-ind,3,low,ind,3,2,20403.722472,155.08797683008711
"(3,2)-Two-layer MoM",mom,aic,out of sample,no noise,3d-low-strong,3,low,strong,3,2,19000.2634544,180.93510846857356
"(3,2)-Two-layer MoM",mom,aic,out of sample,no noise,3d-low-weak,3,low,weak,3,2,20265.5733806,160.71674978371917
"(3,2)-Two-layer MoM",mom,aic,out of sample,with noise,2d-high-ind,2,high,ind,3,2,15692.032017000001,94.13015951125996
"(3,2)-Two-layer MoM",mom,aic,out of sample,with noise,2d-high-strong,2,high,strong,3,2,15613.3796914,95.2297751032431
"(3,2)-Two-layer MoM",mom,aic,out of sample,with noise,2d-high-weak,2,high,weak,3,2,15808.677983599999,105.60398320788173
"(3,2)-Two-layer MoM",mom,aic,out of sample,with noise,2d-low-ind,2,low,ind,3,2,13932.750693999998,104.57078722369998
"(3,2)-Two-layer MoM",mom,aic,out of sample,with noise,2d-low-strong,2,low,strong,3,2,12500.1096373,109.1331199162703
"(3,2)-Two-layer MoM",mom,aic,out of sample,with noise,2d-low-weak,2,low,weak,3,2,13816.0534929,110.9452222635291
"(3,2)-Two-layer MoM",mom,aic,out of sample,with noise,3d-high-ind,3,high,ind,3,2,22715.428550800003,144.50227801112172
"(3,2)-Two-layer MoM",mom,aic,out of sample,with noise,3d-high-strong,3,high,strong,3,2,22206.639715100002,152.5090162617203
"(3,2)-Two-layer MoM",mom,aic,out of sample,with noise,3d-high-weak,3,high,weak,3,2,22859.6700826,144.0741599802806
"(3,2)-Two-layer MoM",mom,aic,out of sample,with noise,3d-low-ind,3,low,ind,3,2,20620.9829337,153.03707479362
"(3,2)-Two-layer MoM",mom,aic,out of sample,with noise,3d-low-strong,3,low,strong,3,2,19285.3637842,171.46621893934497
"(3,2)-Two-layer MoM",mom,aic,out of sample,with noise,3d-low-weak,3,low,weak,3,2,20491.8663308,158.81247145738394
"(3,2)-Two-layer MoM",mom,ari,in sample,no noise,2d-high-ind,2,high,ind,3,2,0.329778,0.02227519179933069
"(3,2)-Two-layer MoM",mom,ari,in sample,no noise,2d-high-strong,2,high,strong,3,2,0.1180166,0.03932964086982609
"(3,2)-Two-layer MoM",mom,ari,in sample,no noise,2d-high-weak,2,high,weak,3,2,0.29333539999999997,0.016241425736042817
"(3,2)-Two-layer MoM",mom,ari,in sample,no noise,2d-low-ind,2,low,ind,3,2,0.016312800000000002,0.0030804807705580267
"(3,2)-Two-layer MoM",mom,ari,in sample,no noise,2d-low-strong,2,low,strong,3,2,0.0021689,0.0007210778898512444
"(3,2)-Two-layer MoM",mom,ari,in sample,no noise,2d-low-weak,2,low,weak,3,2,0.0012975,0.0009022344596622433
"(3,2)-Two-layer MoM",mom,ari,in sample,no noise,3d-high-ind,3,high,ind,3,2,0.43436729999999996,0.02072955153344562
"(3,2)-Two-layer MoM",mom,ari,in sample,no noise,3d-high-strong,3,high,strong,3,2,0.0129806,0.0038668685474989146
"(3,2)-Two-layer MoM",mom,ari,in sample,no noise,3d-high-weak,3,high,weak,3,2,0.3461348,0.027453546310269288
"(3,2)-Two-layer MoM",mom,ari,in sample,no noise,3d-low-ind,3,low,ind,3,2,0.021234199999999998,0.00600567529235237
"(3,2)-Two-layer MoM",mom,ari,in sample,no noise,3d-low-strong,3,low,strong,3,2,0.0007978,0.0005725462885437757
"(3,2)-Two-layer MoM",mom,ari,in sample,no noise,3d-low-weak,3,low,weak,3,2,0.0015547,0.0009620857550135538
"(3,2)-Two-layer MoM",mom,ari,in sample,with noise,2d-high-ind,2,high,ind,3,2,0.3206861,0.022567467641440738
"(3,2)-Two-layer MoM",mom,ari,in sample,with noise,2d-high-strong,2,high,strong,3,2,0.1188545,0.04093150616233382
"(3,2)-Two-layer MoM",mom,ari,in sample,with noise,2d-high-weak,2,high,weak,3,2,0.2888024,0.015268099318778384
"(3,2)-Two-layer MoM",mom,ari,in sample,with noise,2d-low-ind,2,low,ind,3,2,0.0159475,0.002972258731957393
"(3,2)-Two-layer MoM",mom,ari,in sample,with noise,2d-low-strong,2,low,strong,3,2,0.0019916,0.0007379725433561028
"(3,2)-Two-layer MoM",mom,ari,in sample,with noise,2d-low-weak,2,low,weak,3,2,0.0013652,0.0009567521659608132
"(3,2)-Two-layer MoM",mom,ari,in sample,with noise,3d-high-ind,3,high,ind,3,2,0.4216164,0.019076319527284887
"(3,2)-Two-layer MoM",mom,ari,in sample,with noise,3d-high-strong,3,high,strong,3,2,0.0131385,0.003967971105863764
"(3,2)-Two-layer MoM",mom,ari,in sample,with noise,3d-high-weak,3,high,weak,3,2,0.33775469999999996,0.02206991917140439
"(3,2)-Two-layer MoM",mom,ari,in sample,with noise,3d-low-ind,3,low,ind,3,2,0.0192197,0.006047387524269209
"(3,2)-Two-layer MoM",mom,ari,in sample,with noise,3d-low-strong,3,low,strong,3,2,0.0007205,0.0005582482974592593
"(3,2)-Two-layer MoM",mom,ari,in sample,with noise,3d-low-weak,3,low,weak,3,2,0.0015772,0.0010874435594317043
"(3,2)-Two-layer MoM",mom,ari,out of sample,no noise,2d-high-ind,2,high,ind,3,2,0.3325809,0.026749350151457005
"(3,2)-Two-layer MoM",mom,ari,out of sample,no noise,2d-high-strong,2,high,strong,3,2,0.1169223,0.03890974770380474
"(3,2)-Two-layer MoM",mom,ari,out of sample,no noise,2d-high-weak,2,high,weak,3,2,0.2957008,0.020752270786299
"(3,2)-Two-layer MoM",mom,ari,out of sample,no noise,2d-low-ind,2,low,ind,3,2,0.016907600000000002,0.004482431951744521
"(3,2)-Two-layer MoM",mom,ari,out of sample,no noise,2d-low-strong,2,low,strong,3,2,0.0021403,0.0018720126127305399
"(3,2)-Two-layer MoM",mom,ari,out of sample,no noise,2d-low-weak,2,low,weak,3,2,0.0012056,0.0015947079907486432
"(3,2)-Two-layer MoM",mom,ari,out of sample,no noise,3d-high-ind,3,high,ind,3,2,0.43604640000000006,0.02288345772417581
"(3,2)-Two-layer MoM",mom,ari,out of sample,no noise,3d-high-strong,3,high,strong,3,2,0.0127101,0.004092871727747887
"(3,2)-Two-layer MoM",mom,ari,out of sample,no noise,3d-high-weak,3,high,weak,3,2,0.3480319,0.029826394002323144
"(3,2)-Two-layer MoM",mom,ari,out of sample,no noise,3d-low-ind,3,low,ind,3,2,0.0217557,0.006979332296361186
"(3,2)-Two-layer MoM",mom,ari,out of sample,no noise,3d-low-strong,3,low,strong,3,2,0.0007266,0.0010295769652011097
"(3,2)-Two-layer MoM",mom,ari,out of sample,no noise,3d-low-weak,3,low,weak,3,2,0.0014579,0.0016563128669219815
"(3,2)-Two-layer MoM",mom,ari,out of sample,with noise,2d-high-ind,2,high,ind,3,2,0.3228667,0.026087348497428074
"(3,2)-Two-layer MoM",mom,ari,out of sample,with noise,2d-high-strong,2,high,strong,3,2,0.118149,0.0407761968468484
"(3,2)-Two-layer MoM",mom,ari,out of sample,with noise,2d-high-weak,2,high,weak,3,2,0.2909564,0.01939054541666004
"(3,2)-Two-layer MoM",mom,ari,out of sample,with noise,2d-low-ind,2,low,ind,3,2,0.0164136,0.00435712710464827
"(3,2)-Two-layer MoM",mom,ari,out of sample,with noise,2d-low-strong,2,low,strong,3,2,0.0020096,0.0016920216346492773
"(3,2)-Two-layer MoM",mom,ari,out of sample,with noise,2d-low-weak,2,low,weak,3,2,0.0012665999999999999,0.001661832516570582
"(3,2)-Two-layer MoM",mom,ari,out of sample,with noise,3d-high-ind,3,high,ind,3,2,0.4228642,0.022372347974653657
"(3,2)-Two-layer MoM",mom,ari,out of sample,with noise,3d-high-strong,3,high,strong,3,2,0.012578,0.0040851670588838715
"(3,2)-Two-layer MoM",mom,ari,out of sample,with noise,3d-high-weak,3,high,weak,3,2,0.3391521,0.023485211736174093
"(3,2)-Two-layer MoM",mom,ari,out of sample,with noise,3d-low-ind,3,low,ind,3,2,0.0195933,0.006773883307277004
"(3,2)-Two-layer MoM",mom,ari,out of sample,with noise,3d-low-strong,3,low,strong,3,2,0.0007034,0.0010425786020315884
"(3,2)-Two-layer MoM",mom,ari,out of sample,with noise,3d-low-weak,3,low,weak,3,2,0.0014544000000000002,0.0014981472193710105
"(3,2)-Two-layer MoM",mom,avg_ll,in sample,no noise,2d-high-ind,2,high,ind,3,2,-3.8644142,0.014193986646791426
"(3,2)-Two-layer MoM",mom,avg_ll,in sample,no noise,2d-high-strong,2,high,strong,3,2,-3.8490328,0.014078333599161979
"(3,2)-Two-layer MoM",mom,avg_ll,in sample,no noise,2d-high-weak,2,high,weak,3,2,-3.8989706,0.014035803771610428
"(3,2)-Two-layer MoM",mom,avg_ll,in sample,no noise,2d-low-ind,2,low,ind,3,2,-3.4299085000000002,0.014939576912795545
"(3,2)-Two-layer MoM",mom,avg_ll,in sample,no noise,2d-low-strong,2,low,strong,3,2,-3.0555963000000004,0.016437310334121054
"(3,2)-Two-layer MoM",mom,avg_ll,in sample,no noise,2d-low-weak,2,low,weak,3,2,-3.4011473,0.014886234360792705
"(3,2)-Two-layer MoM",mom,avg_ll,in sample,no noise,3d-high-ind,3,high,ind,3,2,-5.585174500000001,0.015457421438430543
"(3,2)-Two-layer MoM",mom,avg_ll,in sample,no noise,3d-high-strong,3,high,strong,3,2,-5.4490994,0.01874485512282652
"(3,2)-Two-layer MoM",mom,avg_ll,in sample,no noise,3d-high-weak,3,high,weak,3,2,-5.621513,0.015650674849102254
"(3,2)-Two-layer MoM",mom,avg_ll,in sample,no noise,3d-low-ind,3,low,ind,3,2,-5.073181399999999,0.01593696972704684
"(3,2)-Two-layer MoM",mom,avg_ll,in sample,no noise,3d-low-strong,3,low,strong,3,2,-4.7201127000000005,0.02058200144654192
"(3,2)-Two-layer MoM",mom,avg_ll,in sample,no noise,3d-low-weak,3,low,weak,3,2,-5.0376911,0.016125403128309884
"(3,2)-Two-layer MoM",mom,avg_ll,in sample,with noise,2d-high-ind,2,high,ind,3,2,-3.8990155,0.01420640034838474
"(3,2)-Two-layer MoM",mom,avg_ll,in sample,with noise,2d-high-strong,2,high,strong,3,2,-3.8855561,0.014537970895818942
"(3,2)-Two-layer MoM",mom,avg_ll,in sample,with noise,2d-high-weak,2,high,weak,3,2,-3.932784,0.0139954575603383
"(3,2)-Two-layer MoM",mom,avg_ll,in sample,with noise,2d-low-ind,2,low,ind,3,2,-3.4612331,0.01487333093564496
"(3,2)-Two-layer MoM",mom,avg_ll,in sample,with noise,2d-low-strong,2,low,strong,3,2,-3.1090372000000004,0.0170375056907288
"(3,2)-Two-layer MoM",mom,avg_ll,in sample,with noise,2d-low-weak,2,low,weak,3,2,-3.4343896999999997,0.014850142702779928
"(3,2)-Two-layer MoM",mom,avg_ll,in sample,with noise,3d-high-ind,3,high,ind,3,2,-5.648751,0.015720034537449086
"(3,2)-Two-layer MoM",mom,avg_ll,in sample,with noise,3d-high-strong,3,high,strong,3,2,-5.5227022,0.01955784632025884
"(3,2)-Two-layer MoM",mom,avg_ll,in sample,with noise,3d-high-weak,3,high,weak,3,2,-5.6838733999999995,0.016470653928987927
"(3,2)-Two-layer MoM",mom,avg_ll,in sample,with noise,3d-low-ind,3,low,ind,3,2,-5.126838299999999,0.01634390672329594
"(3,2)-Two-layer MoM",mom,avg_ll,in sample,with noise,3d-low-strong,3,low,strong,3,2,-4.7925284,0.020563376128889373
"(3,2)-Two-layer MoM",mom,avg_ll,in sample,with noise,3d-low-weak,3,low,weak,3,2,-5.0940166,0.017198880643632987
"(3,2)-Two-layer MoM",mom,avg_ll,out of sample,no noise,2d-high-ind,2,high,ind,3,2,-3.871947,0.024074045897160487
"(3,2)-Two-layer MoM",mom,avg_ll,out of sample,no noise,2d-high-strong,2,high,strong,3,2,-3.8516734,0.023493346628311155
"(3,2)-Two-layer MoM",mom,avg_ll,out of sample,no noise,2d-high-weak,2,high,weak,3,2,-3.9025533,0.026165395030092842
"(3,2)-Two-layer MoM",mom,avg_ll,out of sample,no noise,2d-low-ind,2,low,ind,3,2,-3.4354287,0.02587827506838807
"(3,2)-Two-layer MoM",mom,avg_ll,out of sample,no noise,2d-low-strong,2,low,strong,3,2,-3.0556677000000003,0.02738390144396757
"(3,2)-Two-layer MoM",mom,avg_ll,out of sample,no noise,2d-low-weak,2,low,weak,3,2,-3.4051598999999997,0.027480902551415737
"(3,2)-Two-layer MoM",mom,avg_ll,out of sample,no noise,3d-high-ind,3,high,ind,3,2,-5.5899448,0.03700486635975099
"(3,2)-Two-layer MoM",mom,avg_ll,out of sample,no noise,3d-high-strong,3,high,strong,3,2,-5.4535216,0.0389743979348476
"(3,2)-Two-layer MoM",mom,avg_ll,out of sample,no noise,3d-high-weak,3,high,weak,3,2,-5.6273142,0.03745555899133703
"(3,2)-Two-layer MoM",mom,avg_ll,out of sample,no noise,3d-low-ind,3,low,ind,3,2,-5.0759305999999995,0.038771859909585024
"(3,2)-Two-layer MoM",mom,avg_ll,out of sample,no noise,3d-low-strong,3,low,strong,3,2,-4.7250661,0.04523342732164602
"(3,2)-Two-layer MoM",mom,avg_ll,out of sample,no noise,3d-low-weak,3,low,weak,3,2,-5.041393,0.04017838077645961
"(3,2)-Two-layer MoM",mom,avg_ll,out of sample,with noise,2d-high-ind,2,high,ind,3,2,-3.9070077,0.023532619821572526
"(3,2)-Two-layer MoM",mom,avg_ll,out of sample,with noise,2d-high-strong,2,high,strong,3,2,-3.8873451,0.023807367440234654
"(3,2)-Two-layer MoM",mom,avg_ll,out of sample,with noise,2d-high-weak,2,high,weak,3,2,-3.9361694,0.026401105533172976
"(3,2)-Two-layer MoM",mom,avg_ll,out of sample,with noise,2d-low-ind,2,low,ind,3,2,-3.4671879000000003,0.026142822616032353
"(3,2)-Two-layer MoM",mom,avg_ll,out of sample,with noise,2d-low-strong,2,low,strong,3,2,-3.1090269,0.027283346594654447
"(3,2)-Two-layer MoM",mom,avg_ll,out of sample,with noise,2d-low-weak,2,low,weak,3,2,-3.438013,0.027735832219150876
"(3,2)-Two-layer MoM",mom,avg_ll,out of sample,with noise,3d-high-ind,3,high,ind,3,2,-5.6538572,0.03612513322697471
"(3,2)-Two-layer MoM",mom,avg_ll,out of sample,with noise,3d-high-strong,3,high,strong,3,2,-5.5266602,0.03812740616629598
"(3,2)-Two-layer MoM",mom,avg_ll,out of sample,with noise,3d-high-weak,3,high,weak,3,2,-5.689918199999999,0.03601799943911321
"(3,2)-Two-layer MoM",mom,avg_ll,out of sample,with noise,3d-low-ind,3,low,ind,3,2,-5.130245599999999,0.03825925995577583
"(3,2)-Two-layer MoM",mom,avg_ll,out of sample,with noise,3d-low-strong,3,low,strong,3,2,-4.7963411,0.0428664847042418
"(3,2)-Two-layer MoM",mom,avg_ll,out of sample,with noise,3d-low-weak,3,low,weak,3,2,-5.097966400000001,0.039703629977292286
"(3,2)-Two-layer MoM",mom,bic,in sample,no noise,2d-high-ind,2,high,ind,3,2,62118.21292019999,227.10244109185763
"(3,2)-Two-layer MoM",mom,bic,in sample,no noise,2d-high-strong,2,high,strong,3,2,61872.119713399996,225.2502369378068
"(3,2)-Two-layer MoM",mom,bic,in sample,no noise,2d-high-weak,2,high,weak,3,2,62671.1270307,224.56769629676168
"(3,2)-Two-layer MoM",mom,bic,in sample,no noise,2d-low-ind,2,low,ind,3,2,55166.126390800004,239.02714641987555
"(3,2)-Two-layer MoM",mom,bic,in sample,no noise,2d-low-strong,2,low,strong,3,2,49177.130974,262.99298354680934
"(3,2)-Two-layer MoM",mom,bic,in sample,no noise,2d-low-weak,2,low,weak,3,2,54705.946710200005,238.1777864108563
"(3,2)-Two-layer MoM",mom,bic,in sample,no noise,3d-high-ind,3,high,ind,3,2,89812.1545809,247.32410064020934
"(3,2)-Two-layer MoM",mom,bic,in sample,no noise,3d-high-strong,3,high,strong,3,2,87634.9440491,299.9263067303612
"(3,2)-Two-layer MoM",mom,bic,in sample,no noise,3d-high-weak,3,high,weak,3,2,90393.5630671,250.4165783000501
"(3,2)-Two-layer MoM",mom,bic,in sample,no noise,3d-low-ind,3,low,ind,3,2,81620.262194,254.9898925887749
"(3,2)-Two-layer MoM",mom,bic,in sample,no noise,3d-low-strong,3,low,strong,3,2,75971.16292860001,329.311234717686
"(3,2)-Two-layer MoM",mom,bic,in sample,no noise,3d-low-weak,3,low,weak,3,2,81052.4102253,258.00006962406684
"(3,2)-Two-layer MoM",mom,bic,in sample,with noise,2d-high-ind,2,high,ind,3,2,62671.8347918,227.30246964825275
"(3,2)-Two-layer MoM",mom,bic,in sample,with noise,2d-high-strong,2,high,strong,3,2,62456.487318900006,232.60682918753372
"(3,2)-Two-layer MoM",mom,bic,in sample,with noise,2d-high-weak,2,high,weak,3,2,63212.1326805,223.92237224331865
"(3,2)-Two-layer MoM",mom,bic,in sample,with noise,2d-low-ind,2,low,ind,3,2,55667.3133079,237.97921880887645
"(3,2)-Two-layer MoM",mom,bic,in sample,with noise,2d-low-strong,2,low,strong,3,2,50032.177455900004,272.59819466541404
"(3,2)-Two-layer MoM",mom,bic,in sample,with noise,2d-low-weak,2,low,weak,3,2,55237.8217059,237.5995959130619
"(3,2)-Two-layer MoM",mom,bic,in sample,with noise,3d-high-ind,3,high,ind,3,2,90829.37944280001,251.52112043973065
"(3,2)-Two-layer MoM",mom,bic,in sample,with noise,3d-high-strong,3,high,strong,3,2,88812.59282430001,312.92914725269867
"(3,2)-Two-layer MoM",mom,bic,in sample,with noise,3d-high-weak,3,high,weak,3,2,91391.33161699999,263.52619659501
"(3,2)-Two-layer MoM",mom,bic,in sample,with noise,3d-low-ind,3,low,ind,3,2,82478.7663764,261.5114045951745
"(3,2)-Two-layer MoM",mom,bic,in sample,with noise,3d-low-strong,3,low,strong,3,2,77129.8152458,329.01193473308234
"(3,2)-Two-layer MoM",mom,bic,in sample,with noise,3d-low-weak,3,low,weak,3,2,81953.6185845,275.1859232790369
"(3,2)-Two-layer MoM",mom,bic,out of sample,no noise,2d-high-ind,2,high,ind,3,2,15731.0156281,96.2977195480523
"(3,2)-Two-layer MoM",mom,bic,out of sample,no noise,2d-high-strong,2,high,strong,3,2,15649.9219493,93.97009965452679
"(3,2)-Two-layer MoM",mom,bic,out of sample,no noise,2d-high-weak,2,high,weak,3,2,15853.4433744,104.66048901425714
"(3,2)-Two-layer MoM",mom,bic,out of sample,no noise,2d-low-ind,2,low,ind,3,2,13984.9440161,103.51387141232436
"(3,2)-Two-layer MoM",mom,bic,out of sample,no noise,2d-low-strong,2,low,strong,3,2,12465.898321100001,109.53565592995517
"(3,2)-Two-layer MoM",mom,bic,out of sample,no noise,2d-low-weak,2,low,weak,3,2,13863.868403499999,109.92369005564052
"(3,2)-Two-layer MoM",mom,bic,out of sample,no noise,3d-high-ind,3,high,ind,3,2,22739.822727799998,148.02099628672138
"(3,2)-Two-layer MoM",mom,bic,out of sample,no noise,3d-high-strong,3,high,strong,3,2,22194.131686300003,155.8975856620918
"(3,2)-Two-layer MoM",mom,bic,out of sample,no noise,3d-high-weak,3,high,weak,3,2,22889.303240999998,149.82175170835532
"(3,2)-Two-layer MoM",mom,bic,out of sample,no noise,3d-low-ind,3,low,ind,3,2,20683.7675944,155.08797645797483
"(3,2)-Two-layer MoM",mom,bic,out of sample,no noise,3d-low-strong,3,low,strong,3,2,19280.3085768,180.93510920101457
"(3,2)-Two-layer MoM",mom,bic,out of sample,no noise,3d-low-weak,3,low,weak,3,2,20545.6185039,160.7167503874327
"(3,2)-Two-layer MoM",mom,bic,out of sample,with noise,2d-high-ind,2,high,ind,3,2,15871.2608962,94.1301594695001
"(3,2)-Two-layer MoM",mom,bic,out of sample,with noise,2d-high-strong,2,high,strong,3,2,15792.6085702,95.22977516172871
"(3,2)-Two-layer MoM",mom,bic,out of sample,with noise,2d-high-weak,2,high,weak,3,2,15987.9068624,105.603983690387
"(3,2)-Two-layer MoM",mom,bic,out of sample,with noise,2d-low-ind,2,low,ind,3,2,14111.9795723,104.57078708902318
"(3,2)-Two-layer MoM",mom,bic,out of sample,with noise,2d-low-strong,2,low,strong,3,2,12679.3385158,109.13311992662487
"(3,2)-Two-layer MoM",mom,bic,out of sample,with noise,2d-low-weak,2,low,weak,3,2,13995.2823713,110.94522253593544
"(3,2)-Two-layer MoM",mom,bic,out of sample,with noise,3d-high-ind,3,high,ind,3,2,22995.473673899996,144.50227833188453
"(3,2)-Two-layer MoM",mom,bic,out of sample,with noise,3d-high-strong,3,high,strong,3,2,22486.6848381,152.5090156590808
"(3,2)-Two-layer MoM",mom,bic,out of sample,with noise,3d-high-weak,3,high,weak,3,2,23139.7152058,144.0741605554335
"(3,2)-Two-layer MoM",mom,bic,out of sample,with noise,3d-low-ind,3,low,ind,3,2,20901.0280563,153.03707516468342
"(3,2)-Two-layer MoM",mom,bic,out of sample,with noise,3d-low-strong,3,low,strong,3,2,19565.4089068,171.4662189404254
"(3,2)-Two-layer MoM",mom,bic,out of sample,with noise,3d-low-weak,3,low,weak,3,2,20771.911454,158.81247188278317
"(3,2)-Two-layer MoM",mom,em_iters,training,no noise,2d-high-ind,2,high,ind,3,2,30.37,5.821685340347778
"(3,2)-Two-layer MoM",mom,em_iters,training,no noise,2d-high-strong,2,high,strong,3,2,45.33,11.96632902368267
"(3,2)-Two-layer MoM",mom,em_iters,training,no noise,2d-high-weak,2,high,weak,3,2,25.46,7.912935324804915
"(3,2)-Two-layer MoM",mom,em_iters,training,no noise,2d-low-ind,2,low,ind,3,2,23.67,1.7641491496532322
"(3,2)-Two-layer MoM",mom,em_iters,training,no noise,2d-low-strong,2,low,strong,3,2,48.86,16.41385224298505
"(3,2)-Two-layer MoM",mom,em_iters,training,no noise,2d-low-weak,2,low,weak,3,2,28.95,5.4371988480403495
"(3,2)-Two-layer MoM",mom,em_iters,training,no noise,3d-high-ind,3,high,ind,3,2,28.6,6.440089089038088
"(3,2)-Two-layer MoM",mom,em_iters,training,no noise,3d-high-strong,3,high,strong,3,2,49.84,16.479997057957963
"(3,2)-Two-layer MoM",mom,em_iters,training,no noise,3d-high-weak,3,high,weak,3,2,35.96,18.02799170314001
"(3,2)-Two-layer MoM",mom,em_iters,training,no noise,3d-low-ind,3,low,ind,3,2,30.81,7.334290571133527
"(3,2)-Two-layer MoM",mom,em_iters,training,no noise,3d-low-strong,3,low,strong,3,2,63.49,23.68074485246773
"(3,2)-Two-layer MoM",mom,em_iters,training,no noise,3d-low-weak,3,low,weak,3,2,57.02,17.21050888735182
"(3,2)-Two-layer MoM",mom,em_iters,training,with noise,2d-high-ind,2,high,ind,3,2,29.77,5.854903841217119
"(3,2)-Two-layer MoM",mom,em_iters,training,with noise,2d-high-strong,2,high,strong,3,2,44.81,9.329755807862467
"(3,2)-Two-layer MoM",mom,em_iters,training,with noise,2d-high-weak,2,high,weak,3,2,24.49,7.26065222325589
"(3,2)-Two-layer MoM",mom,em_iters,training,with noise,2d-low-ind,2,low,ind,3,2,23.67,2.030350519571247
"(3,2)-Two-layer MoM",mom,em_iters,training,with noise,2d-low-strong,2,low,strong,3,2,47.64,17.30622588970381
"(3,2)-Two-layer MoM",mom,em_iters,training,with noise,2d-low-weak,2,low,weak,3,2,28.19,4.044437506931557
"(3,2)-Two-layer MoM",mom,em_iters,training,with noise,3d-high-ind,3,high,ind,3,2,29.94,6.263280839040101
"(3,2)-Two-layer MoM",mom,em_iters,training,with noise,3d-high-strong,3,high,strong,3,2,50.09,17.66643510425715
"(3,2)-Two-layer MoM",mom,em_iters,training,with noise,3d-high-weak,3,high,weak,3,2,35.52,17.798808267903098
"(3,2)-Two-layer MoM",mom,em_iters,training,with noise,3d-low-ind,3,low,ind,3,2,28.54,6.0942430194239865
"(3,2)-Two-layer MoM",mom,em_iters,training,with noise,3d-low-strong,3,low,strong,3,2,63.37,23.06628787567771
"(3,2)-Two-layer MoM",mom,em_iters,training,with noise,3d-low-weak,3,low,weak,3,2,51.38,17.086695160713543
"(3,2)-Two-layer MoM",mom,gmpd,in sample,no noise,2d-high-ind,2,high,ind,3,2,0.020977899999999997,0.0002979061441244044
"(3,2)-Two-layer MoM",mom,gmpd,in sample,no noise,2d-high-strong,2,high,strong,3,2,0.021302699999999997,0.00029902824095541335
"(3,2)-Two-layer MoM",mom,gmpd,in sample,no noise,2d-high-weak,2,high,weak,3,2,0.020264699999999997,0.00028330108550887214
"(3,2)-Two-layer MoM",mom,gmpd,in sample,no noise,2d-low-ind,2,low,ind,3,2,0.0323939,0.00048294947139342797
"(3,2)-Two-layer MoM",mom,gmpd,in sample,no noise,2d-low-strong,2,low,strong,3,2,0.0471008,0.0007730441988226372
"(3,2)-Two-layer MoM",mom,gmpd,in sample,no noise,2d-low-weak,2,low,weak,3,2,0.0333389,0.0004950949199880552
"(3,2)-Two-layer MoM",mom,gmpd,in sample,no noise,3d-high-ind,3,high,ind,3,2,0.0037530000000000003,5.7778749020585696e-05
"(3,2)-Two-layer MoM",mom,gmpd,in sample,no noise,3d-high-strong,3,high,strong,3,2,0.0043008000000000005,8.043668694110048e-05
"(3,2)-Two-layer MoM",mom,gmpd,in sample,no noise,3d-high-weak,3,high,weak,3,2,0.0036195,5.6485897051003505e-05
"(3,2)-Two-layer MoM",mom,gmpd,in sample,no noise,3d-low-ind,3,low,ind,3,2,0.0062633,9.962611924773366e-05
"(3,2)-Two-layer MoM",mom,gmpd,in sample,no noise,3d-low-strong,3,low,strong,3,2,0.0089154,0.0001842287774052753
"(3,2)-Two-layer MoM",mom,gmpd,in sample,no noise,3d-low-weak,3,low,weak,3,2,0.0064896,0.00010423283958755443
"(3,2)-Two-layer MoM",mom,gmpd,in sample,with noise,2d-high-ind,2,high,ind,3,2,0.0202636,0.0002865733463326324
"(3,2)-Two-layer MoM",mom,gmpd,in sample,with noise,2d-high-strong,2,high,strong,3,2,0.020538599999999997,0.00029768473595433463
"(3,2)-Two-layer MoM",mom,gmpd,in sample,with noise,2d-high-weak,2,high,weak,3,2,0.0195911,0.0002736616468738302
"(3,2)-Two-layer MoM",mom,gmpd,in sample,with noise,2d-low-ind,2,low,ind,3,2,0.0313943,0.0004653493420012653
"(3,2)-Two-layer MoM",mom,gmpd,in sample,with noise,2d-low-strong,2,low,strong,3,2,0.0446503,0.0007606768052334727
"(3,2)-Two-layer MoM",mom,gmpd,in sample,with noise,2d-low-weak,2,low,weak,3,2,0.0322487,0.00047815228333722903
"(3,2)-Two-layer MoM",mom,gmpd,in sample,with noise,3d-high-ind,3,high,ind,3,2,0.0035228,5.5670023487973435e-05
"(3,2)-Two-layer MoM",mom,gmpd,in sample,with noise,3d-high-strong,3,high,strong,3,2,0.0039959,7.790300884997176e-05
"(3,2)-Two-layer MoM",mom,gmpd,in sample,with noise,3d-high-weak,3,high,weak,3,2,0.0034008,5.6222501696115286e-05
"(3,2)-Two-layer MoM",mom,gmpd,in sample,with noise,3d-low-ind,3,low,ind,3,2,0.005936,9.679719505077063e-05
"(3,2)-Two-layer MoM",mom,gmpd,in sample,with noise,3d-low-strong,3,low,strong,3,2,0.0082931,0.0001708841831194569
"(3,2)-Two-layer MoM",mom,gmpd,in sample,with noise,3d-low-weak,3,low,weak,3,2,0.0061337,0.0001053963658737527
"(3,2)-Two-layer MoM",mom,gmpd,out of sample,no noise,2d-high-ind,2,high,ind,3,2,0.020823499999999998,0.000501892126926402
"(3,2)-Two-layer MoM",mom,gmpd,out of sample,no noise,2d-high-strong,2,high,strong,3,2,0.021250300000000003,0.0004983821401051182
"(3,2)-Two-layer MoM",mom,gmpd,out of sample,no noise,2d-high-weak,2,high,weak,3,2,0.0201973,0.0005316067791862391
"(3,2)-Two-layer MoM",mom,gmpd,out of sample,no noise,2d-low-ind,2,low,ind,3,2,0.032222400000000005,0.0008375193288889673
"(3,2)-Two-layer MoM",mom,gmpd,out of sample,no noise,2d-low-strong,2,low,strong,3,2,0.0471089,0.0012931871949613948
"(3,2)-Two-layer MoM",mom,gmpd,out of sample,no noise,2d-low-weak,2,low,weak,3,2,0.033214,0.0009182977224575418
"(3,2)-Two-layer MoM",mom,gmpd,out of sample,no noise,3d-high-ind,3,high,ind,3,2,0.0037375999999999998,0.00013935725472484183
"(3,2)-Two-layer MoM",mom,gmpd,out of sample,no noise,3d-high-strong,3,high,strong,3,2,0.004285,0.00016762452027665824
"(3,2)-Two-layer MoM",mom,gmpd,out of sample,no noise,3d-high-weak,3,high,weak,3,2,0.0036011,0.00013560857962786454
"(3,2)-Two-layer MoM",mom,gmpd,out of sample,no noise,3d-low-ind,3,low,ind,3,2,0.0062498,0.00024331456963770103
"(3,2)-Two-layer MoM",mom,gmpd,out of sample,no noise,3d-low-strong,3,low,strong,3,2,0.0088789,0.0004045845730717827
"(3,2)-Two-layer MoM",mom,gmpd,out of sample,no noise,3d-low-weak,3,low,weak,3,2,0.006470200000000001,0.000261336811974374
"(3,2)-Two-layer MoM",mom,gmpd,out of sample,with noise,2d-high-ind,2,high,ind,3,2,0.020106199999999998,0.00047521559169061254
"(3,2)-Two-layer MoM",mom,gmpd,out of sample,with noise,2d-high-strong,2,high,strong,3,2,0.0205058,0.000488345340632192
"(3,2)-Two-layer MoM",mom,gmpd,out of sample,with noise,2d-high-weak,2,high,weak,3,2,0.019529499999999998,0.0005172194013094531
"(3,2)-Two-layer MoM",mom,gmpd,out of sample,with noise,2d-low-ind,2,low,ind,3,2,0.031215000000000003,0.000820168127627353
"(3,2)-Two-layer MoM",mom,gmpd,out of sample,with noise,2d-low-strong,2,low,strong,3,2,0.044661099999999995,0.0012202085390571062
"(3,2)-Two-layer MoM",mom,gmpd,out of sample,with noise,2d-low-weak,2,low,weak,3,2,0.0321407,0.000894117989863743
"(3,2)-Two-layer MoM",mom,gmpd,out of sample,with noise,3d-high-ind,3,high,ind,3,2,0.0035060000000000004,0.00012737441824888713
"(3,2)-Two-layer MoM",mom,gmpd,out of sample,with noise,3d-high-strong,3,high,strong,3,2,0.0039817,0.00015287847553801775
"(3,2)-Two-layer MoM",mom,gmpd,out of sample,with noise,3d-high-weak,3,high,weak,3,2,0.0033825,0.00012265064948128822
"(3,2)-Two-layer MoM",mom,gmpd,out of sample,with noise,3d-low-ind,3,low,ind,3,2,0.0059196000000000006,0.00022683558768055737
"(3,2)-Two-layer MoM",mom,gmpd,out of sample,with noise,3d-low-strong,3,low,strong,3,2,0.0082679,0.0003566066078009111
"(3,2)-Two-layer MoM",mom,gmpd,out of sample,with noise,3d-low-weak,3,low,weak,3,2,0.0061139,0.00024363366687788396
"(3,2)-Two-layer MoM",mom,training_time,training,no noise,2d-high-ind,2,high,ind,3,2,1262.1941,187.5052726105524
"(3,2)-Two-layer MoM",mom,training_time,training,no noise,2d-high-strong,2,high,strong,3,2,1634.1870999999999,332.1147877968147
"(3,2)-Two-layer MoM",mom,training_time,training,no noise,2d-high-weak,2,high,weak,3,2,1121.4127,230.9364056012613
"(3,2)-Two-layer MoM",mom,training_time,training,no noise,2d-low-ind,2,low,ind,3,2,1077.1995,101.38816803216827
"(3,2)-Two-layer MoM",mom,training_time,training,no noise,2d-low-strong,2,low,strong,3,2,1745.6375,394.4636847654514
"(3,2)-Two-layer MoM",mom,training_time,training,no noise,2d-low-weak,2,low,weak,3,2,1232.846,179.698805541749
"(3,2)-Two-layer MoM",mom,training_time,training,no noise,3d-high-ind,3,high,ind,3,2,1320.1433000000002,215.88062030750586
"(3,2)-Two-layer MoM",mom,training_time,training,no noise,3d-high-strong,3,high,strong,3,2,1883.8503,468.3815557670234
"(3,2)-Two-layer MoM",mom,training_time,training,no noise,3d-high-weak,3,high,weak,3,2,1491.546,504.32924625113935
"(3,2)-Two-layer MoM",mom,training_time,training,no noise,3d-low-ind,3,low,ind,3,2,1371.4141,239.26126683241588
"(3,2)-Two-layer MoM",mom,training_time,training,no noise,3d-low-strong,3,low,strong,3,2,2250.7662,665.1345888756256
"(3,2)-Two-layer MoM",mom,training_time,training,no noise,3d-low-weak,3,low,weak,3,2,2070.0049,476.51724897287465
"(3,2)-Two-layer MoM",mom,training_time,training,with noise,2d-high-ind,2,high,ind,3,2,1219.8155,191.68857789051194
"(3,2)-Two-layer MoM",mom,training_time,training,with noise,2d-high-strong,2,high,strong,3,2,1625.1601999999998,250.95505377680917
"(3,2)-Two-layer MoM",mom,training_time,training,with noise,2d-high-weak,2,high,weak,3,2,1080.1703,216.54048842697267
"(3,2)-Two-layer MoM",mom,training_time,training,with noise,2d-low-ind,2,low,ind,3,2,1060.6945,102.79694654482392
"(3,2)-Two-layer MoM",mom,training_time,training,with noise,2d-low-strong,2,low,strong,3,2,1708.8713,443.08021925637
"(3,2)-Two-layer MoM",mom,training_time,training,with noise,2d-low-weak,2,low,weak,3,2,1218.1255,141.4297762740194
"(3,2)-Two-layer MoM",mom,training_time,training,with noise,3d-high-ind,3,high,ind,3,2,1347.6008,280.2954920075554
"(3,2)-Two-layer MoM",mom,training_time,training,with noise,3d-high-strong,3,high,strong,3,2,1912.1428,483.9728232312476
"(3,2)-Two-layer MoM",mom,training_time,training,with noise,3d-high-weak,3,high,weak,3,2,1488.2203,507.6976355532628
"(3,2)-Two-layer MoM",mom,training_time,training,with noise,3d-low-ind,3,low,ind,3,2,1295.6428,187.65663038495165
"(3,2)-Two-layer MoM",mom,training_time,training,with noise,3d-low-strong,3,low,strong,3,2,2221.1367999999998,641.6056773532159
"(3,2)-Two-layer MoM",mom,training_time,training,with noise,3d-low-weak,3,low,weak,3,2,1899.7068,475.72870272639364
"(4,1)-Isolated Two-layer MoM",isomom,aic,in sample,no noise,2d-high-ind,2,high,ind,4,1,62094.0661376,226.43033926338197
"(4,1)-Isolated Two-layer MoM",isomom,aic,in sample,no noise,2d-high-strong,2,high,strong,4,1,62439.9113413,230.34293505039952
"(4,1)-Isolated Two-layer MoM",isomom,aic,in sample,no noise,2d-high-weak,2,high,weak,4,1,62537.1823376,223.83614877833182
"(4,1)-Isolated Two-layer MoM",isomom,aic,in sample,no noise,2d-low-ind,2,low,ind,4,1,54986.2946401,239.50084456358945
"(4,1)-Isolated Two-layer MoM",isomom,aic,in sample,no noise,2d-low-strong,2,low,strong,4,1,52534.862862099995,282.9719625200296
"(4,1)-Isolated Two-layer MoM",isomom,aic,in sample,no noise,2d-low-weak,2,low,weak,4,1,54757.8848886,233.95996161830274
"(4,1)-Isolated Two-layer MoM",isomom,aic,in sample,no noise,3d-high-ind,3,high,ind,4,1,89887.3305375,247.4259647858343
"(4,1)-Isolated Two-layer MoM",isomom,aic,in sample,no noise,3d-high-strong,3,high,strong,4,1,90620.6132982,309.1440786107739
"(4,1)-Isolated Two-layer MoM",isomom,aic,in sample,no noise,3d-high-weak,3,high,weak,4,1,90481.8865511,245.45975325418027
"(4,1)-Isolated Two-layer MoM",isomom,aic,in sample,no noise,3d-low-ind,3,low,ind,4,1,81433.88558609999,255.63179278937906
"(4,1)-Isolated Two-layer MoM",isomom,aic,in sample,no noise,3d-low-strong,3,low,strong,4,1,78591.3613591,414.0042436756357
"(4,1)-Isolated Two-layer MoM",isomom,aic,in sample,no noise,3d-low-weak,3,low,weak,4,1,81172.7896453,261.29053111468215
"(4,1)-Isolated Two-layer MoM",isomom,aic,in sample,with noise,2d-high-ind,2,high,ind,4,1,62640.1978459,226.40371539324002
"(4,1)-Isolated Two-layer MoM",isomom,aic,in sample,with noise,2d-high-strong,2,high,strong,4,1,62994.3686522,237.4529994387873
"(4,1)-Isolated Two-layer MoM",isomom,aic,in sample,with noise,2d-high-weak,2,high,weak,4,1,63077.4027921,228.23035585878966
"(4,1)-Isolated Two-layer MoM",isomom,aic,in sample,with noise,2d-low-ind,2,low,ind,4,1,55483.47743870001,238.50535823716567
"(4,1)-Isolated Two-layer MoM",isomom,aic,in sample,with noise,2d-low-strong,2,low,strong,4,1,53156.3527471,294.8114767996752
"(4,1)-Isolated Two-layer MoM",isomom,aic,in sample,with noise,2d-low-weak,2,low,weak,4,1,55271.862520099996,238.31612658563665
"(4,1)-Isolated Two-layer MoM",isomom,aic,in sample,with noise,3d-high-ind,3,high,ind,4,1,90899.5191145,249.14043458255458
"(4,1)-Isolated Two-layer MoM",isomom,aic,in sample,with noise,3d-high-strong,3,high,strong,4,1,91602.4027933,324.9748046014788
"(4,1)-Isolated Two-layer MoM",isomom,aic,in sample,with noise,3d-high-weak,3,high,weak,4,1,91469.072613,251.48576971290984
"(4,1)-Isolated Two-layer MoM",isomom,aic,in sample,with noise,3d-low-ind,3,low,ind,4,1,82279.05749630001,262.9820756310995
"(4,1)-Isolated Two-layer MoM",isomom,aic,in sample,with noise,3d-low-strong,3,low,strong,4,1,79552.9987476,405.35706768192625
"(4,1)-Isolated Two-layer MoM",isomom,aic,in sample,with noise,3d-low-weak,3,low,weak,4,1,82033.25428349999,266.35415205747506
"(4,1)-Isolated Two-layer MoM",isomom,aic,out of sample,no noise,2d-high-ind,2,high,ind,4,1,15596.280633100001,96.12007739257618
"(4,1)-Isolated Two-layer MoM",isomom,aic,out of sample,no noise,2d-high-strong,2,high,strong,4,1,15661.5008118,97.63418134111228
"(4,1)-Isolated Two-layer MoM",isomom,aic,out of sample,no noise,2d-high-weak,2,high,weak,4,1,15693.6459699,104.3371066184097
"(4,1)-Isolated Two-layer MoM",isomom,aic,out of sample,no noise,2d-low-ind,2,low,ind,4,1,13810.4740231,105.13925564260187
"(4,1)-Isolated Two-layer MoM",isomom,aic,out of sample,no noise,2d-low-strong,2,low,strong,4,1,13183.929553400001,116.11277530768292
"(4,1)-Isolated Two-layer MoM",isomom,aic,out of sample,no noise,2d-low-weak,2,low,weak,4,1,13748.489611500001,110.48341449408838
"(4,1)-Isolated Two-layer MoM",isomom,aic,out of sample,no noise,3d-high-ind,3,high,ind,4,1,22562.003705000003,149.63472476434416
"(4,1)-Isolated Two-layer MoM",isomom,aic,out of sample,no noise,3d-high-strong,3,high,strong,4,1,22737.726519999997,158.82470132509323
"(4,1)-Isolated Two-layer MoM",isomom,aic,out of sample,no noise,3d-high-weak,3,high,weak,4,1,22713.6054564,145.00014076741292
"(4,1)-Isolated Two-layer MoM",isomom,aic,out of sample,no noise,3d-low-ind,3,low,ind,4,1,20440.68736,156.5302929218434
"(4,1)-Isolated Two-layer MoM",isomom,aic,out of sample,no noise,3d-low-strong,3,low,strong,4,1,19728.203756,185.84460026354623
"(4,1)-Isolated Two-layer MoM",isomom,aic,out of sample,no noise,3d-low-weak,3,low,weak,4,1,20377.038296,159.36355689930306
"(4,1)-Isolated Two-layer MoM",isomom,aic,out of sample,with noise,2d-high-ind,2,high,ind,4,1,15734.7237635,94.65569819914988
"(4,1)-Isolated Two-layer MoM",isomom,aic,out of sample,with noise,2d-high-strong,2,high,strong,4,1,15798.438107799999,97.49449663543265
"(4,1)-Isolated Two-layer MoM",isomom,aic,out of sample,with noise,2d-high-weak,2,high,weak,4,1,15827.9048173,104.81327835626641
"(4,1)-Isolated Two-layer MoM",isomom,aic,out of sample,with noise,2d-low-ind,2,low,ind,4,1,13936.991697,105.75726384911184
"(4,1)-Isolated Two-layer MoM",isomom,aic,out of sample,with noise,2d-low-strong,2,low,strong,4,1,13337.6948027,111.67722896934644
"(4,1)-Isolated Two-layer MoM",isomom,aic,out of sample,with noise,2d-low-weak,2,low,weak,4,1,13876.951055999998,110.50914880564343
"(4,1)-Isolated Two-layer MoM",isomom,aic,out of sample,with noise,3d-high-ind,3,high,ind,4,1,22817.0402983,146.3229676530766
"(4,1)-Isolated Two-layer MoM",isomom,aic,out of sample,with noise,3d-high-strong,3,high,strong,4,1,22981.648209299998,155.8515447748274
"(4,1)-Isolated Two-layer MoM",isomom,aic,out of sample,with noise,3d-high-weak,3,high,weak,4,1,22961.5082107,141.16994082346415
"(4,1)-Isolated Two-layer MoM",isomom,aic,out of sample,with noise,3d-low-ind,3,low,ind,4,1,20654.2687338,152.67006312042108
"(4,1)-Isolated Two-layer MoM",isomom,aic,out of sample,with noise,3d-low-strong,3,low,strong,4,1,19967.6192129,177.02211142262493
"(4,1)-Isolated Two-layer MoM",isomom,aic,out of sample,with noise,3d-low-weak,3,low,weak,4,1,20593.4039262,157.40027807909846
"(4,1)-Isolated Two-layer MoM",isomom,ari,in sample,no noise,2d-high-ind,2,high,ind,4,1,0.2398328,0.01935889042650571
"(4,1)-Isolated Two-layer MoM",isomom,ari,in sample,no noise,2d-high-strong,2,high,strong,4,1,0.2184541,0.016205753504745336
"(4,1)-Isolated Two-layer MoM",isomom,ari,in sample,no noise,2d-high-weak,2,high,weak,4,1,0.24308990000000003,0.020019720302741486
"(4,1)-Isolated Two-layer MoM",isomom,ari,in sample,no noise,2d-low-ind,2,low,ind,4,1,0.0108009,0.0018522588421119271
"(4,1)-Isolated Two-layer MoM",isomom,ari,in sample,no noise,2d-low-strong,2,low,strong,4,1,0.0022031999999999998,0.0006465399438471679
"(4,1)-Isolated Two-layer MoM",isomom,ari,in sample,no noise,2d-low-weak,2,low,weak,4,1,0.007201999999999999,0.0014640817441438688
"(4,1)-Isolated Two-layer MoM",isomom,ari,in sample,no noise,3d-high-ind,3,high,ind,4,1,0.33352550000000003,0.034297750592525315
"(4,1)-Isolated Two-layer MoM",isomom,ari,in sample,no noise,3d-high-strong,3,high,strong,4,1,0.3189479,0.02755391864906317
"(4,1)-Isolated Two-layer MoM",isomom,ari,in sample,no noise,3d-high-weak,3,high,weak,4,1,0.34195709999999996,0.034978732248137134
"(4,1)-Isolated Two-layer MoM",isomom,ari,in sample,no noise,3d-low-ind,3,low,ind,4,1,0.0138829,0.0028457262995089973
"(4,1)-Isolated Two-layer MoM",isomom,ari,in sample,no noise,3d-low-strong,3,low,strong,4,1,0.0016589,0.0006999984054815896
"(4,1)-Isolated Two-layer MoM",isomom,ari,in sample,no noise,3d-low-weak,3,low,weak,4,1,0.0084978,0.0020269968730198687
"(4,1)-Isolated Two-layer MoM",isomom,ari,in sample,with noise,2d-high-ind,2,high,ind,4,1,0.2350852,0.01710830600331401
"(4,1)-Isolated Two-layer MoM",isomom,ari,in sample,with noise,2d-high-strong,2,high,strong,4,1,0.2124086,0.015783653993094796
"(4,1)-Isolated Two-layer MoM",isomom,ari,in sample,with noise,2d-high-weak,2,high,weak,4,1,0.2360927,0.019073520798915614
"(4,1)-Isolated Two-layer MoM",isomom,ari,in sample,with noise,2d-low-ind,2,low,ind,4,1,0.0105722,0.001673143524185912
"(4,1)-Isolated Two-layer MoM",isomom,ari,in sample,with noise,2d-low-strong,2,low,strong,4,1,0.002205,0.0006583212503685939
"(4,1)-Isolated Two-layer MoM",isomom,ari,in sample,with noise,2d-low-weak,2,low,weak,4,1,0.0069943,0.0015170061258474158
"(4,1)-Isolated Two-layer MoM",isomom,ari,in sample,with noise,3d-high-ind,3,high,ind,4,1,0.3204391,0.031803129669225556
"(4,1)-Isolated Two-layer MoM",isomom,ari,in sample,with noise,3d-high-strong,3,high,strong,4,1,0.3043504,0.026583341176782346
"(4,1)-Isolated Two-layer MoM",isomom,ari,in sample,with noise,3d-high-weak,3,high,weak,4,1,0.32758899999999996,0.031511429784614776
"(4,1)-Isolated Two-layer MoM",isomom,ari,in sample,with noise,3d-low-ind,3,low,ind,4,1,0.0131766,0.0026848863264314544
"(4,1)-Isolated Two-layer MoM",isomom,ari,in sample,with noise,3d-low-strong,3,low,strong,4,1,0.0017360000000000001,0.0007282801103915439
"(4,1)-Isolated Two-layer MoM",isomom,ari,in sample,with noise,3d-low-weak,3,low,weak,4,1,0.0085221,0.002048515745015341
"(4,1)-Isolated Two-layer MoM",isomom,ari,out of sample,no noise,2d-high-ind,2,high,ind,4,1,0.24115380000000003,0.022366725636918154
"(4,1)-Isolated Two-layer MoM",isomom,ari,out of sample,no noise,2d-high-strong,2,high,strong,4,1,0.21995550000000003,0.01876576257981595
"(4,1)-Isolated Two-layer MoM",isomom,ari,out of sample,no noise,2d-high-weak,2,high,weak,4,1,0.2443337,0.022698762465932998
"(4,1)-Isolated Two-layer MoM",isomom,ari,out of sample,no noise,2d-low-ind,2,low,ind,4,1,0.0109058,0.002830585897875655
"(4,1)-Isolated Two-layer MoM",isomom,ari,out of sample,no noise,2d-low-strong,2,low,strong,4,1,0.0020896,0.0016385802674661052
"(4,1)-Isolated Two-layer MoM",isomom,ari,out of sample,no noise,2d-low-weak,2,low,weak,4,1,0.0072409,0.0027309716682025927
"(4,1)-Isolated Two-layer MoM",isomom,ari,out of sample,no noise,3d-high-ind,3,high,ind,4,1,0.3364916,0.03814527463804818
"(4,1)-Isolated Two-layer MoM",isomom,ari,out of sample,no noise,3d-high-strong,3,high,strong,4,1,0.3212453,0.030073164669559203
"(4,1)-Isolated Two-layer MoM",isomom,ari,out of sample,no noise,3d-high-weak,3,high,weak,4,1,0.3460331,0.03770367483884742
"(4,1)-Isolated Two-layer MoM",isomom,ari,out of sample,no noise,3d-low-ind,3,low,ind,4,1,0.0136245,0.00382066427536502
"(4,1)-Isolated Two-layer MoM",isomom,ari,out of sample,no noise,3d-low-strong,3,low,strong,4,1,0.0015009,0.001379104595325708
"(4,1)-Isolated Two-layer MoM",isomom,ari,out of sample,no noise,3d-low-weak,3,low,weak,4,1,0.0084015,0.002992427268889917
"(4,1)-Isolated Two-layer MoM",isomom,ari,out of sample,with noise,2d-high-ind,2,high,ind,4,1,0.2355494,0.02064047278547855
"(4,1)-Isolated Two-layer MoM",isomom,ari,out of sample,with noise,2d-high-strong,2,high,strong,4,1,0.21393640000000003,0.01917042853833565
"(4,1)-Isolated Two-layer MoM",isomom,ari,out of sample,with noise,2d-high-weak,2,high,weak,4,1,0.2370338,0.022427101200164588
"(4,1)-Isolated Two-layer MoM",isomom,ari,out of sample,with noise,2d-low-ind,2,low,ind,4,1,0.0107283,0.0027862262429256667
"(4,1)-Isolated Two-layer MoM",isomom,ari,out of sample,with noise,2d-low-strong,2,low,strong,4,1,0.0020238,0.001600991346925177
"(4,1)-Isolated Two-layer MoM",isomom,ari,out of sample,with noise,2d-low-weak,2,low,weak,4,1,0.0070286,0.002860120439648116
"(4,1)-Isolated Two-layer MoM",isomom,ari,out of sample,with noise,3d-high-ind,3,high,ind,4,1,0.3241455,0.03479156081275858
"(4,1)-Isolated Two-layer MoM",isomom,ari,out of sample,with noise,3d-high-strong,3,high,strong,4,1,0.305699,0.029312109074303032
"(4,1)-Isolated Two-layer MoM",isomom,ari,out of sample,with noise,3d-high-weak,3,high,weak,4,1,0.3326968,0.034295470410342345
"(4,1)-Isolated Two-layer MoM",isomom,ari,out of sample,with noise,3d-low-ind,3,low,ind,4,1,0.0128102,0.0038451391274037035
"(4,1)-Isolated Two-layer MoM",isomom,ari,out of sample,with noise,3d-low-strong,3,low,strong,4,1,0.0016447,0.0013683717781481474
"(4,1)-Isolated Two-layer MoM",isomom,ari,out of sample,with noise,3d-low-weak,3,low,weak,4,1,0.0086545,0.0027276761023244532
"(4,1)-Isolated Two-layer MoM",isomom,avg_ll,in sample,no noise,2d-high-ind,2,high,ind,4,1,-3.8770040999999997,0.014151996546513407
"(4,1)-Isolated Two-layer MoM",isomom,avg_ll,in sample,no noise,2d-high-strong,2,high,strong,4,1,-3.8986198,0.014396267051222074
"(4,1)-Isolated Two-layer MoM",isomom,avg_ll,in sample,no noise,2d-high-weak,2,high,weak,4,1,-3.9046989,0.013989839017925696
"(4,1)-Isolated Two-layer MoM",isomom,avg_ll,in sample,no noise,2d-low-ind,2,low,ind,4,1,-3.4327683,0.01496922925048367
"(4,1)-Isolated Two-layer MoM",isomom,avg_ll,in sample,no noise,2d-low-strong,2,low,strong,4,1,-3.2795539000000002,0.0176854718036922
"(4,1)-Isolated Two-layer MoM",isomom,avg_ll,in sample,no noise,2d-low-weak,2,low,weak,4,1,-3.4184926,0.014622443840849198
"(4,1)-Isolated Two-layer MoM",isomom,avg_ll,in sample,no noise,3d-high-ind,3,high,ind,4,1,-5.6115832,0.015463962856665372
"(4,1)-Isolated Two-layer MoM",isomom,avg_ll,in sample,no noise,3d-high-strong,3,high,strong,4,1,-5.6574139,0.01932145585491779
"(4,1)-Isolated Two-layer MoM",isomom,avg_ll,in sample,no noise,3d-high-weak,3,high,weak,4,1,-5.6487428,0.01534091446841641
"(4,1)-Isolated Two-layer MoM",isomom,avg_ll,in sample,no noise,3d-low-ind,3,low,ind,4,1,-5.0832432999999995,0.015976946336910772
"(4,1)-Isolated Two-layer MoM",isomom,avg_ll,in sample,no noise,3d-low-strong,3,low,strong,4,1,-4.9055854,0.025875642788873367
"(4,1)-Isolated Two-layer MoM",isomom,avg_ll,in sample,no noise,3d-low-weak,3,low,weak,4,1,-5.0669243,0.016330761223265457
"(4,1)-Isolated Two-layer MoM",isomom,avg_ll,in sample,with noise,2d-high-ind,2,high,ind,4,1,-3.9111372,0.014150170936612524
"(4,1)-Isolated Two-layer MoM",isomom,avg_ll,in sample,with noise,2d-high-strong,2,high,strong,4,1,-3.9332729,0.014840883559895818
"(4,1)-Isolated Two-layer MoM",isomom,avg_ll,in sample,with noise,2d-high-weak,2,high,weak,4,1,-3.9384625,0.014264370416665374
"(4,1)-Isolated Two-layer MoM",isomom,avg_ll,in sample,with noise,2d-low-ind,2,low,ind,4,1,-3.4638423,0.014906669028500399
"(4,1)-Isolated Two-layer MoM",isomom,avg_ll,in sample,with noise,2d-low-strong,2,low,strong,4,1,-3.3183974999999997,0.018425449427793037
"(4,1)-Isolated Two-layer MoM",isomom,avg_ll,in sample,with noise,2d-low-weak,2,low,weak,4,1,-3.4506161000000004,0.01489524186077253
"(4,1)-Isolated Two-layer MoM",isomom,avg_ll,in sample,with noise,3d-high-ind,3,high,ind,4,1,-5.6748448,0.01557131339899424
"(4,1)-Isolated Two-layer MoM",isomom,avg_ll,in sample,with noise,3d-high-strong,3,high,strong,4,1,-5.7187748,0.020310849639808636
"(4,1)-Isolated Two-layer MoM",isomom,avg_ll,in sample,with noise,3d-high-weak,3,high,weak,4,1,-5.7104422,0.01571806061365531
"(4,1)-Isolated Two-layer MoM",isomom,avg_ll,in sample,with noise,3d-low-ind,3,low,ind,4,1,-5.1360664,0.01643668885282072
"(4,1)-Isolated Two-layer MoM",isomom,avg_ll,in sample,with noise,3d-low-strong,3,low,strong,4,1,-4.9656875000000005,0.02533490096325982
"(4,1)-Isolated Two-layer MoM",isomom,avg_ll,in sample,with noise,3d-low-weak,3,low,weak,4,1,-5.1207033,0.016647746051521826
"(4,1)-Isolated Two-layer MoM",isomom,avg_ll,out of sample,no noise,2d-high-ind,2,high,ind,4,1,-3.8835704,0.024030868487061114
"(4,1)-Isolated Two-layer MoM",isomom,avg_ll,out of sample,no noise,2d-high-strong,2,high,strong,4,1,-3.8998752000000003,0.024408791406773718
"(4,1)-Isolated Two-layer MoM",isomom,avg_ll,out of sample,no noise,2d-high-weak,2,high,weak,4,1,-3.9079118,0.026084504412862492
"(4,1)-Isolated Two-layer MoM",isomom,avg_ll,out of sample,no noise,2d-low-ind,2,low,ind,4,1,-3.437119,0.026285112946804343
"(4,1)-Isolated Two-layer MoM",isomom,avg_ll,out of sample,no noise,2d-low-strong,2,low,strong,4,1,-3.2804832,0.02902823887670126
"(4,1)-Isolated Two-layer MoM",isomom,avg_ll,out of sample,no noise,2d-low-weak,2,low,weak,4,1,-3.4216225000000002,0.027620907846277062
"(4,1)-Isolated Two-layer MoM",isomom,avg_ll,out of sample,no noise,3d-high-ind,3,high,ind,4,1,-5.6150009,0.03740839178512609
"(4,1)-Isolated Two-layer MoM",isomom,avg_ll,out of sample,no noise,3d-high-strong,3,high,strong,4,1,-5.658932200000001,0.03970618290351864
"(4,1)-Isolated Two-layer MoM",isomom,avg_ll,out of sample,no noise,3d-high-weak,3,high,weak,4,1,-5.6529012,0.03625011128593152
"(4,1)-Isolated Two-layer MoM",isomom,avg_ll,out of sample,no noise,3d-low-ind,3,low,ind,4,1,-5.0846717,0.03913299747042377
"(4,1)-Isolated Two-layer MoM",isomom,avg_ll,out of sample,no noise,3d-low-strong,3,low,strong,4,1,-4.9065512,0.046461038815747535
"(4,1)-Isolated Two-layer MoM",isomom,avg_ll,out of sample,no noise,3d-low-weak,3,low,weak,4,1,-5.0687596,0.039841446439403246
"(4,1)-Isolated Two-layer MoM",isomom,avg_ll,out of sample,with noise,2d-high-ind,2,high,ind,4,1,-3.9181812000000003,0.023664222933160214
"(4,1)-Isolated Two-layer MoM",isomom,avg_ll,out of sample,with noise,2d-high-strong,2,high,strong,4,1,-3.9341095,0.02437349054119282
"(4,1)-Isolated Two-layer MoM",isomom,avg_ll,out of sample,with noise,2d-high-weak,2,high,weak,4,1,-3.9414767,0.026203041578982775
"(4,1)-Isolated Two-layer MoM",isomom,avg_ll,out of sample,with noise,2d-low-ind,2,low,ind,4,1,-3.4687481000000004,0.026438854087203555
"(4,1)-Isolated Two-layer MoM",isomom,avg_ll,out of sample,with noise,2d-low-strong,2,low,strong,4,1,-3.3189235000000004,0.027919572598643267
"(4,1)-Isolated Two-layer MoM",isomom,avg_ll,out of sample,with noise,2d-low-weak,2,low,weak,4,1,-3.4537375,0.027627642553804836
"(4,1)-Isolated Two-layer MoM",isomom,avg_ll,out of sample,with noise,3d-high-ind,3,high,ind,4,1,-5.6787604,0.036580575402911264
"(4,1)-Isolated Two-layer MoM",isomom,avg_ll,out of sample,with noise,3d-high-strong,3,high,strong,4,1,-5.7199119,0.03896289059898243
"(4,1)-Isolated Two-layer MoM",isomom,avg_ll,out of sample,with noise,3d-high-weak,3,high,weak,4,1,-5.7148768,0.035292190708570266
"(4,1)-Isolated Two-layer MoM",isomom,avg_ll,out of sample,with noise,3d-low-ind,3,low,ind,4,1,-5.1380675,0.03816784148979207
"(4,1)-Isolated Two-layer MoM",isomom,avg_ll,out of sample,with noise,3d-low-strong,3,low,strong,4,1,-4.966404600000001,0.044255387606048614
"(4,1)-Isolated Two-layer MoM",isomom,avg_ll,out of sample,with noise,3d-low-weak,3,low,weak,4,1,-5.1228511,0.03935029133400051
"(4,1)-Isolated Two-layer MoM",isomom,bic,in sample,no noise,2d-high-ind,2,high,ind,4,1,62310.6692399,226.43033983401997
"(4,1)-Isolated Two-layer MoM",isomom,bic,in sample,no noise,2d-high-strong,2,high,strong,4,1,62656.5144424,230.34293540508716
"(4,1)-Isolated Two-layer MoM",isomom,bic,in sample,no noise,2d-high-weak,2,high,weak,4,1,62753.78544,223.83614908040934
"(4,1)-Isolated Two-layer MoM",isomom,bic,in sample,no noise,2d-low-ind,2,low,ind,4,1,55202.8977412,239.5008441340538
"(4,1)-Isolated Two-layer MoM",isomom,bic,in sample,no noise,2d-low-strong,2,low,strong,4,1,52751.4659636,282.9719626467718
"(4,1)-Isolated Two-layer MoM",isomom,bic,in sample,no noise,2d-low-weak,2,low,weak,4,1,54974.4879904,233.95996197066353
"(4,1)-Isolated Two-layer MoM",isomom,bic,in sample,no noise,3d-high-ind,3,high,ind,4,1,90243.6775744,247.42596534188016
"(4,1)-Isolated Two-layer MoM",isomom,bic,in sample,no noise,3d-high-strong,3,high,strong,4,1,90976.96033639999,309.14407814767486
"(4,1)-Isolated Two-layer MoM",isomom,bic,in sample,no noise,3d-high-weak,3,high,weak,4,1,90838.23358880001,245.45975347135604
"(4,1)-Isolated Two-layer MoM",isomom,bic,in sample,no noise,3d-low-ind,3,low,ind,4,1,81790.2326238,255.63179254373438
"(4,1)-Isolated Two-layer MoM",isomom,bic,in sample,no noise,3d-low-strong,3,low,strong,4,1,78947.7083976,414.0042437585953
"(4,1)-Isolated Two-layer MoM",isomom,bic,in sample,no noise,3d-low-weak,3,low,weak,4,1,81529.1366835,261.2905309537746
"(4,1)-Isolated Two-layer MoM",isomom,bic,in sample,with noise,2d-high-ind,2,high,ind,4,1,62856.8009473,226.40371566828668
"(4,1)-Isolated Two-layer MoM",isomom,bic,in sample,with noise,2d-high-strong,2,high,strong,4,1,63210.9717535,237.4529991872295
"(4,1)-Isolated Two-layer MoM",isomom,bic,in sample,with noise,2d-high-weak,2,high,weak,4,1,63294.0058935,228.230356217986
"(4,1)-Isolated Two-layer MoM",isomom,bic,in sample,with noise,2d-low-ind,2,low,ind,4,1,55700.0805404,238.50535788801693
"(4,1)-Isolated Two-layer MoM",isomom,bic,in sample,with noise,2d-low-strong,2,low,strong,4,1,53372.95584839999,294.81147652160155
"(4,1)-Isolated Two-layer MoM",isomom,bic,in sample,with noise,2d-low-weak,2,low,weak,4,1,55488.465621100004,238.31612674254254
"(4,1)-Isolated Two-layer MoM",isomom,bic,in sample,with noise,3d-high-ind,3,high,ind,4,1,91255.86615189999,249.14043491810168
"(4,1)-Isolated Two-layer MoM",isomom,bic,in sample,with noise,3d-high-strong,3,high,strong,4,1,91958.7498312,324.97480522694894
"(4,1)-Isolated Two-layer MoM",isomom,bic,in sample,with noise,3d-high-weak,3,high,weak,4,1,91825.4196506,251.4857696226238
"(4,1)-Isolated Two-layer MoM",isomom,bic,in sample,with noise,3d-low-ind,3,low,ind,4,1,82635.4045331,262.98207483445395
"(4,1)-Isolated Two-layer MoM",isomom,bic,in sample,with noise,3d-low-strong,3,low,strong,4,1,79909.345785,405.3570685664641
"(4,1)-Isolated Two-layer MoM",isomom,bic,in sample,with noise,3d-low-weak,3,low,weak,4,1,82389.6013215,266.35415275784027
"(4,1)-Isolated Two-layer MoM",isomom,bic,out of sample,no noise,2d-high-ind,2,high,ind,4,1,15769.90861,96.12007692966927
"(4,1)-Isolated Two-layer MoM",isomom,bic,out of sample,no noise,2d-high-strong,2,high,strong,4,1,15835.1287883,97.63418157313852
"(4,1)-Isolated Two-layer MoM",isomom,bic,out of sample,no noise,2d-high-weak,2,high,weak,4,1,15867.2739466,104.33710694169636
"(4,1)-Isolated Two-layer MoM",isomom,bic,out of sample,no noise,2d-low-ind,2,low,ind,4,1,13984.101999999999,105.1392558431898
"(4,1)-Isolated Two-layer MoM",isomom,bic,out of sample,no noise,2d-low-strong,2,low,strong,4,1,13357.557528899999,116.11277477225808
"(4,1)-Isolated Two-layer MoM",isomom,bic,out of sample,no noise,2d-low-weak,2,low,weak,4,1,13922.117588,110.48341463191569
"(4,1)-Isolated Two-layer MoM",isomom,bic,out of sample,no noise,3d-high-ind,3,high,ind,4,1,22847.649730600002,149.6347248985113
"(4,1)-Isolated Two-layer MoM",isomom,bic,out of sample,no noise,3d-high-strong,3,high,strong,4,1,23023.3725446,158.8247017415178
"(4,1)-Isolated Two-layer MoM",isomom,bic,out of sample,no noise,3d-high-weak,3,high,weak,4,1,22999.251482199998,145.00014008814787
"(4,1)-Isolated Two-layer MoM",isomom,bic,out of sample,no noise,3d-low-ind,3,low,ind,4,1,20726.3333847,156.5302930021467
"(4,1)-Isolated Two-layer MoM",isomom,bic,out of sample,no noise,3d-low-strong,3,low,strong,4,1,20013.849781200002,185.8446008143033
"(4,1)-Isolated Two-layer MoM",isomom,bic,out of sample,no noise,3d-low-weak,3,low,weak,4,1,20662.6843223,159.36355675415552
"(4,1)-Isolated Two-layer MoM",isomom,bic,out of sample,with noise,2d-high-ind,2,high,ind,4,1,15908.3517393,94.65569852145758
"(4,1)-Isolated Two-layer MoM",isomom,bic,out of sample,with noise,2d-high-strong,2,high,strong,4,1,15972.0660839,97.49449658212897
"(4,1)-Isolated Two-layer MoM",isomom,bic,out of sample,with noise,2d-high-weak,2,high,weak,4,1,16001.5327939,104.81327884849821
"(4,1)-Isolated Two-layer MoM",isomom,bic,out of sample,with noise,2d-low-ind,2,low,ind,4,1,14110.6196732,105.75726356398427
"(4,1)-Isolated Two-layer MoM",isomom,bic,out of sample,with noise,2d-low-strong,2,low,strong,4,1,13511.322778900001,111.677228911634
"(4,1)-Isolated Two-layer MoM",isomom,bic,out of sample,with noise,2d-low-weak,2,low,weak,4,1,14050.5790322,110.50914905855497
"(4,1)-Isolated Two-layer MoM",isomom,bic,out of sample,with noise,3d-high-ind,3,high,ind,4,1,23102.6863226,146.32296725536318
"(4,1)-Isolated Two-layer MoM",isomom,bic,out of sample,with noise,3d-high-strong,3,high,strong,4,1,23267.294235100002,155.85154505744813
"(4,1)-Isolated Two-layer MoM",isomom,bic,out of sample,with noise,3d-high-weak,3,high,weak,4,1,23247.1542362,141.1699410040088
"(4,1)-Isolated Two-layer MoM",isomom,bic,out of sample,with noise,3d-low-ind,3,low,ind,4,1,20939.9147585,152.6700631503987
"(4,1)-Isolated Two-layer MoM",isomom,bic,out of sample,with noise,3d-low-strong,3,low,strong,4,1,20253.2652386,177.02211224446955
"(4,1)-Isolated Two-layer MoM",isomom,bic,out of sample,with noise,3d-low-weak,3,low,weak,4,1,20879.049952100002,157.40027826957697
"(4,1)-Isolated Two-layer MoM",isomom,em_iters,training,no noise,2d-high-ind,2,high,ind,4,1,40.52,1.0586822378825853
"(4,1)-Isolated Two-layer MoM",isomom,em_iters,training,no noise,2d-high-strong,2,high,strong,4,1,40.42,1.1475049789729366
"(4,1)-Isolated Two-layer MoM",isomom,em_iters,training,no noise,2d-high-weak,2,high,weak,4,1,40.48,1.1053588475324099
"(4,1)-Isolated Two-layer MoM",isomom,em_iters,training,no noise,2d-low-ind,2,low,ind,4,1,43.08,1.3756908273755608
"(4,1)-Isolated Two-layer MoM",isomom,em_iters,training,no noise,2d-low-strong,2,low,strong,4,1,43.22,1.1856038822712114
"(4,1)-Isolated Two-layer MoM",isomom,em_iters,training,no noise,2d-low-weak,2,low,weak,4,1,43.13,1.2031524249137169
"(4,1)-Isolated Two-layer MoM",isomom,em_iters,training,no noise,3d-high-ind,3,high,ind,4,1,40.73,1.2701308291795477
"(4,1)-Isolated Two-layer MoM",isomom,em_iters,training,no noise,3d-high-strong,3,high,strong,4,1,40.67,1.3337499349161699
"(4,1)-Isolated Two-layer MoM",isomom,em_iters,training,no noise,3d-high-weak,3,high,weak,4,1,40.8,1.4494861506789587
"(4,1)-Isolated Two-layer MoM",isomom,em_iters,training,no noise,3d-low-ind,3,low,ind,4,1,43.61,1.30186346628534
"(4,1)-Isolated Two-layer MoM",isomom,em_iters,training,no noise,3d-low-strong,3,low,strong,4,1,43.85,1.4310764472870754
"(4,1)-Isolated Two-layer MoM",isomom,em_iters,training,no noise,3d-low-weak,3,low,weak,4,1,43.8,1.3706888336846839
"(4,1)-Isolated Two-layer MoM",isomom,em_iters,training,with noise,2d-high-ind,2,high,ind,4,1,40.6,1.0150384378451045
"(4,1)-Isolated Two-layer MoM",isomom,em_iters,training,with noise,2d-high-strong,2,high,strong,4,1,40.57,1.1742609969205682
"(4,1)-Isolated Two-layer MoM",isomom,em_iters,training,with noise,2d-high-weak,2,high,weak,4,1,40.63,1.177696776326444
"(4,1)-Isolated Two-layer MoM",isomom,em_iters,training,with noise,2d-low-ind,2,low,ind,4,1,42.94,1.2376256185604644
"(4,1)-Isolated Two-layer MoM",isomom,em_iters,training,with noise,2d-low-strong,2,low,strong,4,1,43.04,1.246571054508886
"(4,1)-Isolated Two-layer MoM",isomom,em_iters,training,with noise,2d-low-weak,2,low,weak,4,1,43.04,1.162720599249533
"(4,1)-Isolated Two-layer MoM",isomom,em_iters,training,with noise,3d-high-ind,3,high,ind,4,1,40.86,1.1548754797541487
"(4,1)-Isolated Two-layer MoM",isomom,em_iters,training,with noise,3d-high-strong,3,high,strong,4,1,40.73,1.4829332112711309
"(4,1)-Isolated Two-layer MoM",isomom,em_iters,training,with noise,3d-high-weak,3,high,weak,4,1,40.75,1.424000624219589
"(4,1)-Isolated Two-layer MoM",isomom,em_iters,training,with noise,3d-low-ind,3,low,ind,4,1,43.7,1.3669992204412071
"(4,1)-Isolated Two-layer MoM",isomom,em_iters,training,with noise,3d-low-strong,3,low,strong,4,1,43.72,1.3187076624445238
"(4,1)-Isolated Two-layer MoM",isomom,em_iters,training,with noise,3d-low-weak,3,low,weak,4,1,43.82,1.3953747550642825
"(4,1)-Isolated Two-layer MoM",isomom,gmpd,in sample,no noise,2d-high-ind,2,high,ind,4,1,0.020714899999999998,0.0002930904469630666
"(4,1)-Isolated Two-layer MoM",isomom,gmpd,in sample,no noise,2d-high-strong,2,high,strong,4,1,0.020272199999999997,0.0002912445603601787
"(4,1)-Isolated Two-layer MoM",isomom,gmpd,in sample,no noise,2d-high-weak,2,high,weak,4,1,0.0201492,0.000281660588064228
"(4,1)-Isolated Two-layer MoM",isomom,gmpd,in sample,no noise,2d-low-ind,2,low,ind,4,1,0.032301500000000004,0.0004828709909897193
"(4,1)-Isolated Two-layer MoM",isomom,gmpd,in sample,no noise,2d-low-strong,2,low,strong,4,1,0.0376511,0.0006663997874907198
"(4,1)-Isolated Two-layer MoM",isomom,gmpd,in sample,no noise,2d-low-weak,2,low,weak,4,1,0.0327652,0.00047791102675597414
"(4,1)-Isolated Two-layer MoM",isomom,gmpd,in sample,no noise,3d-high-ind,3,high,ind,4,1,0.0036555,5.677129378462153e-05
"(4,1)-Isolated Two-layer MoM",isomom,gmpd,in sample,no noise,3d-high-strong,3,high,strong,4,1,0.0034921999999999996,6.780214829289196e-05
"(4,1)-Isolated Two-layer MoM",isomom,gmpd,in sample,no noise,3d-high-weak,3,high,weak,4,1,0.0035225,5.44276927434347e-05
"(4,1)-Isolated Two-layer MoM",isomom,gmpd,in sample,no noise,3d-low-ind,3,low,ind,4,1,0.006200799999999999,9.879761989526713e-05
"(4,1)-Isolated Two-layer MoM",isomom,gmpd,in sample,no noise,3d-low-strong,3,low,strong,4,1,0.0074074,0.00019020786078138382
"(4,1)-Isolated Two-layer MoM",isomom,gmpd,in sample,no noise,3d-low-weak,3,low,weak,4,1,0.0063032,0.00010277837291664981
"(4,1)-Isolated Two-layer MoM",isomom,gmpd,in sample,with noise,2d-high-ind,2,high,ind,4,1,0.0200194,0.0002825991200026338
"(4,1)-Isolated Two-layer MoM",isomom,gmpd,in sample,with noise,2d-high-strong,2,high,strong,4,1,0.0195818,0.00029038942853006874
"(4,1)-Isolated Two-layer MoM",isomom,gmpd,in sample,with noise,2d-high-weak,2,high,weak,4,1,0.0194799,0.0002774031635571507
"(4,1)-Isolated Two-layer MoM",isomom,gmpd,in sample,with noise,2d-low-ind,2,low,ind,4,1,0.031312099999999995,0.0004654123728132673
"(4,1)-Isolated Two-layer MoM",isomom,gmpd,in sample,with noise,2d-low-strong,2,low,strong,4,1,0.0362166,0.00066888301282697
"(4,1)-Isolated Two-layer MoM",isomom,gmpd,in sample,with noise,2d-low-weak,2,low,weak,4,1,0.0317297,0.00047178246784900554
"(4,1)-Isolated Two-layer MoM",isomom,gmpd,in sample,with noise,3d-high-ind,3,high,ind,4,1,0.0034311999999999997,5.318692024218438e-05
"(4,1)-Isolated Two-layer MoM",isomom,gmpd,in sample,with noise,3d-high-strong,3,high,strong,4,1,0.0032845,6.673292162256068e-05
"(4,1)-Isolated Two-layer MoM",isomom,gmpd,in sample,with noise,3d-high-weak,3,high,weak,4,1,0.0033115,5.263510753721842e-05
"(4,1)-Isolated Two-layer MoM",isomom,gmpd,in sample,with noise,3d-low-ind,3,low,ind,4,1,0.0058814,9.643147983428591e-05
"(4,1)-Isolated Two-layer MoM",isomom,gmpd,in sample,with noise,3d-low-strong,3,low,strong,4,1,0.0069754000000000005,0.00017597302364426504
"(4,1)-Isolated Two-layer MoM",isomom,gmpd,in sample,with noise,3d-low-weak,3,low,weak,4,1,0.0059724999999999995,9.942638513295167e-05
"(4,1)-Isolated Two-layer MoM",isomom,gmpd,out of sample,no noise,2d-high-ind,2,high,ind,4,1,0.020583200000000003,0.0004966409999469266
"(4,1)-Isolated Two-layer MoM",isomom,gmpd,out of sample,no noise,2d-high-strong,2,high,strong,4,1,0.020250499999999998,0.0004943486174306097
"(4,1)-Isolated Two-layer MoM",isomom,gmpd,out of sample,no noise,2d-high-weak,2,high,weak,4,1,0.0200896,0.0005263115795684904
"(4,1)-Isolated Two-layer MoM",isomom,gmpd,out of sample,no noise,2d-low-ind,2,low,ind,4,1,0.0321684,0.0008490740292051742
"(4,1)-Isolated Two-layer MoM",isomom,gmpd,out of sample,no noise,2d-low-strong,2,low,strong,4,1,0.0376259,0.0010929998521352505
"(4,1)-Isolated Two-layer MoM",isomom,gmpd,out of sample,no noise,2d-low-weak,2,low,weak,4,1,0.0326717,0.0009070365277243591
"(4,1)-Isolated Two-layer MoM",isomom,gmpd,out of sample,no noise,3d-high-ind,3,high,ind,4,1,0.0036454000000000005,0.00013674735238328523
"(4,1)-Isolated Two-layer MoM",isomom,gmpd,out of sample,no noise,3d-high-strong,3,high,strong,4,1,0.0034893000000000003,0.00013933648684266652
"(4,1)-Isolated Two-layer MoM",isomom,gmpd,out of sample,no noise,3d-high-weak,3,high,weak,4,1,0.0035099000000000003,0.0001278216481562248
"(4,1)-Isolated Two-layer MoM",isomom,gmpd,out of sample,no noise,3d-low-ind,3,low,ind,4,1,0.0061954,0.00024354876308452076
"(4,1)-Isolated Two-layer MoM",isomom,gmpd,out of sample,no noise,3d-low-strong,3,low,strong,4,1,0.007406,0.0003445037420447395
"(4,1)-Isolated Two-layer MoM",isomom,gmpd,out of sample,no noise,3d-low-weak,3,low,weak,4,1,0.0062951000000000005,0.0002513297765201262
"(4,1)-Isolated Two-layer MoM",isomom,gmpd,out of sample,with noise,2d-high-ind,2,high,ind,4,1,0.0198826,0.0004729247489631078
"(4,1)-Isolated Two-layer MoM",isomom,gmpd,out of sample,with noise,2d-high-strong,2,high,strong,4,1,0.0195689,0.0004776222568118239
"(4,1)-Isolated Two-layer MoM",isomom,gmpd,out of sample,with noise,2d-high-weak,2,high,weak,4,1,0.019426699999999998,0.0005110398490066373
"(4,1)-Isolated Two-layer MoM",isomom,gmpd,out of sample,with noise,2d-low-ind,2,low,ind,4,1,0.0311671,0.0008276708160844974
"(4,1)-Isolated Two-layer MoM",isomom,gmpd,out of sample,with noise,2d-low-strong,2,low,strong,4,1,0.036206,0.001010337477371703
"(4,1)-Isolated Two-layer MoM",isomom,gmpd,out of sample,with noise,2d-low-weak,2,low,weak,4,1,0.0316392,0.0008770562332961532
"(4,1)-Isolated Two-layer MoM",isomom,gmpd,out of sample,with noise,3d-high-ind,3,high,ind,4,1,0.0034203,0.0001255569813095057
"(4,1)-Isolated Two-layer MoM",isomom,gmpd,out of sample,with noise,3d-high-strong,3,high,strong,4,1,0.0032828,0.00012859049401691848
"(4,1)-Isolated Two-layer MoM",isomom,gmpd,out of sample,with noise,3d-high-weak,3,high,weak,4,1,0.0032992,0.00011723825348753744
"(4,1)-Isolated Two-layer MoM",isomom,gmpd,out of sample,with noise,3d-low-ind,3,low,ind,4,1,0.0058738,0.00022503324109108766
"(4,1)-Isolated Two-layer MoM",isomom,gmpd,out of sample,with noise,3d-low-strong,3,low,strong,4,1,0.0069746,0.00031041978745634816
"(4,1)-Isolated Two-layer MoM",isomom,gmpd,out of sample,with noise,3d-low-weak,3,low,weak,4,1,0.0059635,0.0002354508891725007
"(4,1)-Isolated Two-layer MoM",isomom,training_time,training,no noise,2d-high-ind,2,high,ind,4,1,386.3006,87.58250820266973
"(4,1)-Isolated Two-layer MoM",isomom,training_time,training,no noise,2d-high-strong,2,high,strong,4,1,395.0782,84.53235302437987
"(4,1)-Isolated Two-layer MoM",isomom,training_time,training,no noise,2d-high-weak,2,high,weak,4,1,368.0807,86.57789427026235
"(4,1)-Isolated Two-layer MoM",isomom,training_time,training,no noise,2d-low-ind,2,low,ind,4,1,415.3977,81.76051021128784
"(4,1)-Isolated Two-layer MoM",isomom,training_time,training,no noise,2d-low-strong,2,low,strong,4,1,425.4605,82.53904828423131
"(4,1)-Isolated Two-layer MoM",isomom,training_time,training,no noise,2d-low-weak,2,low,weak,4,1,413.2256,84.08421698571622
"(4,1)-Isolated Two-layer MoM",isomom,training_time,training,no noise,3d-high-ind,3,high,ind,4,1,395.957,81.97342015013838
"(4,1)-Isolated Two-layer MoM",isomom,training_time,training,no noise,3d-high-strong,3,high,strong,4,1,433.43909999999994,77.98712763629389
"(4,1)-Isolated Two-layer MoM",isomom,training_time,training,no noise,3d-high-weak,3,high,weak,4,1,409.2267,85.80591912966649
"(4,1)-Isolated Two-layer MoM",isomom,training_time,training,no noise,3d-low-ind,3,low,ind,4,1,427.4892,82.56969237161681
"(4,1)-Isolated Two-layer MoM",isomom,training_time,training,no noise,3d-low-strong,3,low,strong,4,1,431.4143,93.86026886399922
"(4,1)-Isolated Two-layer MoM",isomom,training_time,training,no noise,3d-low-weak,3,low,weak,4,1,418.8517,81.3986453496468
"(4,1)-Isolated Two-layer MoM",isomom,training_time,training,with noise,2d-high-ind,2,high,ind,4,1,402.23409999999996,81.02526559560532
"(4,1)-Isolated Two-layer MoM",isomom,training_time,training,with noise,2d-high-strong,2,high,strong,4,1,401.9634,81.01957737248546
"(4,1)-Isolated Two-layer MoM",isomom,training_time,training,with noise,2d-high-weak,2,high,weak,4,1,387.9132,82.5608091520328
"(4,1)-Isolated Two-layer MoM",isomom,training_time,training,with noise,2d-low-ind,2,low,ind,4,1,405.2877,83.53124676170981
"(4,1)-Isolated Two-layer MoM",isomom,training_time,training,with noise,2d-low-strong,2,low,strong,4,1,422.9758,88.98957066551293
"(4,1)-Isolated Two-layer MoM",isomom,training_time,training,with noise,2d-low-weak,2,low,weak,4,1,412.0064,84.92199044803748
"(4,1)-Isolated Two-layer MoM",isomom,training_time,training,with noise,3d-high-ind,3,high,ind,4,1,413.3437,74.54784077999575
"(4,1)-Isolated Two-layer MoM",isomom,training_time,training,with noise,3d-high-strong,3,high,strong,4,1,414.4414,87.32707896896883
"(4,1)-Isolated Two-layer MoM",isomom,training_time,training,with noise,3d-high-weak,3,high,weak,4,1,419.4747,78.9157565075671
"(4,1)-Isolated Two-layer MoM",isomom,training_time,training,with noise,3d-low-ind,3,low,ind,4,1,418.8416,81.12493652821597
"(4,1)-Isolated Two-layer MoM",isomom,training_time,training,with noise,3d-low-strong,3,low,strong,4,1,436.5082,80.8053936891129
"(4,1)-Isolated Two-layer MoM",isomom,training_time,training,with noise,3d-low-weak,3,low,weak,4,1,431.971,82.24654298712704
"(4,1)-Two-layer MoM",mom,aic,in sample,no noise,2d-high-ind,2,high,ind,4,1,61915.0082855,226.09838335234855
"(4,1)-Two-layer MoM",mom,aic,in sample,no noise,2d-high-strong,2,high,strong,4,1,61822.519506799996,268.94259524636936
"(4,1)-Two-layer MoM",mom,aic,in sample,no noise,2d-high-weak,2,high,weak,4,1,62407.51064,221.49064674550303
"(4,1)-Two-layer MoM",mom,aic,in sample,no noise,2d-low-ind,2,low,ind,4,1,54970.5726977,239.781441727843
"(4,1)-Two-layer MoM",mom,aic,in sample,no noise,2d-low-strong,2,low,strong,4,1,48413.749017099995,267.610175408943
"(4,1)-Two-layer MoM",mom,aic,in sample,no noise,2d-low-weak,2,low,weak,4,1,54445.3015879,237.76992857595707
"(4,1)-Two-layer MoM",mom,aic,in sample,no noise,3d-high-ind,3,high,ind,4,1,89544.47017829999,241.87691723212765
"(4,1)-Two-layer MoM",mom,aic,in sample,no noise,3d-high-strong,3,high,strong,4,1,87961.9607171,303.9232914983892
"(4,1)-Two-layer MoM",mom,aic,in sample,no noise,3d-high-weak,3,high,weak,4,1,90016.7896853,274.83812420826655
"(4,1)-Two-layer MoM",mom,aic,in sample,no noise,3d-low-ind,3,low,ind,4,1,81347.1821013,255.37710499772385
"(4,1)-Two-layer MoM",mom,aic,in sample,no noise,3d-low-strong,3,low,strong,4,1,74752.575335,319.3283946359013
"(4,1)-Two-layer MoM",mom,aic,in sample,no noise,3d-low-weak,3,low,weak,4,1,80615.35166829999,255.5913899368331
"(4,1)-Two-layer MoM",mom,aic,in sample,with noise,2d-high-ind,2,high,ind,4,1,62465.689304600004,226.75808681382603
"(4,1)-Two-layer MoM",mom,aic,in sample,with noise,2d-high-strong,2,high,strong,4,1,62401.3403361,253.92847133775248
"(4,1)-Two-layer MoM",mom,aic,in sample,with noise,2d-high-weak,2,high,weak,4,1,62953.65468190001,224.66828913784192
"(4,1)-Two-layer MoM",mom,aic,in sample,with noise,2d-low-ind,2,low,ind,4,1,55469.355894600005,238.84523437417803
"(4,1)-Two-layer MoM",mom,aic,in sample,with noise,2d-low-strong,2,low,strong,4,1,49306.24087740001,272.8581531192154
"(4,1)-Two-layer MoM",mom,aic,in sample,with noise,2d-low-weak,2,low,weak,4,1,54979.09234160001,240.09729726582398
"(4,1)-Two-layer MoM",mom,aic,in sample,with noise,3d-high-ind,3,high,ind,4,1,90561.3771321,249.15782730844072
"(4,1)-Two-layer MoM",mom,aic,in sample,with noise,3d-high-strong,3,high,strong,4,1,89100.136358,346.05256557784304
"(4,1)-Two-layer MoM",mom,aic,in sample,with noise,3d-high-weak,3,high,weak,4,1,91018.30707210001,281.8830636338746
"(4,1)-Two-layer MoM",mom,aic,in sample,with noise,3d-low-ind,3,low,ind,4,1,82199.7405987,258.7751771096855
"(4,1)-Two-layer MoM",mom,aic,in sample,with noise,3d-low-strong,3,low,strong,4,1,75927.98784799999,322.9359435951519
"(4,1)-Two-layer MoM",mom,aic,in sample,with noise,3d-low-weak,3,low,weak,4,1,81504.61090839999,259.9439674375754
"(4,1)-Two-layer MoM",mom,aic,out of sample,no noise,2d-high-ind,2,high,ind,4,1,15554.9656457,96.24144686857291
"(4,1)-Two-layer MoM",mom,aic,out of sample,no noise,2d-high-strong,2,high,strong,4,1,15522.4774315,98.96006103280172
"(4,1)-Two-layer MoM",mom,aic,out of sample,no noise,2d-high-weak,2,high,weak,4,1,15661.986466900002,103.00357602761454
"(4,1)-Two-layer MoM",mom,aic,out of sample,no noise,2d-low-ind,2,low,ind,4,1,13809.490243299999,105.30108658270447
"(4,1)-Two-layer MoM",mom,aic,out of sample,no noise,2d-low-strong,2,low,strong,4,1,12157.782052800001,103.08989341580593
"(4,1)-Two-layer MoM",mom,aic,out of sample,no noise,2d-low-weak,2,low,weak,4,1,13675.892091000002,110.05398450842733
"(4,1)-Two-layer MoM",mom,aic,out of sample,no noise,3d-high-ind,3,high,ind,4,1,22482.180750199997,149.81401818325554
"(4,1)-Two-layer MoM",mom,aic,out of sample,no noise,3d-high-strong,3,high,strong,4,1,22087.7573319,152.37127423957224
"(4,1)-Two-layer MoM",mom,aic,out of sample,no noise,3d-high-weak,3,high,weak,4,1,22608.6732481,149.070455663746
"(4,1)-Two-layer MoM",mom,aic,out of sample,no noise,3d-low-ind,3,low,ind,4,1,20426.164388999998,155.5639067974806
"(4,1)-Two-layer MoM",mom,aic,out of sample,no noise,3d-low-strong,3,low,strong,4,1,18792.107052,177.4454627584282
"(4,1)-Two-layer MoM",mom,aic,out of sample,no noise,3d-low-weak,3,low,weak,4,1,20245.3820604,158.66566144500908
"(4,1)-Two-layer MoM",mom,aic,out of sample,with noise,2d-high-ind,2,high,ind,4,1,15694.068722900001,94.29639979391773
"(4,1)-Two-layer MoM",mom,aic,out of sample,with noise,2d-high-strong,2,high,strong,4,1,15663.069049599999,99.05824044630754
"(4,1)-Two-layer MoM",mom,aic,out of sample,with noise,2d-high-weak,2,high,weak,4,1,15797.4887114,104.10124255262448
"(4,1)-Two-layer MoM",mom,aic,out of sample,with noise,2d-low-ind,2,low,ind,4,1,13936.2540156,105.57840683420967
"(4,1)-Two-layer MoM",mom,aic,out of sample,with noise,2d-low-strong,2,low,strong,4,1,12381.2528991,105.29093630434429
"(4,1)-Two-layer MoM",mom,aic,out of sample,with noise,2d-low-weak,2,low,weak,4,1,13809.440155,110.57199909899036
"(4,1)-Two-layer MoM",mom,aic,out of sample,with noise,3d-high-ind,3,high,ind,4,1,22737.6470984,147.48867641763132
"(4,1)-Two-layer MoM",mom,aic,out of sample,with noise,3d-high-strong,3,high,strong,4,1,22369.8885957,155.81475345140979
"(4,1)-Two-layer MoM",mom,aic,out of sample,with noise,3d-high-weak,3,high,weak,4,1,22859.9338134,147.68071273129092
"(4,1)-Two-layer MoM",mom,aic,out of sample,with noise,3d-low-ind,3,low,ind,4,1,20641.755572500002,153.28099165267156
"(4,1)-Two-layer MoM",mom,aic,out of sample,with noise,3d-low-strong,3,low,strong,4,1,19077.9907518,174.72194418048326
"(4,1)-Two-layer MoM",mom,aic,out of sample,with noise,3d-low-weak,3,low,weak,4,1,20469.5481979,159.51130264870133
"(4,1)-Two-layer MoM",mom,ari,in sample,no noise,2d-high-ind,2,high,ind,4,1,0.2586775,0.024397691949746957
"(4,1)-Two-layer MoM",mom,ari,in sample,no noise,2d-high-strong,2,high,strong,4,1,0.12698299999999998,0.04121771923321181
"(4,1)-Two-layer MoM",mom,ari,in sample,no noise,2d-high-weak,2,high,weak,4,1,0.24736719999999998,0.016910172425931902
"(4,1)-Two-layer MoM",mom,ari,in sample,no noise,2d-low-ind,2,low,ind,4,1,0.012559899999999999,0.001850969440235811
"(4,1)-Two-layer MoM",mom,ari,in sample,no noise,2d-low-strong,2,low,strong,4,1,0.0011848,0.0005579552858519229
"(4,1)-Two-layer MoM",mom,ari,in sample,no noise,2d-low-weak,2,low,weak,4,1,0.0018046000000000002,0.0010890301681178109
"(4,1)-Two-layer MoM",mom,ari,in sample,no noise,3d-high-ind,3,high,ind,4,1,0.380285,0.02345793998809037
"(4,1)-Two-layer MoM",mom,ari,in sample,no noise,3d-high-strong,3,high,strong,4,1,0.0774701,0.032792094683433574
"(4,1)-Two-layer MoM",mom,ari,in sample,no noise,3d-high-weak,3,high,weak,4,1,0.2839096,0.03251103349369691
"(4,1)-Two-layer MoM",mom,ari,in sample,no noise,3d-low-ind,3,low,ind,4,1,0.021017800000000003,0.0037780761979578654
"(4,1)-Two-layer MoM",mom,ari,in sample,no noise,3d-low-strong,3,low,strong,4,1,0.0011319,0.0006721902914196156
"(4,1)-Two-layer MoM",mom,ari,in sample,no noise,3d-low-weak,3,low,weak,4,1,0.0026866,0.0013963662944524364
"(4,1)-Two-layer MoM",mom,ari,in sample,with noise,2d-high-ind,2,high,ind,4,1,0.2528689,0.021076024287988458
"(4,1)-Two-layer MoM",mom,ari,in sample,with noise,2d-high-strong,2,high,strong,4,1,0.1289093,0.04347182601502734
"(4,1)-Two-layer MoM",mom,ari,in sample,with noise,2d-high-weak,2,high,weak,4,1,0.2413195,0.017013344754852725
"(4,1)-Two-layer MoM",mom,ari,in sample,with noise,2d-low-ind,2,low,ind,4,1,0.012388,0.0019263048837218125
"(4,1)-Two-layer MoM",mom,ari,in sample,with noise,2d-low-strong,2,low,strong,4,1,0.0011752,0.0005533889712809187
"(4,1)-Two-layer MoM",mom,ari,in sample,with noise,2d-low-weak,2,low,weak,4,1,0.0018662000000000002,0.0011127904501111543
"(4,1)-Two-layer MoM",mom,ari,in sample,with noise,3d-high-ind,3,high,ind,4,1,0.36512189999999994,0.024157581602444973
"(4,1)-Two-layer MoM",mom,ari,in sample,with noise,3d-high-strong,3,high,strong,4,1,0.07462640000000001,0.02997864932234138
"(4,1)-Two-layer MoM",mom,ari,in sample,with noise,3d-high-weak,3,high,weak,4,1,0.2723634,0.026919153228611305
"(4,1)-Two-layer MoM",mom,ari,in sample,with noise,3d-low-ind,3,low,ind,4,1,0.020085199999999997,0.003873840648986142
"(4,1)-Two-layer MoM",mom,ari,in sample,with noise,3d-low-strong,3,low,strong,4,1,0.0011109,0.000655220057104728
"(4,1)-Two-layer MoM",mom,ari,in sample,with noise,3d-low-weak,3,low,weak,4,1,0.0025635999999999996,0.001325301200756746
"(4,1)-Two-layer MoM",mom,ari,out of sample,no noise,2d-high-ind,2,high,ind,4,1,0.25954160000000004,0.02648203746929703
"(4,1)-Two-layer MoM",mom,ari,out of sample,no noise,2d-high-strong,2,high,strong,4,1,0.1287382,0.04260368707380652
"(4,1)-Two-layer MoM",mom,ari,out of sample,no noise,2d-high-weak,2,high,weak,4,1,0.2485054,0.01940388570999285
"(4,1)-Two-layer MoM",mom,ari,out of sample,no noise,2d-low-ind,2,low,ind,4,1,0.012848900000000002,0.0030702445844070472
"(4,1)-Two-layer MoM",mom,ari,out of sample,no noise,2d-low-strong,2,low,strong,4,1,0.0011455,0.0013011303360982527
"(4,1)-Two-layer MoM",mom,ari,out of sample,no noise,2d-low-weak,2,low,weak,4,1,0.0015921,0.0014386794555277334
"(4,1)-Two-layer MoM",mom,ari,out of sample,no noise,3d-high-ind,3,high,ind,4,1,0.38472090000000003,0.027783289800005877
"(4,1)-Two-layer MoM",mom,ari,out of sample,no noise,3d-high-strong,3,high,strong,4,1,0.0750236,0.0334231138953965
"(4,1)-Two-layer MoM",mom,ari,out of sample,no noise,3d-high-weak,3,high,weak,4,1,0.2846845,0.03348095995555465
"(4,1)-Two-layer MoM",mom,ari,out of sample,no noise,3d-low-ind,3,low,ind,4,1,0.0213654,0.005350693039223983
"(4,1)-Two-layer MoM",mom,ari,out of sample,no noise,3d-low-strong,3,low,strong,4,1,0.0010084,0.0011977931896836472
"(4,1)-Two-layer MoM",mom,ari,out of sample,no noise,3d-low-weak,3,low,weak,4,1,0.0023532,0.001999972161422415
"(4,1)-Two-layer MoM",mom,ari,out of sample,with noise,2d-high-ind,2,high,ind,4,1,0.2529086,0.024561713329011994
"(4,1)-Two-layer MoM",mom,ari,out of sample,with noise,2d-high-strong,2,high,strong,4,1,0.1295454,0.04268892114738053
"(4,1)-Two-layer MoM",mom,ari,out of sample,with noise,2d-high-weak,2,high,weak,4,1,0.2418672,0.020070759477912193
"(4,1)-Two-layer MoM",mom,ari,out of sample,with noise,2d-low-ind,2,low,ind,4,1,0.0125485,0.0030931225029380604
"(4,1)-Two-layer MoM",mom,ari,out of sample,with noise,2d-low-strong,2,low,strong,4,1,0.0011588,0.0012781491353207619
"(4,1)-Two-layer MoM",mom,ari,out of sample,with noise,2d-low-weak,2,low,weak,4,1,0.001676,0.0014925031512749499
"(4,1)-Two-layer MoM",mom,ari,out of sample,with noise,3d-high-ind,3,high,ind,4,1,0.368663,0.026639625588869512
"(4,1)-Two-layer MoM",mom,ari,out of sample,with noise,3d-high-strong,3,high,strong,4,1,0.0730827,0.031190701568793472
"(4,1)-Two-layer MoM",mom,ari,out of sample,with noise,3d-high-weak,3,high,weak,4,1,0.2726147,0.030669839936446886
"(4,1)-Two-layer MoM",mom,ari,out of sample,with noise,3d-low-ind,3,low,ind,4,1,0.0198583,0.005235047211155817
"(4,1)-Two-layer MoM",mom,ari,out of sample,with noise,3d-low-strong,3,low,strong,4,1,0.0010014000000000002,0.0011706538102420985
"(4,1)-Two-layer MoM",mom,ari,out of sample,with noise,3d-low-weak,3,low,weak,4,1,0.0024365,0.0020875409026416755
"(4,1)-Two-layer MoM",mom,avg_ll,in sample,no noise,2d-high-ind,2,high,ind,4,1,-3.8658129000000003,0.014131057299223504
"(4,1)-Two-layer MoM",mom,avg_ll,in sample,no noise,2d-high-strong,2,high,strong,4,1,-3.8600326000000003,0.0168091101213215
"(4,1)-Two-layer MoM",mom,avg_ll,in sample,no noise,2d-high-weak,2,high,weak,4,1,-3.8965948,0.013843350697914744
"(4,1)-Two-layer MoM",mom,avg_ll,in sample,no noise,2d-low-ind,2,low,ind,4,1,-3.4317854999999997,0.01498632928385202
"(4,1)-Two-layer MoM",mom,avg_ll,in sample,no noise,2d-low-strong,2,low,strong,4,1,-3.0219844,0.016726131875456154
"(4,1)-Two-layer MoM",mom,avg_ll,in sample,no noise,2d-low-weak,2,low,weak,4,1,-3.3989563,0.014860974291034548
"(4,1)-Two-layer MoM",mom,avg_ll,in sample,no noise,3d-high-ind,3,high,ind,4,1,-5.5901547,0.015117451648791155
"(4,1)-Two-layer MoM",mom,avg_ll,in sample,no noise,3d-high-strong,3,high,strong,4,1,-5.4912477,0.018995099200753488
"(4,1)-Two-layer MoM",mom,avg_ll,in sample,no noise,3d-high-weak,3,high,weak,4,1,-5.619674700000001,0.017177590725751098
"(4,1)-Two-layer MoM",mom,avg_ll,in sample,no noise,3d-low-ind,3,low,ind,4,1,-5.0778239,0.01596112460880424
"(4,1)-Two-layer MoM",mom,avg_ll,in sample,no noise,3d-low-strong,3,low,strong,4,1,-4.6656606,0.019958156724467033
"(4,1)-Two-layer MoM",mom,avg_ll,in sample,no noise,3d-low-weak,3,low,weak,4,1,-5.0320846999999995,0.015974434148780806
"(4,1)-Two-layer MoM",mom,avg_ll,in sample,with noise,2d-high-ind,2,high,ind,4,1,-3.9002304,0.01417273730324058
"(4,1)-Two-layer MoM",mom,avg_ll,in sample,with noise,2d-high-strong,2,high,strong,4,1,-3.8962090999999996,0.01587049483325974
"(4,1)-Two-layer MoM",mom,avg_ll,in sample,with noise,2d-high-weak,2,high,weak,4,1,-3.9307283,0.014042010781144433
"(4,1)-Two-layer MoM",mom,avg_ll,in sample,with noise,2d-low-ind,2,low,ind,4,1,-3.4629599,0.01492742933175525
"(4,1)-Two-layer MoM",mom,avg_ll,in sample,with noise,2d-low-strong,2,low,strong,4,1,-3.0777650999999997,0.017053268029763417
"(4,1)-Two-layer MoM",mom,avg_ll,in sample,with noise,2d-low-weak,2,low,weak,4,1,-3.4323186,0.015005896485493091
"(4,1)-Two-layer MoM",mom,avg_ll,in sample,with noise,3d-high-ind,3,high,ind,4,1,-5.653711100000001,0.015572727902757794
"(4,1)-Two-layer MoM",mom,avg_ll,in sample,with noise,3d-high-strong,3,high,strong,4,1,-5.5623838999999995,0.02162790499644742
"(4,1)-Two-layer MoM",mom,avg_ll,in sample,with noise,3d-high-weak,3,high,weak,4,1,-5.6822689,0.017617752920554165
"(4,1)-Two-layer MoM",mom,avg_ll,in sample,with noise,3d-low-ind,3,low,ind,4,1,-5.1311085,0.016173375201362302
"(4,1)-Two-layer MoM",mom,avg_ll,in sample,with noise,3d-low-strong,3,low,strong,4,1,-4.739124100000001,0.02018336319067928
"(4,1)-Two-layer MoM",mom,avg_ll,in sample,with noise,3d-low-weak,3,low,weak,4,1,-5.087663099999999,0.016246839487212096
"(4,1)-Two-layer MoM",mom,avg_ll,out of sample,no noise,2d-high-ind,2,high,ind,4,1,-3.8732412,0.024060133683936332
"(4,1)-Two-layer MoM",mom,avg_ll,out of sample,no noise,2d-high-strong,2,high,strong,4,1,-3.8651198,0.024740011839491524
"(4,1)-Two-layer MoM",mom,avg_ll,out of sample,no noise,2d-high-weak,2,high,weak,4,1,-3.8999966,0.025750273518994504
"(4,1)-Two-layer MoM",mom,avg_ll,out of sample,no noise,2d-low-ind,2,low,ind,4,1,-3.4368727999999997,0.026325132481368734
"(4,1)-Two-layer MoM",mom,avg_ll,out of sample,no noise,2d-low-strong,2,low,strong,4,1,-3.0239453,0.025772500317904012
"(4,1)-Two-layer MoM",mom,avg_ll,out of sample,no noise,2d-low-weak,2,low,weak,4,1,-3.4034728000000003,0.027513316595070995
"(4,1)-Two-layer MoM",mom,avg_ll,out of sample,no noise,3d-high-ind,3,high,ind,4,1,-5.595045,0.03745377947510358
"(4,1)-Two-layer MoM",mom,avg_ll,out of sample,no noise,3d-high-strong,3,high,strong,4,1,-5.4964397,0.03809273446605018
"(4,1)-Two-layer MoM",mom,avg_ll,out of sample,no noise,3d-high-weak,3,high,weak,4,1,-5.6266679,0.03726835062317246
"(4,1)-Two-layer MoM",mom,avg_ll,out of sample,no noise,3d-low-ind,3,low,ind,4,1,-5.0810414,0.038890894549087916
"(4,1)-Two-layer MoM",mom,avg_ll,out of sample,no noise,3d-low-strong,3,low,strong,4,1,-4.6725261,0.04436059198207354
"(4,1)-Two-layer MoM",mom,avg_ll,out of sample,no noise,3d-low-weak,3,low,weak,4,1,-5.035845800000001,0.039666252077792695
"(4,1)-Two-layer MoM",mom,avg_ll,out of sample,with noise,2d-high-ind,2,high,ind,4,1,-3.9080169999999996,0.023573745561492276
"(4,1)-Two-layer MoM",mom,avg_ll,out of sample,with noise,2d-high-strong,2,high,strong,4,1,-3.900267,0.024764667218120342
"(4,1)-Two-layer MoM",mom,avg_ll,out of sample,with noise,2d-high-weak,2,high,weak,4,1,-3.9338725,0.026025321561389706
"(4,1)-Two-layer MoM",mom,avg_ll,out of sample,with noise,2d-low-ind,2,low,ind,4,1,-3.4685636,0.02639470024551342
"(4,1)-Two-layer MoM",mom,avg_ll,out of sample,with noise,2d-low-strong,2,low,strong,4,1,-3.0798131,0.026322950031744882
"(4,1)-Two-layer MoM",mom,avg_ll,out of sample,with noise,2d-low-weak,2,low,weak,4,1,-3.4368603,0.02764291625536295
"(4,1)-Two-layer MoM",mom,avg_ll,out of sample,with noise,3d-high-ind,3,high,ind,4,1,-5.658911399999999,0.03687187170829173
"(4,1)-Two-layer MoM",mom,avg_ll,out of sample,with noise,3d-high-strong,3,high,strong,4,1,-5.5669721,0.038953431075004694
"(4,1)-Two-layer MoM",mom,avg_ll,out of sample,with noise,3d-high-weak,3,high,weak,4,1,-5.6894835,0.03692018517674111
"(4,1)-Two-layer MoM",mom,avg_ll,out of sample,with noise,3d-low-ind,3,low,ind,4,1,-5.1349389,0.03832066267259295
"(4,1)-Two-layer MoM",mom,avg_ll,out of sample,with noise,3d-low-strong,3,low,strong,4,1,-4.7439979,0.043680071578709755
"(4,1)-Two-layer MoM",mom,avg_ll,out of sample,with noise,3d-low-weak,3,low,weak,4,1,-5.0918873,0.03987802351299534
"(4,1)-Two-layer MoM",mom,bic,in sample,no noise,2d-high-ind,2,high,ind,4,1,62131.611386599994,226.09838391197306
"(4,1)-Two-layer MoM",mom,bic,in sample,no noise,2d-high-strong,2,high,strong,4,1,62039.122608599995,268.94259502618297
"(4,1)-Two-layer MoM",mom,bic,in sample,no noise,2d-high-weak,2,high,weak,4,1,62624.1137413,221.49064648943929
"(4,1)-Two-layer MoM",mom,bic,in sample,no noise,2d-low-ind,2,low,ind,4,1,55187.1757988,239.78144170225602
"(4,1)-Two-layer MoM",mom,bic,in sample,no noise,2d-low-strong,2,low,strong,4,1,48630.3521188,267.61017545765657
"(4,1)-Two-layer MoM",mom,bic,in sample,no noise,2d-low-weak,2,low,weak,4,1,54661.9046896,237.76992904913115
"(4,1)-Two-layer MoM",mom,bic,in sample,no noise,3d-high-ind,3,high,ind,4,1,89900.8172163,241.8769165944631
"(4,1)-Two-layer MoM",mom,bic,in sample,no noise,3d-high-strong,3,high,strong,4,1,88318.30775450001,303.92329218711154
"(4,1)-Two-layer MoM",mom,bic,in sample,no noise,3d-high-weak,3,high,weak,4,1,90373.13672250001,274.83812500929486
"(4,1)-Two-layer MoM",mom,bic,in sample,no noise,3d-low-ind,3,low,ind,4,1,81703.5291389,255.37710549025243
"(4,1)-Two-layer MoM",mom,bic,in sample,no noise,3d-low-strong,3,low,strong,4,1,75108.9223722,319.3283943579666
"(4,1)-Two-layer MoM",mom,bic,in sample,no noise,3d-low-weak,3,low,weak,4,1,80971.6987058,255.5913896008114
"(4,1)-Two-layer MoM",mom,bic,in sample,with noise,2d-high-ind,2,high,ind,4,1,62682.292406,226.75808685802755
"(4,1)-Two-layer MoM",mom,bic,in sample,with noise,2d-high-strong,2,high,strong,4,1,62617.9434368,253.92847158681096
"(4,1)-Two-layer MoM",mom,bic,in sample,with noise,2d-high-weak,2,high,weak,4,1,63170.257783500005,224.6682885187932
"(4,1)-Two-layer MoM",mom,bic,in sample,with noise,2d-low-ind,2,low,ind,4,1,55685.958996400004,238.84523486820058
"(4,1)-Two-layer MoM",mom,bic,in sample,with noise,2d-low-strong,2,low,strong,4,1,49522.8439788,272.8581535079208
"(4,1)-Two-layer MoM",mom,bic,in sample,with noise,2d-low-weak,2,low,weak,4,1,55195.69544339999,240.09729673086895
"(4,1)-Two-layer MoM",mom,bic,in sample,with noise,3d-high-ind,3,high,ind,4,1,90917.7241698,249.15782743073024
"(4,1)-Two-layer MoM",mom,bic,in sample,with noise,3d-high-strong,3,high,strong,4,1,89456.48339549999,346.0525664715983
"(4,1)-Two-layer MoM",mom,bic,in sample,with noise,3d-high-weak,3,high,weak,4,1,91374.65411,281.8830634413969
"(4,1)-Two-layer MoM",mom,bic,in sample,with noise,3d-low-ind,3,low,ind,4,1,82556.0876366,258.77517662950686
"(4,1)-Two-layer MoM",mom,bic,in sample,with noise,3d-low-strong,3,low,strong,4,1,76284.3348861,322.93594352499383
"(4,1)-Two-layer MoM",mom,bic,in sample,with noise,3d-low-weak,3,low,weak,4,1,81860.957946,259.9439671942842
"(4,1)-Two-layer MoM",mom,bic,out of sample,no noise,2d-high-ind,2,high,ind,4,1,15728.5936222,96.24144633096441
"(4,1)-Two-layer MoM",mom,bic,out of sample,no noise,2d-high-strong,2,high,strong,4,1,15696.1054085,98.96006025994443
"(4,1)-Two-layer MoM",mom,bic,out of sample,no noise,2d-high-weak,2,high,weak,4,1,15835.6144429,103.003575767528
"(4,1)-Two-layer MoM",mom,bic,out of sample,no noise,2d-low-ind,2,low,ind,4,1,13983.1182201,105.30108729106124
"(4,1)-Two-layer MoM",mom,bic,out of sample,no noise,2d-low-strong,2,low,strong,4,1,12331.4100296,103.08989397375768
"(4,1)-Two-layer MoM",mom,bic,out of sample,no noise,2d-low-weak,2,low,weak,4,1,13849.520067700001,110.05398377167154
"(4,1)-Two-layer MoM",mom,bic,out of sample,no noise,3d-high-ind,3,high,ind,4,1,22767.8267748,149.81401803076423
"(4,1)-Two-layer MoM",mom,bic,out of sample,no noise,3d-high-strong,3,high,strong,4,1,22373.4033563,152.37127419083637
"(4,1)-Two-layer MoM",mom,bic,out of sample,no noise,3d-high-weak,3,high,weak,4,1,22894.319273,149.0704548702342
"(4,1)-Two-layer MoM",mom,bic,out of sample,no noise,3d-low-ind,3,low,ind,4,1,20711.8104143,155.563905832196
"(4,1)-Two-layer MoM",mom,bic,out of sample,no noise,3d-low-strong,3,low,strong,4,1,19077.7530772,177.44546202727688
"(4,1)-Two-layer MoM",mom,bic,out of sample,no noise,3d-low-weak,3,low,weak,4,1,20531.0280858,158.66566153838028
"(4,1)-Two-layer MoM",mom,bic,out of sample,with noise,2d-high-ind,2,high,ind,4,1,15867.696698400001,94.29639907594387
"(4,1)-Two-layer MoM",mom,bic,out of sample,with noise,2d-high-strong,2,high,strong,4,1,15836.6970255,99.05824063999403
"(4,1)-Two-layer MoM",mom,bic,out of sample,with noise,2d-high-weak,2,high,weak,4,1,15971.116688099999,104.10124364530816
"(4,1)-Two-layer MoM",mom,bic,out of sample,with noise,2d-low-ind,2,low,ind,4,1,14109.8819914,105.57840632978548
"(4,1)-Two-layer MoM",mom,bic,out of sample,with noise,2d-low-strong,2,low,strong,4,1,12554.8808749,105.2909362831542
"(4,1)-Two-layer MoM",mom,bic,out of sample,with noise,2d-low-weak,2,low,weak,4,1,13983.068131200002,110.57199834970756
"(4,1)-Two-layer MoM",mom,bic,out of sample,with noise,3d-high-ind,3,high,ind,4,1,23023.2931245,147.4886757662829
"(4,1)-Two-layer MoM",mom,bic,out of sample,with noise,3d-high-strong,3,high,strong,4,1,22655.5346202,155.81475335854833
"(4,1)-Two-layer MoM",mom,bic,out of sample,with noise,3d-high-weak,3,high,weak,4,1,23145.579838899997,147.6807124205579
"(4,1)-Two-layer MoM",mom,bic,out of sample,with noise,3d-low-ind,3,low,ind,4,1,20927.4015981,153.28099141624125
"(4,1)-Two-layer MoM",mom,bic,out of sample,with noise,3d-low-strong,3,low,strong,4,1,19363.636777300002,174.72194492766607
"(4,1)-Two-layer MoM",mom,bic,out of sample,with noise,3d-low-weak,3,low,weak,4,1,20755.1942232,159.51130274672974
"(4,1)-Two-layer MoM",mom,em_iters,training,no noise,2d-high-ind,2,high,ind,4,1,20.63,3.978870963152003
"(4,1)-Two-layer MoM",mom,em_iters,training,no noise,2d-high-strong,2,high,strong,4,1,61.52,17.729436801346207
"(4,1)-Two-layer MoM",mom,em_iters,training,no noise,2d-high-weak,2,high,weak,4,1,17.94,1.9059714774170342
"(4,1)-Two-layer MoM",mom,em_iters,training,no noise,2d-low-ind,2,low,ind,4,1,20.61,3.3661865844323198
"(4,1)-Two-layer MoM",mom,em_iters,training,no noise,2d-low-strong,2,low,strong,4,1,33.14,14.78671257199749
"(4,1)-Two-layer MoM",mom,em_iters,training,no noise,2d-low-weak,2,low,weak,4,1,38.23,6.003122083339198
"(4,1)-Two-layer MoM",mom,em_iters,training,no noise,3d-high-ind,3,high,ind,4,1,33.01,13.188221711784795
"(4,1)-Two-layer MoM",mom,em_iters,training,no noise,3d-high-strong,3,high,strong,4,1,67.65,23.40351998043772
"(4,1)-Two-layer MoM",mom,em_iters,training,no noise,3d-high-weak,3,high,weak,4,1,54.8,18.778345577453365
"(4,1)-Two-layer MoM",mom,em_iters,training,no noise,3d-low-ind,3,low,ind,4,1,37.94,18.088346602945304
"(4,1)-Two-layer MoM",mom,em_iters,training,no noise,3d-low-strong,3,low,strong,4,1,37.26,22.16860096367989
"(4,1)-Two-layer MoM",mom,em_iters,training,no noise,3d-low-weak,3,low,weak,4,1,32.32,6.432053570308097
"(4,1)-Two-layer MoM",mom,em_iters,training,with noise,2d-high-ind,2,high,ind,4,1,20.16,3.7029063114687566
"(4,1)-Two-layer MoM",mom,em_iters,training,with noise,2d-high-strong,2,high,strong,4,1,61.14,17.397329413075752
"(4,1)-Two-layer MoM",mom,em_iters,training,with noise,2d-high-weak,2,high,weak,4,1,18.11,2.0980751158905613
"(4,1)-Two-layer MoM",mom,em_iters,training,with noise,2d-low-ind,2,low,ind,4,1,20.09,2.5309997226312757
"(4,1)-Two-layer MoM",mom,em_iters,training,with noise,2d-low-strong,2,low,strong,4,1,32.59,14.928174839557713
"(4,1)-Two-layer MoM",mom,em_iters,training,with noise,2d-low-weak,2,low,weak,4,1,37.65,6.4485140407177
"(4,1)-Two-layer MoM",mom,em_iters,training,with noise,3d-high-ind,3,high,ind,4,1,31.93,12.526541518880714
"(4,1)-Two-layer MoM",mom,em_iters,training,with noise,3d-high-strong,3,high,strong,4,1,68.05,22.51346398504816
"(4,1)-Two-layer MoM",mom,em_iters,training,with noise,3d-high-weak,3,high,weak,4,1,53.39,19.93367537965375
"(4,1)-Two-layer MoM",mom,em_iters,training,with noise,3d-low-ind,3,low,ind,4,1,36.43,17.37655159847734
"(4,1)-Two-layer MoM",mom,em_iters,training,with noise,3d-low-strong,3,low,strong,4,1,35.45,19.1292124165311
"(4,1)-Two-layer MoM",mom,em_iters,training,with noise,3d-low-weak,3,low,weak,4,1,31.83,5.796298017447922
"(4,1)-Two-layer MoM",mom,gmpd,in sample,no noise,2d-high-ind,2,high,ind,4,1,0.0209476,0.00029577195692805325
"(4,1)-Two-layer MoM",mom,gmpd,in sample,no noise,2d-high-strong,2,high,strong,4,1,0.0210709,0.0003536764914523734
"(4,1)-Two-layer MoM",mom,gmpd,in sample,no noise,2d-high-weak,2,high,weak,4,1,0.020312800000000002,0.0002802815323451363
"(4,1)-Two-layer MoM",mom,gmpd,in sample,no noise,2d-low-ind,2,low,ind,4,1,0.0323325,0.00048344591165398206
"(4,1)-Two-layer MoM",mom,gmpd,in sample,no noise,2d-low-strong,2,low,strong,4,1,0.048711399999999995,0.000814281637923012
"(4,1)-Two-layer MoM",mom,gmpd,in sample,no noise,2d-low-weak,2,low,weak,4,1,0.0334116,0.0004954005011762263
"(4,1)-Two-layer MoM",mom,gmpd,in sample,no noise,3d-high-ind,3,high,ind,4,1,0.0037344,5.6359595814768176e-05
"(4,1)-Two-layer MoM",mom,gmpd,in sample,no noise,3d-high-strong,3,high,strong,4,1,0.0041239,7.848174207026668e-05
"(4,1)-Two-layer MoM",mom,gmpd,in sample,no noise,3d-high-weak,3,high,weak,4,1,0.0036266,6.236451982764988e-05
"(4,1)-Two-layer MoM",mom,gmpd,in sample,no noise,3d-low-ind,3,low,ind,4,1,0.0062341,9.935239800779345e-05
"(4,1)-Two-layer MoM",mom,gmpd,in sample,no noise,3d-low-strong,3,low,strong,4,1,0.009415,0.0001884519604942899
"(4,1)-Two-layer MoM",mom,gmpd,in sample,no noise,3d-low-weak,3,low,weak,4,1,0.0065264,0.00010453862076918387
"(4,1)-Two-layer MoM",mom,gmpd,in sample,with noise,2d-high-ind,2,high,ind,4,1,0.0202393,0.00028596550968127695
"(4,1)-Two-layer MoM",mom,gmpd,in sample,with noise,2d-high-strong,2,high,strong,4,1,0.020321199999999998,0.0003219269005425443
"(4,1)-Two-layer MoM",mom,gmpd,in sample,with noise,2d-high-weak,2,high,weak,4,1,0.0196312,0.00027517590333780637
"(4,1)-Two-layer MoM",mom,gmpd,in sample,with noise,2d-low-ind,2,low,ind,4,1,0.0313402,0.0004665627156950784
"(4,1)-Two-layer MoM",mom,gmpd,in sample,with noise,2d-low-strong,2,low,strong,4,1,0.046068300000000006,0.0007848361535242811
"(4,1)-Two-layer MoM",mom,gmpd,in sample,with noise,2d-low-weak,2,low,weak,4,1,0.0323159,0.0004844930600664217
"(4,1)-Two-layer MoM",mom,gmpd,in sample,with noise,3d-high-ind,3,high,ind,4,1,0.003505,5.4522722535905046e-05
"(4,1)-Two-layer MoM",mom,gmpd,in sample,with noise,3d-high-strong,3,high,strong,4,1,0.0038409,8.268346603496719e-05
"(4,1)-Two-layer MoM",mom,gmpd,in sample,with noise,3d-high-weak,3,high,weak,4,1,0.003406,5.994947367524919e-05
"(4,1)-Two-layer MoM",mom,gmpd,in sample,with noise,3d-low-ind,3,low,ind,4,1,0.0059106,9.612512888959056e-05
"(4,1)-Two-layer MoM",mom,gmpd,in sample,with noise,3d-low-strong,3,low,strong,4,1,0.008748200000000001,0.00017627675669099153
"(4,1)-Two-layer MoM",mom,gmpd,in sample,with noise,3d-low-weak,3,low,weak,4,1,0.006173499999999999,9.965977476931553e-05
"(4,1)-Two-layer MoM",mom,gmpd,out of sample,no noise,2d-high-ind,2,high,ind,4,1,0.020796899999999997,0.00050165724344316
"(4,1)-Two-layer MoM",mom,gmpd,out of sample,no noise,2d-high-strong,2,high,strong,4,1,0.020967,0.0005184056755519218
"(4,1)-Two-layer MoM",mom,gmpd,out of sample,no noise,2d-high-weak,2,high,weak,4,1,0.020249000000000003,0.00052334105379366
"(4,1)-Two-layer MoM",mom,gmpd,out of sample,no noise,2d-low-ind,2,low,ind,4,1,0.0321761,0.0008505279346833758
"(4,1)-Two-layer MoM",mom,gmpd,out of sample,no noise,2d-low-strong,2,low,strong,4,1,0.048625,0.001258554967437102
"(4,1)-Two-layer MoM",mom,gmpd,out of sample,no noise,2d-low-weak,2,low,weak,4,1,0.0332703,0.0009196359128052865
"(4,1)-Two-layer MoM",mom,gmpd,out of sample,no noise,3d-high-ind,3,high,ind,4,1,0.0037188,0.00013981430686464254
"(4,1)-Two-layer MoM",mom,gmpd,out of sample,no noise,3d-high-strong,3,high,strong,4,1,0.0041048000000000005,0.00015636967336243537
"(4,1)-Two-layer MoM",mom,gmpd,out of sample,no noise,3d-high-weak,3,high,weak,4,1,0.0036029,0.00013495450037593105
"(4,1)-Two-layer MoM",mom,gmpd,out of sample,no noise,3d-low-ind,3,low,ind,4,1,0.0062182999999999995,0.0002420996330505941
"(4,1)-Two-layer MoM",mom,gmpd,out of sample,no noise,3d-low-strong,3,low,strong,4,1,0.0093574,0.0004162861777890085
"(4,1)-Two-layer MoM",mom,gmpd,out of sample,no noise,3d-low-weak,3,low,weak,4,1,0.006505800000000001,0.0002585826948985762
"(4,1)-Two-layer MoM",mom,gmpd,out of sample,with noise,2d-high-ind,2,high,ind,4,1,0.0200857,0.00047535686753759126
"(4,1)-Two-layer MoM",mom,gmpd,out of sample,with noise,2d-high-strong,2,high,strong,4,1,0.0202425,0.000500755741985365
"(4,1)-Two-layer MoM",mom,gmpd,out of sample,with noise,2d-high-weak,2,high,weak,4,1,0.0195747,0.0005107381368611941
"(4,1)-Two-layer MoM",mom,gmpd,out of sample,with noise,2d-low-ind,2,low,ind,4,1,0.0311727,0.0008257091901309245
"(4,1)-Two-layer MoM",mom,gmpd,out of sample,with noise,2d-low-strong,2,low,strong,4,1,0.0459839,0.0012130093598446416
"(4,1)-Two-layer MoM",mom,gmpd,out of sample,with noise,2d-low-weak,2,low,weak,4,1,0.0321777,0.0008913227657404875
"(4,1)-Two-layer MoM",mom,gmpd,out of sample,with noise,3d-high-ind,3,high,ind,4,1,0.0034888000000000002,0.00012880397760342907
"(4,1)-Two-layer MoM",mom,gmpd,out of sample,with noise,3d-high-strong,3,high,strong,4,1,0.0038243,0.00014924222734950866
"(4,1)-Two-layer MoM",mom,gmpd,out of sample,with noise,3d-high-weak,3,high,weak,4,1,0.0033833,0.00012610765803130837
"(4,1)-Two-layer MoM",mom,gmpd,out of sample,with noise,3d-low-ind,3,low,ind,4,1,0.0058917,0.00022619404827436886
"(4,1)-Two-layer MoM",mom,gmpd,out of sample,with noise,3d-low-strong,3,low,strong,4,1,0.0087117,0.0003821524763121588
"(4,1)-Two-layer MoM",mom,gmpd,out of sample,with noise,3d-low-weak,3,low,weak,4,1,0.0061516,0.0002466696150519943
"(4,1)-Two-layer MoM",mom,training_time,training,no noise,2d-high-ind,2,high,ind,4,1,696.8089,127.61642586000764
"(4,1)-Two-layer MoM",mom,training_time,training,no noise,2d-high-strong,2,high,strong,4,1,1511.5822,377.29380881062485
"(4,1)-Two-layer MoM",mom,training_time,training,no noise,2d-high-weak,2,high,weak,4,1,669.6542,99.07490542620835
"(4,1)-Two-layer MoM",mom,training_time,training,no noise,2d-low-ind,2,low,ind,4,1,709.6784,131.11830609557813
"(4,1)-Two-layer MoM",mom,training_time,training,no noise,2d-low-strong,2,low,strong,4,1,998.5091,306.36466695059255
"(4,1)-Two-layer MoM",mom,training_time,training,no noise,2d-low-weak,2,low,weak,4,1,1093.1663,168.668964696616
"(4,1)-Two-layer MoM",mom,training_time,training,no noise,3d-high-ind,3,high,ind,4,1,1018.071,304.1546312886644
"(4,1)-Two-layer MoM",mom,training_time,training,no noise,3d-high-strong,3,high,strong,4,1,1809.494,538.6620563596589
"(4,1)-Two-layer MoM",mom,training_time,training,no noise,3d-high-weak,3,high,weak,4,1,1497.3938999999998,413.45687076113006
"(4,1)-Two-layer MoM",mom,training_time,training,no noise,3d-low-ind,3,low,ind,4,1,1131.7933,409.7202315304476
"(4,1)-Two-layer MoM",mom,training_time,training,no noise,3d-low-strong,3,low,strong,4,1,1114.6395,495.4961903906694
"(4,1)-Two-layer MoM",mom,training_time,training,no noise,3d-low-weak,3,low,weak,4,1,1026.9794,160.40637954781093
"(4,1)-Two-layer MoM",mom,training_time,training,with noise,2d-high-ind,2,high,ind,4,1,694.2509,115.67649064991903
"(4,1)-Two-layer MoM",mom,training_time,training,with noise,2d-high-strong,2,high,strong,4,1,1535.8991,376.9312061797367
"(4,1)-Two-layer MoM",mom,training_time,training,with noise,2d-high-weak,2,high,weak,4,1,649.7316999999999,91.74590894525994
"(4,1)-Two-layer MoM",mom,training_time,training,with noise,2d-low-ind,2,low,ind,4,1,691.8506,114.90647631280956
"(4,1)-Two-layer MoM",mom,training_time,training,with noise,2d-low-strong,2,low,strong,4,1,989.0867999999999,324.00152755868845
"(4,1)-Two-layer MoM",mom,training_time,training,with noise,2d-low-weak,2,low,weak,4,1,1060.7891,166.8746807304175
"(4,1)-Two-layer MoM",mom,training_time,training,with noise,3d-high-ind,3,high,ind,4,1,1047.8137,350.9425950486847
"(4,1)-Two-layer MoM",mom,training_time,training,with noise,3d-high-strong,3,high,strong,4,1,1806.3620999999998,511.7890014277507
"(4,1)-Two-layer MoM",mom,training_time,training,with noise,3d-high-weak,3,high,weak,4,1,1472.0663,468.3340854941764
"(4,1)-Two-layer MoM",mom,training_time,training,with noise,3d-low-ind,3,low,ind,4,1,1096.82,376.4980240521211
"(4,1)-Two-layer MoM",mom,training_time,training,with noise,3d-low-strong,3,low,strong,4,1,1085.4367,426.21095636950014
"(4,1)-Two-layer MoM",mom,training_time,training,with noise,3d-low-weak,3,low,weak,4,1,995.1089999999999,163.51859452846844
"(4,2)-Isolated Two-layer MoM",isomom,aic,in sample,no noise,2d-high-ind,2,high,ind,4,2,62111.2434946,227.56457071682894
"(4,2)-Isolated Two-layer MoM",isomom,aic,in sample,no noise,2d-high-strong,2,high,strong,4,2,62382.4026752,231.71888513085244
"(4,2)-Isolated Two-layer MoM",isomom,aic,in sample,no noise,2d-high-weak,2,high,weak,4,2,62548.629302500005,225.0597484277827
"(4,2)-Isolated Two-layer MoM",isomom,aic,in sample,no noise,2d-low-ind,2,low,ind,4,2,54983.6735388,238.89903471290668
"(4,2)-Isolated Two-layer MoM",isomom,aic,in sample,no noise,2d-low-strong,2,low,strong,4,2,52491.7451405,285.8622350936094
"(4,2)-Isolated Two-layer MoM",isomom,aic,in sample,no noise,2d-low-weak,2,low,weak,4,2,54765.6912249,234.1333013641694
"(4,2)-Isolated Two-layer MoM",isomom,aic,in sample,no noise,3d-high-ind,3,high,ind,4,2,89810.95137,247.8059584891755
"(4,2)-Isolated Two-layer MoM",isomom,aic,in sample,no noise,3d-high-strong,3,high,strong,4,2,90161.43221999999,316.3788712950219
"(4,2)-Isolated Two-layer MoM",isomom,aic,in sample,no noise,3d-high-weak,3,high,weak,4,2,90285.2630029,247.69806939082878
"(4,2)-Isolated Two-layer MoM",isomom,aic,in sample,no noise,3d-low-ind,3,low,ind,4,2,81374.23624320001,253.7119945388686
"(4,2)-Isolated Two-layer MoM",isomom,aic,in sample,no noise,3d-low-strong,3,low,strong,4,2,78510.6400595,408.4664324718207
"(4,2)-Isolated Two-layer MoM",isomom,aic,in sample,no noise,3d-low-weak,3,low,weak,4,2,81106.356454,264.09086971488676
"(4,2)-Isolated Two-layer MoM",isomom,aic,in sample,with noise,2d-high-ind,2,high,ind,4,2,62659.6309175,227.96193516716104
"(4,2)-Isolated Two-layer MoM",isomom,aic,in sample,with noise,2d-high-strong,2,high,strong,4,2,62940.892158300005,238.94311491788505
"(4,2)-Isolated Two-layer MoM",isomom,aic,in sample,with noise,2d-high-weak,2,high,weak,4,2,63089.4520739,228.98222237532403
"(4,2)-Isolated Two-layer MoM",isomom,aic,in sample,with noise,2d-low-ind,2,low,ind,4,2,55485.720047300005,237.44968994982557
"(4,2)-Isolated Two-layer MoM",isomom,aic,in sample,with noise,2d-low-strong,2,low,strong,4,2,53119.3269233,296.631402851409
"(4,2)-Isolated Two-layer MoM",isomom,aic,in sample,with noise,2d-low-weak,2,low,weak,4,2,55282.5513079,238.56004952263237
"(4,2)-Isolated Two-layer MoM",isomom,aic,in sample,with noise,3d-high-ind,3,high,ind,4,2,90825.6500677,249.64277838804506
"(4,2)-Isolated Two-layer MoM",isomom,aic,in sample,with noise,3d-high-strong,3,high,strong,4,2,91168.6307509,328.9258756880814
"(4,2)-Isolated Two-layer MoM",isomom,aic,in sample,with noise,3d-high-weak,3,high,weak,4,2,91279.7841915,253.83710657702315
"(4,2)-Isolated Two-layer MoM",isomom,aic,in sample,with noise,3d-low-ind,3,low,ind,4,2,82223.1059616,260.9772067048055
"(4,2)-Isolated Two-layer MoM",isomom,aic,in sample,with noise,3d-low-strong,3,low,strong,4,2,79486.5644305,400.82240739797385
"(4,2)-Isolated Two-layer MoM",isomom,aic,in sample,with noise,3d-low-weak,3,low,weak,4,2,81970.60040129999,268.2624840077666
"(4,2)-Isolated Two-layer MoM",isomom,aic,out of sample,no noise,2d-high-ind,2,high,ind,4,2,15621.341317400002,96.38388206188061
"(4,2)-Isolated Two-layer MoM",isomom,aic,out of sample,no noise,2d-high-strong,2,high,strong,4,2,15667.378637000002,96.98939124800606
"(4,2)-Isolated Two-layer MoM",isomom,aic,out of sample,no noise,2d-high-weak,2,high,weak,4,2,15717.2379766,104.18426486986556
"(4,2)-Isolated Two-layer MoM",isomom,aic,out of sample,no noise,2d-low-ind,2,low,ind,4,2,13831.4493772,104.13121139035643
"(4,2)-Isolated Two-layer MoM",isomom,aic,out of sample,no noise,2d-low-strong,2,low,strong,4,2,13192.5521931,116.70027747799216
"(4,2)-Isolated Two-layer MoM",isomom,aic,out of sample,no noise,2d-low-weak,2,low,weak,4,2,13770.9166789,110.11293486369573
"(4,2)-Isolated Two-layer MoM",isomom,aic,out of sample,no noise,3d-high-ind,3,high,ind,4,2,22570.7172649,149.57540579078855
"(4,2)-Isolated Two-layer MoM",isomom,aic,out of sample,no noise,3d-high-strong,3,high,strong,4,2,22651.1262904,158.3266311821088
"(4,2)-Isolated Two-layer MoM",isomom,aic,out of sample,no noise,3d-high-weak,3,high,weak,4,2,22693.4569135,145.660244461553
"(4,2)-Isolated Two-layer MoM",isomom,aic,out of sample,no noise,3d-low-ind,3,low,ind,4,2,20452.6967632,156.37696639397217
"(4,2)-Isolated Two-layer MoM",isomom,aic,out of sample,no noise,3d-low-strong,3,low,strong,4,2,19735.7032257,184.06337786894872
"(4,2)-Isolated Two-layer MoM",isomom,aic,out of sample,no noise,3d-low-weak,3,low,weak,4,2,20387.752454999998,159.25332599298972
"(4,2)-Isolated Two-layer MoM",isomom,aic,out of sample,with noise,2d-high-ind,2,high,ind,4,2,15760.4583929,94.87147540649731
"(4,2)-Isolated Two-layer MoM",isomom,aic,out of sample,with noise,2d-high-strong,2,high,strong,4,2,15804.8799189,97.02437749276261
"(4,2)-Isolated Two-layer MoM",isomom,aic,out of sample,with noise,2d-high-weak,2,high,weak,4,2,15851.7679253,104.50330805079226
"(4,2)-Isolated Two-layer MoM",isomom,aic,out of sample,with noise,2d-low-ind,2,low,ind,4,2,13959.2125559,104.51729061960178
"(4,2)-Isolated Two-layer MoM",isomom,aic,out of sample,with noise,2d-low-strong,2,low,strong,4,2,13347.7938283,111.85402949523555
"(4,2)-Isolated Two-layer MoM",isomom,aic,out of sample,with noise,2d-low-weak,2,low,weak,4,2,13900.1088193,110.03109431788384
"(4,2)-Isolated Two-layer MoM",isomom,aic,out of sample,with noise,3d-high-ind,3,high,ind,4,2,22826.392047999998,145.91052347183873
"(4,2)-Isolated Two-layer MoM",isomom,aic,out of sample,with noise,3d-high-strong,3,high,strong,4,2,22901.1754344,154.39156169612573
"(4,2)-Isolated Two-layer MoM",isomom,aic,out of sample,with noise,3d-high-weak,3,high,weak,4,2,22943.129053099998,141.50288941944356
"(4,2)-Isolated Two-layer MoM",isomom,aic,out of sample,with noise,3d-low-ind,3,low,ind,4,2,20667.1941555,152.5071377531729
"(4,2)-Isolated Two-layer MoM",isomom,aic,out of sample,with noise,3d-low-strong,3,low,strong,4,2,19978.1537796,176.43072311359506
"(4,2)-Isolated Two-layer MoM",isomom,aic,out of sample,with noise,3d-low-weak,3,low,weak,4,2,20605.2692318,157.26687748615214
"(4,2)-Isolated Two-layer MoM",isomom,ari,in sample,no noise,2d-high-ind,2,high,ind,4,2,0.2398099,0.0195445085674062
"(4,2)-Isolated Two-layer MoM",isomom,ari,in sample,no noise,2d-high-strong,2,high,strong,4,2,0.2187586,0.016193341381287217
"(4,2)-Isolated Two-layer MoM",isomom,ari,in sample,no noise,2d-high-weak,2,high,weak,4,2,0.242445,0.020014689025005524
"(4,2)-Isolated Two-layer MoM",isomom,ari,in sample,no noise,2d-low-ind,2,low,ind,4,2,0.010800700000000002,0.001869998247176837
"(4,2)-Isolated Two-layer MoM",isomom,ari,in sample,no noise,2d-low-strong,2,low,strong,4,2,0.0020946000000000003,0.0006011460771398298
"(4,2)-Isolated Two-layer MoM",isomom,ari,in sample,no noise,2d-low-weak,2,low,weak,4,2,0.0072485,0.0014594494430324326
"(4,2)-Isolated Two-layer MoM",isomom,ari,in sample,no noise,3d-high-ind,3,high,ind,4,2,0.3312937,0.033825499694846495
"(4,2)-Isolated Two-layer MoM",isomom,ari,in sample,no noise,3d-high-strong,3,high,strong,4,2,0.3079173,0.025329338195942745
"(4,2)-Isolated Two-layer MoM",isomom,ari,in sample,no noise,3d-high-weak,3,high,weak,4,2,0.3362809,0.03407771356485175
"(4,2)-Isolated Two-layer MoM",isomom,ari,in sample,no noise,3d-low-ind,3,low,ind,4,2,0.013926899999999999,0.0028477489586185675
"(4,2)-Isolated Two-layer MoM",isomom,ari,in sample,no noise,3d-low-strong,3,low,strong,4,2,0.0018039,0.0007096490738955474
"(4,2)-Isolated Two-layer MoM",isomom,ari,in sample,no noise,3d-low-weak,3,low,weak,4,2,0.0089429,0.0021161353640038916
"(4,2)-Isolated Two-layer MoM",isomom,ari,in sample,with noise,2d-high-ind,2,high,ind,4,2,0.2351395,0.01705042203778741
"(4,2)-Isolated Two-layer MoM",isomom,ari,in sample,with noise,2d-high-strong,2,high,strong,4,2,0.2126052,0.015732547134953548
"(4,2)-Isolated Two-layer MoM",isomom,ari,in sample,with noise,2d-high-weak,2,high,weak,4,2,0.23568370000000002,0.01897439298639143
"(4,2)-Isolated Two-layer MoM",isomom,ari,in sample,with noise,2d-low-ind,2,low,ind,4,2,0.0105848,0.0016872142361857546
"(4,2)-Isolated Two-layer MoM",isomom,ari,in sample,with noise,2d-low-strong,2,low,strong,4,2,0.0020778,0.0006230465715362137
"(4,2)-Isolated Two-layer MoM",isomom,ari,in sample,with noise,2d-low-weak,2,low,weak,4,2,0.0070805,0.0015350842276105193
"(4,2)-Isolated Two-layer MoM",isomom,ari,in sample,with noise,3d-high-ind,3,high,ind,4,2,0.318563,0.031892516727789345
"(4,2)-Isolated Two-layer MoM",isomom,ari,in sample,with noise,3d-high-strong,3,high,strong,4,2,0.29472919999999997,0.02428740487819091
"(4,2)-Isolated Two-layer MoM",isomom,ari,in sample,with noise,3d-high-weak,3,high,weak,4,2,0.3223763,0.030640251556810803
"(4,2)-Isolated Two-layer MoM",isomom,ari,in sample,with noise,3d-low-ind,3,low,ind,4,2,0.0132106,0.002697170541380898
"(4,2)-Isolated Two-layer MoM",isomom,ari,in sample,with noise,3d-low-strong,3,low,strong,4,2,0.0018932999999999999,0.0007442996233325189
"(4,2)-Isolated Two-layer MoM",isomom,ari,in sample,with noise,3d-low-weak,3,low,weak,4,2,0.008882,0.002097013749756225
"(4,2)-Isolated Two-layer MoM",isomom,ari,out of sample,no noise,2d-high-ind,2,high,ind,4,2,0.2412896,0.02211516911282589
"(4,2)-Isolated Two-layer MoM",isomom,ari,out of sample,no noise,2d-high-strong,2,high,strong,4,2,0.2206889,0.01905493477243672
"(4,2)-Isolated Two-layer MoM",isomom,ari,out of sample,no noise,2d-high-weak,2,high,weak,4,2,0.2441359,0.022635228648049822
"(4,2)-Isolated Two-layer MoM",isomom,ari,out of sample,no noise,2d-low-ind,2,low,ind,4,2,0.0110002,0.002882200330906016
"(4,2)-Isolated Two-layer MoM",isomom,ari,out of sample,no noise,2d-low-strong,2,low,strong,4,2,0.0019573,0.001562863116594707
"(4,2)-Isolated Two-layer MoM",isomom,ari,out of sample,no noise,2d-low-weak,2,low,weak,4,2,0.0073287000000000005,0.002816233122452756
"(4,2)-Isolated Two-layer MoM",isomom,ari,out of sample,no noise,3d-high-ind,3,high,ind,4,2,0.3346506,0.03745628996873853
"(4,2)-Isolated Two-layer MoM",isomom,ari,out of sample,no noise,3d-high-strong,3,high,strong,4,2,0.310395,0.027703702319766245
"(4,2)-Isolated Two-layer MoM",isomom,ari,out of sample,no noise,3d-high-weak,3,high,weak,4,2,0.3407871,0.036934487354659665
"(4,2)-Isolated Two-layer MoM",isomom,ari,out of sample,no noise,3d-low-ind,3,low,ind,4,2,0.013676500000000001,0.0038427997408770663
"(4,2)-Isolated Two-layer MoM",isomom,ari,out of sample,no noise,3d-low-strong,3,low,strong,4,2,0.0016775000000000002,0.0014520875777078095
"(4,2)-Isolated Two-layer MoM",isomom,ari,out of sample,no noise,3d-low-weak,3,low,weak,4,2,0.0089046,0.003027414611896301
"(4,2)-Isolated Two-layer MoM",isomom,ari,out of sample,with noise,2d-high-ind,2,high,ind,4,2,0.23580649999999997,0.02090282854452038
"(4,2)-Isolated Two-layer MoM",isomom,ari,out of sample,with noise,2d-high-strong,2,high,strong,4,2,0.21398910000000002,0.01864180173451833
"(4,2)-Isolated Two-layer MoM",isomom,ari,out of sample,with noise,2d-high-weak,2,high,weak,4,2,0.23658069999999998,0.02238941273315031
"(4,2)-Isolated Two-layer MoM",isomom,ari,out of sample,with noise,2d-low-ind,2,low,ind,4,2,0.0107534,0.002806383135466415
"(4,2)-Isolated Two-layer MoM",isomom,ari,out of sample,with noise,2d-low-strong,2,low,strong,4,2,0.0019355,0.0014796186889352492
"(4,2)-Isolated Two-layer MoM",isomom,ari,out of sample,with noise,2d-low-weak,2,low,weak,4,2,0.0071411999999999995,0.0029250724863676544
"(4,2)-Isolated Two-layer MoM",isomom,ari,out of sample,with noise,3d-high-ind,3,high,ind,4,2,0.32183100000000003,0.034234903109386636
"(4,2)-Isolated Two-layer MoM",isomom,ari,out of sample,with noise,3d-high-strong,3,high,strong,4,2,0.2960155,0.027363209849775083
"(4,2)-Isolated Two-layer MoM",isomom,ari,out of sample,with noise,3d-high-weak,3,high,weak,4,2,0.3267219,0.033903912878526975
"(4,2)-Isolated Two-layer MoM",isomom,ari,out of sample,with noise,3d-low-ind,3,low,ind,4,2,0.0127354,0.003869659348669785
"(4,2)-Isolated Two-layer MoM",isomom,ari,out of sample,with noise,3d-low-strong,3,low,strong,4,2,0.0017785000000000001,0.0014358423248456574
"(4,2)-Isolated Two-layer MoM",isomom,ari,out of sample,with noise,3d-low-weak,3,low,weak,4,2,0.0090574,0.0027434574588068306
"(4,2)-Isolated Two-layer MoM",isomom,avg_ll,in sample,no noise,2d-high-ind,2,high,ind,4,2,-3.8765780999999997,0.014222571454479574
"(4,2)-Isolated Two-layer MoM",isomom,avg_ll,in sample,no noise,2d-high-strong,2,high,strong,4,2,-3.8935250999999997,0.014482293856410826
"(4,2)-Isolated Two-layer MoM",isomom,avg_ll,in sample,no noise,2d-high-weak,2,high,weak,4,2,-3.9039141,0.014066127240482874
"(4,2)-Isolated Two-layer MoM",isomom,avg_ll,in sample,no noise,2d-low-ind,2,low,ind,4,2,-3.4311043,0.014931291747281066
"(4,2)-Isolated Two-layer MoM",isomom,avg_ll,in sample,no noise,2d-low-strong,2,low,strong,4,2,-3.2753593,0.017867175323774763
"(4,2)-Isolated Two-layer MoM",isomom,avg_ll,in sample,no noise,2d-low-weak,2,low,weak,4,2,-3.4174812,0.014633021897700623
"(4,2)-Isolated Two-layer MoM",isomom,avg_ll,in sample,no noise,3d-high-ind,3,high,ind,4,2,-5.604809299999999,0.015488048520707653
"(4,2)-Isolated Two-layer MoM",isomom,avg_ll,in sample,no noise,3d-high-strong,3,high,strong,4,2,-5.6267147,0.019773157882249457
"(4,2)-Isolated Two-layer MoM",isomom,avg_ll,in sample,no noise,3d-high-weak,3,high,weak,4,2,-5.6344538,0.015480482908188042
"(4,2)-Isolated Two-layer MoM",isomom,avg_ll,in sample,no noise,3d-low-ind,3,low,ind,4,2,-5.0775151,0.01585689987756975
"(4,2)-Isolated Two-layer MoM",isomom,avg_ll,in sample,no noise,3d-low-strong,3,low,strong,4,2,-4.8985399,0.02552948651673365
"(4,2)-Isolated Two-layer MoM",isomom,avg_ll,in sample,no noise,3d-low-weak,3,low,weak,4,2,-5.0607726,0.01650542424584562
"(4,2)-Isolated Two-layer MoM",isomom,avg_ll,in sample,with noise,2d-high-ind,2,high,ind,4,2,-3.9108517999999997,0.014247479336161337
"(4,2)-Isolated Two-layer MoM",isomom,avg_ll,in sample,with noise,2d-high-strong,2,high,strong,4,2,-3.928431,0.014933499221210568
"(4,2)-Isolated Two-layer MoM",isomom,avg_ll,in sample,with noise,2d-high-weak,2,high,weak,4,2,-3.9377154,0.014311197030452938
"(4,2)-Isolated Two-layer MoM",isomom,avg_ll,in sample,with noise,2d-low-ind,2,low,ind,4,2,-3.4624822999999996,0.014840493188937763
"(4,2)-Isolated Two-layer MoM",isomom,avg_ll,in sample,with noise,2d-low-strong,2,low,strong,4,2,-3.3145832,0.018539570286936032
"(4,2)-Isolated Two-layer MoM",isomom,avg_ll,in sample,with noise,2d-low-weak,2,low,weak,4,2,-3.449785,0.014909453614090183
"(4,2)-Isolated Two-layer MoM",isomom,avg_ll,in sample,with noise,3d-high-ind,3,high,ind,4,2,-5.668228,0.01560283320555619
"(4,2)-Isolated Two-layer MoM",isomom,avg_ll,in sample,with noise,3d-high-strong,3,high,strong,4,2,-5.6896649,0.020557598830769745
"(4,2)-Isolated Two-layer MoM",isomom,avg_ll,in sample,with noise,3d-high-weak,3,high,weak,4,2,-5.6966115,0.015864714125786526
"(4,2)-Isolated Two-layer MoM",isomom,avg_ll,in sample,with noise,3d-low-ind,3,low,ind,4,2,-5.130569,0.016311483808666996
"(4,2)-Isolated Two-layer MoM",isomom,avg_ll,in sample,with noise,3d-low-strong,3,low,strong,4,2,-4.959535,0.02505162913309658
"(4,2)-Isolated Two-layer MoM",isomom,avg_ll,in sample,with noise,3d-low-weak,3,low,weak,4,2,-5.114788,0.016766029507744026
"(4,2)-Isolated Two-layer MoM",isomom,avg_ll,out of sample,no noise,2d-high-ind,2,high,ind,4,2,-3.8838351999999996,0.024096157557803834
"(4,2)-Isolated Two-layer MoM",isomom,avg_ll,out of sample,no noise,2d-high-strong,2,high,strong,4,2,-3.8953447,0.02424729906670646
"(4,2)-Isolated Two-layer MoM",isomom,avg_ll,out of sample,no noise,2d-high-weak,2,high,weak,4,2,-3.9078098999999997,0.02604579000064261
"(4,2)-Isolated Two-layer MoM",isomom,avg_ll,out of sample,no noise,2d-low-ind,2,low,ind,4,2,-3.4363623999999997,0.026032378949642315
"(4,2)-Isolated Two-layer MoM",isomom,avg_ll,out of sample,no noise,2d-low-strong,2,low,strong,4,2,-3.2766383,0.029175473131285202
"(4,2)-Isolated Two-layer MoM",isomom,avg_ll,out of sample,no noise,2d-low-weak,2,low,weak,4,2,-3.4212293,0.027528333549088905
"(4,2)-Isolated Two-layer MoM",isomom,avg_ll,out of sample,no noise,3d-high-ind,3,high,ind,4,2,-5.6091794,0.03739390931932392
"(4,2)-Isolated Two-layer MoM",isomom,avg_ll,out of sample,no noise,3d-high-strong,3,high,strong,4,2,-5.629281,0.03958142140199149
"(4,2)-Isolated Two-layer MoM",isomom,avg_ll,out of sample,no noise,3d-high-weak,3,high,weak,4,2,-5.6398636,0.03641483734452586
"(4,2)-Isolated Two-layer MoM",isomom,avg_ll,out of sample,no noise,3d-low-ind,3,low,ind,4,2,-5.079674499999999,0.03909449069597649
"(4,2)-Isolated Two-layer MoM",isomom,avg_ll,out of sample,no noise,3d-low-strong,3,low,strong,4,2,-4.9004259,0.0460160436689139
"(4,2)-Isolated Two-layer MoM",isomom,avg_ll,out of sample,no noise,3d-low-weak,3,low,weak,4,2,-5.0634381,0.03981365824967891
"(4,2)-Isolated Two-layer MoM",isomom,avg_ll,out of sample,with noise,2d-high-ind,2,high,ind,4,2,-3.9186151999999996,0.02371774162175568
"(4,2)-Isolated Two-layer MoM",isomom,avg_ll,out of sample,with noise,2d-high-strong,2,high,strong,4,2,-3.9297201999999998,0.02425573417490462
"(4,2)-Isolated Two-layer MoM",isomom,avg_ll,out of sample,with noise,2d-high-weak,2,high,weak,4,2,-3.9414417,0.02612591874775194
"(4,2)-Isolated Two-layer MoM",isomom,avg_ll,out of sample,with noise,2d-low-ind,2,low,ind,4,2,-3.4683032,0.02612930267618016
"(4,2)-Isolated Two-layer MoM",isomom,avg_ll,out of sample,with noise,2d-low-strong,2,low,strong,4,2,-3.3154486,0.027963755799681866
"(4,2)-Isolated Two-layer MoM",isomom,avg_ll,out of sample,with noise,2d-low-weak,2,low,weak,4,2,-3.4535268,0.027508146557525495
"(4,2)-Isolated Two-layer MoM",isomom,avg_ll,out of sample,with noise,3d-high-ind,3,high,ind,4,2,-5.6730979999999995,0.036478093273756666
"(4,2)-Isolated Two-layer MoM",isomom,avg_ll,out of sample,with noise,3d-high-strong,3,high,strong,4,2,-5.6917944,0.038597849139844785
"(4,2)-Isolated Two-layer MoM",isomom,avg_ll,out of sample,with noise,3d-high-weak,3,high,weak,4,2,-5.7022824000000005,0.03537559893828541
"(4,2)-Isolated Two-layer MoM",isomom,avg_ll,out of sample,with noise,3d-low-ind,3,low,ind,4,2,-5.1332979,0.038127203186415215
"(4,2)-Isolated Two-layer MoM",isomom,avg_ll,out of sample,with noise,3d-low-strong,3,low,strong,4,2,-4.961039,0.04410723558910865
"(4,2)-Isolated Two-layer MoM",isomom,avg_ll,out of sample,with noise,3d-low-weak,3,low,weak,4,2,-5.1178177,0.03931661161903485
"(4,2)-Isolated Two-layer MoM",isomom,bic,in sample,no noise,2d-high-ind,2,high,ind,4,2,62411.692957499996,227.5645711281871
"(4,2)-Isolated Two-layer MoM",isomom,bic,in sample,no noise,2d-high-strong,2,high,strong,4,2,62682.8521389,231.7188850857535
"(4,2)-Isolated Two-layer MoM",isomom,bic,in sample,no noise,2d-high-weak,2,high,weak,4,2,62849.078765599996,225.05974883935318
"(4,2)-Isolated Two-layer MoM",isomom,bic,in sample,no noise,2d-low-ind,2,low,ind,4,2,55284.123002399996,238.8990353981172
"(4,2)-Isolated Two-layer MoM",isomom,bic,in sample,no noise,2d-low-strong,2,low,strong,4,2,52792.194603899996,285.86223575378654
"(4,2)-Isolated Two-layer MoM",isomom,bic,in sample,no noise,2d-low-weak,2,low,weak,4,2,55066.140687800005,234.13330156853834
"(4,2)-Isolated Two-layer MoM",isomom,bic,in sample,no noise,3d-high-ind,3,high,ind,4,2,90279.0935564,247.80595867980838
"(4,2)-Isolated Two-layer MoM",isomom,bic,in sample,no noise,3d-high-strong,3,high,strong,4,2,90629.5744072,316.3788715744417
"(4,2)-Isolated Two-layer MoM",isomom,bic,in sample,no noise,3d-high-weak,3,high,weak,4,2,90753.4051898,247.69806942992653
"(4,2)-Isolated Two-layer MoM",isomom,bic,in sample,no noise,3d-low-ind,3,low,ind,4,2,81842.3784303,253.711995162784
"(4,2)-Isolated Two-layer MoM",isomom,bic,in sample,no noise,3d-low-strong,3,low,strong,4,2,78978.7822459,408.4664322364599
"(4,2)-Isolated Two-layer MoM",isomom,bic,in sample,no noise,3d-low-weak,3,low,weak,4,2,81574.4986412,264.09086910899026
"(4,2)-Isolated Two-layer MoM",isomom,bic,in sample,with noise,2d-high-ind,2,high,ind,4,2,62960.080381199994,227.9619353201313
"(4,2)-Isolated Two-layer MoM",isomom,bic,in sample,with noise,2d-high-strong,2,high,strong,4,2,63241.3416215,238.94311580203507
"(4,2)-Isolated Two-layer MoM",isomom,bic,in sample,with noise,2d-high-weak,2,high,weak,4,2,63389.9015374,228.98222286239556
"(4,2)-Isolated Two-layer MoM",isomom,bic,in sample,with noise,2d-low-ind,2,low,ind,4,2,55786.1695105,237.44968919807312
"(4,2)-Isolated Two-layer MoM",isomom,bic,in sample,with noise,2d-low-strong,2,low,strong,4,2,53419.7763873,296.6314029279298
"(4,2)-Isolated Two-layer MoM",isomom,bic,in sample,with noise,2d-low-weak,2,low,weak,4,2,55583.0007713,238.56004892143883
"(4,2)-Isolated Two-layer MoM",isomom,bic,in sample,with noise,3d-high-ind,3,high,ind,4,2,91293.7922546,249.64277844864847
"(4,2)-Isolated Two-layer MoM",isomom,bic,in sample,with noise,3d-high-strong,3,high,strong,4,2,91636.7729377,328.92587591159696
"(4,2)-Isolated Two-layer MoM",isomom,bic,in sample,with noise,3d-high-weak,3,high,weak,4,2,91747.92637900001,253.83710657984392
"(4,2)-Isolated Two-layer MoM",isomom,bic,in sample,with noise,3d-low-ind,3,low,ind,4,2,82691.2481488,260.9772066695974
"(4,2)-Isolated Two-layer MoM",isomom,bic,in sample,with noise,3d-low-strong,3,low,strong,4,2,79954.7066178,400.822406837415
"(4,2)-Isolated Two-layer MoM",isomom,bic,in sample,with noise,3d-low-weak,3,low,weak,4,2,82438.7425889,268.2624836546163
"(4,2)-Isolated Two-layer MoM",isomom,bic,out of sample,no noise,2d-high-ind,2,high,ind,4,2,15862.180123,96.38388209090937
"(4,2)-Isolated Two-layer MoM",isomom,bic,out of sample,no noise,2d-high-strong,2,high,strong,4,2,15908.2174431,96.9893909898463
"(4,2)-Isolated Two-layer MoM",isomom,bic,out of sample,no noise,2d-high-weak,2,high,weak,4,2,15958.076782,104.18426327502897
"(4,2)-Isolated Two-layer MoM",isomom,bic,out of sample,no noise,2d-low-ind,2,low,ind,4,2,14072.288182,104.13121113564391
"(4,2)-Isolated Two-layer MoM",isomom,bic,out of sample,no noise,2d-low-strong,2,low,strong,4,2,13433.390999100002,116.70027779238143
"(4,2)-Isolated Two-layer MoM",isomom,bic,out of sample,no noise,2d-low-weak,2,low,weak,4,2,14011.7554846,110.11293382737966
"(4,2)-Isolated Two-layer MoM",isomom,bic,out of sample,no noise,3d-high-ind,3,high,ind,4,2,22945.9777293,149.57540627289092
"(4,2)-Isolated Two-layer MoM",isomom,bic,out of sample,no noise,3d-high-strong,3,high,strong,4,2,23026.3867551,158.3266310747747
"(4,2)-Isolated Two-layer MoM",isomom,bic,out of sample,no noise,3d-high-weak,3,high,weak,4,2,23068.717379,145.66024507827893
"(4,2)-Isolated Two-layer MoM",isomom,bic,out of sample,no noise,3d-low-ind,3,low,ind,4,2,20827.9572282,156.37696633057985
"(4,2)-Isolated Two-layer MoM",isomom,bic,out of sample,no noise,3d-low-strong,3,low,strong,4,2,20110.9636903,184.06337790777545
"(4,2)-Isolated Two-layer MoM",isomom,bic,out of sample,no noise,3d-low-weak,3,low,weak,4,2,20763.012919999997,159.25332587217906
"(4,2)-Isolated Two-layer MoM",isomom,bic,out of sample,with noise,2d-high-ind,2,high,ind,4,2,16001.2971991,94.87147527419096
"(4,2)-Isolated Two-layer MoM",isomom,bic,out of sample,with noise,2d-high-strong,2,high,strong,4,2,16045.718724499999,97.02437690743542
"(4,2)-Isolated Two-layer MoM",isomom,bic,out of sample,with noise,2d-high-weak,2,high,weak,4,2,16092.6067309,104.50330778102006
"(4,2)-Isolated Two-layer MoM",isomom,bic,out of sample,with noise,2d-low-ind,2,low,ind,4,2,14200.051361799999,104.5172900895781
"(4,2)-Isolated Two-layer MoM",isomom,bic,out of sample,with noise,2d-low-strong,2,low,strong,4,2,13588.6326345,111.85402915807992
"(4,2)-Isolated Two-layer MoM",isomom,bic,out of sample,with noise,2d-low-weak,2,low,weak,4,2,14140.9476242,110.03109449032586
"(4,2)-Isolated Two-layer MoM",isomom,bic,out of sample,with noise,3d-high-ind,3,high,ind,4,2,23201.6525132,145.91052287560444
"(4,2)-Isolated Two-layer MoM",isomom,bic,out of sample,with noise,3d-high-strong,3,high,strong,4,2,23276.4358993,154.39156113640763
"(4,2)-Isolated Two-layer MoM",isomom,bic,out of sample,with noise,3d-high-weak,3,high,weak,4,2,23318.3895182,141.50289012375674
"(4,2)-Isolated Two-layer MoM",isomom,bic,out of sample,with noise,3d-low-ind,3,low,ind,4,2,21042.4546195,152.507138059124
"(4,2)-Isolated Two-layer MoM",isomom,bic,out of sample,with noise,3d-low-strong,3,low,strong,4,2,20353.414243699997,176.43072236606176
"(4,2)-Isolated Two-layer MoM",isomom,bic,out of sample,with noise,3d-low-weak,3,low,weak,4,2,20980.529695999998,157.26687715225356
"(4,2)-Isolated Two-layer MoM",isomom,em_iters,training,no noise,2d-high-ind,2,high,ind,4,2,97.29,5.9548723790275355
"(4,2)-Isolated Two-layer MoM",isomom,em_iters,training,no noise,2d-high-strong,2,high,strong,4,2,70.21,3.6825962514936585
"(4,2)-Isolated Two-layer MoM",isomom,em_iters,training,no noise,2d-high-weak,2,high,weak,4,2,88.31,4.5164010880211665
"(4,2)-Isolated Two-layer MoM",isomom,em_iters,training,no noise,2d-low-ind,2,low,ind,4,2,120.15,10.54607495562671
"(4,2)-Isolated Two-layer MoM",isomom,em_iters,training,no noise,2d-low-strong,2,low,strong,4,2,85.15,5.1057009135065705
"(4,2)-Isolated Two-layer MoM",isomom,em_iters,training,no noise,2d-low-weak,2,low,weak,4,2,117.08,10.287464176944638
"(4,2)-Isolated Two-layer MoM",isomom,em_iters,training,no noise,3d-high-ind,3,high,ind,4,2,49.99,2.805099973010918
"(4,2)-Isolated Two-layer MoM",isomom,em_iters,training,no noise,3d-high-strong,3,high,strong,4,2,44.51,1.623657176334531
"(4,2)-Isolated Two-layer MoM",isomom,em_iters,training,no noise,3d-high-weak,3,high,weak,4,2,46.83,2.160504056413174
"(4,2)-Isolated Two-layer MoM",isomom,em_iters,training,no noise,3d-low-ind,3,low,ind,4,2,60.08,4.556447313556047
"(4,2)-Isolated Two-layer MoM",isomom,em_iters,training,no noise,3d-low-strong,3,low,strong,4,2,62.07,7.760629725568262
"(4,2)-Isolated Two-layer MoM",isomom,em_iters,training,no noise,3d-low-weak,3,low,weak,4,2,59.78,3.639236239108476
"(4,2)-Isolated Two-layer MoM",isomom,em_iters,training,with noise,2d-high-ind,2,high,ind,4,2,94.94,6.264893366122755
"(4,2)-Isolated Two-layer MoM",isomom,em_iters,training,with noise,2d-high-strong,2,high,strong,4,2,70.61,3.4812484698870483
"(4,2)-Isolated Two-layer MoM",isomom,em_iters,training,with noise,2d-high-weak,2,high,weak,4,2,87.0,4.541614539595211
"(4,2)-Isolated Two-layer MoM",isomom,em_iters,training,with noise,2d-low-ind,2,low,ind,4,2,117.88,10.493172383348451
"(4,2)-Isolated Two-layer MoM",isomom,em_iters,training,with noise,2d-low-strong,2,low,strong,4,2,84.28,4.690588040066636
"(4,2)-Isolated Two-layer MoM",isomom,em_iters,training,with noise,2d-low-weak,2,low,weak,4,2,114.7,10.222277118868844
"(4,2)-Isolated Two-layer MoM",isomom,em_iters,training,with noise,3d-high-ind,3,high,ind,4,2,49.72,2.225109235770486
"(4,2)-Isolated Two-layer MoM",isomom,em_iters,training,with noise,3d-high-strong,3,high,strong,4,2,44.61,1.7285189549952218
"(4,2)-Isolated Two-layer MoM",isomom,em_iters,training,with noise,3d-high-weak,3,high,weak,4,2,46.87,1.9050968320255897
"(4,2)-Isolated Two-layer MoM",isomom,em_iters,training,with noise,3d-low-ind,3,low,ind,4,2,59.77,4.55683524770728
"(4,2)-Isolated Two-layer MoM",isomom,em_iters,training,with noise,3d-low-strong,3,low,strong,4,2,61.43,6.108869193908381
"(4,2)-Isolated Two-layer MoM",isomom,em_iters,training,with noise,3d-low-weak,3,low,weak,4,2,59.3,3.365001088147271
"(4,2)-Isolated Two-layer MoM",isomom,gmpd,in sample,no noise,2d-high-ind,2,high,ind,4,2,0.0207238,0.00029485754136017965
"(4,2)-Isolated Two-layer MoM",isomom,gmpd,in sample,no noise,2d-high-strong,2,high,strong,4,2,0.0203757,0.0002945609813216475
"(4,2)-Isolated Two-layer MoM",isomom,gmpd,in sample,no noise,2d-high-weak,2,high,weak,4,2,0.0201648,0.00028333326203207657
"(4,2)-Isolated Two-layer MoM",isomom,gmpd,in sample,no noise,2d-low-ind,2,low,ind,4,2,0.0323546,0.0004825634830273788
"(4,2)-Isolated Two-layer MoM",isomom,gmpd,in sample,no noise,2d-low-strong,2,low,strong,4,2,0.0378089,0.0006752820510607762
"(4,2)-Isolated Two-layer MoM",isomom,gmpd,in sample,no noise,2d-low-weak,2,low,weak,4,2,0.032798799999999996,0.00047930774998107334
"(4,2)-Isolated Two-layer MoM",isomom,gmpd,in sample,no noise,3d-high-ind,3,high,ind,4,2,0.0036807000000000003,5.682251296623535e-05
"(4,2)-Isolated Two-layer MoM",isomom,gmpd,in sample,no noise,3d-high-strong,3,high,strong,4,2,0.0036008,7.060603459487102e-05
"(4,2)-Isolated Two-layer MoM",isomom,gmpd,in sample,no noise,3d-high-weak,3,high,weak,4,2,0.0035734,5.518051185780069e-05
"(4,2)-Isolated Two-layer MoM",isomom,gmpd,in sample,no noise,3d-low-ind,3,low,ind,4,2,0.0062363,9.963220241255229e-05
"(4,2)-Isolated Two-layer MoM",isomom,gmpd,in sample,no noise,3d-low-strong,3,low,strong,4,2,0.007459400000000001,0.00018993257708561706
"(4,2)-Isolated Two-layer MoM",isomom,gmpd,in sample,no noise,3d-low-weak,3,low,weak,4,2,0.0063414000000000005,0.00010464968015027839
"(4,2)-Isolated Two-layer MoM",isomom,gmpd,in sample,with noise,2d-high-ind,2,high,ind,4,2,0.020025300000000003,0.00028420882562942473
"(4,2)-Isolated Two-layer MoM",isomom,gmpd,in sample,with noise,2d-high-strong,2,high,strong,4,2,0.0196771,0.0002932448041338763
"(4,2)-Isolated Two-layer MoM",isomom,gmpd,in sample,with noise,2d-high-weak,2,high,weak,4,2,0.0194951,0.00027854417708122813
"(4,2)-Isolated Two-layer MoM",isomom,gmpd,in sample,with noise,2d-low-ind,2,low,ind,4,2,0.031354799999999995,0.00046372118059598386
"(4,2)-Isolated Two-layer MoM",isomom,gmpd,in sample,with noise,2d-low-strong,2,low,strong,4,2,0.036355200000000004,0.0006749971642289849
"(4,2)-Isolated Two-layer MoM",isomom,gmpd,in sample,with noise,2d-low-weak,2,low,weak,4,2,0.031756,0.0004738366935149833
"(4,2)-Isolated Two-layer MoM",isomom,gmpd,in sample,with noise,3d-high-ind,3,high,ind,4,2,0.0034541,5.399392034612266e-05
"(4,2)-Isolated Two-layer MoM",isomom,gmpd,in sample,with noise,3d-high-strong,3,high,strong,4,2,0.0033811999999999996,6.953351056080144e-05
"(4,2)-Isolated Two-layer MoM",isomom,gmpd,in sample,with noise,3d-high-weak,3,high,weak,4,2,0.003358,5.3257521875915565e-05
"(4,2)-Isolated Two-layer MoM",isomom,gmpd,in sample,with noise,3d-low-ind,3,low,ind,4,2,0.0059138,9.615622809792506e-05
"(4,2)-Isolated Two-layer MoM",isomom,gmpd,in sample,with noise,3d-low-strong,3,low,strong,4,2,0.007019,0.0001747176654670691
"(4,2)-Isolated Two-layer MoM",isomom,gmpd,in sample,with noise,3d-low-weak,3,low,weak,4,2,0.0060084000000000005,0.00010066164948364233
"(4,2)-Isolated Two-layer MoM",isomom,gmpd,out of sample,no noise,2d-high-ind,2,high,ind,4,2,0.0205781,0.0004969964229694658
"(4,2)-Isolated Two-layer MoM",isomom,gmpd,out of sample,no noise,2d-high-strong,2,high,strong,4,2,0.0203423,0.0004930176201084239
"(4,2)-Isolated Two-layer MoM",isomom,gmpd,out of sample,no noise,2d-high-weak,2,high,weak,4,2,0.020091200000000004,0.0005251998753721371
"(4,2)-Isolated Two-layer MoM",isomom,gmpd,out of sample,no noise,2d-low-ind,2,low,ind,4,2,0.0321925,0.0008425183209949336
"(4,2)-Isolated Two-layer MoM",isomom,gmpd,out of sample,no noise,2d-low-strong,2,low,strong,4,2,0.0377706,0.0011028748658379016
"(4,2)-Isolated Two-layer MoM",isomom,gmpd,out of sample,no noise,2d-low-weak,2,low,weak,4,2,0.0326844,0.0009041155285077722
"(4,2)-Isolated Two-layer MoM",isomom,gmpd,out of sample,no noise,3d-high-ind,3,high,ind,4,2,0.0036664999999999996,0.00013793114224133716
"(4,2)-Isolated Two-layer MoM",isomom,gmpd,out of sample,no noise,3d-high-strong,3,high,strong,4,2,0.003594,0.00014361142859898872
"(4,2)-Isolated Two-layer MoM",isomom,gmpd,out of sample,no noise,3d-high-weak,3,high,weak,4,2,0.0035556,0.00013043300071978602
"(4,2)-Isolated Two-layer MoM",isomom,gmpd,out of sample,no noise,3d-low-ind,3,low,ind,4,2,0.0062264,0.0002439428646468699
"(4,2)-Isolated Two-layer MoM",isomom,gmpd,out of sample,no noise,3d-low-strong,3,low,strong,4,2,0.0074512,0.00034293233422730187
"(4,2)-Isolated Two-layer MoM",isomom,gmpd,out of sample,no noise,3d-low-weak,3,low,weak,4,2,0.0063288,0.0002527756221464308
"(4,2)-Isolated Two-layer MoM",isomom,gmpd,out of sample,with noise,2d-high-ind,2,high,ind,4,2,0.0198739,0.0004729531016534685
"(4,2)-Isolated Two-layer MoM",isomom,gmpd,out of sample,with noise,2d-high-strong,2,high,strong,4,2,0.0196549,0.00047740987832175407
"(4,2)-Isolated Two-layer MoM",isomom,gmpd,out of sample,with noise,2d-high-weak,2,high,weak,4,2,0.019426699999999998,0.0005090554830747677
"(4,2)-Isolated Two-layer MoM",isomom,gmpd,out of sample,with noise,2d-low-ind,2,low,ind,4,2,0.031179899999999997,0.000818234728367765
"(4,2)-Isolated Two-layer MoM",isomom,gmpd,out of sample,with noise,2d-low-strong,2,low,strong,4,2,0.0363319,0.001015895579418884
"(4,2)-Isolated Two-layer MoM",isomom,gmpd,out of sample,with noise,2d-low-weak,2,low,weak,4,2,0.0316461,0.0008737483341987858
"(4,2)-Isolated Two-layer MoM",isomom,gmpd,out of sample,with noise,3d-high-ind,3,high,ind,4,2,0.0034397,0.00012615090370286886
"(4,2)-Isolated Two-layer MoM",isomom,gmpd,out of sample,with noise,3d-high-strong,3,high,strong,4,2,0.0033761000000000004,0.00013121726142916457
"(4,2)-Isolated Two-layer MoM",isomom,gmpd,out of sample,with noise,3d-high-weak,3,high,weak,4,2,0.0033403,0.00011897249491144809
"(4,2)-Isolated Two-layer MoM",isomom,gmpd,out of sample,with noise,3d-low-ind,3,low,ind,4,2,0.0059016,0.0002259557478799775
"(4,2)-Isolated Two-layer MoM",isomom,gmpd,out of sample,with noise,3d-low-strong,3,low,strong,4,2,0.0070125000000000005,0.0003111411872186618
"(4,2)-Isolated Two-layer MoM",isomom,gmpd,out of sample,with noise,3d-low-weak,3,low,weak,4,2,0.0059938000000000005,0.0002363988241096051
"(4,2)-Isolated Two-layer MoM",isomom,training_time,training,no noise,2d-high-ind,2,high,ind,4,2,867.0876,95.27852989434862
"(4,2)-Isolated Two-layer MoM",isomom,training_time,training,no noise,2d-high-strong,2,high,strong,4,2,793.2126,88.91434371587208
"(4,2)-Isolated Two-layer MoM",isomom,training_time,training,no noise,2d-high-weak,2,high,weak,4,2,844.5629000000001,90.69677687740342
"(4,2)-Isolated Two-layer MoM",isomom,training_time,training,no noise,2d-low-ind,2,low,ind,4,2,957.8638000000001,87.35607469096892
"(4,2)-Isolated Two-layer MoM",isomom,training_time,training,no noise,2d-low-strong,2,low,strong,4,2,876.115,93.06323316254742
"(4,2)-Isolated Two-layer MoM",isomom,training_time,training,no noise,2d-low-weak,2,low,weak,4,2,971.6428999999999,97.21605391070803
"(4,2)-Isolated Two-layer MoM",isomom,training_time,training,no noise,3d-high-ind,3,high,ind,4,2,794.0875,86.58276141643297
"(4,2)-Isolated Two-layer MoM",isomom,training_time,training,no noise,3d-high-strong,3,high,strong,4,2,780.9118,87.89851707394149
"(4,2)-Isolated Two-layer MoM",isomom,training_time,training,no noise,3d-high-weak,3,high,weak,4,2,783.4891,88.55112712632986
"(4,2)-Isolated Two-layer MoM",isomom,training_time,training,no noise,3d-low-ind,3,low,ind,4,2,830.5264999999999,94.44755629261387
"(4,2)-Isolated Two-layer MoM",isomom,training_time,training,no noise,3d-low-strong,3,low,strong,4,2,834.7675999999999,96.85958361265112
"(4,2)-Isolated Two-layer MoM",isomom,training_time,training,no noise,3d-low-weak,3,low,weak,4,2,843.3314,86.5232778630214
"(4,2)-Isolated Two-layer MoM",isomom,training_time,training,with noise,2d-high-ind,2,high,ind,4,2,876.8783999999999,95.70207163163118
"(4,2)-Isolated Two-layer MoM",isomom,training_time,training,with noise,2d-high-strong,2,high,strong,4,2,797.7681,91.61197202094087
"(4,2)-Isolated Two-layer MoM",isomom,training_time,training,with noise,2d-high-weak,2,high,weak,4,2,838.3739,89.91609650050921
"(4,2)-Isolated Two-layer MoM",isomom,training_time,training,with noise,2d-low-ind,2,low,ind,4,2,942.9342,87.76041074022463
"(4,2)-Isolated Two-layer MoM",isomom,training_time,training,with noise,2d-low-strong,2,low,strong,4,2,869.2591,98.95392686809424
"(4,2)-Isolated Two-layer MoM",isomom,training_time,training,with noise,2d-low-weak,2,low,weak,4,2,937.8908,105.21096058698618
"(4,2)-Isolated Two-layer MoM",isomom,training_time,training,with noise,3d-high-ind,3,high,ind,4,2,805.4778,80.82212999000467
"(4,2)-Isolated Two-layer MoM",isomom,training_time,training,with noise,3d-high-strong,3,high,strong,4,2,780.5203999999999,94.1667311978325
"(4,2)-Isolated Two-layer MoM",isomom,training_time,training,with noise,3d-high-weak,3,high,weak,4,2,785.3196,86.0729750160944
"(4,2)-Isolated Two-layer MoM",isomom,training_time,training,with noise,3d-low-ind,3,low,ind,4,2,843.0398,81.95367049150576
"(4,2)-Isolated Two-layer MoM",isomom,training_time,training,with noise,3d-low-strong,3,low,strong,4,2,819.0900999999999,88.83198412182522
"(4,2)-Isolated Two-layer MoM",isomom,training_time,training,with noise,3d-low-weak,3,low,weak,4,2,824.7991000000001,88.85514938319044
"(4,2)-Two-layer MoM",mom,aic,in sample,no noise,2d-high-ind,2,high,ind,4,2,61900.5702355,225.8777325623261
"(4,2)-Two-layer MoM",mom,aic,in sample,no noise,2d-high-strong,2,high,strong,4,2,61301.1075842,232.66412294791917
"(4,2)-Two-layer MoM",mom,aic,in sample,no noise,2d-high-weak,2,high,weak,4,2,62391.5968874,222.00157912503056
"(4,2)-Two-layer MoM",mom,aic,in sample,no noise,2d-low-ind,2,low,ind,4,2,54960.170007,238.71304440096483
"(4,2)-Two-layer MoM",mom,aic,in sample,no noise,2d-low-strong,2,low,strong,4,2,48100.637296500005,271.01728949413416
"(4,2)-Two-layer MoM",mom,aic,in sample,no noise,2d-low-weak,2,low,weak,4,2,54461.9199107,238.39641590371187
"(4,2)-Two-layer MoM",mom,aic,in sample,no noise,3d-high-ind,3,high,ind,4,2,89469.9616697,243.26379448641163
"(4,2)-Two-layer MoM",mom,aic,in sample,no noise,3d-high-strong,3,high,strong,4,2,86506.9207454,336.5653372575778
"(4,2)-Two-layer MoM",mom,aic,in sample,no noise,3d-high-weak,3,high,weak,4,2,89935.02189719999,244.99729256650835
"(4,2)-Two-layer MoM",mom,aic,in sample,no noise,3d-low-ind,3,low,ind,4,2,81283.0676203,253.65618996873835
"(4,2)-Two-layer MoM",mom,aic,in sample,no noise,3d-low-strong,3,low,strong,4,2,74213.6874148,328.86787674779634
"(4,2)-Two-layer MoM",mom,aic,in sample,no noise,3d-low-weak,3,low,weak,4,2,80581.5034335,256.108450992194
"(4,2)-Two-layer MoM",mom,aic,in sample,with noise,2d-high-ind,2,high,ind,4,2,62455.051224999996,227.32307554586058
"(4,2)-Two-layer MoM",mom,aic,in sample,with noise,2d-high-strong,2,high,strong,4,2,61923.6767818,237.46277846703256
"(4,2)-Two-layer MoM",mom,aic,in sample,with noise,2d-high-weak,2,high,weak,4,2,62938.3466536,224.7443472090675
"(4,2)-Two-layer MoM",mom,aic,in sample,with noise,2d-low-ind,2,low,ind,4,2,55461.725642100006,237.46947875049787
"(4,2)-Two-layer MoM",mom,aic,in sample,with noise,2d-low-strong,2,low,strong,4,2,49038.705071000004,277.8118834260692
"(4,2)-Two-layer MoM",mom,aic,in sample,with noise,2d-low-weak,2,low,weak,4,2,54995.452187099996,240.73630973450636
"(4,2)-Two-layer MoM",mom,aic,in sample,with noise,3d-high-ind,3,high,ind,4,2,90492.150255,247.66139519242842
"(4,2)-Two-layer MoM",mom,aic,in sample,with noise,3d-high-strong,3,high,strong,4,2,87750.4170209,310.85755296919336
"(4,2)-Two-layer MoM",mom,aic,in sample,with noise,3d-high-weak,3,high,weak,4,2,90936.1898692,260.7284680060895
"(4,2)-Two-layer MoM",mom,aic,in sample,with noise,3d-low-ind,3,low,ind,4,2,82140.8827834,260.32189790515105
"(4,2)-Two-layer MoM",mom,aic,in sample,with noise,3d-low-strong,3,low,strong,4,2,75453.0719428,341.0155905805744
"(4,2)-Two-layer MoM",mom,aic,in sample,with noise,3d-low-weak,3,low,weak,4,2,81475.3449871,259.7832062977704
"(4,2)-Two-layer MoM",mom,aic,out of sample,no noise,2d-high-ind,2,high,ind,4,2,15574.0496489,96.90718986814144
"(4,2)-Two-layer MoM",mom,aic,out of sample,no noise,2d-high-strong,2,high,strong,4,2,15410.0808583,90.0122630006068
"(4,2)-Two-layer MoM",mom,aic,out of sample,no noise,2d-high-weak,2,high,weak,4,2,15679.611222399999,102.25017390291026
"(4,2)-Two-layer MoM",mom,aic,out of sample,no noise,2d-low-ind,2,low,ind,4,2,13830.135230799999,103.90652463553418
"(4,2)-Two-layer MoM",mom,aic,out of sample,no noise,2d-low-strong,2,low,strong,4,2,12103.6893081,105.00122944288259
"(4,2)-Two-layer MoM",mom,aic,out of sample,no noise,2d-low-weak,2,low,weak,4,2,13701.067802599999,110.37125411985188
"(4,2)-Two-layer MoM",mom,aic,out of sample,no noise,3d-high-ind,3,high,ind,4,2,22494.243127700003,148.10942612721496
"(4,2)-Two-layer MoM",mom,aic,out of sample,no noise,3d-high-strong,3,high,strong,4,2,21755.9669238,155.31420752376133
"(4,2)-Two-layer MoM",mom,aic,out of sample,no noise,3d-high-weak,3,high,weak,4,2,22617.3067422,147.5198758047418
"(4,2)-Two-layer MoM",mom,aic,out of sample,no noise,3d-low-ind,3,low,ind,4,2,20439.2325333,153.74506875675286
"(4,2)-Two-layer MoM",mom,aic,out of sample,no noise,3d-low-strong,3,low,strong,4,2,18697.215226700002,178.20135896016677
"(4,2)-Two-layer MoM",mom,aic,out of sample,no noise,3d-low-weak,3,low,weak,4,2,20265.6066189,157.79259313021984
"(4,2)-Two-layer MoM",mom,aic,out of sample,with noise,2d-high-ind,2,high,ind,4,2,15714.436103999999,94.46047520369326
"(4,2)-Two-layer MoM",mom,aic,out of sample,with noise,2d-high-strong,2,high,strong,4,2,15561.675411100001,93.79344097593534
"(4,2)-Two-layer MoM",mom,aic,out of sample,with noise,2d-high-weak,2,high,weak,4,2,15815.532978399999,103.26924474653809
"(4,2)-Two-layer MoM",mom,aic,out of sample,with noise,2d-low-ind,2,low,ind,4,2,13957.288454700001,103.87999636282888
"(4,2)-Two-layer MoM",mom,aic,out of sample,with noise,2d-low-strong,2,low,strong,4,2,12337.749747200001,106.694757083
"(4,2)-Two-layer MoM",mom,aic,out of sample,with noise,2d-low-weak,2,low,weak,4,2,13834.3343227,110.48810746412235
"(4,2)-Two-layer MoM",mom,aic,out of sample,with noise,3d-high-ind,3,high,ind,4,2,22750.9892868,145.33255546435672
"(4,2)-Two-layer MoM",mom,aic,out of sample,with noise,3d-high-strong,3,high,strong,4,2,22063.747506300002,153.04643910695376
"(4,2)-Two-layer MoM",mom,aic,out of sample,with noise,3d-high-weak,3,high,weak,4,2,22869.3317748,142.34692800934874
"(4,2)-Two-layer MoM",mom,aic,out of sample,with noise,3d-low-ind,3,low,ind,4,2,20655.1171468,150.41319052894318
"(4,2)-Two-layer MoM",mom,aic,out of sample,with noise,3d-low-strong,3,low,strong,4,2,19001.7116492,174.2903063821378
"(4,2)-Two-layer MoM",mom,aic,out of sample,with noise,3d-low-weak,3,low,weak,4,2,20491.0748895,157.81623593359035
"(4,2)-Two-layer MoM",mom,ari,in sample,no noise,2d-high-ind,2,high,ind,4,2,0.26473189999999996,0.026327523973510267
"(4,2)-Two-layer MoM",mom,ari,in sample,no noise,2d-high-strong,2,high,strong,4,2,0.1504538,0.0269455406171692
"(4,2)-Two-layer MoM",mom,ari,in sample,no noise,2d-high-weak,2,high,weak,4,2,0.2502291,0.016771835825561732
"(4,2)-Two-layer MoM",mom,ari,in sample,no noise,2d-low-ind,2,low,ind,4,2,0.013384499999999999,0.00206789717765989
"(4,2)-Two-layer MoM",mom,ari,in sample,no noise,2d-low-strong,2,low,strong,4,2,0.0015858,0.0006754215743003056
"(4,2)-Two-layer MoM",mom,ari,in sample,no noise,2d-low-weak,2,low,weak,4,2,0.0023062,0.001260560866031346
"(4,2)-Two-layer MoM",mom,ari,in sample,no noise,3d-high-ind,3,high,ind,4,2,0.3849226,0.022435604037450214
"(4,2)-Two-layer MoM",mom,ari,in sample,no noise,3d-high-strong,3,high,strong,4,2,0.0448995,0.04308900976320688
"(4,2)-Two-layer MoM",mom,ari,in sample,no noise,3d-high-weak,3,high,weak,4,2,0.309816,0.040422362297834274
"(4,2)-Two-layer MoM",mom,ari,in sample,no noise,3d-low-ind,3,low,ind,4,2,0.0201998,0.0035650559886234888
"(4,2)-Two-layer MoM",mom,ari,in sample,no noise,3d-low-strong,3,low,strong,4,2,0.0014168,0.0007679921085453149
"(4,2)-Two-layer MoM",mom,ari,in sample,no noise,3d-low-weak,3,low,weak,4,2,0.0017157,0.001121184668378078
"(4,2)-Two-layer MoM",mom,ari,in sample,with noise,2d-high-ind,2,high,ind,4,2,0.2586327,0.023233977681382707
"(4,2)-Two-layer MoM",mom,ari,in sample,with noise,2d-high-strong,2,high,strong,4,2,0.145848,0.02934293820022497
"(4,2)-Two-layer MoM",mom,ari,in sample,with noise,2d-high-weak,2,high,weak,4,2,0.24337430000000002,0.016399885208701472
"(4,2)-Two-layer MoM",mom,ari,in sample,with noise,2d-low-ind,2,low,ind,4,2,0.013094300000000001,0.0020743981748639257
"(4,2)-Two-layer MoM",mom,ari,in sample,with noise,2d-low-strong,2,low,strong,4,2,0.0014691,0.0006584126841322716
"(4,2)-Two-layer MoM",mom,ari,in sample,with noise,2d-low-weak,2,low,weak,4,2,0.0024359,0.0012512128217263942
"(4,2)-Two-layer MoM",mom,ari,in sample,with noise,3d-high-ind,3,high,ind,4,2,0.36884239999999996,0.024667888754329164
"(4,2)-Two-layer MoM",mom,ari,in sample,with noise,3d-high-strong,3,high,strong,4,2,0.043773299999999994,0.0424185043730024
"(4,2)-Two-layer MoM",mom,ari,in sample,with noise,3d-high-weak,3,high,weak,4,2,0.29458439999999997,0.03146389228652715
"(4,2)-Two-layer MoM",mom,ari,in sample,with noise,3d-low-ind,3,low,ind,4,2,0.0191324,0.0033675006827742224
"(4,2)-Two-layer MoM",mom,ari,in sample,with noise,3d-low-strong,3,low,strong,4,2,0.0013492,0.0007555099689159059
"(4,2)-Two-layer MoM",mom,ari,in sample,with noise,3d-low-weak,3,low,weak,4,2,0.0017893999999999998,0.0009694201328316808
"(4,2)-Two-layer MoM",mom,ari,out of sample,no noise,2d-high-ind,2,high,ind,4,2,0.265583,0.02857076108347288
"(4,2)-Two-layer MoM",mom,ari,out of sample,no noise,2d-high-strong,2,high,strong,4,2,0.1521888,0.028670930418643673
"(4,2)-Two-layer MoM",mom,ari,out of sample,no noise,2d-high-weak,2,high,weak,4,2,0.25081970000000003,0.01918861217709161
"(4,2)-Two-layer MoM",mom,ari,out of sample,no noise,2d-low-ind,2,low,ind,4,2,0.0140304,0.003382817521510491
"(4,2)-Two-layer MoM",mom,ari,out of sample,no noise,2d-low-strong,2,low,strong,4,2,0.0015646,0.001363782188835834
"(4,2)-Two-layer MoM",mom,ari,out of sample,no noise,2d-low-weak,2,low,weak,4,2,0.0020786,0.001600709451298001
"(4,2)-Two-layer MoM",mom,ari,out of sample,no noise,3d-high-ind,3,high,ind,4,2,0.38888649999999997,0.02564757882817547
"(4,2)-Two-layer MoM",mom,ari,out of sample,no noise,3d-high-strong,3,high,strong,4,2,0.0454885,0.04544058099053725
"(4,2)-Two-layer MoM",mom,ari,out of sample,no noise,3d-high-weak,3,high,weak,4,2,0.3118475,0.040221558377732364
"(4,2)-Two-layer MoM",mom,ari,out of sample,no noise,3d-low-ind,3,low,ind,4,2,0.020309400000000002,0.004768748606576706
"(4,2)-Two-layer MoM",mom,ari,out of sample,no noise,3d-low-strong,3,low,strong,4,2,0.0013659,0.0012635480708199144
"(4,2)-Two-layer MoM",mom,ari,out of sample,no noise,3d-low-weak,3,low,weak,4,2,0.0014662,0.0013151831151070278
"(4,2)-Two-layer MoM",mom,ari,out of sample,with noise,2d-high-ind,2,high,ind,4,2,0.25904330000000003,0.026868628962664495
"(4,2)-Two-layer MoM",mom,ari,out of sample,with noise,2d-high-strong,2,high,strong,4,2,0.147102,0.030296416296387938
"(4,2)-Two-layer MoM",mom,ari,out of sample,with noise,2d-high-weak,2,high,weak,4,2,0.24411090000000002,0.019785833473789413
"(4,2)-Two-layer MoM",mom,ari,out of sample,with noise,2d-low-ind,2,low,ind,4,2,0.013402400000000002,0.003160112873575464
"(4,2)-Two-layer MoM",mom,ari,out of sample,with noise,2d-low-strong,2,low,strong,4,2,0.0015123,0.001350442392908952
"(4,2)-Two-layer MoM",mom,ari,out of sample,with noise,2d-low-weak,2,low,weak,4,2,0.0023232,0.0016897264616355853
"(4,2)-Two-layer MoM",mom,ari,out of sample,with noise,3d-high-ind,3,high,ind,4,2,0.372309,0.02599571885887942
"(4,2)-Two-layer MoM",mom,ari,out of sample,with noise,3d-high-strong,3,high,strong,4,2,0.043872600000000005,0.04447007711740877
"(4,2)-Two-layer MoM",mom,ari,out of sample,with noise,3d-high-weak,3,high,weak,4,2,0.2968385,0.036014422402137675
"(4,2)-Two-layer MoM",mom,ari,out of sample,with noise,3d-low-ind,3,low,ind,4,2,0.0188679,0.004818960719298447
"(4,2)-Two-layer MoM",mom,ari,out of sample,with noise,3d-low-strong,3,low,strong,4,2,0.0012203,0.0013048978867901868
"(4,2)-Two-layer MoM",mom,ari,out of sample,with noise,3d-low-weak,3,low,weak,4,2,0.0015344,0.0013790923087159883
"(4,2)-Two-layer MoM",mom,avg_ll,in sample,no noise,2d-high-ind,2,high,ind,4,2,-3.8634109999999997,0.014116911593166996
"(4,2)-Two-layer MoM",mom,avg_ll,in sample,no noise,2d-high-strong,2,high,strong,4,2,-3.8259440000000002,0.014542018047330671
"(4,2)-Two-layer MoM",mom,avg_ll,in sample,no noise,2d-high-weak,2,high,weak,4,2,-3.8940999,0.013875114377179011
"(4,2)-Two-layer MoM",mom,avg_ll,in sample,no noise,2d-low-ind,2,low,ind,4,2,-3.429636,0.014920065331457075
"(4,2)-Two-layer MoM",mom,avg_ll,in sample,no noise,2d-low-strong,2,low,strong,4,2,-3.0009145,0.01693867735853562
"(4,2)-Two-layer MoM",mom,avg_ll,in sample,no noise,2d-low-weak,2,low,weak,4,2,-3.3984949999999996,0.014899590293329937
"(4,2)-Two-layer MoM",mom,avg_ll,in sample,no noise,3d-high-ind,3,high,ind,4,2,-5.5834979,0.015204276597674194
"(4,2)-Two-layer MoM",mom,avg_ll,in sample,no noise,3d-high-strong,3,high,strong,4,2,-5.3983077,0.021034901965951255
"(4,2)-Two-layer MoM",mom,avg_ll,in sample,no noise,3d-high-weak,3,high,weak,4,2,-5.612563699999999,0.015312796039109027
"(4,2)-Two-layer MoM",mom,avg_ll,in sample,no noise,3d-low-ind,3,low,ind,4,2,-5.0718169,0.01585328043005409
"(4,2)-Two-layer MoM",mom,avg_ll,in sample,no noise,3d-low-strong,3,low,strong,4,2,-4.6299801,0.0205544350688604
"(4,2)-Two-layer MoM",mom,avg_ll,in sample,no noise,3d-low-weak,3,low,weak,4,2,-5.0279689,0.01600673569678295
"(4,2)-Two-layer MoM",mom,avg_ll,in sample,with noise,2d-high-ind,2,high,ind,4,2,-3.8980662,0.014207951023382275
"(4,2)-Two-layer MoM",mom,avg_ll,in sample,with noise,2d-high-strong,2,high,strong,4,2,-3.8648545999999997,0.014841174258586769
"(4,2)-Two-layer MoM",mom,avg_ll,in sample,with noise,2d-high-weak,2,high,weak,4,2,-3.9282717000000003,0.014046695866201957
"(4,2)-Two-layer MoM",mom,avg_ll,in sample,with noise,2d-low-ind,2,low,ind,4,2,-3.4609824,0.014842127397949724
"(4,2)-Two-layer MoM",mom,avg_ll,in sample,with noise,2d-low-strong,2,low,strong,4,2,-3.0595438,0.0173627330960785
"(4,2)-Two-layer MoM",mom,avg_ll,in sample,with noise,2d-low-weak,2,low,weak,4,2,-3.4318419999999996,0.015045832941013571
"(4,2)-Two-layer MoM",mom,avg_ll,in sample,with noise,3d-high-ind,3,high,ind,4,2,-5.6473843,0.015478784911398421
"(4,2)-Two-layer MoM",mom,avg_ll,in sample,with noise,3d-high-strong,3,high,strong,4,2,-5.4760254,0.01942885225221461
"(4,2)-Two-layer MoM",mom,avg_ll,in sample,with noise,3d-high-weak,3,high,weak,4,2,-5.6751367,0.016295366699423785
"(4,2)-Two-layer MoM",mom,avg_ll,in sample,with noise,3d-low-ind,3,low,ind,4,2,-5.12543,0.01627025835906444
"(4,2)-Two-layer MoM",mom,avg_ll,in sample,with noise,3d-low-strong,3,low,strong,4,2,-4.7074422,0.02131355980296924
"(4,2)-Two-layer MoM",mom,avg_ll,in sample,with noise,3d-low-weak,3,low,weak,4,2,-5.0838338,0.016236242958706428
"(4,2)-Two-layer MoM",mom,avg_ll,out of sample,no noise,2d-high-ind,2,high,ind,4,2,-3.8720123,0.024226929121466574
"(4,2)-Two-layer MoM",mom,avg_ll,out of sample,no noise,2d-high-strong,2,high,strong,4,2,-3.8310204,0.022502949836711108
"(4,2)-Two-layer MoM",mom,avg_ll,out of sample,no noise,2d-high-weak,2,high,weak,4,2,-3.8984033,0.025562629370100693
"(4,2)-Two-layer MoM",mom,avg_ll,out of sample,no noise,2d-low-ind,2,low,ind,4,2,-3.4360336,0.025976609856491372
"(4,2)-Two-layer MoM",mom,avg_ll,out of sample,no noise,2d-low-strong,2,low,strong,4,2,-3.004422,0.026250114651024285
"(4,2)-Two-layer MoM",mom,avg_ll,out of sample,no noise,2d-low-weak,2,low,weak,4,2,-3.4037668,0.027593326812946278
"(4,2)-Two-layer MoM",mom,avg_ll,out of sample,no noise,3d-high-ind,3,high,ind,4,2,-5.5900612999999995,0.037027580674629086
"(4,2)-Two-layer MoM",mom,avg_ll,out of sample,no noise,3d-high-strong,3,high,strong,4,2,-5.405492000000001,0.03882856519043003
"(4,2)-Two-layer MoM",mom,avg_ll,out of sample,no noise,3d-high-weak,3,high,weak,4,2,-5.6208268,0.03688018906150177
"(4,2)-Two-layer MoM",mom,avg_ll,out of sample,no noise,3d-low-ind,3,low,ind,4,2,-5.0763081,0.03843558708982337
"(4,2)-Two-layer MoM",mom,avg_ll,out of sample,no noise,3d-low-strong,3,low,strong,4,2,-4.640804,0.044550110793545414
"(4,2)-Two-layer MoM",mom,avg_ll,out of sample,no noise,3d-low-weak,3,low,weak,4,2,-5.032901,0.03944808063336639
"(4,2)-Two-layer MoM",mom,avg_ll,out of sample,with noise,2d-high-ind,2,high,ind,4,2,-3.9071094,0.023615349220968078
"(4,2)-Two-layer MoM",mom,avg_ll,out of sample,with noise,2d-high-strong,2,high,strong,4,2,-3.8689186,0.023448270639857396
"(4,2)-Two-layer MoM",mom,avg_ll,out of sample,with noise,2d-high-weak,2,high,weak,4,2,-3.9323832,0.02581764762813415
"(4,2)-Two-layer MoM",mom,avg_ll,out of sample,with noise,2d-low-ind,2,low,ind,4,2,-3.467822,0.0259697230861578
"(4,2)-Two-layer MoM",mom,avg_ll,out of sample,with noise,2d-low-strong,2,low,strong,4,2,-3.0629376,0.02667353404452137
"(4,2)-Two-layer MoM",mom,avg_ll,out of sample,with noise,2d-low-weak,2,low,weak,4,2,-3.4370838,0.027622204133119464
"(4,2)-Two-layer MoM",mom,avg_ll,out of sample,with noise,3d-high-ind,3,high,ind,4,2,-5.6542475,0.03633363114626352
"(4,2)-Two-layer MoM",mom,avg_ll,out of sample,with noise,3d-high-strong,3,high,strong,4,2,-5.4824375,0.038261805001459245
"(4,2)-Two-layer MoM",mom,avg_ll,out of sample,with noise,3d-high-weak,3,high,weak,4,2,-5.683833,0.0355867976171848
"(4,2)-Two-layer MoM",mom,avg_ll,out of sample,with noise,3d-low-ind,3,low,ind,4,2,-5.1302792,0.03760352451458775
"(4,2)-Two-layer MoM",mom,avg_ll,out of sample,with noise,3d-low-strong,3,low,strong,4,2,-4.7169277,0.04357257020712174
"(4,2)-Two-layer MoM",mom,avg_ll,out of sample,with noise,3d-low-weak,3,low,weak,4,2,-5.0892683,0.03945423895892924
"(4,2)-Two-layer MoM",mom,bic,in sample,no noise,2d-high-ind,2,high,ind,4,2,62201.0196989,225.87773250955678
"(4,2)-Two-layer MoM",mom,bic,in sample,no noise,2d-high-strong,2,high,strong,4,2,61601.5570467,232.66412350176398
"(4,2)-Two-layer MoM",mom,bic,in sample,no noise,2d-high-weak,2,high,weak,4,2,62692.046349799995,222.00157853762613
"(4,2)-Two-layer MoM",mom,bic,in sample,no noise,2d-low-ind,2,low,ind,4,2,55260.619470699996,238.71304373429405
"(4,2)-Two-layer MoM",mom,bic,in sample,no noise,2d-low-strong,2,low,strong,4,2,48401.0867595,271.01728889158045
"(4,2)-Two-layer MoM",mom,bic,in sample,no noise,2d-low-weak,2,low,weak,4,2,54762.3693736,238.39641621077774
"(4,2)-Two-layer MoM",mom,bic,in sample,no noise,3d-high-ind,3,high,ind,4,2,89938.1038563,243.2637947261972
"(4,2)-Two-layer MoM",mom,bic,in sample,no noise,3d-high-strong,3,high,strong,4,2,86975.06293269999,336.5653368255562
"(4,2)-Two-layer MoM",mom,bic,in sample,no noise,3d-high-weak,3,high,weak,4,2,90403.1640849,244.99729270976857
"(4,2)-Two-layer MoM",mom,bic,in sample,no noise,3d-low-ind,3,low,ind,4,2,81751.2098068,253.65619129504432
"(4,2)-Two-layer MoM",mom,bic,in sample,no noise,3d-low-strong,3,low,strong,4,2,74681.82960129999,328.867876541605
"(4,2)-Two-layer MoM",mom,bic,in sample,no noise,3d-low-weak,3,low,weak,4,2,81049.6456202,256.1084514713402
"(4,2)-Two-layer MoM",mom,bic,in sample,with noise,2d-high-ind,2,high,ind,4,2,62755.5006883,227.32307569324243
"(4,2)-Two-layer MoM",mom,bic,in sample,with noise,2d-high-strong,2,high,strong,4,2,62224.1262452,237.4627787613638
"(4,2)-Two-layer MoM",mom,bic,in sample,with noise,2d-high-weak,2,high,weak,4,2,63238.796116800004,224.74434718485938
"(4,2)-Two-layer MoM",mom,bic,in sample,with noise,2d-low-ind,2,low,ind,4,2,55762.175105400005,237.46947926228322
"(4,2)-Two-layer MoM",mom,bic,in sample,with noise,2d-low-strong,2,low,strong,4,2,49339.154534299996,277.81188330050446
"(4,2)-Two-layer MoM",mom,bic,in sample,with noise,2d-low-weak,2,low,weak,4,2,55295.9016506,240.7363095184091
"(4,2)-Two-layer MoM",mom,bic,in sample,with noise,3d-high-ind,3,high,ind,4,2,90960.2924416,247.66139550884307
"(4,2)-Two-layer MoM",mom,bic,in sample,with noise,3d-high-strong,3,high,strong,4,2,88218.5592079,310.85755254604476
"(4,2)-Two-layer MoM",mom,bic,in sample,with noise,3d-high-weak,3,high,weak,4,2,91404.33205599998,260.728468577145
"(4,2)-Two-layer MoM",mom,bic,in sample,with noise,3d-low-ind,3,low,ind,4,2,82609.0249704,260.32189764397776
"(4,2)-Two-layer MoM",mom,bic,in sample,with noise,3d-low-strong,3,low,strong,4,2,75921.2141295,341.0155904636024
"(4,2)-Two-layer MoM",mom,bic,in sample,with noise,3d-low-weak,3,low,weak,4,2,81943.4871749,259.7832068231252
"(4,2)-Two-layer MoM",mom,bic,out of sample,no noise,2d-high-ind,2,high,ind,4,2,15814.8884552,96.90719024218558
"(4,2)-Two-layer MoM",mom,bic,out of sample,no noise,2d-high-strong,2,high,strong,4,2,15650.9196644,90.01226290054359
"(4,2)-Two-layer MoM",mom,bic,out of sample,no noise,2d-high-weak,2,high,weak,4,2,15920.450027699999,102.25017406585759
"(4,2)-Two-layer MoM",mom,bic,out of sample,no noise,2d-low-ind,2,low,ind,4,2,14070.974036000001,103.90652443665543
"(4,2)-Two-layer MoM",mom,bic,out of sample,no noise,2d-low-strong,2,low,strong,4,2,12344.5281137,105.00122900625425
"(4,2)-Two-layer MoM",mom,bic,out of sample,no noise,2d-low-weak,2,low,weak,4,2,13941.9066091,110.37125435155728
"(4,2)-Two-layer MoM",mom,bic,out of sample,no noise,3d-high-ind,3,high,ind,4,2,22869.503593,148.10942515077681
"(4,2)-Two-layer MoM",mom,bic,out of sample,no noise,3d-high-strong,3,high,strong,4,2,22131.2273885,155.3142069667576
"(4,2)-Two-layer MoM",mom,bic,out of sample,no noise,3d-high-weak,3,high,weak,4,2,22992.567207,147.51987536190606
"(4,2)-Two-layer MoM",mom,bic,out of sample,no noise,3d-low-ind,3,low,ind,4,2,20814.4929987,153.7450685159044
"(4,2)-Two-layer MoM",mom,bic,out of sample,no noise,3d-low-strong,3,low,strong,4,2,19072.4756914,178.2013590617098
"(4,2)-Two-layer MoM",mom,bic,out of sample,no noise,3d-low-weak,3,low,weak,4,2,20640.867083600002,157.792593481372
"(4,2)-Two-layer MoM",mom,bic,out of sample,with noise,2d-high-ind,2,high,ind,4,2,15955.2749093,94.46047548842579
"(4,2)-Two-layer MoM",mom,bic,out of sample,with noise,2d-high-strong,2,high,strong,4,2,15802.5142166,93.79344148934723
"(4,2)-Two-layer MoM",mom,bic,out of sample,with noise,2d-high-weak,2,high,weak,4,2,16056.3717842,103.2692448120723
"(4,2)-Two-layer MoM",mom,bic,out of sample,with noise,2d-low-ind,2,low,ind,4,2,14198.127260000001,103.879996417417
"(4,2)-Two-layer MoM",mom,bic,out of sample,with noise,2d-low-strong,2,low,strong,4,2,12578.5885533,106.69475731340604
"(4,2)-Two-layer MoM",mom,bic,out of sample,with noise,2d-low-weak,2,low,weak,4,2,14075.1731284,110.48810696650465
"(4,2)-Two-layer MoM",mom,bic,out of sample,with noise,3d-high-ind,3,high,ind,4,2,23126.249752099997,145.33255517342073
"(4,2)-Two-layer MoM",mom,bic,out of sample,with noise,3d-high-strong,3,high,strong,4,2,22439.007971299998,153.04643944021385
"(4,2)-Two-layer MoM",mom,bic,out of sample,with noise,3d-high-weak,3,high,weak,4,2,23244.5922395,142.34692773194513
"(4,2)-Two-layer MoM",mom,bic,out of sample,with noise,3d-low-ind,3,low,ind,4,2,21030.3776122,150.4131907454114
"(4,2)-Two-layer MoM",mom,bic,out of sample,with noise,3d-low-strong,3,low,strong,4,2,19376.9721144,174.29030668422755
"(4,2)-Two-layer MoM",mom,bic,out of sample,with noise,3d-low-weak,3,low,weak,4,2,20866.3353544,157.81623626877752
"(4,2)-Two-layer MoM",mom,em_iters,training,no noise,2d-high-ind,2,high,ind,4,2,26.61,2.715072036174393
"(4,2)-Two-layer MoM",mom,em_iters,training,no noise,2d-high-strong,2,high,strong,4,2,58.97,13.127544486400504
"(4,2)-Two-layer MoM",mom,em_iters,training,no noise,2d-high-weak,2,high,weak,4,2,20.33,2.069767956544741
"(4,2)-Two-layer MoM",mom,em_iters,training,no noise,2d-low-ind,2,low,ind,4,2,24.93,2.18929904376499
"(4,2)-Two-layer MoM",mom,em_iters,training,no noise,2d-low-strong,2,low,strong,4,2,52.78,21.579816608314463
"(4,2)-Two-layer MoM",mom,em_iters,training,no noise,2d-low-weak,2,low,weak,4,2,34.5,4.489043901713942
"(4,2)-Two-layer MoM",mom,em_iters,training,no noise,3d-high-ind,3,high,ind,4,2,29.64,6.94061389303001
"(4,2)-Two-layer MoM",mom,em_iters,training,no noise,3d-high-strong,3,high,strong,4,2,62.91,19.654641932504127
"(4,2)-Two-layer MoM",mom,em_iters,training,no noise,3d-high-weak,3,high,weak,4,2,36.21,18.89807590013525
"(4,2)-Two-layer MoM",mom,em_iters,training,no noise,3d-low-ind,3,low,ind,4,2,27.83,4.002663254798376
"(4,2)-Two-layer MoM",mom,em_iters,training,no noise,3d-low-strong,3,low,strong,4,2,62.71,31.15950979243817
"(4,2)-Two-layer MoM",mom,em_iters,training,no noise,3d-low-weak,3,low,weak,4,2,34.1,7.707401663598465
"(4,2)-Two-layer MoM",mom,em_iters,training,with noise,2d-high-ind,2,high,ind,4,2,25.89,2.360855006906686
"(4,2)-Two-layer MoM",mom,em_iters,training,with noise,2d-high-strong,2,high,strong,4,2,61.24,15.669645106950501
"(4,2)-Two-layer MoM",mom,em_iters,training,with noise,2d-high-weak,2,high,weak,4,2,20.44,2.0116830483127024
"(4,2)-Two-layer MoM",mom,em_iters,training,with noise,2d-low-ind,2,low,ind,4,2,24.95,2.0664467136130127
"(4,2)-Two-layer MoM",mom,em_iters,training,with noise,2d-low-strong,2,low,strong,4,2,49.23,23.26303479511622
"(4,2)-Two-layer MoM",mom,em_iters,training,with noise,2d-low-weak,2,low,weak,4,2,33.71,4.548937049776386
"(4,2)-Two-layer MoM",mom,em_iters,training,with noise,3d-high-ind,3,high,ind,4,2,28.62,5.865116875186373
"(4,2)-Two-layer MoM",mom,em_iters,training,with noise,3d-high-strong,3,high,strong,4,2,69.96,24.463091143247375
"(4,2)-Two-layer MoM",mom,em_iters,training,with noise,3d-high-weak,3,high,weak,4,2,38.95,21.40583088692415
"(4,2)-Two-layer MoM",mom,em_iters,training,with noise,3d-low-ind,3,low,ind,4,2,27.33,3.9595301221077723
"(4,2)-Two-layer MoM",mom,em_iters,training,with noise,3d-low-strong,3,low,strong,4,2,55.98,21.49887476501075
"(4,2)-Two-layer MoM",mom,em_iters,training,with noise,3d-low-weak,3,low,weak,4,2,32.62,7.163008227601507
"(4,2)-Two-layer MoM",mom,gmpd,in sample,no noise,2d-high-ind,2,high,ind,4,2,0.020998700000000002,0.00029651053092511723
"(4,2)-Two-layer MoM",mom,gmpd,in sample,no noise,2d-high-strong,2,high,strong,4,2,0.0218,0.0003169743321985675
"(4,2)-Two-layer MoM",mom,gmpd,in sample,no noise,2d-high-weak,2,high,weak,4,2,0.020364,0.0002817800560721072
"(4,2)-Two-layer MoM",mom,gmpd,in sample,no noise,2d-low-ind,2,low,ind,4,2,0.0324023,0.00048214766797877764
"(4,2)-Two-layer MoM",mom,gmpd,in sample,no noise,2d-low-strong,2,low,strong,4,2,0.049748299999999995,0.0008422469406836159
"(4,2)-Two-layer MoM",mom,gmpd,in sample,no noise,2d-low-weak,2,low,weak,4,2,0.0334274,0.0004971629003605855
"(4,2)-Two-layer MoM",mom,gmpd,in sample,no noise,3d-high-ind,3,high,ind,4,2,0.0037597999999999998,5.7541903922886564e-05
"(4,2)-Two-layer MoM",mom,gmpd,in sample,no noise,3d-high-strong,3,high,strong,4,2,0.004525,9.458575287253717e-05
"(4,2)-Two-layer MoM",mom,gmpd,in sample,no noise,3d-high-weak,3,high,weak,4,2,0.0036522,5.5479179823960994e-05
"(4,2)-Two-layer MoM",mom,gmpd,in sample,no noise,3d-low-ind,3,low,ind,4,2,0.006271799999999999,9.920267998986573e-05
"(4,2)-Two-layer MoM",mom,gmpd,in sample,no noise,3d-low-strong,3,low,strong,4,2,0.0097568,0.00020027193633869052
"(4,2)-Two-layer MoM",mom,gmpd,in sample,no noise,3d-low-weak,3,low,weak,4,2,0.0065528,0.00010510293175086154
"(4,2)-Two-layer MoM",mom,gmpd,in sample,with noise,2d-high-ind,2,high,ind,4,2,0.0202833,0.0002872441505413154
"(4,2)-Two-layer MoM",mom,gmpd,in sample,with noise,2d-high-strong,2,high,strong,4,2,0.020968499999999998,0.00031082287333119186
"(4,2)-Two-layer MoM",mom,gmpd,in sample,with noise,2d-high-weak,2,high,weak,4,2,0.0196797,0.0002758108523293205
"(4,2)-Two-layer MoM",mom,gmpd,in sample,with noise,2d-low-ind,2,low,ind,4,2,0.0314027,0.00046387444966338186
"(4,2)-Two-layer MoM",mom,gmpd,in sample,with noise,2d-low-strong,2,low,strong,4,2,0.046916400000000004,0.0008136034325484028
"(4,2)-Two-layer MoM",mom,gmpd,in sample,with noise,2d-low-weak,2,low,weak,4,2,0.032330700000000004,0.000485563829298715
"(4,2)-Two-layer MoM",mom,gmpd,in sample,with noise,3d-high-ind,3,high,ind,4,2,0.0035269,5.461888155411303e-05
"(4,2)-Two-layer MoM",mom,gmpd,in sample,with noise,3d-high-strong,3,high,strong,4,2,0.0041868,8.135071845988459e-05
"(4,2)-Two-layer MoM",mom,gmpd,in sample,with noise,3d-high-weak,3,high,weak,4,2,0.0034307,5.587241960688006e-05
"(4,2)-Two-layer MoM",mom,gmpd,in sample,with noise,3d-low-ind,3,low,ind,4,2,0.0059445,9.63199109869047e-05
"(4,2)-Two-layer MoM",mom,gmpd,in sample,with noise,3d-low-strong,3,low,strong,4,2,0.0090296,0.0001919907405174647
"(4,2)-Two-layer MoM",mom,gmpd,in sample,with noise,3d-low-weak,3,low,weak,4,2,0.0061963,0.00010042993436805437
"(4,2)-Two-layer MoM",mom,gmpd,out of sample,no noise,2d-high-ind,2,high,ind,4,2,0.0208225,0.0005052919448150255
"(4,2)-Two-layer MoM",mom,gmpd,out of sample,no noise,2d-high-strong,2,high,strong,4,2,0.0216928,0.00048773456931102343
"(4,2)-Two-layer MoM",mom,gmpd,out of sample,no noise,2d-high-weak,2,high,weak,4,2,0.0202807,0.0005206935060788908
"(4,2)-Two-layer MoM",mom,gmpd,out of sample,no noise,2d-low-ind,2,low,ind,4,2,0.0322026,0.0008404070923118625
"(4,2)-Two-layer MoM",mom,gmpd,out of sample,no noise,2d-low-strong,2,low,strong,4,2,0.0495852,0.0013042405429748744
"(4,2)-Two-layer MoM",mom,gmpd,out of sample,no noise,2d-low-weak,2,low,weak,4,2,0.033260399999999996,0.0009220847262720727
"(4,2)-Two-layer MoM",mom,gmpd,out of sample,no noise,3d-high-ind,3,high,ind,4,2,0.0037379,0.00013817201254416562
"(4,2)-Two-layer MoM",mom,gmpd,out of sample,no noise,3d-high-strong,3,high,strong,4,2,0.0044957,0.0001749993073579366
"(4,2)-Two-layer MoM",mom,gmpd,out of sample,no noise,3d-high-weak,3,high,weak,4,2,0.0036241,0.00013474326504411065
"(4,2)-Two-layer MoM",mom,gmpd,out of sample,no noise,3d-low-ind,3,low,ind,4,2,0.0062476,0.00024096657213997302
"(4,2)-Two-layer MoM",mom,gmpd,out of sample,no noise,3d-low-strong,3,low,strong,4,2,0.0096596,0.00043172877756033067
"(4,2)-Two-layer MoM",mom,gmpd,out of sample,no noise,3d-low-weak,3,low,weak,4,2,0.006525800000000001,0.0002580391482318177
"(4,2)-Two-layer MoM",mom,gmpd,out of sample,with noise,2d-high-ind,2,high,ind,4,2,0.0201043,0.00047647963060747745
"(4,2)-Two-layer MoM",mom,gmpd,out of sample,with noise,2d-high-strong,2,high,strong,4,2,0.0208864,0.0004896659756168155
"(4,2)-Two-layer MoM",mom,gmpd,out of sample,with noise,2d-high-weak,2,high,weak,4,2,0.019603,0.0005080652546969762
"(4,2)-Two-layer MoM",mom,gmpd,out of sample,with noise,2d-low-ind,2,low,ind,4,2,0.0311951,0.0008134941408342882
"(4,2)-Two-layer MoM",mom,gmpd,out of sample,with noise,2d-low-strong,2,low,strong,4,2,0.0467666,0.0012499003758279902
"(4,2)-Two-layer MoM",mom,gmpd,out of sample,with noise,2d-low-weak,2,low,weak,4,2,0.032170899999999995,0.0008902571357067396
"(4,2)-Two-layer MoM",mom,gmpd,out of sample,with noise,3d-high-ind,3,high,ind,4,2,0.0035048,0.0001279005295319197
"(4,2)-Two-layer MoM",mom,gmpd,out of sample,with noise,3d-high-strong,3,high,strong,4,2,0.0041621,0.00015981867882387872
"(4,2)-Two-layer MoM",mom,gmpd,out of sample,with noise,3d-high-weak,3,high,weak,4,2,0.0034026,0.0001225702849285859
"(4,2)-Two-layer MoM",mom,gmpd,out of sample,with noise,3d-low-ind,3,low,ind,4,2,0.005918400000000001,0.00022283626275810688
"(4,2)-Two-layer MoM",mom,gmpd,out of sample,with noise,3d-low-strong,3,low,strong,4,2,0.0089514,0.00039201891316979624
"(4,2)-Two-layer MoM",mom,gmpd,out of sample,with noise,3d-low-weak,3,low,weak,4,2,0.006167000000000001,0.00024412490593335565
"(4,2)-Two-layer MoM",mom,training_time,training,no noise,2d-high-ind,2,high,ind,4,2,1443.504,132.4687469754754
"(4,2)-Two-layer MoM",mom,training_time,training,no noise,2d-high-strong,2,high,strong,4,2,2519.8082,461.77977186730266
"(4,2)-Two-layer MoM",mom,training_time,training,no noise,2d-high-weak,2,high,weak,4,2,1232.7988,130.20309906690497
"(4,2)-Two-layer MoM",mom,training_time,training,no noise,2d-low-ind,2,low,ind,4,2,1422.3009,120.44534383992256
"(4,2)-Two-layer MoM",mom,training_time,training,no noise,2d-low-strong,2,low,strong,4,2,2360.1072,699.1576855147221
"(4,2)-Two-layer MoM",mom,training_time,training,no noise,2d-low-weak,2,low,weak,4,2,1745.3538,191.68077652822848
"(4,2)-Two-layer MoM",mom,training_time,training,no noise,3d-high-ind,3,high,ind,4,2,1680.3385,280.8080691356049
"(4,2)-Two-layer MoM",mom,training_time,training,no noise,3d-high-strong,3,high,strong,4,2,2884.5553000000004,700.9951255806191
"(4,2)-Two-layer MoM",mom,training_time,training,no noise,3d-high-weak,3,high,weak,4,2,1927.0142,669.3538477647943
"(4,2)-Two-layer MoM",mom,training_time,training,no noise,3d-low-ind,3,low,ind,4,2,1625.1204,178.08994663587183
"(4,2)-Two-layer MoM",mom,training_time,training,no noise,3d-low-strong,3,low,strong,4,2,2843.5503999999996,1125.5548339185498
"(4,2)-Two-layer MoM",mom,training_time,training,no noise,3d-low-weak,3,low,weak,4,2,1842.7426,317.93484269776496
"(4,2)-Two-layer MoM",mom,training_time,training,with noise,2d-high-ind,2,high,ind,4,2,1417.615,134.13189917677173
"(4,2)-Two-layer MoM",mom,training_time,training,with noise,2d-high-strong,2,high,strong,4,2,2610.2385999999997,535.5559385226803
"(4,2)-Two-layer MoM",mom,training_time,training,with noise,2d-high-weak,2,high,weak,4,2,1246.3856,116.6485040262221
"(4,2)-Two-layer MoM",mom,training_time,training,with noise,2d-low-ind,2,low,ind,4,2,1401.8244,107.87573974202398
"(4,2)-Two-layer MoM",mom,training_time,training,with noise,2d-low-strong,2,low,strong,4,2,2278.2872,761.954495079515
"(4,2)-Two-layer MoM",mom,training_time,training,with noise,2d-low-weak,2,low,weak,4,2,1712.7848999999999,182.3749068968822
"(4,2)-Two-layer MoM",mom,training_time,training,with noise,3d-high-ind,3,high,ind,4,2,1652.5988,223.64457025513963
"(4,2)-Two-layer MoM",mom,training_time,training,with noise,3d-high-strong,3,high,strong,4,2,3137.4851,866.1491152098338
"(4,2)-Two-layer MoM",mom,training_time,training,with noise,3d-high-weak,3,high,weak,4,2,2004.8436,775.2517864220279
"(4,2)-Two-layer MoM",mom,training_time,training,with noise,3d-low-ind,3,low,ind,4,2,1585.5855999999999,177.8526000998091
"(4,2)-Two-layer MoM",mom,training_time,training,with noise,3d-low-strong,3,low,strong,4,2,2622.3828999999996,763.8160138784481
"(4,2)-Two-layer MoM",mom,training_time,training,with noise,3d-low-weak,3,low,weak,4,2,1768.6406,270.95609772541724
2-Cylindrical Mixture,cylmix,aic,in sample,no noise,2d-high-ind,2,high,ind,2,0,61881.7455277,225.52191262637078
2-Cylindrical Mixture,cylmix,aic,in sample,no noise,2d-high-strong,2,high,strong,2,0,60394.7181434,252.0926543702126
2-Cylindrical Mixture,cylmix,aic,in sample,no noise,2d-high-weak,2,high,weak,2,0,62322.9431707,221.68719850723815
2-Cylindrical Mixture,cylmix,aic,in sample,no noise,2d-low-ind,2,low,ind,2,0,54926.8505896,238.80624865252022
2-Cylindrical Mixture,cylmix,aic,in sample,no noise,2d-low-strong,2,low,strong,2,0,47256.193742300005,259.9355883848704
2-Cylindrical Mixture,cylmix,aic,in sample,no noise,2d-low-weak,2,low,weak,2,0,54423.963560699995,236.52827973106452
2-Cylindrical Mixture,cylmix,aic,in sample,no noise,3d-high-ind,3,high,ind,2,0,89596.6000571,246.82441622601442
2-Cylindrical Mixture,cylmix,aic,in sample,no noise,3d-high-strong,3,high,strong,2,0,84520.03594049999,312.2257546291579
2-Cylindrical Mixture,cylmix,aic,in sample,no noise,3d-high-weak,3,high,weak,2,0,89675.0152843,242.33380617962644
2-Cylindrical Mixture,cylmix,aic,in sample,no noise,3d-low-ind,3,low,ind,2,0,81302.8629214,254.9057888523283
2-Cylindrical Mixture,cylmix,aic,in sample,no noise,3d-low-strong,3,low,strong,2,0,69510.0210851,320.65729228485327
2-Cylindrical Mixture,cylmix,aic,in sample,no noise,3d-low-weak,3,low,weak,2,0,80476.9688931,257.4028732968794
2-Cylindrical Mixture,cylmix,aic,in sample,with noise,2d-high-ind,2,high,ind,2,0,62432.5377536,225.2099852415798
2-Cylindrical Mixture,cylmix,aic,in sample,with noise,2d-high-strong,2,high,strong,2,0,61172.643254500006,221.2271019463738
2-Cylindrical Mixture,cylmix,aic,in sample,with noise,2d-high-weak,2,high,weak,2,0,62868.6672276,223.34594670927282
2-Cylindrical Mixture,cylmix,aic,in sample,with noise,2d-low-ind,2,low,ind,2,0,55429.268483600004,238.17441968242008
2-Cylindrical Mixture,cylmix,aic,in sample,with noise,2d-low-strong,2,low,strong,2,0,48278.305640599996,265.39014161416185
2-Cylindrical Mixture,cylmix,aic,in sample,with noise,2d-low-weak,2,low,weak,2,0,54956.1004435,238.68566421147978
2-Cylindrical Mixture,cylmix,aic,in sample,with noise,3d-high-ind,3,high,ind,2,0,90600.3853016,251.16220102801205
2-Cylindrical Mixture,cylmix,aic,in sample,with noise,3d-high-strong,3,high,strong,2,0,85990.4579974,330.0338909248437
2-Cylindrical Mixture,cylmix,aic,in sample,with noise,3d-high-weak,3,high,weak,2,0,90697.79559800001,250.4000395867129
2-Cylindrical Mixture,cylmix,aic,in sample,with noise,3d-low-ind,3,low,ind,2,0,82152.4902566,262.13401693876347
2-Cylindrical Mixture,cylmix,aic,in sample,with noise,3d-low-strong,3,low,strong,2,0,71242.0679591,319.6689663483098
2-Cylindrical Mixture,cylmix,aic,in sample,with noise,3d-low-weak,3,low,weak,2,0,81370.8187486,260.88357621713436
2-Cylindrical Mixture,cylmix,aic,out of sample,no noise,2d-high-ind,2,high,ind,2,0,15531.9015845,96.0902970173354
2-Cylindrical Mixture,cylmix,aic,out of sample,no noise,2d-high-strong,2,high,strong,2,0,15147.123600699999,92.37946309011944
2-Cylindrical Mixture,cylmix,aic,out of sample,no noise,2d-high-weak,2,high,weak,2,0,15629.7373456,105.58829961312547
2-Cylindrical Mixture,cylmix,aic,out of sample,no noise,2d-low-ind,2,low,ind,2,0,13784.437805300002,103.81147730534857
2-Cylindrical Mixture,cylmix,aic,out of sample,no noise,2d-low-strong,2,low,strong,2,0,11855.9198131,100.64721415000498
2-Cylindrical Mixture,cylmix,aic,out of sample,no noise,2d-low-weak,2,low,weak,2,0,13655.6065763,110.02699220611518
2-Cylindrical Mixture,cylmix,aic,out of sample,no noise,3d-high-ind,3,high,ind,2,0,22477.9327891,148.15570573022586
2-Cylindrical Mixture,cylmix,aic,out of sample,no noise,3d-high-strong,3,high,strong,2,0,21199.5570199,152.95407145944577
2-Cylindrical Mixture,cylmix,aic,out of sample,no noise,3d-high-weak,3,high,weak,2,0,22498.936319200002,151.1212682667684
2-Cylindrical Mixture,cylmix,aic,out of sample,no noise,3d-low-ind,3,low,ind,2,0,20397.6795912,154.78571695998147
2-Cylindrical Mixture,cylmix,aic,out of sample,no noise,3d-low-strong,3,low,strong,2,0,17449.5446452,169.75969109452168
2-Cylindrical Mixture,cylmix,aic,out of sample,no noise,3d-low-weak,3,low,weak,2,0,20192.685239,163.8249719151062
2-Cylindrical Mixture,cylmix,aic,out of sample,with noise,2d-high-ind,2,high,ind,2,0,15671.6729703,94.2998151356944
2-Cylindrical Mixture,cylmix,aic,out of sample,with noise,2d-high-strong,2,high,strong,2,0,15336.2730654,90.89549329074188
2-Cylindrical Mixture,cylmix,aic,out of sample,with noise,2d-high-weak,2,high,weak,2,0,15765.3943692,106.5358375956968
2-Cylindrical Mixture,cylmix,aic,out of sample,with noise,2d-low-ind,2,low,ind,2,0,13912.4562188,104.3226511871904
2-Cylindrical Mixture,cylmix,aic,out of sample,with noise,2d-low-strong,2,low,strong,2,0,12110.7934047,102.3342049414071
2-Cylindrical Mixture,cylmix,aic,out of sample,with noise,2d-low-weak,2,low,weak,2,0,13788.494062900001,110.30687226529757
2-Cylindrical Mixture,cylmix,aic,out of sample,with noise,3d-high-ind,3,high,ind,2,0,22730.8837621,145.19793709361724
2-Cylindrical Mixture,cylmix,aic,out of sample,with noise,3d-high-strong,3,high,strong,2,0,21564.9269135,145.60678280795776
2-Cylindrical Mixture,cylmix,aic,out of sample,with noise,3d-high-weak,3,high,weak,2,0,22756.421967699996,149.11117113874735
2-Cylindrical Mixture,cylmix,aic,out of sample,with noise,3d-low-ind,3,low,ind,2,0,20611.9938118,151.53365422816879
2-Cylindrical Mixture,cylmix,aic,out of sample,with noise,3d-low-strong,3,low,strong,2,0,17876.2307135,162.29276857014315
2-Cylindrical Mixture,cylmix,aic,out of sample,with noise,3d-low-weak,3,low,weak,2,0,20416.8640275,162.99367757035762
2-Cylindrical Mixture,cylmix,ari,in sample,no noise,2d-high-ind,2,high,ind,2,0,0.3308359,0.007681198887773655
2-Cylindrical Mixture,cylmix,ari,in sample,no noise,2d-high-strong,2,high,strong,2,0,0.4566829,0.02500897678410451
2-Cylindrical Mixture,cylmix,ari,in sample,no noise,2d-high-weak,2,high,weak,2,0,0.35900730000000003,0.007474279784228655
2-Cylindrical Mixture,cylmix,ari,in sample,no noise,2d-low-ind,2,low,ind,2,0,0.0211839,0.008834305023170994
2-Cylindrical Mixture,cylmix,ari,in sample,no noise,2d-low-strong,2,low,strong,2,0,0.054331899999999995,0.014294909364080373
2-Cylindrical Mixture,cylmix,ari,in sample,no noise,2d-low-weak,2,low,weak,2,0,0.005575600000000001,0.004237508873683387
2-Cylindrical Mixture,cylmix,ari,in sample,no noise,3d-high-ind,3,high,ind,2,0,0.3544119,0.00781828298789368
2-Cylindrical Mixture,cylmix,ari,in sample,no noise,3d-high-strong,3,high,strong,2,0,0.0320748,0.05063356676946608
2-Cylindrical Mixture,cylmix,ari,in sample,no noise,3d-high-weak,3,high,weak,2,0,0.3755241,0.008019760455754072
2-Cylindrical Mixture,cylmix,ari,in sample,no noise,3d-low-ind,3,low,ind,2,0,0.0336732,0.006129459231012673
2-Cylindrical Mixture,cylmix,ari,in sample,no noise,3d-low-strong,3,low,strong,2,0,0.0090926,0.013952244352241199
2-Cylindrical Mixture,cylmix,ari,in sample,no noise,3d-low-weak,3,low,weak,2,0,0.0018648,0.0014102220471337915
2-Cylindrical Mixture,cylmix,ari,in sample,with noise,2d-high-ind,2,high,ind,2,0,0.324889,0.007989049007260137
2-Cylindrical Mixture,cylmix,ari,in sample,with noise,2d-high-strong,2,high,strong,2,0,0.4399062,0.018895966261869138
2-Cylindrical Mixture,cylmix,ari,in sample,with noise,2d-high-weak,2,high,weak,2,0,0.3535181,0.007384229126176862
2-Cylindrical Mixture,cylmix,ari,in sample,with noise,2d-low-ind,2,low,ind,2,0,0.0223293,0.008689184413262085
2-Cylindrical Mixture,cylmix,ari,in sample,with noise,2d-low-strong,2,low,strong,2,0,0.0433011,0.017564925213836714
2-Cylindrical Mixture,cylmix,ari,in sample,with noise,2d-low-weak,2,low,weak,2,0,0.0045895,0.0036993754250350883
2-Cylindrical Mixture,cylmix,ari,in sample,with noise,3d-high-ind,3,high,ind,2,0,0.3492844,0.008161413068380204
2-Cylindrical Mixture,cylmix,ari,in sample,with noise,3d-high-strong,3,high,strong,2,0,0.0368246,0.06263097236861634
2-Cylindrical Mixture,cylmix,ari,in sample,with noise,3d-high-weak,3,high,weak,2,0,0.3718131,0.008315559796993449
2-Cylindrical Mixture,cylmix,ari,in sample,with noise,3d-low-ind,3,low,ind,2,0,0.0327818,0.005365514346455539
2-Cylindrical Mixture,cylmix,ari,in sample,with noise,3d-low-strong,3,low,strong,2,0,0.0046969,0.008812822922803274
2-Cylindrical Mixture,cylmix,ari,in sample,with noise,3d-low-weak,3,low,weak,2,0,0.0019695000000000003,0.0015030234680318687
2-Cylindrical Mixture,cylmix,ari,out of sample,no noise,2d-high-ind,2,high,ind,2,0,0.33250100000000005,0.01457574438038841
2-Cylindrical Mixture,cylmix,ari,out of sample,no noise,2d-high-strong,2,high,strong,2,0,0.4584537,0.025346037311261067
2-Cylindrical Mixture,cylmix,ari,out of sample,no noise,2d-high-weak,2,high,weak,2,0,0.35986460000000003,0.013771405701303668
2-Cylindrical Mixture,cylmix,ari,out of sample,no noise,2d-low-ind,2,low,ind,2,0,0.0207387,0.00952719803160055
2-Cylindrical Mixture,cylmix,ari,out of sample,no noise,2d-low-strong,2,low,strong,2,0,0.0544896,0.015839382954005388
2-Cylindrical Mixture,cylmix,ari,out of sample,no noise,2d-low-weak,2,low,weak,2,0,0.0061297999999999995,0.005480808386146751
2-Cylindrical Mixture,cylmix,ari,out of sample,no noise,3d-high-ind,3,high,ind,2,0,0.3572132,0.014578833271409459
2-Cylindrical Mixture,cylmix,ari,out of sample,no noise,3d-high-strong,3,high,strong,2,0,0.030409600000000002,0.04810907467936845
2-Cylindrical Mixture,cylmix,ari,out of sample,no noise,3d-high-weak,3,high,weak,2,0,0.37714739999999997,0.015224187136914664
2-Cylindrical Mixture,cylmix,ari,out of sample,no noise,3d-low-ind,3,low,ind,2,0,0.034453700000000004,0.007322149137370735
2-Cylindrical Mixture,cylmix,ari,out of sample,no noise,3d-low-strong,3,low,strong,2,0,0.0084678,0.012546819918234501
2-Cylindrical Mixture,cylmix,ari,out of sample,no noise,3d-low-weak,3,low,weak,2,0,0.0014485000000000001,0.0019649342009699497
2-Cylindrical Mixture,cylmix,ari,out of sample,with noise,2d-high-ind,2,high,ind,2,0,0.3267545,0.014315021309834298
2-Cylindrical Mixture,cylmix,ari,out of sample,with noise,2d-high-strong,2,high,strong,2,0,0.44084229999999996,0.01927936259136419
2-Cylindrical Mixture,cylmix,ari,out of sample,with noise,2d-high-weak,2,high,weak,2,0,0.3546892,0.014297194658782233
2-Cylindrical Mixture,cylmix,ari,out of sample,with noise,2d-low-ind,2,low,ind,2,0,0.021838299999999998,0.009518913024164903
2-Cylindrical Mixture,cylmix,ari,out of sample,with noise,2d-low-strong,2,low,strong,2,0,0.043816499999999994,0.01765593255234425
2-Cylindrical Mixture,cylmix,ari,out of sample,with noise,2d-low-weak,2,low,weak,2,0,0.0050004,0.004952339906090307
2-Cylindrical Mixture,cylmix,ari,out of sample,with noise,3d-high-ind,3,high,ind,2,0,0.3525232,0.015127767757780165
2-Cylindrical Mixture,cylmix,ari,out of sample,with noise,3d-high-strong,3,high,strong,2,0,0.0358028,0.06204959878397704
2-Cylindrical Mixture,cylmix,ari,out of sample,with noise,3d-high-weak,3,high,weak,2,0,0.37292549999999997,0.015169976819928621
2-Cylindrical Mixture,cylmix,ari,out of sample,with noise,3d-low-ind,3,low,ind,2,0,0.0331436,0.007585328677883058
2-Cylindrical Mixture,cylmix,ari,out of sample,with noise,3d-low-strong,3,low,strong,2,0,0.004053299999999999,0.007081893408723776
2-Cylindrical Mixture,cylmix,ari,out of sample,with noise,3d-low-weak,3,low,weak,2,0,0.001809,0.002244502374489925
2-Cylindrical Mixture,cylmix,avg_ll,in sample,no noise,2d-high-ind,2,high,ind,2,0,-3.8647341,0.014095085402903728
2-Cylindrical Mixture,cylmix,avg_ll,in sample,no noise,2d-high-strong,2,high,strong,2,0,-3.7717948999999997,0.015756017897612818
2-Cylindrical Mixture,cylmix,avg_ll,in sample,no noise,2d-high-weak,2,high,weak,2,0,-3.8923091,0.013856005013689675
2-Cylindrical Mixture,cylmix,avg_ll,in sample,no noise,2d-low-ind,2,low,ind,2,0,-3.4300531999999997,0.014925479393008192
2-Cylindrical Mixture,cylmix,avg_ll,in sample,no noise,2d-low-strong,2,low,strong,2,0,-2.950637,0.016246053040475404
2-Cylindrical Mixture,cylmix,avg_ll,in sample,no noise,2d-low-weak,2,low,weak,2,0,-3.3986223,0.014782930974333782
2-Cylindrical Mixture,cylmix,avg_ll,in sample,no noise,3d-high-ind,3,high,ind,2,0,-5.5944125,0.015426416630264695
2-Cylindrical Mixture,cylmix,avg_ll,in sample,no noise,3d-high-strong,3,high,strong,2,0,-5.2771271,0.019514068703467183
2-Cylindrical Mixture,cylmix,avg_ll,in sample,no noise,3d-high-weak,3,high,weak,2,0,-5.599313499999999,0.015145453654946843
2-Cylindrical Mixture,cylmix,avg_ll,in sample,no noise,3d-low-ind,3,low,ind,2,0,-5.0760538,0.015931381380372058
2-Cylindrical Mixture,cylmix,avg_ll,in sample,no noise,3d-low-strong,3,low,strong,2,0,-4.3390011,0.020041212784881333
2-Cylindrical Mixture,cylmix,avg_ll,in sample,no noise,3d-low-weak,3,low,weak,2,0,-5.0244356,0.016087821187017827
2-Cylindrical Mixture,cylmix,avg_ll,in sample,with noise,2d-high-ind,2,high,ind,2,0,-3.8991581,0.01407571464680147
2-Cylindrical Mixture,cylmix,avg_ll,in sample,with noise,2d-high-strong,2,high,strong,2,0,-3.8204147,0.01382693553806265
2-Cylindrical Mixture,cylmix,avg_ll,in sample,with noise,2d-high-weak,2,high,weak,2,0,-3.9264167,0.013958865620244332
2-Cylindrical Mixture,cylmix,avg_ll,in sample,with noise,2d-low-ind,2,low,ind,2,0,-3.4614542999999998,0.014886042697164972
2-Cylindrical Mixture,cylmix,avg_ll,in sample,with noise,2d-low-strong,2,low,strong,2,0,-3.0145190000000004,0.01658683453218188
2-Cylindrical Mixture,cylmix,avg_ll,in sample,with noise,2d-low-weak,2,low,weak,2,0,-3.4318807,0.014917937359454446
2-Cylindrical Mixture,cylmix,avg_ll,in sample,with noise,3d-high-ind,3,high,ind,2,0,-5.6571487000000005,0.01569759761938763
2-Cylindrical Mixture,cylmix,avg_ll,in sample,with noise,3d-high-strong,3,high,strong,2,0,-5.3690285,0.02062740578561557
2-Cylindrical Mixture,cylmix,avg_ll,in sample,with noise,3d-high-weak,3,high,weak,2,0,-5.6632368,0.01564942996864209
2-Cylindrical Mixture,cylmix,avg_ll,in sample,with noise,3d-low-ind,3,low,ind,2,0,-5.129156,0.01638333176115166
2-Cylindrical Mixture,cylmix,avg_ll,in sample,with noise,3d-low-strong,3,low,strong,2,0,-4.4472542,0.019979093122056566
2-Cylindrical Mixture,cylmix,avg_ll,in sample,with noise,3d-low-weak,3,low,weak,2,0,-5.0803011,0.01630463111350498
2-Cylindrical Mixture,cylmix,avg_ll,out of sample,no noise,2d-high-ind,2,high,ind,2,0,-3.8714755000000003,0.02402287152513476
2-Cylindrical Mixture,cylmix,avg_ll,out of sample,no noise,2d-high-strong,2,high,strong,2,0,-3.7752810999999995,0.02309450863475586
2-Cylindrical Mixture,cylmix,avg_ll,out of sample,no noise,2d-high-weak,2,high,weak,2,0,-3.8959341999999997,0.026397237771778333
2-Cylindrical Mixture,cylmix,avg_ll,out of sample,no noise,2d-low-ind,2,low,ind,2,0,-3.4346095,0.025953041719516158
2-Cylindrical Mixture,cylmix,avg_ll,out of sample,no noise,2d-low-strong,2,low,strong,2,0,-2.9524799,0.025162100910141115
2-Cylindrical Mixture,cylmix,avg_ll,out of sample,no noise,2d-low-weak,2,low,weak,2,0,-3.4024012,0.027506291154768804
2-Cylindrical Mixture,cylmix,avg_ll,out of sample,no noise,3d-high-ind,3,high,ind,2,0,-5.5979834,0.03703913391061509
2-Cylindrical Mixture,cylmix,avg_ll,out of sample,no noise,3d-high-strong,3,high,strong,2,0,-5.278389099999999,0.038238268580445836
2-Cylindrical Mixture,cylmix,avg_ll,out of sample,no noise,3d-high-weak,3,high,weak,2,0,-5.603234,0.037780076974003374
2-Cylindrical Mixture,cylmix,avg_ll,out of sample,no noise,3d-low-ind,3,low,ind,2,0,-5.077920199999999,0.038697163730274625
2-Cylindrical Mixture,cylmix,avg_ll,out of sample,no noise,3d-low-strong,3,low,strong,2,0,-4.3408864,0.042439752889159556
2-Cylindrical Mixture,cylmix,avg_ll,out of sample,no noise,3d-low-weak,3,low,weak,2,0,-5.0266708,0.0409562477980708
2-Cylindrical Mixture,cylmix,avg_ll,out of sample,with noise,2d-high-ind,2,high,ind,2,0,-3.9064184999999996,0.023575386770181197
2-Cylindrical Mixture,cylmix,avg_ll,out of sample,with noise,2d-high-strong,2,high,strong,2,0,-3.8225681,0.022723788349647937
2-Cylindrical Mixture,cylmix,avg_ll,out of sample,with noise,2d-high-weak,2,high,weak,2,0,-3.9298486,0.0266339125745788
2-Cylindrical Mixture,cylmix,avg_ll,out of sample,with noise,2d-low-ind,2,low,ind,2,0,-3.4666143,0.026080262293988406
2-Cylindrical Mixture,cylmix,avg_ll,out of sample,with noise,2d-low-strong,2,low,strong,2,0,-3.0161980999999995,0.025584094123324172
2-Cylindrical Mixture,cylmix,avg_ll,out of sample,with noise,2d-low-weak,2,low,weak,2,0,-3.4356236,0.027577028814254542
2-Cylindrical Mixture,cylmix,avg_ll,out of sample,with noise,3d-high-ind,3,high,ind,2,0,-5.6612209,0.03629942941630756
2-Cylindrical Mixture,cylmix,avg_ll,out of sample,with noise,3d-high-strong,3,high,strong,2,0,-5.3697317,0.036401737500295045
2-Cylindrical Mixture,cylmix,avg_ll,out of sample,with noise,3d-high-weak,3,high,weak,2,0,-5.6676055,0.037278399366703414
2-Cylindrical Mixture,cylmix,avg_ll,out of sample,with noise,3d-low-ind,3,low,ind,2,0,-5.131498400000001,0.037883400931028
2-Cylindrical Mixture,cylmix,avg_ll,out of sample,with noise,3d-low-strong,3,low,strong,2,0,-4.4475583,0.040572780024284605
2-Cylindrical Mixture,cylmix,avg_ll,out of sample,with noise,3d-low-weak,3,low,weak,2,0,-5.0827159,0.04074846155849131
2-Cylindrical Mixture,cylmix,bic,in sample,no noise,2d-high-ind,2,high,ind,2,0,62042.45105429999,225.52191234050858
2-Cylindrical Mixture,cylmix,bic,in sample,no noise,2d-high-strong,2,high,strong,2,0,60555.423670300006,252.09265450763502
2-Cylindrical Mixture,cylmix,bic,in sample,no noise,2d-high-weak,2,high,weak,2,0,62483.648697,221.68719840986512
2-Cylindrical Mixture,cylmix,bic,in sample,no noise,2d-low-ind,2,low,ind,2,0,55087.556116399996,238.80624845050187
2-Cylindrical Mixture,cylmix,bic,in sample,no noise,2d-low-strong,2,low,strong,2,0,47416.8992694,259.93558866204097
2-Cylindrical Mixture,cylmix,bic,in sample,no noise,2d-low-weak,2,low,weak,2,0,54584.6690869,236.52827934749862
2-Cylindrical Mixture,cylmix,bic,in sample,no noise,3d-high-ind,3,high,ind,2,0,89897.0495202,246.8244158908697
2-Cylindrical Mixture,cylmix,bic,in sample,no noise,3d-high-strong,3,high,strong,2,0,84820.48540349999,312.2257548150182
2-Cylindrical Mixture,cylmix,bic,in sample,no noise,3d-high-weak,3,high,weak,2,0,89975.46474719999,242.33380619755744
2-Cylindrical Mixture,cylmix,bic,in sample,no noise,3d-low-ind,3,low,ind,2,0,81603.31238429999,254.90578874198218
2-Cylindrical Mixture,cylmix,bic,in sample,no noise,3d-low-strong,3,low,strong,2,0,69810.4705495,320.6572922244383
2-Cylindrical Mixture,cylmix,bic,in sample,no noise,3d-low-weak,3,low,weak,2,0,80777.4183567,257.4028732889926
2-Cylindrical Mixture,cylmix,bic,in sample,with noise,2d-high-ind,2,high,ind,2,0,62593.243280999995,225.20998519060456
2-Cylindrical Mixture,cylmix,bic,in sample,with noise,2d-high-strong,2,high,strong,2,0,61333.348782400004,221.22710165498768
2-Cylindrical Mixture,cylmix,bic,in sample,with noise,2d-high-weak,2,high,weak,2,0,63029.3727542,223.34594668350965
2-Cylindrical Mixture,cylmix,bic,in sample,with noise,2d-low-ind,2,low,ind,2,0,55589.9740104,238.1744204523374
2-Cylindrical Mixture,cylmix,bic,in sample,with noise,2d-low-strong,2,low,strong,2,0,48439.011167799996,265.3901420147532
2-Cylindrical Mixture,cylmix,bic,in sample,with noise,2d-low-weak,2,low,weak,2,0,55116.805970400004,238.68566379864268
2-Cylindrical Mixture,cylmix,bic,in sample,with noise,3d-high-ind,3,high,ind,2,0,90900.83476400001,251.16220138345295
2-Cylindrical Mixture,cylmix,bic,in sample,with noise,3d-high-strong,3,high,strong,2,0,86290.9074602,330.0338912721209
2-Cylindrical Mixture,cylmix,bic,in sample,with noise,3d-high-weak,3,high,weak,2,0,90998.2450615,250.40003985854534
2-Cylindrical Mixture,cylmix,bic,in sample,with noise,3d-low-ind,3,low,ind,2,0,82452.9397197,262.13401616091716
2-Cylindrical Mixture,cylmix,bic,in sample,with noise,3d-low-strong,3,low,strong,2,0,71542.5174224,319.6689663204351
2-Cylindrical Mixture,cylmix,bic,in sample,with noise,3d-low-weak,3,low,weak,2,0,81671.2682124,260.88357612473874
2-Cylindrical Mixture,cylmix,bic,out of sample,no noise,2d-high-ind,2,high,ind,2,0,15660.722341199998,96.09029719231172
2-Cylindrical Mixture,cylmix,bic,out of sample,no noise,2d-high-strong,2,high,strong,2,0,15275.944357400002,92.37946374310835
2-Cylindrical Mixture,cylmix,bic,out of sample,no noise,2d-high-weak,2,high,weak,2,0,15758.5581017,105.58829989197437
2-Cylindrical Mixture,cylmix,bic,out of sample,no noise,2d-low-ind,2,low,ind,2,0,13913.2585619,103.81147726745174
2-Cylindrical Mixture,cylmix,bic,out of sample,no noise,2d-low-strong,2,low,strong,2,0,11984.7405694,100.64721506516388
2-Cylindrical Mixture,cylmix,bic,out of sample,no noise,2d-low-weak,2,low,weak,2,0,13784.427333,110.02699312718059
2-Cylindrical Mixture,cylmix,bic,out of sample,no noise,3d-high-ind,3,high,ind,2,0,22718.7715947,148.155705407641
2-Cylindrical Mixture,cylmix,bic,out of sample,no noise,3d-high-strong,3,high,strong,2,0,21440.3958262,152.9540713287741
2-Cylindrical Mixture,cylmix,bic,out of sample,no noise,3d-high-weak,3,high,weak,2,0,22739.7751242,151.1212689135803
2-Cylindrical Mixture,cylmix,bic,out of sample,no noise,3d-low-ind,3,low,ind,2,0,20638.518397599997,154.7857166448278
2-Cylindrical Mixture,cylmix,bic,out of sample,no noise,3d-low-strong,3,low,strong,2,0,17690.3834514,169.7596912737723
2-Cylindrical Mixture,cylmix,bic,out of sample,no noise,3d-low-weak,3,low,weak,2,0,20433.5240447,163.82497170016757
2-Cylindrical Mixture,cylmix,bic,out of sample,with noise,2d-high-ind,2,high,ind,2,0,15800.4937273,94.2998146313865
2-Cylindrical Mixture,cylmix,bic,out of sample,with noise,2d-high-strong,2,high,strong,2,0,15465.0938228,90.89549325117827
2-Cylindrical Mixture,cylmix,bic,out of sample,with noise,2d-high-weak,2,high,weak,2,0,15894.2151264,106.53583771849215
2-Cylindrical Mixture,cylmix,bic,out of sample,with noise,2d-low-ind,2,low,ind,2,0,14041.276975499999,104.32265221039707
2-Cylindrical Mixture,cylmix,bic,out of sample,with noise,2d-low-strong,2,low,strong,2,0,12239.6141615,102.33420447895293
2-Cylindrical Mixture,cylmix,bic,out of sample,with noise,2d-low-weak,2,low,weak,2,0,13917.3148198,110.30687185513348
2-Cylindrical Mixture,cylmix,bic,out of sample,with noise,3d-high-ind,3,high,ind,2,0,22971.7225683,145.19793654566357
2-Cylindrical Mixture,cylmix,bic,out of sample,with noise,3d-high-strong,3,high,strong,2,0,21805.765719900002,145.606782268047
2-Cylindrical Mixture,cylmix,bic,out of sample,with noise,3d-high-weak,3,high,weak,2,0,22997.260773100003,149.11117054075805
2-Cylindrical Mixture,cylmix,bic,out of sample,with noise,3d-low-ind,3,low,ind,2,0,20852.8326174,151.53365434836925
2-Cylindrical Mixture,cylmix,bic,out of sample,with noise,3d-low-strong,3,low,strong,2,0,18117.0695191,162.29276863627572
2-Cylindrical Mixture,cylmix,bic,out of sample,with noise,3d-low-weak,3,low,weak,2,0,20657.702833400002,162.9936780303969
2-Cylindrical Mixture,cylmix,em_iters,training,no noise,2d-high-ind,2,high,ind,2,0,19.56,1.5263344881437255
2-Cylindrical Mixture,cylmix,em_iters,training,no noise,2d-high-strong,2,high,strong,2,0,72.84,20.68021061573385
2-Cylindrical Mixture,cylmix,em_iters,training,no noise,2d-high-weak,2,high,weak,2,0,20.3,1.4805131515522556
2-Cylindrical Mixture,cylmix,em_iters,training,no noise,2d-low-ind,2,low,ind,2,0,26.39,3.498614444362658
2-Cylindrical Mixture,cylmix,em_iters,training,no noise,2d-low-strong,2,low,strong,2,0,28.09,6.6303480415069584
2-Cylindrical Mixture,cylmix,em_iters,training,no noise,2d-low-weak,2,low,weak,2,0,29.06,4.644579767010274
2-Cylindrical Mixture,cylmix,em_iters,training,no noise,3d-high-ind,3,high,ind,2,0,13.11,1.0239061667867029
2-Cylindrical Mixture,cylmix,em_iters,training,no noise,3d-high-strong,3,high,strong,2,0,14.91,7.841993922904346
2-Cylindrical Mixture,cylmix,em_iters,training,no noise,3d-high-weak,3,high,weak,2,0,14.66,1.2489995996796792
2-Cylindrical Mixture,cylmix,em_iters,training,no noise,3d-low-ind,3,low,ind,2,0,10.93,1.7538125857281863
2-Cylindrical Mixture,cylmix,em_iters,training,no noise,3d-low-strong,3,low,strong,2,0,37.39,20.512570671555416
2-Cylindrical Mixture,cylmix,em_iters,training,no noise,3d-low-weak,3,low,weak,2,0,11.66,1.2888018082739103
2-Cylindrical Mixture,cylmix,em_iters,training,with noise,2d-high-ind,2,high,ind,2,0,19.98,1.60164057305393
2-Cylindrical Mixture,cylmix,em_iters,training,with noise,2d-high-strong,2,high,strong,2,0,57.38,11.544188270653018
2-Cylindrical Mixture,cylmix,em_iters,training,with noise,2d-high-weak,2,high,weak,2,0,20.95,1.533300394903132
2-Cylindrical Mixture,cylmix,em_iters,training,with noise,2d-low-ind,2,low,ind,2,0,25.58,3.0090100388901018
2-Cylindrical Mixture,cylmix,em_iters,training,with noise,2d-low-strong,2,low,strong,2,0,30.53,9.763315176328337
2-Cylindrical Mixture,cylmix,em_iters,training,with noise,2d-low-weak,2,low,weak,2,0,28.74,5.237047514264755
2-Cylindrical Mixture,cylmix,em_iters,training,with noise,3d-high-ind,3,high,ind,2,0,13.23,1.0527021507443683
2-Cylindrical Mixture,cylmix,em_iters,training,with noise,3d-high-strong,3,high,strong,2,0,15.78,9.336125123584855
2-Cylindrical Mixture,cylmix,em_iters,training,with noise,3d-high-weak,3,high,weak,2,0,14.98,1.355721135772323
2-Cylindrical Mixture,cylmix,em_iters,training,with noise,3d-low-ind,3,low,ind,2,0,10.67,1.3108328758018042
2-Cylindrical Mixture,cylmix,em_iters,training,with noise,3d-low-strong,3,low,strong,2,0,31.89,20.87814332470367
2-Cylindrical Mixture,cylmix,em_iters,training,with noise,3d-low-weak,3,low,weak,2,0,11.44,1.2895853221211475
2-Cylindrical Mixture,cylmix,gmpd,in sample,no noise,2d-high-ind,2,high,ind,2,0,0.0209703,0.00029549976499332624
2-Cylindrical Mixture,cylmix,gmpd,in sample,no noise,2d-high-strong,2,high,strong,2,0,0.0230133,0.00036166577293563737
2-Cylindrical Mixture,cylmix,gmpd,in sample,no noise,2d-high-weak,2,high,weak,2,0,0.020399600000000004,0.0002820270063721419
2-Cylindrical Mixture,cylmix,gmpd,in sample,no noise,2d-low-ind,2,low,ind,2,0,0.032389299999999996,0.00048194315227026625
2-Cylindrical Mixture,cylmix,gmpd,in sample,no noise,2d-low-strong,2,low,strong,2,0,0.052313200000000004,0.0008490028375581658
2-Cylindrical Mixture,cylmix,gmpd,in sample,no noise,2d-low-weak,2,low,weak,2,0,0.033422900000000005,0.0004936859816572167
2-Cylindrical Mixture,cylmix,gmpd,in sample,no noise,3d-high-ind,3,high,ind,2,0,0.0037189,5.7820603786385945e-05
2-Cylindrical Mixture,cylmix,gmpd,in sample,no noise,3d-high-strong,3,high,strong,2,0,0.0051082,0.00010036680202883311
2-Cylindrical Mixture,cylmix,gmpd,in sample,no noise,3d-high-weak,3,high,weak,2,0,0.0037011,5.5956241922604194e-05
2-Cylindrical Mixture,cylmix,gmpd,in sample,no noise,3d-low-ind,3,low,ind,2,0,0.0062451,9.970152425812733e-05
2-Cylindrical Mixture,cylmix,gmpd,in sample,no noise,3d-low-strong,3,low,strong,2,0,0.0130525,0.00026228358081983877
2-Cylindrical Mixture,cylmix,gmpd,in sample,no noise,3d-low-weak,3,low,weak,2,0,0.0065759,0.00010547722239632794
2-Cylindrical Mixture,cylmix,gmpd,in sample,with noise,2d-high-ind,2,high,ind,2,0,0.020260600000000004,0.00028444459438127414
2-Cylindrical Mixture,cylmix,gmpd,in sample,with noise,2d-high-strong,2,high,strong,2,0,0.0219213,0.0003023465634738453
2-Cylindrical Mixture,cylmix,gmpd,in sample,with noise,2d-high-weak,2,high,weak,2,0,0.0197161,0.00027510106499175176
2-Cylindrical Mixture,cylmix,gmpd,in sample,with noise,2d-low-ind,2,low,ind,2,0,0.031387399999999996,0.00046551073287760233
2-Cylindrical Mixture,cylmix,gmpd,in sample,with noise,2d-low-strong,2,low,strong,2,0,0.0490761,0.00081363493538614
2-Cylindrical Mixture,cylmix,gmpd,in sample,with noise,2d-low-weak,2,low,weak,2,0,0.0323295,0.0004812701524050285
2-Cylindrical Mixture,cylmix,gmpd,in sample,with noise,3d-high-ind,3,high,ind,2,0,0.0034927,5.5192134558936296e-05
2-Cylindrical Mixture,cylmix,gmpd,in sample,with noise,3d-high-strong,3,high,strong,2,0,0.0046594,9.67953166911155e-05
2-Cylindrical Mixture,cylmix,gmpd,in sample,with noise,3d-high-weak,3,high,weak,2,0,0.0034721,5.4740803387925766e-05
2-Cylindrical Mixture,cylmix,gmpd,in sample,with noise,3d-low-ind,3,low,ind,2,0,0.0059219,9.689831179273869e-05
2-Cylindrical Mixture,cylmix,gmpd,in sample,with noise,3d-low-strong,3,low,strong,2,0,0.0117129,0.0002347028854625449
2-Cylindrical Mixture,cylmix,gmpd,in sample,with noise,3d-low-weak,3,low,weak,2,0,0.0062184,0.00010145128701186407
2-Cylindrical Mixture,cylmix,gmpd,out of sample,no noise,2d-high-ind,2,high,ind,2,0,0.020833400000000002,0.0005012393125891544
2-Cylindrical Mixture,cylmix,gmpd,out of sample,no noise,2d-high-strong,2,high,strong,2,0,0.0229367,0.0005287627162546643
2-Cylindrical Mixture,cylmix,gmpd,out of sample,no noise,2d-high-weak,2,high,weak,2,0,0.0203313,0.0005392094006763776
2-Cylindrical Mixture,cylmix,gmpd,out of sample,no noise,2d-low-ind,2,low,ind,2,0,0.032249,0.0008403420419536023
2-Cylindrical Mixture,cylmix,gmpd,out of sample,no noise,2d-low-strong,2,low,strong,2,0,0.052225900000000006,0.001316341804955971
2-Cylindrical Mixture,cylmix,gmpd,out of sample,no noise,2d-low-weak,2,low,weak,2,0,0.0333057,0.0009202571610285045
2-Cylindrical Mixture,cylmix,gmpd,out of sample,no noise,3d-high-ind,3,high,ind,2,0,0.0037080999999999998,0.00013776495134170313
2-Cylindrical Mixture,cylmix,gmpd,out of sample,no noise,3d-high-strong,3,high,strong,2,0,0.0051041,0.00019648473865736384
2-Cylindrical Mixture,cylmix,gmpd,out of sample,no noise,3d-high-weak,3,high,weak,2,0,0.0036882,0.00013928663854357202
2-Cylindrical Mixture,cylmix,gmpd,out of sample,no noise,3d-low-ind,3,low,ind,2,0,0.006237599999999999,0.0002419580062070209
2-Cylindrical Mixture,cylmix,gmpd,out of sample,no noise,3d-low-strong,3,low,strong,2,0,0.013037,0.0005546907410276633
2-Cylindrical Mixture,cylmix,gmpd,out of sample,no noise,3d-low-weak,3,low,weak,2,0,0.006566,0.0002692225994986453
2-Cylindrical Mixture,cylmix,gmpd,out of sample,with noise,2d-high-ind,2,high,ind,2,0,0.020118200000000003,0.0004755186004710431
2-Cylindrical Mixture,cylmix,gmpd,out of sample,with noise,2d-high-strong,2,high,strong,2,0,0.021876600000000003,0.0004965074383769455
2-Cylindrical Mixture,cylmix,gmpd,out of sample,with noise,2d-high-weak,2,high,weak,2,0,0.0196534,0.00052526130101449
2-Cylindrical Mixture,cylmix,gmpd,out of sample,with noise,2d-low-ind,2,low,ind,2,0,0.031233499999999997,0.0008183703626751467
2-Cylindrical Mixture,cylmix,gmpd,out of sample,with noise,2d-low-strong,2,low,strong,2,0,0.0490029,0.0012543695708211442
2-Cylindrical Mixture,cylmix,gmpd,out of sample,with noise,2d-low-weak,2,low,weak,2,0,0.0322178,0.0008912465223698568
2-Cylindrical Mixture,cylmix,gmpd,out of sample,with noise,3d-high-ind,3,high,ind,2,0,0.0034803,0.0001272034479553018
2-Cylindrical Mixture,cylmix,gmpd,out of sample,with noise,3d-high-strong,3,high,strong,2,0,0.0046584,0.00017019727116235182
2-Cylindrical Mixture,cylmix,gmpd,out of sample,with noise,3d-high-weak,3,high,weak,2,0,0.0034588,0.0001294922485102581
2-Cylindrical Mixture,cylmix,gmpd,out of sample,with noise,3d-low-ind,3,low,ind,2,0,0.0059118,0.00022462709839494747
2-Cylindrical Mixture,cylmix,gmpd,out of sample,with noise,3d-low-strong,3,low,strong,2,0,0.011716500000000001,0.00047756405250230495
2-Cylindrical Mixture,cylmix,gmpd,out of sample,with noise,3d-low-weak,3,low,weak,2,0,0.0062083,0.0002533614617557893
2-Cylindrical Mixture,cylmix,training_time,training,no noise,2d-high-ind,2,high,ind,2,0,320.8029,21.508330089112494
2-Cylindrical Mixture,cylmix,training_time,training,no noise,2d-high-strong,2,high,strong,2,0,613.5133999999999,115.03331705539783
2-Cylindrical Mixture,cylmix,training_time,training,no noise,2d-high-weak,2,high,weak,2,0,324.6759,21.14908628515591
2-Cylindrical Mixture,cylmix,training_time,training,no noise,2d-low-ind,2,low,ind,2,0,361.74800000000005,28.89938068610475
2-Cylindrical Mixture,cylmix,training_time,training,no noise,2d-low-strong,2,low,strong,2,0,370.3952,38.58882416535449
2-Cylindrical Mixture,cylmix,training_time,training,no noise,2d-low-weak,2,low,weak,2,0,375.6067,36.58277695594036
2-Cylindrical Mixture,cylmix,training_time,training,no noise,3d-high-ind,3,high,ind,2,0,315.9069,19.213699326472256
2-Cylindrical Mixture,cylmix,training_time,training,no noise,3d-high-strong,3,high,strong,2,0,329.0455,51.434990023692755
2-Cylindrical Mixture,cylmix,training_time,training,no noise,3d-high-weak,3,high,weak,2,0,326.3487,15.942416433128093
2-Cylindrical Mixture,cylmix,training_time,training,no noise,3d-low-ind,3,low,ind,2,0,302.78790000000004,19.267577324341918
2-Cylindrical Mixture,cylmix,training_time,training,no noise,3d-low-strong,3,low,strong,2,0,468.55,132.34372754385464
2-Cylindrical Mixture,cylmix,training_time,training,no noise,3d-low-weak,3,low,weak,2,0,307.3542,16.974198969809045
2-Cylindrical Mixture,cylmix,training_time,training,with noise,2d-high-ind,2,high,ind,2,0,321.80400000000003,21.548964539561346
2-Cylindrical Mixture,cylmix,training_time,training,with noise,2d-high-strong,2,high,strong,2,0,528.0004,63.67576950505273
2-Cylindrical Mixture,cylmix,training_time,training,with noise,2d-high-weak,2,high,weak,2,0,329.7238,22.393494265391926
2-Cylindrical Mixture,cylmix,training_time,training,with noise,2d-low-ind,2,low,ind,2,0,354.0794,19.774820732181087
2-Cylindrical Mixture,cylmix,training_time,training,with noise,2d-low-strong,2,low,strong,2,0,383.0362,56.94196009760794
2-Cylindrical Mixture,cylmix,training_time,training,with noise,2d-low-weak,2,low,weak,2,0,369.75839999999994,35.5758669966827
2-Cylindrical Mixture,cylmix,training_time,training,with noise,3d-high-ind,3,high,ind,2,0,322.1352,40.697647996964754
2-Cylindrical Mixture,cylmix,training_time,training,with noise,3d-high-strong,3,high,strong,2,0,332.88879999999995,59.014615400497924
2-Cylindrical Mixture,cylmix,training_time,training,with noise,3d-high-weak,3,high,weak,2,0,330.6032,32.59812152609876
2-Cylindrical Mixture,cylmix,training_time,training,with noise,3d-low-ind,3,low,ind,2,0,299.77479999999997,14.66880862320599
2-Cylindrical Mixture,cylmix,training_time,training,with noise,3d-low-strong,3,low,strong,2,0,436.0953,134.9715875260532
2-Cylindrical Mixture,cylmix,training_time,training,with noise,3d-low-weak,3,low,weak,2,0,305.6947,19.3606679519446
2-Independent Cylindrical Mixture,indcylmix,aic,in sample,no noise,2d-high-ind,2,high,ind,2,0,61916.0584189,226.03200087523342
2-Independent Cylindrical Mixture,indcylmix,aic,in sample,no noise,2d-high-strong,2,high,strong,2,0,62416.954915,226.69996482511746
2-Independent Cylindrical Mixture,indcylmix,aic,in sample,no noise,2d-high-weak,2,high,weak,2,0,62508.409624199994,224.63116937909558
2-Independent Cylindrical Mixture,indcylmix,aic,in sample,no noise,2d-low-ind,2,low,ind,2,0,54928.7456444,238.26643704708377
2-Independent Cylindrical Mixture,indcylmix,aic,in sample,no noise,2d-low-strong,2,low,strong,2,0,51552.6280828,284.49652997027226
2-Independent Cylindrical Mixture,indcylmix,aic,in sample,no noise,2d-low-weak,2,low,weak,2,0,54658.1292312,239.7641506727416
2-Independent Cylindrical Mixture,indcylmix,aic,in sample,no noise,3d-high-ind,3,high,ind,2,0,89662.61255240001,244.88812000398318
2-Independent Cylindrical Mixture,indcylmix,aic,in sample,no noise,3d-high-strong,3,high,strong,2,0,89888.87215010001,301.25158084172193
2-Independent Cylindrical Mixture,indcylmix,aic,in sample,no noise,3d-high-weak,3,high,weak,2,0,90358.9916848,246.3932990458856
2-Independent Cylindrical Mixture,indcylmix,aic,in sample,no noise,3d-low-ind,3,low,ind,2,0,81291.4398019,256.05652151132443
2-Independent Cylindrical Mixture,indcylmix,aic,in sample,no noise,3d-low-strong,3,low,strong,2,0,77898.254514,321.82621201462763
2-Independent Cylindrical Mixture,indcylmix,aic,in sample,no noise,3d-low-weak,3,low,weak,2,0,80974.0251752,265.7550680624692
2-Independent Cylindrical Mixture,indcylmix,aic,in sample,with noise,2d-high-ind,2,high,ind,2,0,62462.018099,225.69025925746413
2-Independent Cylindrical Mixture,indcylmix,aic,in sample,with noise,2d-high-strong,2,high,strong,2,0,62956.910675299994,231.70415723034583
2-Independent Cylindrical Mixture,indcylmix,aic,in sample,with noise,2d-high-weak,2,high,weak,2,0,63042.9654983,227.94400351025163
2-Independent Cylindrical Mixture,indcylmix,aic,in sample,with noise,2d-low-ind,2,low,ind,2,0,55428.945188499994,238.01646903401544
2-Independent Cylindrical Mixture,indcylmix,aic,in sample,with noise,2d-low-strong,2,low,strong,2,0,52200.3965459,293.38126732765573
2-Independent Cylindrical Mixture,indcylmix,aic,in sample,with noise,2d-low-weak,2,low,weak,2,0,55174.6848903,243.32763406987038
2-Independent Cylindrical Mixture,indcylmix,aic,in sample,with noise,3d-high-ind,3,high,ind,2,0,90659.99520060001,250.2124802652788
2-Independent Cylindrical Mixture,indcylmix,aic,in sample,with noise,3d-high-strong,3,high,strong,2,0,90898.1256457,312.4298810888426
2-Independent Cylindrical Mixture,indcylmix,aic,in sample,with noise,3d-high-weak,3,high,weak,2,0,91336.6698477,254.46820267863123
2-Independent Cylindrical Mixture,indcylmix,aic,in sample,with noise,3d-low-ind,3,low,ind,2,0,82140.28624320001,263.28230417850983
2-Independent Cylindrical Mixture,indcylmix,aic,in sample,with noise,3d-low-strong,3,low,strong,2,0,78899.6086546,329.76113430058325
2-Independent Cylindrical Mixture,indcylmix,aic,in sample,with noise,3d-low-weak,3,low,weak,2,0,81838.2520594,270.6970236277262
2-Independent Cylindrical Mixture,indcylmix,aic,out of sample,no noise,2d-high-ind,2,high,ind,2,0,15526.2811231,96.71733443013873
2-Independent Cylindrical Mixture,indcylmix,aic,out of sample,no noise,2d-high-strong,2,high,strong,2,0,15630.416537699999,97.77405108413113
2-Independent Cylindrical Mixture,indcylmix,aic,out of sample,no noise,2d-high-weak,2,high,weak,2,0,15661.0821326,107.52252519302446
2-Independent Cylindrical Mixture,indcylmix,aic,out of sample,no noise,2d-low-ind,2,low,ind,2,0,13769.9564982,104.39596606148852
2-Independent Cylindrical Mixture,indcylmix,aic,out of sample,no noise,2d-low-strong,2,low,strong,2,0,12902.271808700001,118.77595338273925
2-Independent Cylindrical Mixture,indcylmix,aic,out of sample,no noise,2d-low-weak,2,low,weak,2,0,13700.6231418,113.70799630691435
2-Independent Cylindrical Mixture,indcylmix,aic,out of sample,no noise,3d-high-ind,3,high,ind,2,0,22458.4808972,147.46875566121503
2-Independent Cylindrical Mixture,indcylmix,aic,out of sample,no noise,3d-high-strong,3,high,strong,2,0,22506.5412306,154.4227335248606
2-Independent Cylindrical Mixture,indcylmix,aic,out of sample,no noise,3d-high-weak,3,high,weak,2,0,22635.2161757,149.01001717522848
2-Independent Cylindrical Mixture,indcylmix,aic,out of sample,no noise,3d-low-ind,3,low,ind,2,0,20359.4050316,155.4962255338623
2-Independent Cylindrical Mixture,indcylmix,aic,out of sample,no noise,3d-low-strong,3,low,strong,2,0,19499.702378100003,181.71473658696922
2-Independent Cylindrical Mixture,indcylmix,aic,out of sample,no noise,3d-low-weak,3,low,weak,2,0,20280.8487032,163.62513275536358
2-Independent Cylindrical Mixture,indcylmix,aic,out of sample,with noise,2d-high-ind,2,high,ind,2,0,15664.417243299999,94.95522211259221
2-Independent Cylindrical Mixture,indcylmix,aic,out of sample,with noise,2d-high-strong,2,high,strong,2,0,15763.956431199998,98.22000603775203
2-Independent Cylindrical Mixture,indcylmix,aic,out of sample,with noise,2d-high-weak,2,high,weak,2,0,15793.9823731,107.80160742691815
2-Independent Cylindrical Mixture,indcylmix,aic,out of sample,with noise,2d-low-ind,2,low,ind,2,0,13897.346075599999,104.72302580463234
2-Independent Cylindrical Mixture,indcylmix,aic,out of sample,with noise,2d-low-strong,2,low,strong,2,0,13061.417249799999,119.90704662610966
2-Independent Cylindrical Mixture,indcylmix,aic,out of sample,with noise,2d-low-weak,2,low,weak,2,0,13829.5566837,112.94408444084802
2-Independent Cylindrical Mixture,indcylmix,aic,out of sample,with noise,3d-high-ind,3,high,ind,2,0,22710.0388012,145.06708889500484
2-Independent Cylindrical Mixture,indcylmix,aic,out of sample,with noise,3d-high-strong,3,high,strong,2,0,22756.012204900002,151.91244841166994
2-Independent Cylindrical Mixture,indcylmix,aic,out of sample,with noise,3d-high-weak,3,high,weak,2,0,22881.7377729,145.93927456583
2-Independent Cylindrical Mixture,indcylmix,aic,out of sample,with noise,3d-low-ind,3,low,ind,2,0,20573.6595035,152.40997824421578
2-Independent Cylindrical Mixture,indcylmix,aic,out of sample,with noise,3d-low-strong,3,low,strong,2,0,19748.3126841,179.4440951465691
2-Independent Cylindrical Mixture,indcylmix,aic,out of sample,with noise,3d-low-weak,3,low,weak,2,0,20497.5652262,161.59281469014527
2-Independent Cylindrical Mixture,indcylmix,ari,in sample,no noise,2d-high-ind,2,high,ind,2,0,0.3287941,0.007889824682795716
2-Independent Cylindrical Mixture,indcylmix,ari,in sample,no noise,2d-high-strong,2,high,strong,2,0,0.0036826999999999997,0.0020728299374273207
2-Independent Cylindrical Mixture,indcylmix,ari,in sample,no noise,2d-high-weak,2,high,weak,2,0,0.3435295,0.009312063032931686
2-Independent Cylindrical Mixture,indcylmix,ari,in sample,no noise,2d-low-ind,2,low,ind,2,0,0.0256941,0.007849493980345148
2-Independent Cylindrical Mixture,indcylmix,ari,in sample,no noise,2d-low-strong,2,low,strong,2,0,1.8600000000000005e-05,0.0002035791856956031
2-Independent Cylindrical Mixture,indcylmix,ari,in sample,no noise,2d-low-weak,2,low,weak,2,0,0.0001334,0.0003006935417673716
2-Independent Cylindrical Mixture,indcylmix,ari,in sample,no noise,3d-high-ind,3,high,ind,2,0,0.3557642,0.0076121852315875795
2-Independent Cylindrical Mixture,indcylmix,ari,in sample,no noise,3d-high-strong,3,high,strong,2,0,0.0007047,0.0008448028339694581
2-Independent Cylindrical Mixture,indcylmix,ari,in sample,no noise,3d-high-weak,3,high,weak,2,0,0.37746989999999997,0.008103637853121614
2-Independent Cylindrical Mixture,indcylmix,ari,in sample,no noise,3d-low-ind,3,low,ind,2,0,0.0334022,0.004960697771870242
2-Independent Cylindrical Mixture,indcylmix,ari,in sample,no noise,3d-low-strong,3,low,strong,2,0,0.00016299999999999998,0.00029265244667600946
2-Independent Cylindrical Mixture,indcylmix,ari,in sample,no noise,3d-low-weak,3,low,weak,2,0,0.0009699000000000001,0.0009158641059710011
2-Independent Cylindrical Mixture,indcylmix,ari,in sample,with noise,2d-high-ind,2,high,ind,2,0,0.3231583,0.007892684767452945
2-Independent Cylindrical Mixture,indcylmix,ari,in sample,with noise,2d-high-strong,2,high,strong,2,0,0.0032897,0.0019529105215166682
2-Independent Cylindrical Mixture,indcylmix,ari,in sample,with noise,2d-high-weak,2,high,weak,2,0,0.336845,0.009428220640420128
2-Independent Cylindrical Mixture,indcylmix,ari,in sample,with noise,2d-low-ind,2,low,ind,2,0,0.026061900000000002,0.007278537939404696
2-Independent Cylindrical Mixture,indcylmix,ari,in sample,with noise,2d-low-strong,2,low,strong,2,0,2.8000000000000003e-06,0.00018657508575976222
2-Independent Cylindrical Mixture,indcylmix,ari,in sample,with noise,2d-low-weak,2,low,weak,2,0,0.0001226,0.0002927253340797841
2-Independent Cylindrical Mixture,indcylmix,ari,in sample,with noise,3d-high-ind,3,high,ind,2,0,0.35167050000000005,0.007996465301821321
2-Independent Cylindrical Mixture,indcylmix,ari,in sample,with noise,3d-high-strong,3,high,strong,2,0,0.000793,0.0009359751572288094
2-Independent Cylindrical Mixture,indcylmix,ari,in sample,with noise,3d-high-weak,3,high,weak,2,0,0.37344970000000005,0.00803103921159534
2-Independent Cylindrical Mixture,indcylmix,ari,in sample,with noise,3d-low-ind,3,low,ind,2,0,0.0324666,0.004820605649530237
2-Independent Cylindrical Mixture,indcylmix,ari,in sample,with noise,3d-low-strong,3,low,strong,2,0,0.00017499999999999997,0.0003197679082577161
2-Independent Cylindrical Mixture,indcylmix,ari,in sample,with noise,3d-low-weak,3,low,weak,2,0,0.0011125,0.0010114669564748045
2-Independent Cylindrical Mixture,indcylmix,ari,out of sample,no noise,2d-high-ind,2,high,ind,2,0,0.3305635,0.013515650066392354
2-Independent Cylindrical Mixture,indcylmix,ari,out of sample,no noise,2d-high-strong,2,high,strong,2,0,0.0032355,0.0026848799890415126
2-Independent Cylindrical Mixture,indcylmix,ari,out of sample,no noise,2d-high-weak,2,high,weak,2,0,0.34492019999999995,0.015806420826788566
2-Independent Cylindrical Mixture,indcylmix,ari,out of sample,no noise,2d-low-ind,2,low,ind,2,0,0.0249515,0.008807691241182332
2-Independent Cylindrical Mixture,indcylmix,ari,out of sample,no noise,2d-low-strong,2,low,strong,2,0,4.45e-05,0.0007213740746350366
2-Independent Cylindrical Mixture,indcylmix,ari,out of sample,no noise,2d-low-weak,2,low,weak,2,0,0.00016629999999999998,0.0007777845447036074
2-Independent Cylindrical Mixture,indcylmix,ari,out of sample,no noise,3d-high-ind,3,high,ind,2,0,0.35918239999999996,0.014793511485127742
2-Independent Cylindrical Mixture,indcylmix,ari,out of sample,no noise,3d-high-strong,3,high,strong,2,0,0.0005281,0.0010079198450975227
2-Independent Cylindrical Mixture,indcylmix,ari,out of sample,no noise,3d-high-weak,3,high,weak,2,0,0.37891440000000004,0.014893320129670503
2-Independent Cylindrical Mixture,indcylmix,ari,out of sample,no noise,3d-low-ind,3,low,ind,2,0,0.034067599999999996,0.007261849406871559
2-Independent Cylindrical Mixture,indcylmix,ari,out of sample,no noise,3d-low-strong,3,low,strong,2,0,0.00019040000000000002,0.0007902830588664503
2-Independent Cylindrical Mixture,indcylmix,ari,out of sample,no noise,3d-low-weak,3,low,weak,2,0,0.0006544999999999999,0.0012294947430681936
2-Independent Cylindrical Mixture,indcylmix,ari,out of sample,with noise,2d-high-ind,2,high,ind,2,0,0.32427259999999997,0.013984361945770104
2-Independent Cylindrical Mixture,indcylmix,ari,out of sample,with noise,2d-high-strong,2,high,strong,2,0,0.0029736000000000003,0.002806623306366279
2-Independent Cylindrical Mixture,indcylmix,ari,out of sample,with noise,2d-high-weak,2,high,weak,2,0,0.3386623,0.014880886178062257
2-Independent Cylindrical Mixture,indcylmix,ari,out of sample,with noise,2d-low-ind,2,low,ind,2,0,0.025886,0.008480637840505756
2-Independent Cylindrical Mixture,indcylmix,ari,out of sample,with noise,2d-low-strong,2,low,strong,2,0,7.14e-05,0.0007236454011922323
2-Independent Cylindrical Mixture,indcylmix,ari,out of sample,with noise,2d-low-weak,2,low,weak,2,0,0.0001163,0.0007197343154584785
2-Independent Cylindrical Mixture,indcylmix,ari,out of sample,with noise,3d-high-ind,3,high,ind,2,0,0.3554191,0.014360362048768718
2-Independent Cylindrical Mixture,indcylmix,ari,out of sample,with noise,3d-high-strong,3,high,strong,2,0,0.0005308,0.001017435556244773
2-Independent Cylindrical Mixture,indcylmix,ari,out of sample,with noise,3d-high-weak,3,high,weak,2,0,0.37484259999999997,0.0151296478371695
2-Independent Cylindrical Mixture,indcylmix,ari,out of sample,with noise,3d-low-ind,3,low,ind,2,0,0.0329053,0.007378460524192747
2-Independent Cylindrical Mixture,indcylmix,ari,out of sample,with noise,3d-low-strong,3,low,strong,2,0,0.00018629999999999997,0.0007300776975394087
2-Independent Cylindrical Mixture,indcylmix,ari,out of sample,with noise,3d-low-weak,3,low,weak,2,0,0.0008502,0.0014254384262642518
2-Independent Cylindrical Mixture,indcylmix,avg_ll,in sample,no noise,2d-high-ind,2,high,ind,2,0,-3.8678787,0.01412730157560455
2-Independent Cylindrical Mixture,indcylmix,avg_ll,in sample,no noise,2d-high-strong,2,high,strong,2,0,-3.8991842,0.014169059062163234
2-Independent Cylindrical Mixture,indcylmix,avg_ll,in sample,no noise,2d-high-weak,2,high,weak,2,0,-3.9049005999999995,0.014039465357169139
2-Independent Cylindrical Mixture,indcylmix,avg_ll,in sample,no noise,2d-low-ind,2,low,ind,2,0,-3.4311716999999997,0.01489169961028047
2-Independent Cylindrical Mixture,indcylmix,avg_ll,in sample,no noise,2d-low-strong,2,low,strong,2,0,-3.2201641999999997,0.0177806129344078
2-Independent Cylindrical Mixture,indcylmix,avg_ll,in sample,no noise,2d-low-weak,2,low,weak,2,0,-3.4142579,0.014985490106341983
2-Independent Cylindrical Mixture,indcylmix,avg_ll,in sample,no noise,3d-high-ind,3,high,ind,2,0,-5.6007877,0.0153056895643551
2-Independent Cylindrical Mixture,indcylmix,avg_ll,in sample,no noise,3d-high-strong,3,high,strong,2,0,-5.6149298,0.018828183043705246
2-Independent Cylindrical Mixture,indcylmix,avg_ll,in sample,no noise,3d-high-weak,3,high,weak,2,0,-5.644312,0.015399630718385087
2-Independent Cylindrical Mixture,indcylmix,avg_ll,in sample,no noise,3d-low-ind,3,low,ind,2,0,-5.0775896,0.016003732451013906
2-Independent Cylindrical Mixture,indcylmix,avg_ll,in sample,no noise,3d-low-strong,3,low,strong,2,0,-4.8655158,0.020114024414358608
2-Independent Cylindrical Mixture,indcylmix,avg_ll,in sample,no noise,3d-low-weak,3,low,weak,2,0,-5.0577515,0.016609922090987845
2-Independent Cylindrical Mixture,indcylmix,avg_ll,in sample,with noise,2d-high-ind,2,high,ind,2,0,-3.9020015,0.014105658107885798
2-Independent Cylindrical Mixture,indcylmix,avg_ll,in sample,with noise,2d-high-strong,2,high,strong,2,0,-3.9329316999999997,0.014481470574845152
2-Independent Cylindrical Mixture,indcylmix,avg_ll,in sample,with noise,2d-high-weak,2,high,weak,2,0,-3.9383101,0.014246274898188223
2-Independent Cylindrical Mixture,indcylmix,avg_ll,in sample,with noise,2d-low-ind,2,low,ind,2,0,-3.4624345,0.01487614607247781
2-Independent Cylindrical Mixture,indcylmix,avg_ll,in sample,with noise,2d-low-strong,2,low,strong,2,0,-3.2606496,0.018336005145256417
2-Independent Cylindrical Mixture,indcylmix,avg_ll,in sample,with noise,2d-low-weak,2,low,weak,2,0,-3.4465422,0.0152078844901803
2-Independent Cylindrical Mixture,indcylmix,avg_ll,in sample,with noise,3d-high-ind,3,high,ind,2,0,-5.6631244,0.015637751480105277
2-Independent Cylindrical Mixture,indcylmix,avg_ll,in sample,with noise,3d-high-strong,3,high,strong,2,0,-5.678007300000001,0.019526720819679252
2-Independent Cylindrical Mixture,indcylmix,avg_ll,in sample,with noise,3d-high-weak,3,high,weak,2,0,-5.7054160000000005,0.015904486311996573
2-Independent Cylindrical Mixture,indcylmix,avg_ll,in sample,with noise,3d-low-ind,3,low,ind,2,0,-5.1306426,0.0164550281910325
2-Independent Cylindrical Mixture,indcylmix,avg_ll,in sample,with noise,3d-low-strong,3,low,strong,2,0,-4.928101,0.02060972509974029
2-Independent Cylindrical Mixture,indcylmix,avg_ll,in sample,with noise,3d-low-weak,3,low,weak,2,0,-5.1117656,0.01691857901237517
2-Independent Cylindrical Mixture,indcylmix,avg_ll,out of sample,no noise,2d-high-ind,2,high,ind,2,0,-3.8740699000000003,0.02417999162405548
2-Independent Cylindrical Mixture,indcylmix,avg_ll,out of sample,no noise,2d-high-strong,2,high,strong,2,0,-3.9001047,0.024443057904179485
2-Independent Cylindrical Mixture,indcylmix,avg_ll,out of sample,no noise,2d-high-weak,2,high,weak,2,0,-3.9077703,0.026880800683083034
2-Independent Cylindrical Mixture,indcylmix,avg_ll,out of sample,no noise,2d-low-ind,2,low,ind,2,0,-3.4349892,0.026098442334415866
2-Independent Cylindrical Mixture,indcylmix,avg_ll,out of sample,no noise,2d-low-strong,2,low,strong,2,0,-3.2180679,0.029694377602536483
2-Independent Cylindrical Mixture,indcylmix,avg_ll,out of sample,no noise,2d-low-weak,2,low,weak,2,0,-3.4176561,0.028427059768125974
2-Independent Cylindrical Mixture,indcylmix,avg_ll,out of sample,no noise,3d-high-ind,3,high,ind,2,0,-5.6021204000000004,0.0368668716340403
2-Independent Cylindrical Mixture,indcylmix,avg_ll,out of sample,no noise,3d-high-strong,3,high,strong,2,0,-5.6141353,0.03860573667150389
2-Independent Cylindrical Mixture,indcylmix,avg_ll,out of sample,no noise,3d-high-weak,3,high,weak,2,0,-5.646304199999999,0.037252371334729806
2-Independent Cylindrical Mixture,indcylmix,avg_ll,out of sample,no noise,3d-low-ind,3,low,ind,2,0,-5.0773511000000005,0.03887341588301885
2-Independent Cylindrical Mixture,indcylmix,avg_ll,out of sample,no noise,3d-low-strong,3,low,strong,2,0,-4.8624259,0.045428311803579244
2-Independent Cylindrical Mixture,indcylmix,avg_ll,out of sample,no noise,3d-low-weak,3,low,weak,2,0,-5.0577117,0.04090597914002358
2-Independent Cylindrical Mixture,indcylmix,avg_ll,out of sample,with noise,2d-high-ind,2,high,ind,2,0,-3.9086046,0.023739096143218435
2-Independent Cylindrical Mixture,indcylmix,avg_ll,out of sample,with noise,2d-high-strong,2,high,strong,2,0,-3.9334894000000005,0.02455509866287314
2-Independent Cylindrical Mixture,indcylmix,avg_ll,out of sample,with noise,2d-high-weak,2,high,weak,2,0,-3.9409958,0.026950531157225226
2-Independent Cylindrical Mixture,indcylmix,avg_ll,out of sample,with noise,2d-low-ind,2,low,ind,2,0,-3.4668362000000004,0.026181109034237322
2-Independent Cylindrical Mixture,indcylmix,avg_ll,out of sample,with noise,2d-low-strong,2,low,strong,2,0,-3.2578543,0.02997626479433689
2-Independent Cylindrical Mixture,indcylmix,avg_ll,out of sample,with noise,2d-low-weak,2,low,weak,2,0,-3.4498892,0.0282363642850916
2-Independent Cylindrical Mixture,indcylmix,avg_ll,out of sample,with noise,3d-high-ind,3,high,ind,2,0,-5.6650101,0.03626686916429076
2-Independent Cylindrical Mixture,indcylmix,avg_ll,out of sample,with noise,3d-high-strong,3,high,strong,2,0,-5.676503,0.03797817109601256
2-Independent Cylindrical Mixture,indcylmix,avg_ll,out of sample,with noise,3d-high-weak,3,high,weak,2,0,-5.7079341,0.036484928591588826
2-Independent Cylindrical Mixture,indcylmix,avg_ll,out of sample,with noise,3d-low-ind,3,low,ind,2,0,-5.1309149000000005,0.038102146085929905
2-Independent Cylindrical Mixture,indcylmix,avg_ll,out of sample,with noise,3d-low-strong,3,low,strong,2,0,-4.9245783,0.044860882603777213
2-Independent Cylindrical Mixture,indcylmix,avg_ll,out of sample,with noise,3d-low-weak,3,low,weak,2,0,-5.1118912,0.04039790021745925
2-Independent Cylindrical Mixture,indcylmix,bic,in sample,no noise,2d-high-ind,2,high,ind,2,0,62020.8663712,226.03200216519815
2-Independent Cylindrical Mixture,indcylmix,bic,in sample,no noise,2d-high-strong,2,high,strong,2,0,62521.7628673,226.6999633581822
2-Independent Cylindrical Mixture,indcylmix,bic,in sample,no noise,2d-high-weak,2,high,weak,2,0,62613.2175757,224.6311694308374
2-Independent Cylindrical Mixture,indcylmix,bic,in sample,no noise,2d-low-ind,2,low,ind,2,0,55033.5535968,238.26643702468107
2-Independent Cylindrical Mixture,indcylmix,bic,in sample,no noise,2d-low-strong,2,low,strong,2,0,51657.436035599996,284.4965296839458
2-Independent Cylindrical Mixture,indcylmix,bic,in sample,no noise,2d-low-weak,2,low,weak,2,0,54762.937183,239.7641505249478
2-Independent Cylindrical Mixture,indcylmix,bic,in sample,no noise,3d-high-ind,3,high,ind,2,0,89837.2924732,244.88811990297077
2-Independent Cylindrical Mixture,indcylmix,bic,in sample,no noise,3d-high-strong,3,high,strong,2,0,90063.5520705,301.25158101340236
2-Independent Cylindrical Mixture,indcylmix,bic,in sample,no noise,3d-high-weak,3,high,weak,2,0,90533.67160529998,246.39329928047928
2-Independent Cylindrical Mixture,indcylmix,bic,in sample,no noise,3d-low-ind,3,low,ind,2,0,81466.1197223,256.0565215941179
2-Independent Cylindrical Mixture,indcylmix,bic,in sample,no noise,3d-low-strong,3,low,strong,2,0,78072.9344343,321.82621190415813
2-Independent Cylindrical Mixture,indcylmix,bic,in sample,no noise,3d-low-weak,3,low,weak,2,0,81148.7050961,265.7550684767198
2-Independent Cylindrical Mixture,indcylmix,bic,in sample,with noise,2d-high-ind,2,high,ind,2,0,62566.8260518,225.69025984882919
2-Independent Cylindrical Mixture,indcylmix,bic,in sample,with noise,2d-high-strong,2,high,strong,2,0,63061.7186278,231.7041571623961
2-Independent Cylindrical Mixture,indcylmix,bic,in sample,with noise,2d-high-weak,2,high,weak,2,0,63147.7734505,227.94400395619613
2-Independent Cylindrical Mixture,indcylmix,bic,in sample,with noise,2d-low-ind,2,low,ind,2,0,55533.7531408,238.01646883550018
2-Independent Cylindrical Mixture,indcylmix,bic,in sample,with noise,2d-low-strong,2,low,strong,2,0,52305.2044979,293.3812678811635
2-Independent Cylindrical Mixture,indcylmix,bic,in sample,with noise,2d-low-weak,2,low,weak,2,0,55279.4928423,243.32763378705246
2-Independent Cylindrical Mixture,indcylmix,bic,in sample,with noise,3d-high-ind,3,high,ind,2,0,90834.675121,250.21248016951515
2-Independent Cylindrical Mixture,indcylmix,bic,in sample,with noise,3d-high-strong,3,high,strong,2,0,91072.8055663,312.4298813157561
2-Independent Cylindrical Mixture,indcylmix,bic,in sample,with noise,3d-high-weak,3,high,weak,2,0,91511.34976810002,254.46820277902845
2-Independent Cylindrical Mixture,indcylmix,bic,in sample,with noise,3d-low-ind,3,low,ind,2,0,82314.96616340001,263.2823043253557
2-Independent Cylindrical Mixture,indcylmix,bic,in sample,with noise,3d-low-strong,3,low,strong,2,0,79074.2885752,329.7611342268366
2-Independent Cylindrical Mixture,indcylmix,bic,in sample,with noise,3d-low-weak,3,low,weak,2,0,82012.93197979999,270.6970236189957
2-Independent Cylindrical Mixture,indcylmix,bic,out of sample,no noise,2d-high-ind,2,high,ind,2,0,15610.294659800002,96.71733434240967
2-Independent Cylindrical Mixture,indcylmix,bic,out of sample,no noise,2d-high-strong,2,high,strong,2,0,15714.4300746,97.77405097694991
2-Independent Cylindrical Mixture,indcylmix,bic,out of sample,no noise,2d-high-weak,2,high,weak,2,0,15745.0956697,107.52252569139428
2-Independent Cylindrical Mixture,indcylmix,bic,out of sample,no noise,2d-low-ind,2,low,ind,2,0,13853.970035800001,104.39596621863546
2-Independent Cylindrical Mixture,indcylmix,bic,out of sample,no noise,2d-low-strong,2,low,strong,2,0,12986.2853461,118.77595343889526
2-Independent Cylindrical Mixture,indcylmix,bic,out of sample,no noise,2d-low-weak,2,low,weak,2,0,13784.6366786,113.70799626248485
2-Independent Cylindrical Mixture,indcylmix,bic,out of sample,no noise,3d-high-ind,3,high,ind,2,0,22598.5034592,147.46875579433916
2-Independent Cylindrical Mixture,indcylmix,bic,out of sample,no noise,3d-high-strong,3,high,strong,2,0,22646.563791899996,154.42273342098153
2-Independent Cylindrical Mixture,indcylmix,bic,out of sample,no noise,3d-high-weak,3,high,weak,2,0,22775.238737,149.01001683597576
2-Independent Cylindrical Mixture,indcylmix,bic,out of sample,no noise,3d-low-ind,3,low,ind,2,0,20499.4275932,155.49622585779085
2-Independent Cylindrical Mixture,indcylmix,bic,out of sample,no noise,3d-low-strong,3,low,strong,2,0,19639.7249401,181.71473726417068
2-Independent Cylindrical Mixture,indcylmix,bic,out of sample,no noise,3d-low-weak,3,low,weak,2,0,20420.8712645,163.62513232646654
2-Independent Cylindrical Mixture,indcylmix,bic,out of sample,with noise,2d-high-ind,2,high,ind,2,0,15748.430780499999,94.95522138833766
2-Independent Cylindrical Mixture,indcylmix,bic,out of sample,with noise,2d-high-strong,2,high,strong,2,0,15847.9699677,98.22000520723113
2-Independent Cylindrical Mixture,indcylmix,bic,out of sample,with noise,2d-high-weak,2,high,weak,2,0,15877.9959104,107.80160679721946
2-Independent Cylindrical Mixture,indcylmix,bic,out of sample,with noise,2d-low-ind,2,low,ind,2,0,13981.3596134,104.72302579719917
2-Independent Cylindrical Mixture,indcylmix,bic,out of sample,with noise,2d-low-strong,2,low,strong,2,0,13145.4307871,119.90704679776584
2-Independent Cylindrical Mixture,indcylmix,bic,out of sample,with noise,2d-low-weak,2,low,weak,2,0,13913.570220300002,112.94408413668238
2-Independent Cylindrical Mixture,indcylmix,bic,out of sample,with noise,3d-high-ind,3,high,ind,2,0,22850.0613626,145.0670886055274
2-Independent Cylindrical Mixture,indcylmix,bic,out of sample,with noise,3d-high-strong,3,high,strong,2,0,22896.0347666,151.91244871686598
2-Independent Cylindrical Mixture,indcylmix,bic,out of sample,with noise,3d-high-weak,3,high,weak,2,0,23021.7603337,145.93927452119087
2-Independent Cylindrical Mixture,indcylmix,bic,out of sample,with noise,3d-low-ind,3,low,ind,2,0,20713.682064700002,152.409978108478
2-Independent Cylindrical Mixture,indcylmix,bic,out of sample,with noise,3d-low-strong,3,low,strong,2,0,19888.3352456,179.44409525376093
2-Independent Cylindrical Mixture,indcylmix,bic,out of sample,with noise,3d-low-weak,3,low,weak,2,0,20637.5877879,161.59281433232303
2-Independent Cylindrical Mixture,indcylmix,em_iters,training,no noise,2d-high-ind,2,high,ind,2,0,16.91,1.025877303786492
2-Independent Cylindrical Mixture,indcylmix,em_iters,training,no noise,2d-high-strong,2,high,strong,2,0,34.04,3.987151080329631
2-Independent Cylindrical Mixture,indcylmix,em_iters,training,no noise,2d-high-weak,2,high,weak,2,0,29.62,1.9836707123284085
2-Independent Cylindrical Mixture,indcylmix,em_iters,training,no noise,2d-low-ind,2,low,ind,2,0,23.57,2.128474580633754
2-Independent Cylindrical Mixture,indcylmix,em_iters,training,no noise,2d-low-strong,2,low,strong,2,0,6.0,0.0
2-Independent Cylindrical Mixture,indcylmix,em_iters,training,no noise,2d-low-weak,2,low,weak,2,0,17.37,1.4045740574381558
2-Independent Cylindrical Mixture,indcylmix,em_iters,training,no noise,3d-high-ind,3,high,ind,2,0,11.61,0.723278171336114
2-Independent Cylindrical Mixture,indcylmix,em_iters,training,no noise,3d-high-strong,3,high,strong,2,0,13.5,2.3505855707147796
2-Independent Cylindrical Mixture,indcylmix,em_iters,training,no noise,3d-high-weak,3,high,weak,2,0,20.63,1.9830341001667717
2-Independent Cylindrical Mixture,indcylmix,em_iters,training,no noise,3d-low-ind,3,low,ind,2,0,10.73,1.1178532817843136
2-Independent Cylindrical Mixture,indcylmix,em_iters,training,no noise,3d-low-strong,3,low,strong,2,0,6.01,0.09999999999999994
2-Independent Cylindrical Mixture,indcylmix,em_iters,training,no noise,3d-low-weak,3,low,weak,2,0,12.1,1.4106377954311977
2-Independent Cylindrical Mixture,indcylmix,em_iters,training,with noise,2d-high-ind,2,high,ind,2,0,17.46,1.0581096160587324
2-Independent Cylindrical Mixture,indcylmix,em_iters,training,with noise,2d-high-strong,2,high,strong,2,0,34.92,4.29864907132274
2-Independent Cylindrical Mixture,indcylmix,em_iters,training,with noise,2d-high-weak,2,high,weak,2,0,30.75,2.1479377001292104
2-Independent Cylindrical Mixture,indcylmix,em_iters,training,with noise,2d-low-ind,2,low,ind,2,0,23.3,2.13437474581095
2-Independent Cylindrical Mixture,indcylmix,em_iters,training,with noise,2d-low-strong,2,low,strong,2,0,6.0,0.0
2-Independent Cylindrical Mixture,indcylmix,em_iters,training,with noise,2d-low-weak,2,low,weak,2,0,17.44,1.4517144166380478
2-Independent Cylindrical Mixture,indcylmix,em_iters,training,with noise,3d-high-ind,3,high,ind,2,0,11.89,0.7232781713361139
2-Independent Cylindrical Mixture,indcylmix,em_iters,training,with noise,3d-high-strong,3,high,strong,2,0,14.13,2.5332336503514097
2-Independent Cylindrical Mixture,indcylmix,em_iters,training,with noise,3d-high-weak,3,high,weak,2,0,21.25,2.189852630990164
2-Independent Cylindrical Mixture,indcylmix,em_iters,training,with noise,3d-low-ind,3,low,ind,2,0,10.55,1.0087996667707457
2-Independent Cylindrical Mixture,indcylmix,em_iters,training,with noise,3d-low-strong,3,low,strong,2,0,6.01,0.09999999999999991
2-Independent Cylindrical Mixture,indcylmix,em_iters,training,with noise,3d-low-weak,3,low,weak,2,0,12.03,1.3062012158016143
2-Independent Cylindrical Mixture,indcylmix,gmpd,in sample,no noise,2d-high-ind,2,high,ind,2,0,0.0209047,0.00029516458343292333
2-Independent Cylindrical Mixture,indcylmix,gmpd,in sample,no noise,2d-high-strong,2,high,strong,2,0,0.0202608,0.00028648225216945146
2-Independent Cylindrical Mixture,indcylmix,gmpd,in sample,no noise,2d-high-weak,2,high,weak,2,0,0.0201451,0.0002817065419147658
2-Independent Cylindrical Mixture,indcylmix,gmpd,in sample,no noise,2d-low-ind,2,low,ind,2,0,0.0323525,0.0004809762273887685
2-Independent Cylindrical Mixture,indcylmix,gmpd,in sample,no noise,2d-low-strong,2,low,strong,2,0,0.0399545,0.0007106070459384512
2-Independent Cylindrical Mixture,indcylmix,gmpd,in sample,no noise,2d-low-weak,2,low,weak,2,0,0.0329041,0.0004920768089014012
2-Independent Cylindrical Mixture,indcylmix,gmpd,in sample,no noise,3d-high-ind,3,high,ind,2,0,0.0036955,5.686018649354579e-05
2-Independent Cylindrical Mixture,indcylmix,gmpd,in sample,no noise,3d-high-strong,3,high,strong,2,0,0.0036436000000000003,6.867460972005613e-05
2-Independent Cylindrical Mixture,indcylmix,gmpd,in sample,no noise,3d-high-weak,3,high,weak,2,0,0.0035383,5.445886224268435e-05
2-Independent Cylindrical Mixture,indcylmix,gmpd,in sample,no noise,3d-low-ind,3,low,ind,2,0,0.0062356,9.986172257859175e-05
2-Independent Cylindrical Mixture,indcylmix,gmpd,in sample,no noise,3d-low-strong,3,low,strong,2,0,0.007709700000000001,0.00015518939227520493
2-Independent Cylindrical Mixture,indcylmix,gmpd,in sample,no noise,3d-low-weak,3,low,weak,2,0,0.0063615,0.00010620520446072991
2-Independent Cylindrical Mixture,indcylmix,gmpd,in sample,with noise,2d-high-ind,2,high,ind,2,0,0.020203600000000002,0.00028464232384740786
2-Independent Cylindrical Mixture,indcylmix,gmpd,in sample,with noise,2d-high-strong,2,high,strong,2,0,0.0195881,0.0002830344055896302
2-Independent Cylindrical Mixture,indcylmix,gmpd,in sample,with noise,2d-high-weak,2,high,weak,2,0,0.0194825,0.00027745734042835423
2-Independent Cylindrical Mixture,indcylmix,gmpd,in sample,with noise,2d-low-ind,2,low,ind,2,0,0.0313567,0.00046508618729883
2-Independent Cylindrical Mixture,indcylmix,gmpd,in sample,with noise,2d-low-strong,2,low,strong,2,0,0.0383699,0.000704553006802142
2-Independent Cylindrical Mixture,indcylmix,gmpd,in sample,with noise,2d-low-weak,2,low,weak,2,0,0.0318591,0.0004837795119283331
2-Independent Cylindrical Mixture,indcylmix,gmpd,in sample,with noise,3d-high-ind,3,high,ind,2,0,0.0034724,5.477446872624537e-05
2-Independent Cylindrical Mixture,indcylmix,gmpd,in sample,with noise,3d-high-strong,3,high,strong,2,0,0.0034213,6.688834356635322e-05
2-Independent Cylindrical Mixture,indcylmix,gmpd,in sample,with noise,3d-high-weak,3,high,weak,2,0,0.0033287,5.2081036312983916e-05
2-Independent Cylindrical Mixture,indcylmix,gmpd,in sample,with noise,3d-low-ind,3,low,ind,2,0,0.0059136,9.760278187789028e-05
2-Independent Cylindrical Mixture,indcylmix,gmpd,in sample,with noise,3d-low-strong,3,low,strong,2,0,0.0072416,0.00014856022823804972
2-Independent Cylindrical Mixture,indcylmix,gmpd,in sample,with noise,3d-low-weak,3,low,weak,2,0,0.0060268,0.00010287660550191148
2-Independent Cylindrical Mixture,indcylmix,gmpd,out of sample,no noise,2d-high-ind,2,high,ind,2,0,0.0207798,0.0005034486723158237
2-Independent Cylindrical Mixture,indcylmix,gmpd,out of sample,no noise,2d-high-strong,2,high,strong,2,0,0.020245899999999997,0.0004950953280312627
2-Independent Cylindrical Mixture,indcylmix,gmpd,out of sample,no noise,2d-high-weak,2,high,weak,2,0,0.020092500000000003,0.0005427415907625231
2-Independent Cylindrical Mixture,indcylmix,gmpd,out of sample,no noise,2d-low-ind,2,low,ind,2,0,0.032236799999999996,0.0008452563773402385
2-Independent Cylindrical Mixture,indcylmix,gmpd,out of sample,no noise,2d-low-strong,2,low,strong,2,0,0.0400502,0.0011904052276685475
2-Independent Cylindrical Mixture,indcylmix,gmpd,out of sample,no noise,2d-low-weak,2,low,weak,2,0,0.0328022,0.0009377262205177285
2-Independent Cylindrical Mixture,indcylmix,gmpd,out of sample,no noise,3d-high-ind,3,high,ind,2,0,0.0036921,0.0001364062189405475
2-Independent Cylindrical Mixture,indcylmix,gmpd,out of sample,no noise,3d-high-strong,3,high,strong,2,0,0.0036487000000000004,0.00014138317445934657
2-Independent Cylindrical Mixture,indcylmix,gmpd,out of sample,no noise,3d-high-weak,3,high,weak,2,0,0.0035332000000000002,0.00013263361854249766
2-Independent Cylindrical Mixture,indcylmix,gmpd,out of sample,no noise,3d-low-ind,3,low,ind,2,0,0.0062414,0.00024294082082730047
2-Independent Cylindrical Mixture,indcylmix,gmpd,out of sample,no noise,3d-low-strong,3,low,strong,2,0,0.0077396,0.0003542239205059222
2-Independent Cylindrical Mixture,indcylmix,gmpd,out of sample,no noise,3d-low-weak,3,low,weak,2,0,0.0063648,0.0002610564395805333
2-Independent Cylindrical Mixture,indcylmix,gmpd,out of sample,with noise,2d-high-ind,2,high,ind,2,0,0.020074199999999997,0.00047791039268292075
2-Independent Cylindrical Mixture,indcylmix,gmpd,out of sample,with noise,2d-high-strong,2,high,strong,2,0,0.0195811,0.00048147268821289237
2-Independent Cylindrical Mixture,indcylmix,gmpd,out of sample,with noise,2d-high-weak,2,high,weak,2,0,0.019436,0.0005264537352451162
2-Independent Cylindrical Mixture,indcylmix,gmpd,out of sample,with noise,2d-low-ind,2,low,ind,2,0,0.031226599999999997,0.0008215214021201238
2-Independent Cylindrical Mixture,indcylmix,gmpd,out of sample,with noise,2d-low-strong,2,low,strong,2,0,0.0384879,0.0011535682848790483
2-Independent Cylindrical Mixture,indcylmix,gmpd,out of sample,with noise,2d-low-weak,2,low,weak,2,0,0.0317623,0.000899661951103093
2-Independent Cylindrical Mixture,indcylmix,gmpd,out of sample,with noise,3d-high-ind,3,high,ind,2,0,0.0034673,0.0001262501525151594
2-Independent Cylindrical Mixture,indcylmix,gmpd,out of sample,with noise,3d-high-strong,3,high,strong,2,0,0.0034284,0.0001308767636852595
2-Independent Cylindrical Mixture,indcylmix,gmpd,out of sample,with noise,3d-high-weak,3,high,weak,2,0,0.0033221,0.00012184022490146845
2-Independent Cylindrical Mixture,indcylmix,gmpd,out of sample,with noise,3d-low-ind,3,low,ind,2,0,0.0059157,0.00022601177675582118
2-Independent Cylindrical Mixture,indcylmix,gmpd,out of sample,with noise,3d-low-strong,3,low,strong,2,0,0.0072736,0.0003294639662398683
2-Independent Cylindrical Mixture,indcylmix,gmpd,out of sample,with noise,3d-low-weak,3,low,weak,2,0,0.0060296,0.0002444739559779632
2-Independent Cylindrical Mixture,indcylmix,training_time,training,no noise,2d-high-ind,2,high,ind,2,0,288.8653,17.897546045604834
2-Independent Cylindrical Mixture,indcylmix,training_time,training,no noise,2d-high-strong,2,high,strong,2,0,363.6172,21.207468575809298
2-Independent Cylindrical Mixture,indcylmix,training_time,training,no noise,2d-high-weak,2,high,weak,2,0,345.3268,22.131222055199885
2-Independent Cylindrical Mixture,indcylmix,training_time,training,no noise,2d-low-ind,2,low,ind,2,0,327.25759999999997,29.857752563131957
2-Independent Cylindrical Mixture,indcylmix,training_time,training,no noise,2d-low-strong,2,low,strong,2,0,237.80669999999998,11.963467712459915
2-Independent Cylindrical Mixture,indcylmix,training_time,training,no noise,2d-low-weak,2,low,weak,2,0,293.5067,18.413218629917235
2-Independent Cylindrical Mixture,indcylmix,training_time,training,no noise,3d-high-ind,3,high,ind,2,0,289.13849999999996,17.3946003101392
2-Independent Cylindrical Mixture,indcylmix,training_time,training,no noise,3d-high-strong,3,high,strong,2,0,300.17130000000003,17.292444350821622
2-Independent Cylindrical Mixture,indcylmix,training_time,training,no noise,3d-high-weak,3,high,weak,2,0,337.45029999999997,21.91076431433607
2-Independent Cylindrical Mixture,indcylmix,training_time,training,no noise,3d-low-ind,3,low,ind,2,0,289.1286,19.6125461813904
2-Independent Cylindrical Mixture,indcylmix,training_time,training,no noise,3d-low-strong,3,low,strong,2,0,265.7562,29.151412522908874
2-Independent Cylindrical Mixture,indcylmix,training_time,training,no noise,3d-low-weak,3,low,weak,2,0,294.3917,20.606486477796167
2-Independent Cylindrical Mixture,indcylmix,training_time,training,with noise,2d-high-ind,2,high,ind,2,0,288.7992,16.865967806817554
2-Independent Cylindrical Mixture,indcylmix,training_time,training,with noise,2d-high-strong,2,high,strong,2,0,369.81,24.172372116475753
2-Independent Cylindrical Mixture,indcylmix,training_time,training,with noise,2d-high-weak,2,high,weak,2,0,349.01300000000003,20.532783714603994
2-Independent Cylindrical Mixture,indcylmix,training_time,training,with noise,2d-low-ind,2,low,ind,2,0,318.91740000000004,19.878386649775678
2-Independent Cylindrical Mixture,indcylmix,training_time,training,with noise,2d-low-strong,2,low,strong,2,0,239.42,14.703219121173854
2-Independent Cylindrical Mixture,indcylmix,training_time,training,with noise,2d-low-weak,2,low,weak,2,0,294.1286,51.87306445740431
2-Independent Cylindrical Mixture,indcylmix,training_time,training,with noise,3d-high-ind,3,high,ind,2,0,294.2941,24.767049024129545
2-Independent Cylindrical Mixture,indcylmix,training_time,training,with noise,3d-high-strong,3,high,strong,2,0,300.47630000000004,21.714280394256754
2-Independent Cylindrical Mixture,indcylmix,training_time,training,with noise,3d-high-weak,3,high,weak,2,0,341.1943,21.34212892805725
2-Independent Cylindrical Mixture,indcylmix,training_time,training,with noise,3d-low-ind,3,low,ind,2,0,287.7426,37.0727943654185
2-Independent Cylindrical Mixture,indcylmix,training_time,training,with noise,3d-low-strong,3,low,strong,2,0,263.9091,15.339063164932133
2-Independent Cylindrical Mixture,indcylmix,training_time,training,with noise,3d-low-weak,3,low,weak,2,0,289.7427,13.79946996896049
3-Cylindrical Mixture,cylmix,aic,in sample,no noise,2d-high-ind,2,high,ind,3,0,61887.1842465,225.7898045261998
3-Cylindrical Mixture,cylmix,aic,in sample,no noise,2d-high-strong,2,high,strong,3,0,59086.000320499996,330.1968197938232
3-Cylindrical Mixture,cylmix,aic,in sample,no noise,2d-high-weak,2,high,weak,3,0,62330.2859557,224.21125867519083
3-Cylindrical Mixture,cylmix,aic,in sample,no noise,2d-low-ind,2,low,ind,3,0,54945.731329300004,237.87677063326973
3-Cylindrical Mixture,cylmix,aic,in sample,no noise,2d-low-strong,2,low,strong,3,0,47103.5505957,258.7440049211669
3-Cylindrical Mixture,cylmix,aic,in sample,no noise,2d-low-weak,2,low,weak,3,0,54426.7200244,235.36437953116692
3-Cylindrical Mixture,cylmix,aic,in sample,no noise,3d-high-ind,3,high,ind,3,0,89549.7063397,244.08146434696508
3-Cylindrical Mixture,cylmix,aic,in sample,no noise,3d-high-strong,3,high,strong,3,0,82092.9703525,787.3818851315292
3-Cylindrical Mixture,cylmix,aic,in sample,no noise,3d-high-weak,3,high,weak,3,0,89613.6254342,242.15647238013992
3-Cylindrical Mixture,cylmix,aic,in sample,no noise,3d-low-ind,3,low,ind,3,0,81279.3880647,255.3753127464853
3-Cylindrical Mixture,cylmix,aic,in sample,no noise,3d-low-strong,3,low,strong,3,0,69169.9997109,288.21434051734605
3-Cylindrical Mixture,cylmix,aic,in sample,no noise,3d-low-weak,3,low,weak,3,0,80436.6197395,252.1927192073004
3-Cylindrical Mixture,cylmix,aic,in sample,with noise,2d-high-ind,2,high,ind,3,0,62441.536011699995,225.83557315320553
3-Cylindrical Mixture,cylmix,aic,in sample,with noise,2d-high-strong,2,high,strong,3,0,60290.797479400004,294.29155852425174
3-Cylindrical Mixture,cylmix,aic,in sample,with noise,2d-high-weak,2,high,weak,3,0,62878.9806121,224.93128108195248
3-Cylindrical Mixture,cylmix,aic,in sample,with noise,2d-low-ind,2,low,ind,3,0,55448.8220632,237.19108331365126
3-Cylindrical Mixture,cylmix,aic,in sample,with noise,2d-low-strong,2,low,strong,3,0,48161.335270999996,263.3236799995809
3-Cylindrical Mixture,cylmix,aic,in sample,with noise,2d-low-weak,2,low,weak,3,0,54961.0187229,237.94324161724182
3-Cylindrical Mixture,cylmix,aic,in sample,with noise,3d-high-ind,3,high,ind,3,0,90558.8202912,247.7359152161155
3-Cylindrical Mixture,cylmix,aic,in sample,with noise,3d-high-strong,3,high,strong,3,0,84057.1091821,661.8023657239487
3-Cylindrical Mixture,cylmix,aic,in sample,with noise,3d-high-weak,3,high,weak,3,0,90644.88140520001,250.38515064907583
3-Cylindrical Mixture,cylmix,aic,in sample,with noise,3d-low-ind,3,low,ind,3,0,82138.8542495,264.60388274101007
3-Cylindrical Mixture,cylmix,aic,in sample,with noise,3d-low-strong,3,low,strong,3,0,70954.8669972,303.36842372284457
3-Cylindrical Mixture,cylmix,aic,in sample,with noise,3d-low-weak,3,low,weak,3,0,81345.01455369999,257.07205820002724
3-Cylindrical Mixture,cylmix,aic,out of sample,no noise,2d-high-ind,2,high,ind,3,0,15556.8503024,96.79265494009543
3-Cylindrical Mixture,cylmix,aic,out of sample,no noise,2d-high-strong,2,high,strong,3,0,14841.679268799999,113.9219904685046
3-Cylindrical Mixture,cylmix,aic,out of sample,no noise,2d-high-weak,2,high,weak,3,0,15654.855311700001,105.2551413128659
3-Cylindrical Mixture,cylmix,aic,out of sample,no noise,2d-low-ind,2,low,ind,3,0,13812.7709809,104.18458777245647
3-Cylindrical Mixture,cylmix,aic,out of sample,no noise,2d-low-strong,2,low,strong,3,0,11839.726564199998,98.36226640536508
3-Cylindrical Mixture,cylmix,aic,out of sample,no noise,2d-low-weak,2,low,weak,3,0,13678.9867569,110.33940833229464
3-Cylindrical Mixture,cylmix,aic,out of sample,no noise,3d-high-ind,3,high,ind,3,0,22511.6547082,147.10733165716073
3-Cylindrical Mixture,cylmix,aic,out of sample,no noise,3d-high-strong,3,high,strong,3,0,20632.6881255,253.6930111966314
3-Cylindrical Mixture,cylmix,aic,out of sample,no noise,3d-high-weak,3,high,weak,3,0,22528.4607713,149.1222230972937
3-Cylindrical Mixture,cylmix,aic,out of sample,no noise,3d-low-ind,3,low,ind,3,0,20436.317952,153.62962464034868
3-Cylindrical Mixture,cylmix,aic,out of sample,no noise,3d-low-strong,3,low,strong,3,0,17406.6339214,154.76971685741614
3-Cylindrical Mixture,cylmix,aic,out of sample,no noise,3d-low-weak,3,low,weak,3,0,20228.5263046,163.0088944363112
3-Cylindrical Mixture,cylmix,aic,out of sample,with noise,2d-high-ind,2,high,ind,3,0,15697.3178315,94.95854202562612
3-Cylindrical Mixture,cylmix,aic,out of sample,with noise,2d-high-strong,2,high,strong,3,0,15138.5740283,104.1450304254362
3-Cylindrical Mixture,cylmix,aic,out of sample,with noise,2d-high-weak,2,high,weak,3,0,15791.389282299999,106.01272488038217
3-Cylindrical Mixture,cylmix,aic,out of sample,with noise,2d-low-ind,2,low,ind,3,0,13940.966578599999,104.85905260388306
3-Cylindrical Mixture,cylmix,aic,out of sample,with noise,2d-low-strong,2,low,strong,3,0,12103.393398100001,103.01646827374383
3-Cylindrical Mixture,cylmix,aic,out of sample,with noise,2d-low-weak,2,low,weak,3,0,13811.847885199999,110.74153103706018
3-Cylindrical Mixture,cylmix,aic,out of sample,with noise,3d-high-ind,3,high,ind,3,0,22766.099482999998,144.32261979321433
3-Cylindrical Mixture,cylmix,aic,out of sample,with noise,3d-high-strong,3,high,strong,3,0,21121.4032105,201.89793025697355
3-Cylindrical Mixture,cylmix,aic,out of sample,with noise,3d-high-weak,3,high,weak,3,0,22788.328578499997,147.4949695022698
3-Cylindrical Mixture,cylmix,aic,out of sample,with noise,3d-low-ind,3,low,ind,3,0,20653.019072799998,150.95800036735102
3-Cylindrical Mixture,cylmix,aic,out of sample,with noise,3d-low-strong,3,low,strong,3,0,17847.556540999998,162.28425503543826
3-Cylindrical Mixture,cylmix,aic,out of sample,with noise,3d-low-weak,3,low,weak,3,0,20455.8986696,162.6423463271225
3-Cylindrical Mixture,cylmix,ari,in sample,no noise,2d-high-ind,2,high,ind,3,0,0.27114740000000004,0.019383357363126415
3-Cylindrical Mixture,cylmix,ari,in sample,no noise,2d-high-strong,2,high,strong,3,0,0.7971934,0.12235769695644347
3-Cylindrical Mixture,cylmix,ari,in sample,no noise,2d-high-weak,2,high,weak,3,0,0.3078049,0.020605294626783805
3-Cylindrical Mixture,cylmix,ari,in sample,no noise,2d-low-ind,2,low,ind,3,0,0.0193062,0.005887519890806864
3-Cylindrical Mixture,cylmix,ari,in sample,no noise,2d-low-strong,2,low,strong,3,0,0.0182142,0.012998768487122853
3-Cylindrical Mixture,cylmix,ari,in sample,no noise,2d-low-weak,2,low,weak,3,0,0.0028097,0.004181526340387387
3-Cylindrical Mixture,cylmix,ari,in sample,no noise,3d-high-ind,3,high,ind,3,0,0.3129842,0.03428608037432018
3-Cylindrical Mixture,cylmix,ari,in sample,no noise,3d-high-strong,3,high,strong,3,0,0.6282694,0.2395056504924637
3-Cylindrical Mixture,cylmix,ari,in sample,no noise,3d-high-weak,3,high,weak,3,0,0.33711599999999997,0.043006968098791926
3-Cylindrical Mixture,cylmix,ari,in sample,no noise,3d-low-ind,3,low,ind,3,0,0.029634900000000002,0.005168147489647281
3-Cylindrical Mixture,cylmix,ari,in sample,no noise,3d-low-strong,3,low,strong,3,0,0.0324654,0.029682797399412094
3-Cylindrical Mixture,cylmix,ari,in sample,no noise,3d-low-weak,3,low,weak,3,0,0.0042419,0.0028643633082442877
3-Cylindrical Mixture,cylmix,ari,in sample,with noise,2d-high-ind,2,high,ind,3,0,0.2636668,0.020385728117207073
3-Cylindrical Mixture,cylmix,ari,in sample,with noise,2d-high-strong,2,high,strong,3,0,0.7151327999999999,0.13011024537551516
3-Cylindrical Mixture,cylmix,ari,in sample,with noise,2d-high-weak,2,high,weak,3,0,0.299315,0.019797019237932534
3-Cylindrical Mixture,cylmix,ari,in sample,with noise,2d-low-ind,2,low,ind,3,0,0.0195688,0.005851711012838705
3-Cylindrical Mixture,cylmix,ari,in sample,with noise,2d-low-strong,2,low,strong,3,0,0.0124869,0.009543234918892635
3-Cylindrical Mixture,cylmix,ari,in sample,with noise,2d-low-weak,2,low,weak,3,0,0.0032168,0.0038366920410924077
3-Cylindrical Mixture,cylmix,ari,in sample,with noise,3d-high-ind,3,high,ind,3,0,0.30800910000000004,0.03238611125485926
3-Cylindrical Mixture,cylmix,ari,in sample,with noise,3d-high-strong,3,high,strong,3,0,0.6357699,0.2245563608247573
3-Cylindrical Mixture,cylmix,ari,in sample,with noise,3d-high-weak,3,high,weak,3,0,0.3266844,0.038710993357276034
3-Cylindrical Mixture,cylmix,ari,in sample,with noise,3d-low-ind,3,low,ind,3,0,0.0293921,0.00505874086921026
3-Cylindrical Mixture,cylmix,ari,in sample,with noise,3d-low-strong,3,low,strong,3,0,0.0216609,0.024334717399201282
3-Cylindrical Mixture,cylmix,ari,in sample,with noise,3d-low-weak,3,low,weak,3,0,0.0041972,0.0026507353963408234
3-Cylindrical Mixture,cylmix,ari,out of sample,no noise,2d-high-ind,2,high,ind,3,0,0.27075869999999996,0.023667638548333154
3-Cylindrical Mixture,cylmix,ari,out of sample,no noise,2d-high-strong,2,high,strong,3,0,0.7991826000000001,0.12028957395074823
3-Cylindrical Mixture,cylmix,ari,out of sample,no noise,2d-high-weak,2,high,weak,3,0,0.3077644,0.023609144749396994
3-Cylindrical Mixture,cylmix,ari,out of sample,no noise,2d-low-ind,2,low,ind,3,0,0.0189112,0.007543874802136036
3-Cylindrical Mixture,cylmix,ari,out of sample,no noise,2d-low-strong,2,low,strong,3,0,0.017587,0.012757515550854838
3-Cylindrical Mixture,cylmix,ari,out of sample,no noise,2d-low-weak,2,low,weak,3,0,0.0025269999999999997,0.003758583576967592
3-Cylindrical Mixture,cylmix,ari,out of sample,no noise,3d-high-ind,3,high,ind,3,0,0.3144008,0.035337401900690284
3-Cylindrical Mixture,cylmix,ari,out of sample,no noise,3d-high-strong,3,high,strong,3,0,0.6317277,0.2397132252069147
3-Cylindrical Mixture,cylmix,ari,out of sample,no noise,3d-high-weak,3,high,weak,3,0,0.341206,0.04728565251038981
3-Cylindrical Mixture,cylmix,ari,out of sample,no noise,3d-low-ind,3,low,ind,3,0,0.029969700000000002,0.006698980693608047
3-Cylindrical Mixture,cylmix,ari,out of sample,no noise,3d-low-strong,3,low,strong,3,0,0.0320461,0.030554761631761043
3-Cylindrical Mixture,cylmix,ari,out of sample,no noise,3d-low-weak,3,low,weak,3,0,0.0038256,0.0033769642454653734
3-Cylindrical Mixture,cylmix,ari,out of sample,with noise,2d-high-ind,2,high,ind,3,0,0.2641325,0.022164447616200886
3-Cylindrical Mixture,cylmix,ari,out of sample,with noise,2d-high-strong,2,high,strong,3,0,0.7177212000000001,0.12923845856509908
3-Cylindrical Mixture,cylmix,ari,out of sample,with noise,2d-high-weak,2,high,weak,3,0,0.3000425,0.02323587592604386
3-Cylindrical Mixture,cylmix,ari,out of sample,with noise,2d-low-ind,2,low,ind,3,0,0.019076899999999997,0.007074367115926984
3-Cylindrical Mixture,cylmix,ari,out of sample,with noise,2d-low-strong,2,low,strong,3,0,0.012335100000000002,0.009600556433263793
3-Cylindrical Mixture,cylmix,ari,out of sample,with noise,2d-low-weak,2,low,weak,3,0,0.0030206,0.0034666637004649313
3-Cylindrical Mixture,cylmix,ari,out of sample,with noise,3d-high-ind,3,high,ind,3,0,0.3095268,0.03476307459522433
3-Cylindrical Mixture,cylmix,ari,out of sample,with noise,3d-high-strong,3,high,strong,3,0,0.6390263,0.22348788409369474
3-Cylindrical Mixture,cylmix,ari,out of sample,with noise,3d-high-weak,3,high,weak,3,0,0.3304612,0.044349191451297516
3-Cylindrical Mixture,cylmix,ari,out of sample,with noise,3d-low-ind,3,low,ind,3,0,0.029037700000000003,0.0062558019704054965
3-Cylindrical Mixture,cylmix,ari,out of sample,with noise,3d-low-strong,3,low,strong,3,0,0.021289600000000002,0.025145731606382064
3-Cylindrical Mixture,cylmix,ari,out of sample,with noise,3d-low-weak,3,low,weak,3,0,0.0038423000000000003,0.0031073893212694467
3-Cylindrical Mixture,cylmix,avg_ll,in sample,no noise,2d-high-ind,2,high,ind,3,0,-3.8635742,0.014112429307872482
3-Cylindrical Mixture,cylmix,avg_ll,in sample,no noise,2d-high-strong,2,high,strong,3,0,-3.6884999,0.02063734305264907
3-Cylindrical Mixture,cylmix,avg_ll,in sample,no noise,2d-high-weak,2,high,weak,3,0,-3.8912676,0.01401283532258113
3-Cylindrical Mixture,cylmix,avg_ll,in sample,no noise,2d-low-ind,2,low,ind,3,0,-3.4297332,0.014867317683802653
3-Cylindrical Mixture,cylmix,avg_ll,in sample,no noise,2d-low-strong,2,low,strong,3,0,-2.9395976000000004,0.01617125159102417
3-Cylindrical Mixture,cylmix,avg_ll,in sample,no noise,2d-low-weak,2,low,weak,3,0,-3.397295,0.014710443036952828
3-Cylindrical Mixture,cylmix,avg_ll,in sample,no noise,3d-high-ind,3,high,ind,3,0,-5.5887316,0.01525465067155289
3-Cylindrical Mixture,cylmix,avg_ll,in sample,no noise,3d-high-strong,3,high,strong,3,0,-5.1226857,0.049211192355402326
3-Cylindrical Mixture,cylmix,avg_ll,in sample,no noise,3d-high-weak,3,high,weak,3,0,-5.592726,0.01513501325611007
3-Cylindrical Mixture,cylmix,avg_ll,in sample,no noise,3d-low-ind,3,low,ind,3,0,-5.0718365,0.015961152547875904
3-Cylindrical Mixture,cylmix,avg_ll,in sample,no noise,3d-low-strong,3,low,strong,3,0,-4.3149998,0.01801313527356745
3-Cylindrical Mixture,cylmix,avg_ll,in sample,no noise,3d-low-weak,3,low,weak,3,0,-5.0191647999999995,0.01576224567910579
3-Cylindrical Mixture,cylmix,avg_ll,in sample,with noise,2d-high-ind,2,high,ind,3,0,-3.898221,0.014115046953696227
3-Cylindrical Mixture,cylmix,avg_ll,in sample,with noise,2d-high-strong,2,high,strong,3,0,-3.7638,0.01839324002963803
3-Cylindrical Mixture,cylmix,avg_ll,in sample,with noise,2d-high-weak,2,high,weak,3,0,-3.9255611,0.01405828106329305
3-Cylindrical Mixture,cylmix,avg_ll,in sample,with noise,2d-low-ind,2,low,ind,3,0,-3.4611766,0.01482468881374053
3-Cylindrical Mixture,cylmix,avg_ll,in sample,with noise,2d-low-strong,2,low,strong,3,0,-3.0057083999999996,0.01645767136957983
3-Cylindrical Mixture,cylmix,avg_ll,in sample,with noise,2d-low-weak,2,low,weak,3,0,-3.4306883,0.014871699247058114
3-Cylindrical Mixture,cylmix,avg_ll,in sample,with noise,3d-high-ind,3,high,ind,3,0,-5.6518014,0.015483119711479249
3-Cylindrical Mixture,cylmix,avg_ll,in sample,with noise,3d-high-strong,3,high,strong,3,0,-5.2454438,0.04136281926727639
3-Cylindrical Mixture,cylmix,avg_ll,in sample,with noise,3d-high-weak,3,high,weak,3,0,-5.6571798,0.015649246083754273
3-Cylindrical Mixture,cylmix,avg_ll,in sample,with noise,3d-low-ind,3,low,ind,3,0,-5.1255534,0.016537292611219348
3-Cylindrical Mixture,cylmix,avg_ll,in sample,with noise,3d-low-strong,3,low,strong,3,0,-4.426553999999999,0.018960523156912996
3-Cylindrical Mixture,cylmix,avg_ll,in sample,with noise,3d-low-weak,3,low,weak,3,0,-5.0759381,0.01606615959812194
3-Cylindrical Mixture,cylmix,avg_ll,out of sample,no noise,2d-high-ind,2,high,ind,3,0,-3.8717127,0.024198578715046243
3-Cylindrical Mixture,cylmix,avg_ll,out of sample,no noise,2d-high-strong,2,high,strong,3,0,-3.6929201999999997,0.028480407831746823
3-Cylindrical Mixture,cylmix,avg_ll,out of sample,no noise,2d-high-weak,2,high,weak,3,0,-3.8962142,0.026313752220449124
3-Cylindrical Mixture,cylmix,avg_ll,out of sample,no noise,2d-low-ind,2,low,ind,3,0,-3.4356928,0.026045862002136582
3-Cylindrical Mixture,cylmix,avg_ll,out of sample,no noise,2d-low-strong,2,low,strong,3,0,-2.9424319000000003,0.024590778007623215
3-Cylindrical Mixture,cylmix,avg_ll,out of sample,no noise,2d-low-weak,2,low,weak,3,0,-3.4022463,0.02758488026990604
3-Cylindrical Mixture,cylmix,avg_ll,out of sample,no noise,3d-high-ind,3,high,ind,3,0,-5.5954141,0.036776364475438555
3-Cylindrical Mixture,cylmix,avg_ll,out of sample,no noise,3d-high-strong,3,high,strong,3,0,-5.1256728,0.06342282831659886
3-Cylindrical Mixture,cylmix,avg_ll,out of sample,no noise,3d-high-weak,3,high,weak,3,0,-5.5996148,0.03728093437182557
3-Cylindrical Mixture,cylmix,avg_ll,out of sample,no noise,3d-low-ind,3,low,ind,3,0,-5.0765797,0.03840745012574535
3-Cylindrical Mixture,cylmix,avg_ll,out of sample,no noise,3d-low-strong,3,low,strong,3,0,-4.3191584999999995,0.0386921610408374
3-Cylindrical Mixture,cylmix,avg_ll,out of sample,no noise,3d-low-weak,3,low,weak,3,0,-5.0246312,0.04075236465296297
3-Cylindrical Mixture,cylmix,avg_ll,out of sample,with noise,2d-high-ind,2,high,ind,3,0,-3.9068295,0.023739307529279295
3-Cylindrical Mixture,cylmix,avg_ll,out of sample,with noise,2d-high-strong,2,high,strong,3,0,-3.7671425,0.026036637681691382
3-Cylindrical Mixture,cylmix,avg_ll,out of sample,with noise,2d-high-weak,2,high,weak,3,0,-3.9303472,0.026503359729085234
3-Cylindrical Mixture,cylmix,avg_ll,out of sample,with noise,2d-low-ind,2,low,ind,3,0,-3.4677416,0.026214805313337034
3-Cylindrical Mixture,cylmix,avg_ll,out of sample,with noise,2d-low-strong,2,low,strong,3,0,-3.0083482,0.02575390661274874
3-Cylindrical Mixture,cylmix,avg_ll,out of sample,with noise,2d-low-weak,2,low,weak,3,0,-3.4354618,0.027685235148217874
3-Cylindrical Mixture,cylmix,avg_ll,out of sample,with noise,3d-high-ind,3,high,ind,3,0,-5.659025000000001,0.03608050514495533
3-Cylindrical Mixture,cylmix,avg_ll,out of sample,with noise,3d-high-strong,3,high,strong,3,0,-5.2478511,0.05047399037958479
3-Cylindrical Mixture,cylmix,avg_ll,out of sample,with noise,3d-high-weak,3,high,weak,3,0,-5.664582,0.036874092846228945
3-Cylindrical Mixture,cylmix,avg_ll,out of sample,with noise,3d-low-ind,3,low,ind,3,0,-5.1307548999999995,0.03773954305620195
3-Cylindrical Mixture,cylmix,avg_ll,out of sample,with noise,3d-low-strong,3,low,strong,3,0,-4.4293885,0.04057065447830456
3-Cylindrical Mixture,cylmix,avg_ll,out of sample,with noise,3d-low-weak,3,low,weak,3,0,-5.0814748,0.04066098028997111
3-Cylindrical Mixture,cylmix,bic,in sample,no noise,2d-high-ind,2,high,ind,3,0,62131.736134399995,225.7898049998446
3-Cylindrical Mixture,cylmix,bic,in sample,no noise,2d-high-strong,2,high,strong,3,0,59330.552209299996,330.1968202748182
3-Cylindrical Mixture,cylmix,bic,in sample,no noise,2d-high-weak,2,high,weak,3,0,62574.8378447,224.2112587151789
3-Cylindrical Mixture,cylmix,bic,in sample,no noise,2d-low-ind,2,low,ind,3,0,55190.28321739999,237.8767706100733
3-Cylindrical Mixture,cylmix,bic,in sample,no noise,2d-low-strong,2,low,strong,3,0,47348.10248460001,258.74400486826175
3-Cylindrical Mixture,cylmix,bic,in sample,no noise,2d-low-weak,2,low,weak,3,0,54671.271913000004,235.36437997955224
3-Cylindrical Mixture,cylmix,bic,in sample,no noise,3d-high-ind,3,high,ind,3,0,90003.87413289999,244.08146394171462
3-Cylindrical Mixture,cylmix,bic,in sample,no noise,3d-high-strong,3,high,strong,3,0,82547.138146,787.3818853294641
3-Cylindrical Mixture,cylmix,bic,in sample,no noise,3d-high-weak,3,high,weak,3,0,90067.79322830001,242.15647229786813
3-Cylindrical Mixture,cylmix,bic,in sample,no noise,3d-low-ind,3,low,ind,3,0,81733.5558582,255.3753121735481
3-Cylindrical Mixture,cylmix,bic,in sample,no noise,3d-low-strong,3,low,strong,3,0,69624.1675046,288.2143408889754
3-Cylindrical Mixture,cylmix,bic,in sample,no noise,3d-low-weak,3,low,weak,3,0,80890.7875336,252.19271939474456
3-Cylindrical Mixture,cylmix,bic,in sample,with noise,2d-high-ind,2,high,ind,3,0,62686.0879001,225.8355731758711
3-Cylindrical Mixture,cylmix,bic,in sample,with noise,2d-high-strong,2,high,strong,3,0,60535.3493683,294.2915583482566
3-Cylindrical Mixture,cylmix,bic,in sample,with noise,2d-high-weak,2,high,weak,3,0,63123.532500600006,224.9312809568838
3-Cylindrical Mixture,cylmix,bic,in sample,with noise,2d-low-ind,2,low,ind,3,0,55693.3739516,237.19108331335053
3-Cylindrical Mixture,cylmix,bic,in sample,with noise,2d-low-strong,2,low,strong,3,0,48405.887159399994,263.323679685661
3-Cylindrical Mixture,cylmix,bic,in sample,with noise,2d-low-weak,2,low,weak,3,0,55205.57061169999,237.94324216640914
3-Cylindrical Mixture,cylmix,bic,in sample,with noise,3d-high-ind,3,high,ind,3,0,91012.9880843,247.73591520899538
3-Cylindrical Mixture,cylmix,bic,in sample,with noise,3d-high-strong,3,high,strong,3,0,84511.27697529999,661.8023662444818
3-Cylindrical Mixture,cylmix,bic,in sample,with noise,3d-high-weak,3,high,weak,3,0,91099.04919880001,250.38515015122266
3-Cylindrical Mixture,cylmix,bic,in sample,with noise,3d-low-ind,3,low,ind,3,0,82593.0220427,264.6038822184259
3-Cylindrical Mixture,cylmix,bic,in sample,with noise,3d-low-strong,3,low,strong,3,0,71409.03479,303.36842400535977
3-Cylindrical Mixture,cylmix,bic,in sample,with noise,3d-low-weak,3,low,weak,3,0,81799.1823473,257.0720581083259
3-Cylindrical Mixture,cylmix,bic,out of sample,no noise,2d-high-ind,2,high,ind,3,0,15752.881888099999,96.7926548769026
3-Cylindrical Mixture,cylmix,bic,out of sample,no noise,2d-high-strong,2,high,strong,3,0,15037.710853800001,113.92199076370224
3-Cylindrical Mixture,cylmix,bic,out of sample,no noise,2d-high-weak,2,high,weak,3,0,15850.886898300001,105.25514105601705
3-Cylindrical Mixture,cylmix,bic,out of sample,no noise,2d-low-ind,2,low,ind,3,0,14008.8025677,104.1845878943813
3-Cylindrical Mixture,cylmix,bic,out of sample,no noise,2d-low-strong,2,low,strong,3,0,12035.7581503,98.36226594433018
3-Cylindrical Mixture,cylmix,bic,out of sample,no noise,2d-low-weak,2,low,weak,3,0,13875.018343,110.3394088296905
3-Cylindrical Mixture,cylmix,bic,out of sample,no noise,3d-high-ind,3,high,ind,3,0,22875.713368099998,147.1073317546224
3-Cylindrical Mixture,cylmix,bic,out of sample,no noise,3d-high-strong,3,high,strong,3,0,20996.7467854,253.69301129659382
3-Cylindrical Mixture,cylmix,bic,out of sample,no noise,3d-high-weak,3,high,weak,3,0,22892.5194313,149.1222230972935
3-Cylindrical Mixture,cylmix,bic,out of sample,no noise,3d-low-ind,3,low,ind,3,0,20800.3766119,153.62962474685403
3-Cylindrical Mixture,cylmix,bic,out of sample,no noise,3d-low-strong,3,low,strong,3,0,17770.692581299998,154.76971695128464
3-Cylindrical Mixture,cylmix,bic,out of sample,no noise,3d-low-weak,3,low,weak,3,0,20592.584964499998,163.0088944007885
3-Cylindrical Mixture,cylmix,bic,out of sample,with noise,2d-high-ind,2,high,ind,3,0,15893.349417099998,94.95854244826958
3-Cylindrical Mixture,cylmix,bic,out of sample,with noise,2d-high-strong,2,high,strong,3,0,15334.605614799999,104.1450305450223
3-Cylindrical Mixture,cylmix,bic,out of sample,with noise,2d-high-weak,2,high,weak,3,0,15987.4208684,106.01272471671412
3-Cylindrical Mixture,cylmix,bic,out of sample,with noise,2d-low-ind,2,low,ind,3,0,14136.9981647,104.85905305550695
3-Cylindrical Mixture,cylmix,bic,out of sample,with noise,2d-low-strong,2,low,strong,3,0,12299.4249842,103.01646901913828
3-Cylindrical Mixture,cylmix,bic,out of sample,with noise,2d-low-weak,2,low,weak,3,0,14007.879471,110.74153156919893
3-Cylindrical Mixture,cylmix,bic,out of sample,with noise,3d-high-ind,3,high,ind,3,0,23130.158143,144.32261979321444
3-Cylindrical Mixture,cylmix,bic,out of sample,with noise,3d-high-strong,3,high,strong,3,0,21485.4618702,201.89793029600636
3-Cylindrical Mixture,cylmix,bic,out of sample,with noise,3d-high-weak,3,high,weak,3,0,23152.387238500003,147.4949695022698
3-Cylindrical Mixture,cylmix,bic,out of sample,with noise,3d-low-ind,3,low,ind,3,0,21017.077732700003,150.9580004728168
3-Cylindrical Mixture,cylmix,bic,out of sample,with noise,3d-low-strong,3,low,strong,3,0,18211.6152009,162.284255078831
3-Cylindrical Mixture,cylmix,bic,out of sample,with noise,3d-low-weak,3,low,weak,3,0,20819.9573294,162.64234632204037
3-Cylindrical Mixture,cylmix,em_iters,training,no noise,2d-high-ind,2,high,ind,3,0,30.78,3.500591580596258
3-Cylindrical Mixture,cylmix,em_iters,training,no noise,2d-high-strong,2,high,strong,3,0,121.55,30.085526235864457
3-Cylindrical Mixture,cylmix,em_iters,training,no noise,2d-high-weak,2,high,weak,3,0,32.2,3.501803287254478
3-Cylindrical Mixture,cylmix,em_iters,training,no noise,2d-low-ind,2,low,ind,3,0,28.45,3.5115250363350787
3-Cylindrical Mixture,cylmix,em_iters,training,no noise,2d-low-strong,2,low,strong,3,0,41.0,12.585866692605657
3-Cylindrical Mixture,cylmix,em_iters,training,no noise,2d-low-weak,2,low,weak,3,0,29.77,2.8774813622157467
3-Cylindrical Mixture,cylmix,em_iters,training,no noise,3d-high-ind,3,high,ind,3,0,23.76,6.018691424607716
3-Cylindrical Mixture,cylmix,em_iters,training,no noise,3d-high-strong,3,high,strong,3,0,52.7,17.291616465790582
3-Cylindrical Mixture,cylmix,em_iters,training,no noise,3d-high-weak,3,high,weak,3,0,28.94,11.46079835743998
3-Cylindrical Mixture,cylmix,em_iters,training,no noise,3d-low-ind,3,low,ind,3,0,30.82,5.919288791567767
3-Cylindrical Mixture,cylmix,em_iters,training,no noise,3d-low-strong,3,low,strong,3,0,62.42,21.5637087569262
3-Cylindrical Mixture,cylmix,em_iters,training,no noise,3d-low-weak,3,low,weak,3,0,34.94,6.73273324658693
3-Cylindrical Mixture,cylmix,em_iters,training,with noise,2d-high-ind,2,high,ind,3,0,31.12,3.798670687214014
3-Cylindrical Mixture,cylmix,em_iters,training,with noise,2d-high-strong,2,high,strong,3,0,120.71,28.10165349748889
3-Cylindrical Mixture,cylmix,em_iters,training,with noise,2d-high-weak,2,high,weak,3,0,33.18,3.5487371491187334
3-Cylindrical Mixture,cylmix,em_iters,training,with noise,2d-low-ind,2,low,ind,3,0,27.6,2.494438257849294
3-Cylindrical Mixture,cylmix,em_iters,training,with noise,2d-low-strong,2,low,strong,3,0,40.07,12.389515769799116
3-Cylindrical Mixture,cylmix,em_iters,training,with noise,2d-low-weak,2,low,weak,3,0,29.59,2.7783251985847355
3-Cylindrical Mixture,cylmix,em_iters,training,with noise,3d-high-ind,3,high,ind,3,0,24.53,8.010668391639243
3-Cylindrical Mixture,cylmix,em_iters,training,with noise,3d-high-strong,3,high,strong,3,0,57.46,22.437081500556754
3-Cylindrical Mixture,cylmix,em_iters,training,with noise,3d-high-weak,3,high,weak,3,0,28.18,10.49904276540957
3-Cylindrical Mixture,cylmix,em_iters,training,with noise,3d-low-ind,3,low,ind,3,0,30.14,5.6336291835528005
3-Cylindrical Mixture,cylmix,em_iters,training,with noise,3d-low-strong,3,low,strong,3,0,60.56,19.071539957843893
3-Cylindrical Mixture,cylmix,em_iters,training,with noise,3d-low-weak,3,low,weak,3,0,34.57,6.589331751345727
3-Cylindrical Mixture,cylmix,gmpd,in sample,no noise,2d-high-ind,2,high,ind,3,0,0.020995200000000002,0.0002964452016406365
3-Cylindrical Mixture,cylmix,gmpd,in sample,no noise,2d-high-strong,2,high,strong,3,0,0.025015299999999997,0.0005091396089621604
3-Cylindrical Mixture,cylmix,gmpd,in sample,no noise,2d-high-weak,2,high,weak,3,0,0.020421,0.0002857543622686373
3-Cylindrical Mixture,cylmix,gmpd,in sample,no noise,2d-low-ind,2,low,ind,3,0,0.0323995,0.00048046773296886734
3-Cylindrical Mixture,cylmix,gmpd,in sample,no noise,2d-low-strong,2,low,strong,3,0,0.052893800000000005,0.0008553843486049898
3-Cylindrical Mixture,cylmix,gmpd,in sample,no noise,2d-low-weak,2,low,weak,3,0,0.0334669,0.0004911986884297944
3-Cylindrical Mixture,cylmix,gmpd,in sample,no noise,3d-high-ind,3,high,ind,3,0,0.0037402000000000004,5.7225056318950624e-05
3-Cylindrical Mixture,cylmix,gmpd,in sample,no noise,3d-high-strong,3,high,strong,3,0,0.0059670999999999995,0.0002949346614853102
3-Cylindrical Mixture,cylmix,gmpd,in sample,no noise,3d-high-weak,3,high,weak,3,0,0.0037252,5.593069304275091e-05
3-Cylindrical Mixture,cylmix,gmpd,in sample,no noise,3d-low-ind,3,low,ind,3,0,0.0062719,9.96731527229743e-05
3-Cylindrical Mixture,cylmix,gmpd,in sample,no noise,3d-low-strong,3,low,strong,3,0,0.0133684,0.00024135861243796493
3-Cylindrical Mixture,cylmix,gmpd,in sample,no noise,3d-low-weak,3,low,weak,3,0,0.006610700000000001,0.00010408092228568305
3-Cylindrical Mixture,cylmix,gmpd,in sample,with noise,2d-high-ind,2,high,ind,3,0,0.0202799,0.00028554217435141407
3-Cylindrical Mixture,cylmix,gmpd,in sample,with noise,2d-high-strong,2,high,strong,3,0,0.0231991,0.00042491138707816107
3-Cylindrical Mixture,cylmix,gmpd,in sample,with noise,2d-high-weak,2,high,weak,3,0,0.0197331,0.00027678783400016886
3-Cylindrical Mixture,cylmix,gmpd,in sample,with noise,2d-low-ind,2,low,ind,3,0,0.0313965,0.0004634834616163982
3-Cylindrical Mixture,cylmix,gmpd,in sample,with noise,2d-low-strong,2,low,strong,3,0,0.0495108,0.0008143531609240985
3-Cylindrical Mixture,cylmix,gmpd,in sample,with noise,2d-low-weak,2,low,weak,3,0,0.0323677,0.00048081970202830225
3-Cylindrical Mixture,cylmix,gmpd,in sample,with noise,3d-high-ind,3,high,ind,3,0,0.0035113,5.437718995938267e-05
3-Cylindrical Mixture,cylmix,gmpd,in sample,with noise,3d-high-strong,3,high,strong,3,0,0.0052756,0.00021789776121712296
3-Cylindrical Mixture,cylmix,gmpd,in sample,with noise,3d-high-weak,3,high,weak,3,0,0.0034927,5.4250727314400266e-05
3-Cylindrical Mixture,cylmix,gmpd,in sample,with noise,3d-low-ind,3,low,ind,3,0,0.005943500000000001,9.830251186202635e-05
3-Cylindrical Mixture,cylmix,gmpd,in sample,with noise,3d-low-strong,3,low,strong,3,0,0.011958,0.00022662655616585616
3-Cylindrical Mixture,cylmix,gmpd,in sample,with noise,3d-low-weak,3,low,weak,3,0,0.006246000000000001,0.000100644388464002
3-Cylindrical Mixture,cylmix,gmpd,out of sample,no noise,2d-high-ind,2,high,ind,3,0,0.020828799999999998,0.0005043373089630799
3-Cylindrical Mixture,cylmix,gmpd,out of sample,no noise,2d-high-strong,2,high,strong,3,0,0.0249091,0.0007065424347632718
3-Cylindrical Mixture,cylmix,gmpd,out of sample,no noise,2d-high-weak,2,high,weak,3,0,0.020325799999999998,0.0005375894193884246
3-Cylindrical Mixture,cylmix,gmpd,out of sample,no noise,2d-low-ind,2,low,ind,3,0,0.0322142,0.0008421427456437557
3-Cylindrical Mixture,cylmix,gmpd,out of sample,no noise,2d-low-strong,2,low,strong,3,0,0.052753699999999994,0.0012990638859571074
3-Cylindrical Mixture,cylmix,gmpd,out of sample,no noise,2d-low-weak,2,low,weak,3,0,0.0333102,0.0009234016821874788
3-Cylindrical Mixture,cylmix,gmpd,out of sample,no noise,3d-high-ind,3,high,ind,3,0,0.0037174,0.0001371618523401231
3-Cylindrical Mixture,cylmix,gmpd,out of sample,no noise,3d-high-strong,3,high,strong,3,0,0.0059541,0.000378826190789764
3-Cylindrical Mixture,cylmix,gmpd,out of sample,no noise,3d-high-weak,3,high,weak,3,0,0.0037015999999999998,0.00013849639896131786
3-Cylindrical Mixture,cylmix,gmpd,out of sample,no noise,3d-low-ind,3,low,ind,3,0,0.0062463,0.00024026775888494906
3-Cylindrical Mixture,cylmix,gmpd,out of sample,no noise,3d-low-strong,3,low,strong,3,0,0.013320799999999999,0.0005169973135541634
3-Cylindrical Mixture,cylmix,gmpd,out of sample,no noise,3d-low-weak,3,low,weak,3,0,0.0065791,0.0002685467624760419
3-Cylindrical Mixture,cylmix,gmpd,out of sample,with noise,2d-high-ind,2,high,ind,3,0,0.020109699999999998,0.00047859106138790723
3-Cylindrical Mixture,cylmix,gmpd,out of sample,with noise,2d-high-strong,2,high,strong,3,0,0.0231255,0.0006006501107596303
3-Cylindrical Mixture,cylmix,gmpd,out of sample,with noise,2d-high-weak,2,high,weak,3,0,0.0196436,0.0005224466914954533
3-Cylindrical Mixture,cylmix,gmpd,out of sample,with noise,2d-low-ind,2,low,ind,3,0,0.031198100000000003,0.000820938973359042
3-Cylindrical Mixture,cylmix,gmpd,out of sample,with noise,2d-low-strong,2,low,strong,3,0,0.049389199999999994,0.0012726697303009301
3-Cylindrical Mixture,cylmix,gmpd,out of sample,with noise,2d-low-weak,2,low,weak,3,0,0.032223100000000005,0.0008945680013788268
3-Cylindrical Mixture,cylmix,gmpd,out of sample,with noise,3d-high-ind,3,high,ind,3,0,0.0034879999999999998,0.00012633928985717846
3-Cylindrical Mixture,cylmix,gmpd,out of sample,with noise,3d-high-strong,3,high,strong,3,0,0.0052658,0.00026590109804097044
3-Cylindrical Mixture,cylmix,gmpd,out of sample,with noise,3d-high-weak,3,high,weak,3,0,0.0034691,0.00012851203614581578
3-Cylindrical Mixture,cylmix,gmpd,out of sample,with noise,3d-low-ind,3,low,ind,3,0,0.0059161,0.00022399447594198665
3-Cylindrical Mixture,cylmix,gmpd,out of sample,with noise,3d-low-strong,3,low,strong,3,0,0.0119319,0.000485882920178526
3-Cylindrical Mixture,cylmix,gmpd,out of sample,with noise,3d-low-weak,3,low,weak,3,0,0.0062158000000000005,0.00025339385242038605
3-Cylindrical Mixture,cylmix,training_time,training,no noise,2d-high-ind,2,high,ind,3,0,526.1019,40.1102474801539
3-Cylindrical Mixture,cylmix,training_time,training,no noise,2d-high-strong,2,high,strong,3,0,1255.0076,247.20136084634092
3-Cylindrical Mixture,cylmix,training_time,training,no noise,2d-high-weak,2,high,weak,3,0,543.7192,71.88286349332503
3-Cylindrical Mixture,cylmix,training_time,training,no noise,2d-low-ind,2,low,ind,3,0,508.2726,50.702110023631995
3-Cylindrical Mixture,cylmix,training_time,training,no noise,2d-low-strong,2,low,strong,3,0,623.3366000000001,130.42921500069292
3-Cylindrical Mixture,cylmix,training_time,training,no noise,2d-low-weak,2,low,weak,3,0,518.8187,33.53587843992421
3-Cylindrical Mixture,cylmix,training_time,training,no noise,3d-high-ind,3,high,ind,3,0,533.8204000000001,79.75189177858181
3-Cylindrical Mixture,cylmix,training_time,training,no noise,3d-high-strong,3,high,strong,3,0,818.4556,183.3429375683776
3-Cylindrical Mixture,cylmix,training_time,training,no noise,3d-high-weak,3,high,weak,3,0,597.5591,131.56180946339572
3-Cylindrical Mixture,cylmix,training_time,training,no noise,3d-low-ind,3,low,ind,3,0,597.6912,73.14580586552567
3-Cylindrical Mixture,cylmix,training_time,training,no noise,3d-low-strong,3,low,strong,3,0,904.115,220.9338053226428
3-Cylindrical Mixture,cylmix,training_time,training,no noise,3d-low-weak,3,low,weak,3,0,627.1086,71.36314262483769
3-Cylindrical Mixture,cylmix,training_time,training,with noise,2d-high-ind,2,high,ind,3,0,494.2621,44.83075453426042
3-Cylindrical Mixture,cylmix,training_time,training,with noise,2d-high-strong,2,high,strong,3,0,1188.3872999999999,226.38928364479187
3-Cylindrical Mixture,cylmix,training_time,training,with noise,2d-high-weak,2,high,weak,3,0,504.389,36.490677555847704
3-Cylindrical Mixture,cylmix,training_time,training,with noise,2d-low-ind,2,low,ind,3,0,464.80830000000003,28.641316418274446
3-Cylindrical Mixture,cylmix,training_time,training,with noise,2d-low-strong,2,low,strong,3,0,568.4662999999999,109.50480878380537
3-Cylindrical Mixture,cylmix,training_time,training,with noise,2d-low-weak,2,low,weak,3,0,477.67019999999997,30.88512851836561
3-Cylindrical Mixture,cylmix,training_time,training,with noise,3d-high-ind,3,high,ind,3,0,502.3492,80.33274111035321
3-Cylindrical Mixture,cylmix,training_time,training,with noise,3d-high-strong,3,high,strong,3,0,795.5339,206.2973625662919
3-Cylindrical Mixture,cylmix,training_time,training,with noise,3d-high-weak,3,high,weak,3,0,531.4943,99.19856259400719
3-Cylindrical Mixture,cylmix,training_time,training,with noise,3d-low-ind,3,low,ind,3,0,551.705,59.154340645228366
3-Cylindrical Mixture,cylmix,training_time,training,with noise,3d-low-strong,3,low,strong,3,0,828.5612,175.76229091485004
3-Cylindrical Mixture,cylmix,training_time,training,with noise,3d-low-weak,3,low,weak,3,0,590.5401,68.34937413345015
3-Independent Cylindrical Mixture,indcylmix,aic,in sample,no noise,2d-high-ind,2,high,ind,3,0,61888.256891900004,225.71804399687645
3-Independent Cylindrical Mixture,indcylmix,aic,in sample,no noise,2d-high-strong,2,high,strong,3,0,62019.64505199999,221.85819819812016
3-Independent Cylindrical Mixture,indcylmix,aic,in sample,no noise,2d-high-weak,2,high,weak,3,0,62452.902445499996,225.32192398832441
3-Independent Cylindrical Mixture,indcylmix,aic,in sample,no noise,2d-low-ind,2,low,ind,3,0,54926.9534411,237.4675165785741
3-Independent Cylindrical Mixture,indcylmix,aic,in sample,no noise,2d-low-strong,2,low,strong,3,0,49477.5117975,280.1863258415345
3-Independent Cylindrical Mixture,indcylmix,aic,in sample,no noise,2d-low-weak,2,low,weak,3,0,54499.4222043,236.10301235834729
3-Independent Cylindrical Mixture,indcylmix,aic,in sample,no noise,3d-high-ind,3,high,ind,3,0,89568.11456599999,241.53914113127354
3-Independent Cylindrical Mixture,indcylmix,aic,in sample,no noise,3d-high-strong,3,high,strong,3,0,88798.29268279999,294.98549764177943
3-Independent Cylindrical Mixture,indcylmix,aic,in sample,no noise,3d-high-weak,3,high,weak,3,0,90126.3701964,249.59410618612398
3-Independent Cylindrical Mixture,indcylmix,aic,in sample,no noise,3d-low-ind,3,low,ind,3,0,81258.1332753,256.3864920734403
3-Independent Cylindrical Mixture,indcylmix,aic,in sample,no noise,3d-low-strong,3,low,strong,3,0,76273.2920438,331.39368498196455
3-Independent Cylindrical Mixture,indcylmix,aic,in sample,no noise,3d-low-weak,3,low,weak,3,0,80774.0055333,256.5107603772002
3-Independent Cylindrical Mixture,indcylmix,aic,in sample,with noise,2d-high-ind,2,high,ind,3,0,62440.537751200005,226.40102925914817
3-Independent Cylindrical Mixture,indcylmix,aic,in sample,with noise,2d-high-strong,2,high,strong,3,0,62580.365846400004,226.84562482937977
3-Independent Cylindrical Mixture,indcylmix,aic,in sample,with noise,2d-high-weak,2,high,weak,3,0,62995.6882606,227.53074778722558
3-Independent Cylindrical Mixture,indcylmix,aic,in sample,with noise,2d-low-ind,2,low,ind,3,0,55429.7395122,236.55448308001485
3-Independent Cylindrical Mixture,indcylmix,aic,in sample,with noise,2d-low-strong,2,low,strong,3,0,50271.2475467,284.3541703768445
3-Independent Cylindrical Mixture,indcylmix,aic,in sample,with noise,2d-low-weak,2,low,weak,3,0,55024.8782397,239.77046112662717
3-Independent Cylindrical Mixture,indcylmix,aic,in sample,with noise,3d-high-ind,3,high,ind,3,0,90579.68624129999,249.71946285953814
3-Independent Cylindrical Mixture,indcylmix,aic,in sample,with noise,3d-high-strong,3,high,strong,3,0,89873.433914,310.53307619398737
3-Independent Cylindrical Mixture,indcylmix,aic,in sample,with noise,3d-high-weak,3,high,weak,3,0,91114.40879690001,258.5285414874463
3-Independent Cylindrical Mixture,indcylmix,aic,in sample,with noise,3d-low-ind,3,low,ind,3,0,82112.7535698,266.0500852150363
3-Independent Cylindrical Mixture,indcylmix,aic,in sample,with noise,3d-low-strong,3,low,strong,3,0,77377.1450439,336.8205461789363
3-Independent Cylindrical Mixture,indcylmix,aic,in sample,with noise,3d-low-weak,3,low,weak,3,0,81661.0081874,260.59087517121606
3-Independent Cylindrical Mixture,indcylmix,aic,out of sample,no noise,2d-high-ind,2,high,ind,3,0,15533.366198400001,98.15521114522805
3-Independent Cylindrical Mixture,indcylmix,aic,out of sample,no noise,2d-high-strong,2,high,strong,3,0,15547.9757083,95.43244692167211
3-Independent Cylindrical Mixture,indcylmix,aic,out of sample,no noise,2d-high-weak,2,high,weak,3,0,15662.1927655,106.69705807081831
3-Independent Cylindrical Mixture,indcylmix,aic,out of sample,no noise,2d-low-ind,2,low,ind,3,0,13784.7472971,104.1327573956222
3-Independent Cylindrical Mixture,indcylmix,aic,out of sample,no noise,2d-low-strong,2,low,strong,3,0,12400.1890317,113.0655626776851
3-Independent Cylindrical Mixture,indcylmix,aic,out of sample,no noise,2d-low-weak,2,low,weak,3,0,13674.4733805,112.82262425488997
3-Independent Cylindrical Mixture,indcylmix,aic,out of sample,no noise,3d-high-ind,3,high,ind,3,0,22462.8290641,146.97039422422213
3-Independent Cylindrical Mixture,indcylmix,aic,out of sample,no noise,3d-high-strong,3,high,strong,3,0,22264.9378346,165.40967362240386
3-Independent Cylindrical Mixture,indcylmix,aic,out of sample,no noise,3d-high-weak,3,high,weak,3,0,22607.044867000004,151.95706418468552
3-Independent Cylindrical Mixture,indcylmix,aic,out of sample,no noise,3d-low-ind,3,low,ind,3,0,20377.320608399998,153.974393522525
3-Independent Cylindrical Mixture,indcylmix,aic,out of sample,no noise,3d-low-strong,3,low,strong,3,0,19143.8665466,185.00235802518065
3-Independent Cylindrical Mixture,indcylmix,aic,out of sample,no noise,3d-low-weak,3,low,weak,3,0,20266.8888727,160.82318886135417
3-Independent Cylindrical Mixture,indcylmix,aic,out of sample,with noise,2d-high-ind,2,high,ind,3,0,15673.989406,95.83481777374327
3-Independent Cylindrical Mixture,indcylmix,aic,out of sample,with noise,2d-high-strong,2,high,strong,3,0,15685.9176951,95.15874630922094
3-Independent Cylindrical Mixture,indcylmix,aic,out of sample,with noise,2d-high-weak,2,high,weak,3,0,15796.5105948,106.99002038689551
3-Independent Cylindrical Mixture,indcylmix,aic,out of sample,with noise,2d-low-ind,2,low,ind,3,0,13913.0913189,104.88505409886625
3-Independent Cylindrical Mixture,indcylmix,aic,out of sample,with noise,2d-low-strong,2,low,strong,3,0,12597.9392166,113.3292331238798
3-Independent Cylindrical Mixture,indcylmix,aic,out of sample,with noise,2d-low-weak,2,low,weak,3,0,13805.2151811,112.74866116793628
3-Independent Cylindrical Mixture,indcylmix,aic,out of sample,with noise,3d-high-ind,3,high,ind,3,0,22716.8738955,145.38468374672954
3-Independent Cylindrical Mixture,indcylmix,aic,out of sample,with noise,3d-high-strong,3,high,strong,3,0,22532.373871,161.3184443900933
3-Independent Cylindrical Mixture,indcylmix,aic,out of sample,with noise,3d-high-weak,3,high,weak,3,0,22855.358963299997,149.1564797184278
3-Independent Cylindrical Mixture,indcylmix,aic,out of sample,with noise,3d-low-ind,3,low,ind,3,0,20592.8839522,151.59314753947265
3-Independent Cylindrical Mixture,indcylmix,aic,out of sample,with noise,3d-low-strong,3,low,strong,3,0,19416.0183852,183.400861214476
3-Independent Cylindrical Mixture,indcylmix,aic,out of sample,with noise,3d-low-weak,3,low,weak,3,0,20487.2709856,160.31534848318788
3-Independent Cylindrical Mixture,indcylmix,ari,in sample,no noise,2d-high-ind,2,high,ind,3,0,0.3073691,0.03702867286756755
3-Independent Cylindrical Mixture,indcylmix,ari,in sample,no noise,2d-high-strong,2,high,strong,3,0,0.0206884,0.005477184213543572
3-Independent Cylindrical Mixture,indcylmix,ari,in sample,no noise,2d-high-weak,2,high,weak,3,0,0.2805399,0.02552145643128027
3-Independent Cylindrical Mixture,indcylmix,ari,in sample,no noise,2d-low-ind,2,low,ind,3,0,0.027056499999999997,0.004620295887809468
3-Independent Cylindrical Mixture,indcylmix,ari,in sample,no noise,2d-low-strong,2,low,strong,3,0,0.0008004,0.0005752187462701525
3-Independent Cylindrical Mixture,indcylmix,ari,in sample,no noise,2d-low-weak,2,low,weak,3,0,0.0021607,0.00152806423723982
3-Independent Cylindrical Mixture,indcylmix,ari,in sample,no noise,3d-high-ind,3,high,ind,3,0,0.34938749999999996,0.04251704531328249
3-Independent Cylindrical Mixture,indcylmix,ari,in sample,no noise,3d-high-strong,3,high,strong,3,0,0.0368054,0.015409407360178366
3-Independent Cylindrical Mixture,indcylmix,ari,in sample,no noise,3d-high-weak,3,high,weak,3,0,0.29263110000000003,0.01665221415162305
3-Independent Cylindrical Mixture,indcylmix,ari,in sample,no noise,3d-low-ind,3,low,ind,3,0,0.0303737,0.005663930293862856
3-Independent Cylindrical Mixture,indcylmix,ari,in sample,no noise,3d-low-strong,3,low,strong,3,0,0.0005507,0.0004865032000268484
3-Independent Cylindrical Mixture,indcylmix,ari,in sample,no noise,3d-low-weak,3,low,weak,3,0,0.0026912000000000004,0.0014870880500786996
3-Independent Cylindrical Mixture,indcylmix,ari,in sample,with noise,2d-high-ind,2,high,ind,3,0,0.2943984,0.03571669240853723
3-Independent Cylindrical Mixture,indcylmix,ari,in sample,with noise,2d-high-strong,2,high,strong,3,0,0.0204041,0.005876701489265844
3-Independent Cylindrical Mixture,indcylmix,ari,in sample,with noise,2d-high-weak,2,high,weak,3,0,0.275116,0.02509392513712987
3-Independent Cylindrical Mixture,indcylmix,ari,in sample,with noise,2d-low-ind,2,low,ind,3,0,0.0265389,0.0044706390962918185
3-Independent Cylindrical Mixture,indcylmix,ari,in sample,with noise,2d-low-strong,2,low,strong,3,0,0.0008289,0.0006146459849935465
3-Independent Cylindrical Mixture,indcylmix,ari,in sample,with noise,2d-low-weak,2,low,weak,3,0,0.0023624,0.0015942378059179822
3-Independent Cylindrical Mixture,indcylmix,ari,in sample,with noise,3d-high-ind,3,high,ind,3,0,0.34073909999999996,0.03904327089540681
3-Independent Cylindrical Mixture,indcylmix,ari,in sample,with noise,3d-high-strong,3,high,strong,3,0,0.0355,0.01492493067171689
3-Independent Cylindrical Mixture,indcylmix,ari,in sample,with noise,3d-high-weak,3,high,weak,3,0,0.287788,0.01671620703921132
3-Independent Cylindrical Mixture,indcylmix,ari,in sample,with noise,3d-low-ind,3,low,ind,3,0,0.0297436,0.00545017718551749
3-Independent Cylindrical Mixture,indcylmix,ari,in sample,with noise,3d-low-strong,3,low,strong,3,0,0.0005175,0.0004483648744115228
3-Independent Cylindrical Mixture,indcylmix,ari,in sample,with noise,3d-low-weak,3,low,weak,3,0,0.0029527,0.0016058893221986112
3-Independent Cylindrical Mixture,indcylmix,ari,out of sample,no noise,2d-high-ind,2,high,ind,3,0,0.30805309999999997,0.039247882364414385
3-Independent Cylindrical Mixture,indcylmix,ari,out of sample,no noise,2d-high-strong,2,high,strong,3,0,0.0206295,0.0070906400638554145
3-Independent Cylindrical Mixture,indcylmix,ari,out of sample,no noise,2d-high-weak,2,high,weak,3,0,0.2813868,0.027945627687140647
3-Independent Cylindrical Mixture,indcylmix,ari,out of sample,no noise,2d-low-ind,2,low,ind,3,0,0.0268498,0.006285588130112739
3-Independent Cylindrical Mixture,indcylmix,ari,out of sample,no noise,2d-low-strong,2,low,strong,3,0,0.0007152,0.0013228668592389513
3-Independent Cylindrical Mixture,indcylmix,ari,out of sample,no noise,2d-low-weak,2,low,weak,3,0,0.0019547,0.0018954647920174563
3-Independent Cylindrical Mixture,indcylmix,ari,out of sample,no noise,3d-high-ind,3,high,ind,3,0,0.35338549999999996,0.043960457883457406
3-Independent Cylindrical Mixture,indcylmix,ari,out of sample,no noise,3d-high-strong,3,high,strong,3,0,0.036721500000000004,0.015627586549548735
3-Independent Cylindrical Mixture,indcylmix,ari,out of sample,no noise,3d-high-weak,3,high,weak,3,0,0.2954516,0.01904693032984316
3-Independent Cylindrical Mixture,indcylmix,ari,out of sample,no noise,3d-low-ind,3,low,ind,3,0,0.030024199999999997,0.006566077681630954
3-Independent Cylindrical Mixture,indcylmix,ari,out of sample,no noise,3d-low-strong,3,low,strong,3,0,0.00046499999999999997,0.0009008396756427424
3-Independent Cylindrical Mixture,indcylmix,ari,out of sample,no noise,3d-low-weak,3,low,weak,3,0,0.0022007000000000003,0.0019427790440864382
3-Independent Cylindrical Mixture,indcylmix,ari,out of sample,with noise,2d-high-ind,2,high,ind,3,0,0.2953461,0.0364046074588413
3-Independent Cylindrical Mixture,indcylmix,ari,out of sample,with noise,2d-high-strong,2,high,strong,3,0,0.020671,0.007242891115926824
3-Independent Cylindrical Mixture,indcylmix,ari,out of sample,with noise,2d-high-weak,2,high,weak,3,0,0.2761989,0.027215257934370997
3-Independent Cylindrical Mixture,indcylmix,ari,out of sample,with noise,2d-low-ind,2,low,ind,3,0,0.026261,0.006523304377384212
3-Independent Cylindrical Mixture,indcylmix,ari,out of sample,with noise,2d-low-strong,2,low,strong,3,0,0.0008323,0.0013216471625294788
3-Independent Cylindrical Mixture,indcylmix,ari,out of sample,with noise,2d-low-weak,2,low,weak,3,0,0.0021352,0.001954599589572134
3-Independent Cylindrical Mixture,indcylmix,ari,out of sample,with noise,3d-high-ind,3,high,ind,3,0,0.34409170000000006,0.04202074348389606
3-Independent Cylindrical Mixture,indcylmix,ari,out of sample,with noise,3d-high-strong,3,high,strong,3,0,0.0354178,0.01592320082156978
3-Independent Cylindrical Mixture,indcylmix,ari,out of sample,with noise,3d-high-weak,3,high,weak,3,0,0.2906068,0.019016379323779243
3-Independent Cylindrical Mixture,indcylmix,ari,out of sample,with noise,3d-low-ind,3,low,ind,3,0,0.0295798,0.00616930295491273
3-Independent Cylindrical Mixture,indcylmix,ari,out of sample,with noise,3d-low-strong,3,low,strong,3,0,0.0003585,0.0008642791998848147
3-Independent Cylindrical Mixture,indcylmix,ari,out of sample,with noise,3d-low-weak,3,low,weak,3,0,0.0024978,0.0020830400181397657
3-Independent Cylindrical Mixture,indcylmix,avg_ll,in sample,no noise,2d-high-ind,2,high,ind,3,0,-3.8651416,0.014107399428181707
3-Independent Cylindrical Mixture,indcylmix,avg_ll,in sample,no noise,2d-high-strong,2,high,strong,3,0,-3.8733529,0.013866063528185674
3-Independent Cylindrical Mixture,indcylmix,avg_ll,in sample,no noise,2d-high-weak,2,high,weak,3,0,-3.9004318000000002,0.014082322422387557
3-Independent Cylindrical Mixture,indcylmix,avg_ll,in sample,no noise,2d-low-ind,2,low,ind,3,0,-3.4300592,0.014841994657529767
3-Independent Cylindrical Mixture,indcylmix,avg_ll,in sample,no noise,2d-low-strong,2,low,strong,3,0,-3.0894698,0.01751122468186014
3-Independent Cylindrical Mixture,indcylmix,avg_ll,in sample,no noise,2d-low-weak,2,low,weak,3,0,-3.4033391,0.014756724547942206
3-Independent Cylindrical Mixture,indcylmix,avg_ll,in sample,no noise,3d-high-ind,3,high,ind,3,0,-5.5932578,0.015096236843276184
3-Independent Cylindrical Mixture,indcylmix,avg_ll,in sample,no noise,3d-high-strong,3,high,strong,3,0,-5.545142899999999,0.018437091144995883
3-Independent Cylindrical Mixture,indcylmix,avg_ll,in sample,no noise,3d-high-weak,3,high,weak,3,0,-5.628148700000001,0.01559972530546805
3-Independent Cylindrical Mixture,indcylmix,avg_ll,in sample,no noise,3d-low-ind,3,low,ind,3,0,-5.0738833,0.016023964064910152
3-Independent Cylindrical Mixture,indcylmix,avg_ll,in sample,no noise,3d-low-strong,3,low,strong,3,0,-4.7623302999999995,0.020711749286213218
3-Independent Cylindrical Mixture,indcylmix,avg_ll,in sample,no noise,3d-low-weak,3,low,weak,3,0,-5.0436251,0.016032028139088477
3-Independent Cylindrical Mixture,indcylmix,avg_ll,in sample,with noise,2d-high-ind,2,high,ind,3,0,-3.8996584000000003,0.014150269278231561
3-Independent Cylindrical Mixture,indcylmix,avg_ll,in sample,with noise,2d-high-strong,2,high,strong,3,0,-3.9083978999999998,0.014177510024505496
3-Independent Cylindrical Mixture,indcylmix,avg_ll,in sample,with noise,2d-high-weak,2,high,weak,3,0,-3.9343554,0.014220510682841483
3-Independent Cylindrical Mixture,indcylmix,avg_ll,in sample,with noise,2d-low-ind,2,low,ind,3,0,-3.461484,0.014784223641668436
3-Independent Cylindrical Mixture,indcylmix,avg_ll,in sample,with noise,2d-low-strong,2,low,strong,3,0,-3.1390781,0.017772343381862447
3-Independent Cylindrical Mixture,indcylmix,avg_ll,in sample,with noise,2d-low-weak,2,low,weak,3,0,-3.4361794,0.01498590535244116
3-Independent Cylindrical Mixture,indcylmix,avg_ll,in sample,with noise,3d-high-ind,3,high,ind,3,0,-5.6564804,0.015607830715264883
3-Independent Cylindrical Mixture,indcylmix,avg_ll,in sample,with noise,3d-high-strong,3,high,strong,3,0,-5.6123392,0.019408601689857852
3-Independent Cylindrical Mixture,indcylmix,avg_ll,in sample,with noise,3d-high-weak,3,high,weak,3,0,-5.6899006,0.016157917458820524
3-Independent Cylindrical Mixture,indcylmix,avg_ll,in sample,with noise,3d-low-ind,3,low,ind,3,0,-5.1272973,0.016628227482266805
3-Independent Cylindrical Mixture,indcylmix,avg_ll,in sample,with noise,3d-low-strong,3,low,strong,3,0,-4.8313216,0.02105098201696991
3-Independent Cylindrical Mixture,indcylmix,avg_ll,in sample,with noise,3d-low-weak,3,low,weak,3,0,-5.099063,0.016286755324185925
3-Independent Cylindrical Mixture,indcylmix,avg_ll,out of sample,no noise,2d-high-ind,2,high,ind,3,0,-3.8718419999999996,0.024538534486547355
3-Independent Cylindrical Mixture,indcylmix,avg_ll,out of sample,no noise,2d-high-strong,2,high,strong,3,0,-3.8754937999999997,0.023858242705826052
3-Independent Cylindrical Mixture,indcylmix,avg_ll,out of sample,no noise,2d-high-weak,2,high,weak,3,0,-3.9040479,0.026674804413433693
3-Independent Cylindrical Mixture,indcylmix,avg_ll,out of sample,no noise,2d-low-ind,2,low,ind,3,0,-3.4346865,0.026033185130335226
3-Independent Cylindrical Mixture,indcylmix,avg_ll,out of sample,no noise,2d-low-strong,2,low,strong,3,0,-3.0885469,0.028266492234131614
3-Independent Cylindrical Mixture,indcylmix,avg_ll,out of sample,no noise,2d-low-weak,2,low,weak,3,0,-3.4071183,0.028206313429493545
3-Independent Cylindrical Mixture,indcylmix,avg_ll,out of sample,no noise,3d-high-ind,3,high,ind,3,0,-5.5967074000000006,0.0367428513935058
3-Independent Cylindrical Mixture,indcylmix,avg_ll,out of sample,no noise,3d-high-strong,3,high,strong,3,0,-5.547234700000001,0.04135268057596979
3-Independent Cylindrical Mixture,indcylmix,avg_ll,out of sample,no noise,3d-high-weak,3,high,weak,3,0,-5.6327612,0.037989121390208505
3-Independent Cylindrical Mixture,indcylmix,avg_ll,out of sample,no noise,3d-low-ind,3,low,ind,3,0,-5.0753302,0.038493536804471255
3-Independent Cylindrical Mixture,indcylmix,avg_ll,out of sample,no noise,3d-low-strong,3,low,strong,3,0,-4.7669667,0.04625083300489266
3-Independent Cylindrical Mixture,indcylmix,avg_ll,out of sample,no noise,3d-low-weak,3,low,weak,3,0,-5.0477219,0.040205281393233434
3-Independent Cylindrical Mixture,indcylmix,avg_ll,out of sample,with noise,2d-high-ind,2,high,ind,3,0,-3.9069973,0.02395837808607163
3-Independent Cylindrical Mixture,indcylmix,avg_ll,out of sample,with noise,2d-high-strong,2,high,strong,3,0,-3.9099799,0.023789979959103435
3-Independent Cylindrical Mixture,indcylmix,avg_ll,out of sample,with noise,2d-high-weak,2,high,weak,3,0,-3.9376273,0.026746972068975985
3-Independent Cylindrical Mixture,indcylmix,avg_ll,out of sample,with noise,2d-low-ind,2,low,ind,3,0,-3.4667725000000003,0.0262219328111704
3-Independent Cylindrical Mixture,indcylmix,avg_ll,out of sample,with noise,2d-low-strong,2,low,strong,3,0,-3.1379851000000003,0.028332572413846548
3-Independent Cylindrical Mixture,indcylmix,avg_ll,out of sample,with noise,2d-low-weak,2,low,weak,3,0,-3.4398037,0.028186951012549012
3-Independent Cylindrical Mixture,indcylmix,avg_ll,out of sample,with noise,3d-high-ind,3,high,ind,3,0,-5.6602189,0.03634593976170683
3-Independent Cylindrical Mixture,indcylmix,avg_ll,out of sample,with noise,3d-high-strong,3,high,strong,3,0,-5.6140935,0.04032907258674662
3-Independent Cylindrical Mixture,indcylmix,avg_ll,out of sample,with noise,3d-high-weak,3,high,weak,3,0,-5.6948399,0.037288899870139045
3-Independent Cylindrical Mixture,indcylmix,avg_ll,out of sample,with noise,3d-low-ind,3,low,ind,3,0,-5.1292212,0.03789825505111288
3-Independent Cylindrical Mixture,indcylmix,avg_ll,out of sample,with noise,3d-low-strong,3,low,strong,3,0,-4.8350045999999995,0.04585010299097295
3-Independent Cylindrical Mixture,indcylmix,avg_ll,out of sample,with noise,3d-low-weak,3,low,weak,3,0,-5.1028181,0.040079066116839465
3-Independent Cylindrical Mixture,indcylmix,bic,in sample,no noise,2d-high-ind,2,high,ind,3,0,62048.962418999996,225.7180441892893
3-Independent Cylindrical Mixture,indcylmix,bic,in sample,no noise,2d-high-strong,2,high,strong,3,0,62180.350579000005,221.85819907286776
3-Independent Cylindrical Mixture,indcylmix,bic,in sample,no noise,2d-high-weak,2,high,weak,3,0,62613.607972100006,225.32192470623994
3-Independent Cylindrical Mixture,indcylmix,bic,in sample,no noise,2d-low-ind,2,low,ind,3,0,55087.6589676,237.46751737277094
3-Independent Cylindrical Mixture,indcylmix,bic,in sample,no noise,2d-low-strong,2,low,strong,3,0,49638.2173244,280.18632551703007
3-Independent Cylindrical Mixture,indcylmix,bic,in sample,no noise,2d-low-weak,2,low,weak,3,0,54660.127731,236.10301236509395
3-Independent Cylindrical Mixture,indcylmix,bic,in sample,no noise,3d-high-ind,3,high,ind,3,0,89833.62804540001,241.5391413749343
3-Independent Cylindrical Mixture,indcylmix,bic,in sample,no noise,3d-high-strong,3,high,strong,3,0,89063.8061624,294.9854976305488
3-Independent Cylindrical Mixture,indcylmix,bic,in sample,no noise,3d-high-weak,3,high,weak,3,0,90391.8836758,249.59410582825504
3-Independent Cylindrical Mixture,indcylmix,bic,in sample,no noise,3d-low-ind,3,low,ind,3,0,81523.6467544,256.3864915066619
3-Independent Cylindrical Mixture,indcylmix,bic,in sample,no noise,3d-low-strong,3,low,strong,3,0,76538.8055232,331.393684530381
3-Independent Cylindrical Mixture,indcylmix,bic,in sample,no noise,3d-low-weak,3,low,weak,3,0,81039.5190116,256.5107608781075
3-Independent Cylindrical Mixture,indcylmix,bic,in sample,with noise,2d-high-ind,2,high,ind,3,0,62601.2432776,226.4010295075797
3-Independent Cylindrical Mixture,indcylmix,bic,in sample,with noise,2d-high-strong,2,high,strong,3,0,62741.071372800005,226.84562492741063
3-Independent Cylindrical Mixture,indcylmix,bic,in sample,with noise,2d-high-weak,2,high,weak,3,0,63156.39378790001,227.5307477120483
3-Independent Cylindrical Mixture,indcylmix,bic,in sample,with noise,2d-low-ind,2,low,ind,3,0,55590.4450382,236.55448195172173
3-Independent Cylindrical Mixture,indcylmix,bic,in sample,with noise,2d-low-strong,2,low,strong,3,0,50431.9530734,284.35417059376647
3-Independent Cylindrical Mixture,indcylmix,bic,in sample,with noise,2d-low-weak,2,low,weak,3,0,55185.5837674,239.77046106799506
3-Independent Cylindrical Mixture,indcylmix,bic,in sample,with noise,3d-high-ind,3,high,ind,3,0,90845.19972039999,249.71946237585865
3-Independent Cylindrical Mixture,indcylmix,bic,in sample,with noise,3d-high-strong,3,high,strong,3,0,90138.94739320001,310.5330763505871
3-Independent Cylindrical Mixture,indcylmix,bic,in sample,with noise,3d-high-weak,3,high,weak,3,0,91379.9222761,258.5285415740799
3-Independent Cylindrical Mixture,indcylmix,bic,in sample,with noise,3d-low-ind,3,low,ind,3,0,82378.2670489,266.05008487058444
3-Independent Cylindrical Mixture,indcylmix,bic,in sample,with noise,3d-low-strong,3,low,strong,3,0,77642.6585231,336.82054595414434
3-Independent Cylindrical Mixture,indcylmix,bic,in sample,with noise,3d-low-weak,3,low,weak,3,0,81926.5216663,260.59087506048695
3-Independent Cylindrical Mixture,indcylmix,bic,out of sample,no noise,2d-high-ind,2,high,ind,3,0,15662.1869552,98.15521040385156
3-Independent Cylindrical Mixture,indcylmix,bic,out of sample,no noise,2d-high-strong,2,high,strong,3,0,15676.7964644,95.43244771076765
3-Independent Cylindrical Mixture,indcylmix,bic,out of sample,no noise,2d-high-weak,2,high,weak,3,0,15791.013522300002,106.69705798844792
3-Independent Cylindrical Mixture,indcylmix,bic,out of sample,no noise,2d-low-ind,2,low,ind,3,0,13913.568053699999,104.13275756202712
3-Independent Cylindrical Mixture,indcylmix,bic,out of sample,no noise,2d-low-strong,2,low,strong,3,0,12529.0097878,113.06556212435471
3-Independent Cylindrical Mixture,indcylmix,bic,out of sample,no noise,2d-low-weak,2,low,weak,3,0,13803.294136699998,112.8226244142494
3-Independent Cylindrical Mixture,indcylmix,bic,out of sample,no noise,3d-high-ind,3,high,ind,3,0,22675.663358200003,146.97039381740976
3-Independent Cylindrical Mixture,indcylmix,bic,out of sample,no noise,3d-high-strong,3,high,strong,3,0,22477.7721276,165.40967330273278
3-Independent Cylindrical Mixture,indcylmix,bic,out of sample,no noise,3d-high-weak,3,high,weak,3,0,22819.8791604,151.95706396229465
3-Independent Cylindrical Mixture,indcylmix,bic,out of sample,no noise,3d-low-ind,3,low,ind,3,0,20590.1549009,153.9743929249377
3-Independent Cylindrical Mixture,indcylmix,bic,out of sample,no noise,3d-low-strong,3,low,strong,3,0,19356.7008404,185.0023576145587
3-Independent Cylindrical Mixture,indcylmix,bic,out of sample,no noise,3d-low-weak,3,low,weak,3,0,20479.723166199998,160.82318922354705
3-Independent Cylindrical Mixture,indcylmix,bic,out of sample,with noise,2d-high-ind,2,high,ind,3,0,15802.810162200001,95.8348176047074
3-Independent Cylindrical Mixture,indcylmix,bic,out of sample,with noise,2d-high-strong,2,high,strong,3,0,15814.7384508,95.15874668052578
3-Independent Cylindrical Mixture,indcylmix,bic,out of sample,with noise,2d-high-weak,2,high,weak,3,0,15925.331352,106.99002023514905
3-Independent Cylindrical Mixture,indcylmix,bic,out of sample,with noise,2d-low-ind,2,low,ind,3,0,14041.912075499999,104.88505379035595
3-Independent Cylindrical Mixture,indcylmix,bic,out of sample,with noise,2d-low-strong,2,low,strong,3,0,12726.759973200002,113.32923382585821
3-Independent Cylindrical Mixture,indcylmix,bic,out of sample,with noise,2d-low-weak,2,low,weak,3,0,13934.035937,112.74866119958963
3-Independent Cylindrical Mixture,indcylmix,bic,out of sample,with noise,3d-high-ind,3,high,ind,3,0,22929.7081893,145.38468421612976
3-Independent Cylindrical Mixture,indcylmix,bic,out of sample,with noise,3d-high-strong,3,high,strong,3,0,22745.2081645,161.31844484080528
3-Independent Cylindrical Mixture,indcylmix,bic,out of sample,with noise,3d-high-weak,3,high,weak,3,0,23068.1932557,149.1564801758255
3-Independent Cylindrical Mixture,indcylmix,bic,out of sample,with noise,3d-low-ind,3,low,ind,3,0,20805.7182456,151.59314771719468
3-Independent Cylindrical Mixture,indcylmix,bic,out of sample,with noise,3d-low-strong,3,low,strong,3,0,19628.8526776,183.40086162420158
3-Independent Cylindrical Mixture,indcylmix,bic,out of sample,with noise,3d-low-weak,3,low,weak,3,0,20700.1052791,160.31534834888245
3-Independent Cylindrical Mixture,indcylmix,em_iters,training,no noise,2d-high-ind,2,high,ind,3,0,23.92,3.221393136109552
3-Independent Cylindrical Mixture,indcylmix,em_iters,training,no noise,2d-high-strong,2,high,strong,3,0,43.72,10.58785276921748
3-Independent Cylindrical Mixture,indcylmix,em_iters,training,no noise,2d-high-weak,2,high,weak,3,0,40.24,7.553338949956455
3-Independent Cylindrical Mixture,indcylmix,em_iters,training,no noise,2d-low-ind,2,low,ind,3,0,24.51,2.3505640844596254
3-Independent Cylindrical Mixture,indcylmix,em_iters,training,no noise,2d-low-strong,2,low,strong,3,0,7.02,0.531436019125767
3-Independent Cylindrical Mixture,indcylmix,em_iters,training,no noise,2d-low-weak,2,low,weak,3,0,17.71,6.020663072983228
3-Independent Cylindrical Mixture,indcylmix,em_iters,training,no noise,3d-high-ind,3,high,ind,3,0,27.08,9.175813618178802
3-Independent Cylindrical Mixture,indcylmix,em_iters,training,no noise,3d-high-strong,3,high,strong,3,0,32.32,11.582710905448337
3-Independent Cylindrical Mixture,indcylmix,em_iters,training,no noise,3d-high-weak,3,high,weak,3,0,19.06,3.034548541131753
3-Independent Cylindrical Mixture,indcylmix,em_iters,training,no noise,3d-low-ind,3,low,ind,3,0,27.88,5.371605105938206
3-Independent Cylindrical Mixture,indcylmix,em_iters,training,no noise,3d-low-strong,3,low,strong,3,0,34.33,20.85110999152774
3-Independent Cylindrical Mixture,indcylmix,em_iters,training,no noise,3d-low-weak,3,low,weak,3,0,30.85,14.751390963347669
3-Independent Cylindrical Mixture,indcylmix,em_iters,training,with noise,2d-high-ind,2,high,ind,3,0,24.54,3.602524367465378
3-Independent Cylindrical Mixture,indcylmix,em_iters,training,with noise,2d-high-strong,2,high,strong,3,0,43.64,9.914299437344694
3-Independent Cylindrical Mixture,indcylmix,em_iters,training,with noise,2d-high-weak,2,high,weak,3,0,41.84,8.725580644046422
3-Independent Cylindrical Mixture,indcylmix,em_iters,training,with noise,2d-low-ind,2,low,ind,3,0,23.79,2.0660556281440865
3-Independent Cylindrical Mixture,indcylmix,em_iters,training,with noise,2d-low-strong,2,low,strong,3,0,7.17,0.6971080231639827
3-Independent Cylindrical Mixture,indcylmix,em_iters,training,with noise,2d-low-weak,2,low,weak,3,0,17.62,4.998545242913637
3-Independent Cylindrical Mixture,indcylmix,em_iters,training,with noise,3d-high-ind,3,high,ind,3,0,24.9,7.048891309054828
3-Independent Cylindrical Mixture,indcylmix,em_iters,training,with noise,3d-high-strong,3,high,strong,3,0,33.96,12.621066243836658
3-Independent Cylindrical Mixture,indcylmix,em_iters,training,with noise,3d-high-weak,3,high,weak,3,0,19.38,3.070814059805476
3-Independent Cylindrical Mixture,indcylmix,em_iters,training,with noise,3d-low-ind,3,low,ind,3,0,27.97,5.06214910244192
3-Independent Cylindrical Mixture,indcylmix,em_iters,training,with noise,3d-low-strong,3,low,strong,3,0,31.03,20.497575614218526
3-Independent Cylindrical Mixture,indcylmix,em_iters,training,with noise,3d-low-weak,3,low,weak,3,0,28.19,15.456485023863905
3-Independent Cylindrical Mixture,indcylmix,gmpd,in sample,no noise,2d-high-ind,2,high,ind,3,0,0.020961599999999997,0.00029568861590490364
3-Independent Cylindrical Mixture,indcylmix,gmpd,in sample,no noise,2d-high-strong,2,high,strong,3,0,0.020790700000000002,0.00028776833766350354
3-Independent Cylindrical Mixture,indcylmix,gmpd,in sample,no noise,2d-high-weak,2,high,weak,3,0,0.020234899999999997,0.000284351095398885
3-Independent Cylindrical Mixture,indcylmix,gmpd,in sample,no noise,2d-low-ind,2,low,ind,3,0,0.0323886,0.00047999583331524806
3-Independent Cylindrical Mixture,indcylmix,gmpd,in sample,no noise,2d-low-strong,2,low,strong,3,0,0.0455327,0.0007972070628200057
3-Independent Cylindrical Mixture,indcylmix,gmpd,in sample,no noise,2d-low-weak,2,low,weak,3,0,0.033265699999999995,0.0004899458947659226
3-Independent Cylindrical Mixture,indcylmix,gmpd,in sample,no noise,3d-high-ind,3,high,ind,3,0,0.0037232,5.599206292958953e-05
3-Independent Cylindrical Mixture,indcylmix,gmpd,in sample,no noise,3d-high-strong,3,high,strong,3,0,0.0039069,7.196653262581015e-05
3-Independent Cylindrical Mixture,indcylmix,gmpd,in sample,no noise,3d-high-weak,3,high,weak,3,0,0.0035957,5.6178916926821454e-05
3-Independent Cylindrical Mixture,indcylmix,gmpd,in sample,no noise,3d-low-ind,3,low,ind,3,0,0.0062592,0.00010015825860944657
3-Independent Cylindrical Mixture,indcylmix,gmpd,in sample,no noise,3d-low-strong,3,low,strong,3,0,0.008548,0.0001769951206312555
3-Independent Cylindrical Mixture,indcylmix,gmpd,in sample,no noise,3d-low-weak,3,low,weak,3,0,0.006451200000000001,0.00010355577231520206
3-Independent Cylindrical Mixture,indcylmix,gmpd,in sample,with noise,2d-high-ind,2,high,ind,3,0,0.020251199999999997,0.0002853609445717272
3-Independent Cylindrical Mixture,indcylmix,gmpd,in sample,with noise,2d-high-strong,2,high,strong,3,0,0.0200741,0.00028460532658260694
3-Independent Cylindrical Mixture,indcylmix,gmpd,in sample,with noise,2d-high-weak,2,high,weak,3,0,0.0195601,0.0002779197435202905
3-Independent Cylindrical Mixture,indcylmix,gmpd,in sample,with noise,2d-low-ind,2,low,ind,3,0,0.0313867,0.0004621208355686493
3-Independent Cylindrical Mixture,indcylmix,gmpd,in sample,with noise,2d-low-strong,2,low,strong,3,0,0.0433292,0.0007705431378402685
3-Independent Cylindrical Mixture,indcylmix,gmpd,in sample,with noise,2d-low-weak,2,low,weak,3,0,0.0321915,0.0004813855738460293
3-Independent Cylindrical Mixture,indcylmix,gmpd,in sample,with noise,3d-high-ind,3,high,ind,3,0,0.003495,5.479991152392778e-05
3-Independent Cylindrical Mixture,indcylmix,gmpd,in sample,with noise,3d-high-strong,3,high,strong,3,0,0.0036527,7.106484448172761e-05
3-Independent Cylindrical Mixture,indcylmix,gmpd,in sample,with noise,3d-high-weak,3,high,weak,3,0,0.0033805999999999997,5.50632327053143e-05
3-Independent Cylindrical Mixture,indcylmix,gmpd,in sample,with noise,3d-low-ind,3,low,ind,3,0,0.0059339,9.781341751756068e-05
3-Independent Cylindrical Mixture,indcylmix,gmpd,in sample,with noise,3d-low-strong,3,low,strong,3,0,0.0079781,0.00016745085212917818
3-Independent Cylindrical Mixture,indcylmix,gmpd,in sample,with noise,3d-low-weak,3,low,weak,3,0,0.0061031,9.93991545195024e-05
3-Independent Cylindrical Mixture,indcylmix,gmpd,out of sample,no noise,2d-high-ind,2,high,ind,3,0,0.0208263,0.0005121999589806674
3-Independent Cylindrical Mixture,indcylmix,gmpd,out of sample,no noise,2d-high-strong,2,high,strong,3,0,0.0207504,0.0004949276449516366
3-Independent Cylindrical Mixture,indcylmix,gmpd,out of sample,no noise,2d-high-weak,2,high,weak,3,0,0.0201672,0.0005402170906686555
3-Independent Cylindrical Mixture,indcylmix,gmpd,out of sample,no noise,2d-low-ind,2,low,ind,3,0,0.032246199999999996,0.0008425703579409892
3-Independent Cylindrical Mixture,indcylmix,gmpd,out of sample,no noise,2d-low-strong,2,low,strong,3,0,0.0455864,0.00129373901791074
3-Independent Cylindrical Mixture,indcylmix,gmpd,out of sample,no noise,2d-low-weak,2,low,weak,3,0,0.0331495,0.0009398295299970883
3-Independent Cylindrical Mixture,indcylmix,gmpd,out of sample,no noise,3d-high-ind,3,high,ind,3,0,0.0037125,0.0001372778278535977
3-Independent Cylindrical Mixture,indcylmix,gmpd,out of sample,no noise,3d-high-strong,3,high,strong,3,0,0.0039013999999999997,0.0001622444844278926
3-Independent Cylindrical Mixture,indcylmix,gmpd,out of sample,no noise,3d-high-weak,3,high,weak,3,0,0.0035809,0.0001366119254743824
3-Independent Cylindrical Mixture,indcylmix,gmpd,out of sample,no noise,3d-low-ind,3,low,ind,3,0,0.0062538,0.0002409986797398767
3-Independent Cylindrical Mixture,indcylmix,gmpd,out of sample,no noise,3d-low-strong,3,low,strong,3,0,0.0085151,0.00039632782828707296
3-Independent Cylindrical Mixture,indcylmix,gmpd,out of sample,no noise,3d-low-weak,3,low,weak,3,0,0.0064296,0.0002597703725690181
3-Independent Cylindrical Mixture,indcylmix,gmpd,out of sample,with noise,2d-high-ind,2,high,ind,3,0,0.0201064,0.00048329993615024334
3-Independent Cylindrical Mixture,indcylmix,gmpd,out of sample,with noise,2d-high-strong,2,high,strong,3,0,0.0200467,0.00047745337706704645
3-Independent Cylindrical Mixture,indcylmix,gmpd,out of sample,with noise,2d-high-weak,2,high,weak,3,0,0.0195011,0.0005238125483974053
3-Independent Cylindrical Mixture,indcylmix,gmpd,out of sample,with noise,2d-low-ind,2,low,ind,3,0,0.031227900000000003,0.0008223706738767661
3-Independent Cylindrical Mixture,indcylmix,gmpd,out of sample,with noise,2d-low-strong,2,low,strong,3,0,0.0433869,0.0012326400139701793
3-Independent Cylindrical Mixture,indcylmix,gmpd,out of sample,with noise,2d-low-weak,2,low,weak,3,0,0.0320837,0.0009073200130387327
3-Independent Cylindrical Mixture,indcylmix,gmpd,out of sample,with noise,3d-high-ind,3,high,ind,3,0,0.0034839,0.0001276350146695528
3-Independent Cylindrical Mixture,indcylmix,gmpd,out of sample,with noise,3d-high-strong,3,high,strong,3,0,0.0036486,0.0001480173345021836
3-Independent Cylindrical Mixture,indcylmix,gmpd,out of sample,with noise,3d-high-weak,3,high,weak,3,0,0.0033652,0.0001264310408120098
3-Independent Cylindrical Mixture,indcylmix,gmpd,out of sample,with noise,3d-low-ind,3,low,ind,3,0,0.0059254,0.00022517073208092243
3-Independent Cylindrical Mixture,indcylmix,gmpd,out of sample,with noise,3d-low-strong,3,low,strong,3,0,0.007955,0.00036662947469778227
3-Independent Cylindrical Mixture,indcylmix,gmpd,out of sample,with noise,3d-low-weak,3,low,weak,3,0,0.006084000000000001,0.000245192153053869
3-Independent Cylindrical Mixture,indcylmix,training_time,training,no noise,2d-high-ind,2,high,ind,3,0,410.50910000000005,26.98138243625995
3-Independent Cylindrical Mixture,indcylmix,training_time,training,no noise,2d-high-strong,2,high,strong,3,0,526.7388,76.79958067909519
3-Independent Cylindrical Mixture,indcylmix,training_time,training,no noise,2d-high-weak,2,high,weak,3,0,519.7059,80.22938814053141
3-Independent Cylindrical Mixture,indcylmix,training_time,training,no noise,2d-low-ind,2,low,ind,3,0,415.9733,28.23046180721253
3-Independent Cylindrical Mixture,indcylmix,training_time,training,no noise,2d-low-strong,2,low,strong,3,0,307.85130000000004,50.302589218958836
3-Independent Cylindrical Mixture,indcylmix,training_time,training,no noise,2d-low-weak,2,low,weak,3,0,375.5861,41.869937550645446
3-Independent Cylindrical Mixture,indcylmix,training_time,training,no noise,3d-high-ind,3,high,ind,3,0,483.23620000000005,72.68590805554116
3-Independent Cylindrical Mixture,indcylmix,training_time,training,no noise,3d-high-strong,3,high,strong,3,0,507.3395,83.87244578747979
3-Independent Cylindrical Mixture,indcylmix,training_time,training,no noise,3d-high-weak,3,high,weak,3,0,422.6774,31.74490152716965
3-Independent Cylindrical Mixture,indcylmix,training_time,training,no noise,3d-low-ind,3,low,ind,3,0,481.14639999999997,38.25364601412181
3-Independent Cylindrical Mixture,indcylmix,training_time,training,no noise,3d-low-strong,3,low,strong,3,0,525.0973,154.00465995740504
3-Independent Cylindrical Mixture,indcylmix,training_time,training,no noise,3d-low-weak,3,low,weak,3,0,504.9757,110.52352871907027
3-Independent Cylindrical Mixture,indcylmix,training_time,training,with noise,2d-high-ind,2,high,ind,3,0,405.2957,29.0912392399353
3-Independent Cylindrical Mixture,indcylmix,training_time,training,with noise,2d-high-strong,2,high,strong,3,0,522.5848000000001,68.72516323426058
3-Independent Cylindrical Mixture,indcylmix,training_time,training,with noise,2d-high-weak,2,high,weak,3,0,510.57559999999995,67.53571663089451
3-Independent Cylindrical Mixture,indcylmix,training_time,training,with noise,2d-low-ind,2,low,ind,3,0,401.23699999999997,26.51123590655344
3-Independent Cylindrical Mixture,indcylmix,training_time,training,with noise,2d-low-strong,2,low,strong,3,0,298.9385,17.078460494985716
3-Independent Cylindrical Mixture,indcylmix,training_time,training,with noise,2d-low-weak,2,low,weak,3,0,364.0277,40.54294527816501
3-Independent Cylindrical Mixture,indcylmix,training_time,training,with noise,3d-high-ind,3,high,ind,3,0,456.4132,56.05996828577432
3-Independent Cylindrical Mixture,indcylmix,training_time,training,with noise,3d-high-strong,3,high,strong,3,0,514.002,92.81219356715732
3-Independent Cylindrical Mixture,indcylmix,training_time,training,with noise,3d-high-weak,3,high,weak,3,0,413.4017,26.69007359289104
3-Independent Cylindrical Mixture,indcylmix,training_time,training,with noise,3d-low-ind,3,low,ind,3,0,472.92629999999997,43.075599684646484
3-Independent Cylindrical Mixture,indcylmix,training_time,training,with noise,3d-low-strong,3,low,strong,3,0,499.9771,157.0921499964112
3-Independent Cylindrical Mixture,indcylmix,training_time,training,with noise,3d-low-weak,3,low,weak,3,0,477.4532,111.16877484603167
4-Cylindrical Mixture,cylmix,aic,in sample,no noise,2d-high-ind,2,high,ind,4,0,61897.7641928,227.3029115145221
4-Cylindrical Mixture,cylmix,aic,in sample,no noise,2d-high-strong,2,high,strong,4,0,58732.3007134,256.45517868740694
4-Cylindrical Mixture,cylmix,aic,in sample,no noise,2d-high-weak,2,high,weak,4,0,62332.4918762,220.87955714734076
4-Cylindrical Mixture,cylmix,aic,in sample,no noise,2d-low-ind,2,low,ind,4,0,54956.3063576,237.06794481643294
4-Cylindrical Mixture,cylmix,aic,in sample,no noise,2d-low-strong,2,low,strong,4,0,47056.23371760001,258.23591240729536
4-Cylindrical Mixture,cylmix,aic,in sample,no noise,2d-low-weak,2,low,weak,4,0,54435.3507283,236.7926145282345
4-Cylindrical Mixture,cylmix,aic,in sample,no noise,3d-high-ind,3,high,ind,4,0,89520.75099160001,242.4332327231188
4-Cylindrical Mixture,cylmix,aic,in sample,no noise,3d-high-strong,3,high,strong,4,0,81354.7938864,787.7540770956917
4-Cylindrical Mixture,cylmix,aic,in sample,no noise,3d-high-weak,3,high,weak,4,0,89546.24800519999,242.1648387389348
4-Cylindrical Mixture,cylmix,aic,in sample,no noise,3d-low-ind,3,low,ind,4,0,81299.08028699999,254.50623602357192
4-Cylindrical Mixture,cylmix,aic,in sample,no noise,3d-low-strong,3,low,strong,4,0,69050.3191345,270.80739191833334
4-Cylindrical Mixture,cylmix,aic,in sample,no noise,3d-low-weak,3,low,weak,4,0,80446.6972003,251.76322887168797
4-Cylindrical Mixture,cylmix,aic,in sample,with noise,2d-high-ind,2,high,ind,4,0,62452.536075799995,227.53705392782354
4-Cylindrical Mixture,cylmix,aic,in sample,with noise,2d-high-strong,2,high,strong,4,0,60032.2288542,226.7542814780103
4-Cylindrical Mixture,cylmix,aic,in sample,with noise,2d-high-weak,2,high,weak,4,0,62884.314325900006,224.08924580274197
4-Cylindrical Mixture,cylmix,aic,in sample,with noise,2d-low-ind,2,low,ind,4,0,55458.3784346,236.45312760637592
4-Cylindrical Mixture,cylmix,aic,in sample,with noise,2d-low-strong,2,low,strong,4,0,48133.8604093,262.32856509789985
4-Cylindrical Mixture,cylmix,aic,in sample,with noise,2d-low-weak,2,low,weak,4,0,54970.3021659,239.27189494494831
4-Cylindrical Mixture,cylmix,aic,in sample,with noise,3d-high-ind,3,high,ind,4,0,90535.2773935,248.0061355937229
4-Cylindrical Mixture,cylmix,aic,in sample,with noise,3d-high-strong,3,high,strong,4,0,83495.6279535,585.2361344737058
4-Cylindrical Mixture,cylmix,aic,in sample,with noise,3d-high-weak,3,high,weak,4,0,90589.517423,248.4921867332755
4-Cylindrical Mixture,cylmix,aic,in sample,with noise,3d-low-ind,3,low,ind,4,0,82157.8781338,261.27980285199993
4-Cylindrical Mixture,cylmix,aic,in sample,with noise,3d-low-strong,3,low,strong,4,0,70861.2938725,286.6520910918349
4-Cylindrical Mixture,cylmix,aic,in sample,with noise,3d-low-weak,3,low,weak,4,0,81352.1400595,254.03582674052802
4-Cylindrical Mixture,cylmix,aic,out of sample,no noise,2d-high-ind,2,high,ind,4,0,15581.4163815,96.79435238131744
4-Cylindrical Mixture,cylmix,aic,out of sample,no noise,2d-high-strong,2,high,strong,4,0,14775.4656486,103.59383121739147
4-Cylindrical Mixture,cylmix,aic,out of sample,no noise,2d-high-weak,2,high,weak,4,0,15677.9680448,104.52037957148764
4-Cylindrical Mixture,cylmix,aic,out of sample,no noise,2d-low-ind,2,low,ind,4,0,13836.8834293,103.82075023852603
4-Cylindrical Mixture,cylmix,aic,out of sample,no noise,2d-low-strong,2,low,strong,4,0,11850.7391088,99.53391326125215
4-Cylindrical Mixture,cylmix,aic,out of sample,no noise,2d-low-weak,2,low,weak,4,0,13703.7908439,110.86305260825837
4-Cylindrical Mixture,cylmix,aic,out of sample,no noise,3d-high-ind,3,high,ind,4,0,22546.7302934,149.22937004065855
4-Cylindrical Mixture,cylmix,aic,out of sample,no noise,3d-high-strong,3,high,strong,4,0,20493.8717238,247.90366745952542
4-Cylindrical Mixture,cylmix,aic,out of sample,no noise,3d-high-weak,3,high,weak,4,0,22554.5836205,150.48086901396223
4-Cylindrical Mixture,cylmix,aic,out of sample,no noise,3d-low-ind,3,low,ind,4,0,20486.7802336,153.06375821740187
4-Cylindrical Mixture,cylmix,aic,out of sample,no noise,3d-low-strong,3,low,strong,4,0,17421.3876149,157.88316181462457
4-Cylindrical Mixture,cylmix,aic,out of sample,no noise,3d-low-weak,3,low,weak,4,0,20276.1336583,162.4273483076413
4-Cylindrical Mixture,cylmix,aic,out of sample,with noise,2d-high-ind,2,high,ind,4,0,15722.5254252,94.23631226418205
4-Cylindrical Mixture,cylmix,aic,out of sample,with noise,2d-high-strong,2,high,strong,4,0,15095.7077597,94.62879222643589
4-Cylindrical Mixture,cylmix,aic,out of sample,with noise,2d-high-weak,2,high,weak,4,0,15814.711337699999,105.82592115730796
4-Cylindrical Mixture,cylmix,aic,out of sample,with noise,2d-low-ind,2,low,ind,4,0,13965.151415299999,105.23681772052186
4-Cylindrical Mixture,cylmix,aic,out of sample,with noise,2d-low-strong,2,low,strong,4,0,12120.076943999999,101.92734628514894
4-Cylindrical Mixture,cylmix,aic,out of sample,with noise,2d-low-weak,2,low,weak,4,0,13836.7234142,110.89335195274882
4-Cylindrical Mixture,cylmix,aic,out of sample,with noise,3d-high-ind,3,high,ind,4,0,22803.160927300003,145.33687843855466
4-Cylindrical Mixture,cylmix,aic,out of sample,with noise,3d-high-strong,3,high,strong,4,0,21032.4529861,183.94436070280267
4-Cylindrical Mixture,cylmix,aic,out of sample,with noise,3d-high-weak,3,high,weak,4,0,22817.340301,147.74748611468297
4-Cylindrical Mixture,cylmix,aic,out of sample,with noise,3d-low-ind,3,low,ind,4,0,20701.9545793,150.12931891250665
4-Cylindrical Mixture,cylmix,aic,out of sample,with noise,3d-low-strong,3,low,strong,4,0,17868.4367589,158.74824670019473
4-Cylindrical Mixture,cylmix,aic,out of sample,with noise,3d-low-weak,3,low,weak,4,0,20502.9632682,163.00172189742412
4-Cylindrical Mixture,cylmix,ari,in sample,no noise,2d-high-ind,2,high,ind,4,0,0.2579735,0.02494605097692688
4-Cylindrical Mixture,cylmix,ari,in sample,no noise,2d-high-strong,2,high,strong,4,0,0.7456085,0.046863302551251144
4-Cylindrical Mixture,cylmix,ari,in sample,no noise,2d-high-weak,2,high,weak,4,0,0.25740999999999997,0.029602269671377728
4-Cylindrical Mixture,cylmix,ari,in sample,no noise,2d-low-ind,2,low,ind,4,0,0.018843099999999998,0.0042679867027615595
4-Cylindrical Mixture,cylmix,ari,in sample,no noise,2d-low-strong,2,low,strong,4,0,0.031233,0.016886558906928664
4-Cylindrical Mixture,cylmix,ari,in sample,no noise,2d-low-weak,2,low,weak,4,0,0.0120918,0.007037945547910522
4-Cylindrical Mixture,cylmix,ari,in sample,no noise,3d-high-ind,3,high,ind,4,0,0.2874849,0.02905704363555219
4-Cylindrical Mixture,cylmix,ari,in sample,no noise,3d-high-strong,3,high,strong,4,0,0.6479281,0.1930593420660596
4-Cylindrical Mixture,cylmix,ari,in sample,no noise,3d-high-weak,3,high,weak,4,0,0.3233213,0.04120862593958069
4-Cylindrical Mixture,cylmix,ari,in sample,no noise,3d-low-ind,3,low,ind,4,0,0.0236928,0.003853881705763711
4-Cylindrical Mixture,cylmix,ari,in sample,no noise,3d-low-strong,3,low,strong,4,0,0.0594621,0.028085169359818658
4-Cylindrical Mixture,cylmix,ari,in sample,no noise,3d-low-weak,3,low,weak,4,0,0.0066974999999999995,0.0034936107266109228
4-Cylindrical Mixture,cylmix,ari,in sample,with noise,2d-high-ind,2,high,ind,4,0,0.24749600000000002,0.023498102652827698
4-Cylindrical Mixture,cylmix,ari,in sample,with noise,2d-high-strong,2,high,strong,4,0,0.7156935,0.02886185170057281
4-Cylindrical Mixture,cylmix,ari,in sample,with noise,2d-high-weak,2,high,weak,4,0,0.2475791,0.025199098873378456
4-Cylindrical Mixture,cylmix,ari,in sample,with noise,2d-low-ind,2,low,ind,4,0,0.0189429,0.003879295805877008
4-Cylindrical Mixture,cylmix,ari,in sample,with noise,2d-low-strong,2,low,strong,4,0,0.022183,0.012599925083952369
4-Cylindrical Mixture,cylmix,ari,in sample,with noise,2d-low-weak,2,low,weak,4,0,0.0121181,0.006914075337142106
4-Cylindrical Mixture,cylmix,ari,in sample,with noise,3d-high-ind,3,high,ind,4,0,0.27786829999999996,0.026721401896289625
4-Cylindrical Mixture,cylmix,ari,in sample,with noise,3d-high-strong,3,high,strong,4,0,0.654298,0.15296771495378306
4-Cylindrical Mixture,cylmix,ari,in sample,with noise,3d-high-weak,3,high,weak,4,0,0.30925539999999996,0.03488224066741982
4-Cylindrical Mixture,cylmix,ari,in sample,with noise,3d-low-ind,3,low,ind,4,0,0.0227686,0.003778257847690701
4-Cylindrical Mixture,cylmix,ari,in sample,with noise,3d-low-strong,3,low,strong,4,0,0.0430425,0.026646881993011774
4-Cylindrical Mixture,cylmix,ari,in sample,with noise,3d-low-weak,3,low,weak,4,0,0.0066274,0.0039348722259234074
4-Cylindrical Mixture,cylmix,ari,out of sample,no noise,2d-high-ind,2,high,ind,4,0,0.2576072,0.025516114024457
4-Cylindrical Mixture,cylmix,ari,out of sample,no noise,2d-high-strong,2,high,strong,4,0,0.748032,0.046758667429664634
4-Cylindrical Mixture,cylmix,ari,out of sample,no noise,2d-high-weak,2,high,weak,4,0,0.2594546,0.030555121061300126
4-Cylindrical Mixture,cylmix,ari,out of sample,no noise,2d-low-ind,2,low,ind,4,0,0.019336,0.0060223751145376215
4-Cylindrical Mixture,cylmix,ari,out of sample,no noise,2d-low-strong,2,low,strong,4,0,0.0314638,0.016254045760854725
4-Cylindrical Mixture,cylmix,ari,out of sample,no noise,2d-low-weak,2,low,weak,4,0,0.0117603,0.0077322825115475335
4-Cylindrical Mixture,cylmix,ari,out of sample,no noise,3d-high-ind,3,high,ind,4,0,0.29016190000000003,0.030260404761891985
4-Cylindrical Mixture,cylmix,ari,out of sample,no noise,3d-high-strong,3,high,strong,4,0,0.6496335000000001,0.19313951958887182
4-Cylindrical Mixture,cylmix,ari,out of sample,no noise,3d-high-weak,3,high,weak,4,0,0.3262742,0.042548397142002134
4-Cylindrical Mixture,cylmix,ari,out of sample,no noise,3d-low-ind,3,low,ind,4,0,0.0237431,0.004705093456494083
4-Cylindrical Mixture,cylmix,ari,out of sample,no noise,3d-low-strong,3,low,strong,4,0,0.059558,0.02762421251677081
4-Cylindrical Mixture,cylmix,ari,out of sample,no noise,3d-low-weak,3,low,weak,4,0,0.0061519,0.0034900208951358517
4-Cylindrical Mixture,cylmix,ari,out of sample,with noise,2d-high-ind,2,high,ind,4,0,0.247975,0.026202277929349357
4-Cylindrical Mixture,cylmix,ari,out of sample,with noise,2d-high-strong,2,high,strong,4,0,0.7178338,0.03155432717064204
4-Cylindrical Mixture,cylmix,ari,out of sample,with noise,2d-high-weak,2,high,weak,4,0,0.2495347,0.02465882711027728
4-Cylindrical Mixture,cylmix,ari,out of sample,with noise,2d-low-ind,2,low,ind,4,0,0.0192004,0.005054731740626496
4-Cylindrical Mixture,cylmix,ari,out of sample,with noise,2d-low-strong,2,low,strong,4,0,0.0227303,0.012596052648879068
4-Cylindrical Mixture,cylmix,ari,out of sample,with noise,2d-low-weak,2,low,weak,4,0,0.011901,0.0073691485603867785
4-Cylindrical Mixture,cylmix,ari,out of sample,with noise,3d-high-ind,3,high,ind,4,0,0.2802139,0.029893928808135253
4-Cylindrical Mixture,cylmix,ari,out of sample,with noise,3d-high-strong,3,high,strong,4,0,0.6568979,0.15432931042793407
4-Cylindrical Mixture,cylmix,ari,out of sample,with noise,3d-high-weak,3,high,weak,4,0,0.3112908,0.03359475848005657
4-Cylindrical Mixture,cylmix,ari,out of sample,with noise,3d-low-ind,3,low,ind,4,0,0.0226316,0.004755466332590742
4-Cylindrical Mixture,cylmix,ari,out of sample,with noise,3d-low-strong,3,low,strong,4,0,0.0425674,0.02626964667836362
4-Cylindrical Mixture,cylmix,ari,out of sample,with noise,3d-low-weak,3,low,weak,4,0,0.0062774,0.0038731240803018614
4-Cylindrical Mixture,cylmix,avg_ll,in sample,no noise,2d-high-ind,2,high,ind,4,0,-3.8627355999999997,0.01420623567168997
4-Cylindrical Mixture,cylmix,avg_ll,in sample,no noise,2d-high-strong,2,high,strong,4,0,-3.6648935,0.016028523147593156
4-Cylindrical Mixture,cylmix,avg_ll,in sample,no noise,2d-high-weak,2,high,weak,4,0,-3.889905,0.013805266854693292
4-Cylindrical Mixture,cylmix,avg_ll,in sample,no noise,2d-low-ind,2,low,ind,4,0,-3.4288946,0.01481667818249536
4-Cylindrical Mixture,cylmix,avg_ll,in sample,no noise,2d-low-strong,2,low,strong,4,0,-2.9351398,0.016140184869956345
4-Cylindrical Mixture,cylmix,avg_ll,in sample,no noise,2d-low-weak,2,low,weak,4,0,-3.3963341000000002,0.014799672812039923
4-Cylindrical Mixture,cylmix,avg_ll,in sample,no noise,3d-high-ind,3,high,ind,4,0,-5.5841719,0.01515246672554293
4-Cylindrical Mixture,cylmix,avg_ll,in sample,no noise,3d-high-strong,3,high,strong,4,0,-5.0737996,0.04923437166628359
4-Cylindrical Mixture,cylmix,avg_ll,in sample,no noise,3d-high-weak,3,high,weak,4,0,-5.5857657,0.015135483711524305
4-Cylindrical Mixture,cylmix,avg_ll,in sample,no noise,3d-low-ind,3,low,ind,4,0,-5.070317800000001,0.01590691302483911
4-Cylindrical Mixture,cylmix,avg_ll,in sample,no noise,3d-low-strong,3,low,strong,4,0,-4.3047702,0.016925377036816305
4-Cylindrical Mixture,cylmix,avg_ll,in sample,no noise,3d-low-weak,3,low,weak,4,0,-5.0170439,0.015735290831937438
4-Cylindrical Mixture,cylmix,avg_ll,in sample,with noise,2d-high-ind,2,high,ind,4,0,-3.897409,0.014221706307719559
4-Cylindrical Mixture,cylmix,avg_ll,in sample,with noise,2d-high-strong,2,high,strong,4,0,-3.7461390999999997,0.014171771992381227
4-Cylindrical Mixture,cylmix,avg_ll,in sample,with noise,2d-high-weak,2,high,weak,4,0,-3.9243943000000003,0.014005925748436109
4-Cylindrical Mixture,cylmix,avg_ll,in sample,with noise,2d-low-ind,2,low,ind,4,0,-3.4602735,0.014778132587637017
4-Cylindrical Mixture,cylmix,avg_ll,in sample,with noise,2d-low-strong,2,low,strong,4,0,-3.0024913,0.016395340533890145
4-Cylindrical Mixture,cylmix,avg_ll,in sample,with noise,2d-low-weak,2,low,weak,4,0,-3.429769,0.014954741722945204
4-Cylindrical Mixture,cylmix,avg_ll,in sample,with noise,3d-high-ind,3,high,ind,4,0,-5.6475797,0.015500818971847293
4-Cylindrical Mixture,cylmix,avg_ll,in sample,with noise,3d-high-strong,3,high,strong,4,0,-5.2076016,0.03657756578322642
4-Cylindrical Mixture,cylmix,avg_ll,in sample,with noise,3d-high-weak,3,high,weak,4,0,-5.6509694,0.015530743497198041
4-Cylindrical Mixture,cylmix,avg_ll,in sample,with noise,3d-low-ind,3,low,ind,4,0,-5.1239922,0.016329769405857727
4-Cylindrical Mixture,cylmix,avg_ll,in sample,with noise,3d-low-strong,3,low,strong,4,0,-4.4179558,0.017915725735969005
4-Cylindrical Mixture,cylmix,avg_ll,in sample,with noise,3d-low-weak,3,low,weak,4,0,-5.0736341,0.015877504835076578
4-Cylindrical Mixture,cylmix,avg_ll,out of sample,no noise,2d-high-ind,2,high,ind,4,0,-3.8718540000000004,0.024198670929360445
4-Cylindrical Mixture,cylmix,avg_ll,out of sample,no noise,2d-high-strong,2,high,strong,4,0,-3.6703663,0.025898552342639578
4-Cylindrical Mixture,cylmix,avg_ll,out of sample,no noise,2d-high-weak,2,high,weak,4,0,-3.895992,0.0261295751781368
4-Cylindrical Mixture,cylmix,avg_ll,out of sample,no noise,2d-low-ind,2,low,ind,4,0,-3.4357209,0.025955035131487874
4-Cylindrical Mixture,cylmix,avg_ll,out of sample,no noise,2d-low-strong,2,low,strong,4,0,-2.9391844,0.02488384301249918
4-Cylindrical Mixture,cylmix,avg_ll,out of sample,no noise,2d-low-weak,2,low,weak,4,0,-3.4024474,0.027716453036586243
4-Cylindrical Mixture,cylmix,avg_ll,out of sample,no noise,3d-high-ind,3,high,ind,4,0,-5.5931829,0.03730732311720741
4-Cylindrical Mixture,cylmix,avg_ll,out of sample,no noise,3d-high-strong,3,high,strong,4,0,-5.079968,0.061976034876312466
4-Cylindrical Mixture,cylmix,avg_ll,out of sample,no noise,3d-high-weak,3,high,weak,4,0,-5.5951455999999995,0.03762028961272688
4-Cylindrical Mixture,cylmix,avg_ll,out of sample,no noise,3d-low-ind,3,low,ind,4,0,-5.0781949,0.038266294225169833
4-Cylindrical Mixture,cylmix,avg_ll,out of sample,no noise,3d-low-strong,3,low,strong,4,0,-4.3118467,0.039470416310795065
4-Cylindrical Mixture,cylmix,avg_ll,out of sample,no noise,3d-low-weak,3,low,weak,4,0,-5.0255334,0.040607261012152625
4-Cylindrical Mixture,cylmix,avg_ll,out of sample,with noise,2d-high-ind,2,high,ind,4,0,-3.9071312000000002,0.02355881933039977
4-Cylindrical Mixture,cylmix,avg_ll,out of sample,with noise,2d-high-strong,2,high,strong,4,0,-3.7504272,0.0236568645548318
4-Cylindrical Mixture,cylmix,avg_ll,out of sample,with noise,2d-high-weak,2,high,weak,4,0,-3.9301781,0.02645645970249796
4-Cylindrical Mixture,cylmix,avg_ll,out of sample,with noise,2d-low-ind,2,low,ind,4,0,-3.4677874,0.02630945256332445
4-Cylindrical Mixture,cylmix,avg_ll,out of sample,with noise,2d-low-strong,2,low,strong,4,0,-3.0065194,0.025481625141234247
4-Cylindrical Mixture,cylmix,avg_ll,out of sample,with noise,2d-low-weak,2,low,weak,4,0,-3.4356806,0.027723468955913384
4-Cylindrical Mixture,cylmix,avg_ll,out of sample,with noise,3d-high-ind,3,high,ind,4,0,-5.6572902,0.036334458030410154
4-Cylindrical Mixture,cylmix,avg_ll,out of sample,with noise,3d-high-strong,3,high,strong,4,0,-5.2146132,0.04598594119550412
4-Cylindrical Mixture,cylmix,avg_ll,out of sample,with noise,3d-high-weak,3,high,weak,4,0,-5.6608347000000006,0.036936719390100424
4-Cylindrical Mixture,cylmix,avg_ll,out of sample,with noise,3d-low-ind,3,low,ind,4,0,-5.1319886,0.03753247517776695
4-Cylindrical Mixture,cylmix,avg_ll,out of sample,with noise,3d-low-strong,3,low,strong,4,0,-4.4236091,0.03968700316720756
4-Cylindrical Mixture,cylmix,avg_ll,out of sample,with noise,3d-low-weak,3,low,weak,4,0,-5.0822411,0.04075031357368358
4-Cylindrical Mixture,cylmix,bic,in sample,no noise,2d-high-ind,2,high,ind,4,0,62226.16244389999,227.302911580643
4-Cylindrical Mixture,cylmix,bic,in sample,no noise,2d-high-strong,2,high,strong,4,0,59060.698964,256.4551785851628
4-Cylindrical Mixture,cylmix,bic,in sample,no noise,2d-high-weak,2,high,weak,4,0,62660.8901268,220.87955718345142
4-Cylindrical Mixture,cylmix,bic,in sample,no noise,2d-low-ind,2,low,ind,4,0,55284.7046081,237.06794425476932
4-Cylindrical Mixture,cylmix,bic,in sample,no noise,2d-low-strong,2,low,strong,4,0,47384.6319686,258.2359124306372
4-Cylindrical Mixture,cylmix,bic,in sample,no noise,2d-low-weak,2,low,weak,4,0,54763.7489787,236.79261472245344
4-Cylindrical Mixture,cylmix,bic,in sample,no noise,3d-high-ind,3,high,ind,4,0,90128.63711449999,242.43323285725802
4-Cylindrical Mixture,cylmix,bic,in sample,no noise,3d-high-strong,3,high,strong,4,0,81962.6800099,787.7540782111041
4-Cylindrical Mixture,cylmix,bic,in sample,no noise,3d-high-weak,3,high,weak,4,0,90154.1341285,242.1648387312533
4-Cylindrical Mixture,cylmix,bic,in sample,no noise,3d-low-ind,3,low,ind,4,0,81906.9664113,254.50623621832634
4-Cylindrical Mixture,cylmix,bic,in sample,no noise,3d-low-strong,3,low,strong,4,0,69658.2052574,270.8073920449532
4-Cylindrical Mixture,cylmix,bic,in sample,no noise,3d-low-weak,3,low,weak,4,0,81054.5833233,251.7632297143221
4-Cylindrical Mixture,cylmix,bic,in sample,with noise,2d-high-ind,2,high,ind,4,0,62780.9343263,227.5370541848279
4-Cylindrical Mixture,cylmix,bic,in sample,with noise,2d-high-strong,2,high,strong,4,0,60360.627104700005,226.75428141042295
4-Cylindrical Mixture,cylmix,bic,in sample,with noise,2d-high-weak,2,high,weak,4,0,63212.7125768,224.08924586193558
4-Cylindrical Mixture,cylmix,bic,in sample,with noise,2d-low-ind,2,low,ind,4,0,55786.7766852,236.4531278050745
4-Cylindrical Mixture,cylmix,bic,in sample,with noise,2d-low-strong,2,low,strong,4,0,48462.258659800005,262.328565107001
4-Cylindrical Mixture,cylmix,bic,in sample,with noise,2d-low-weak,2,low,weak,4,0,55298.7004164,239.27189466974065
4-Cylindrical Mixture,cylmix,bic,in sample,with noise,3d-high-ind,3,high,ind,4,0,91143.16351700001,248.00613522767583
4-Cylindrical Mixture,cylmix,bic,in sample,with noise,3d-high-strong,3,high,strong,4,0,84103.5140777,585.2361350727406
4-Cylindrical Mixture,cylmix,bic,in sample,with noise,3d-high-weak,3,high,weak,4,0,91197.4035455,248.4921857745557
4-Cylindrical Mixture,cylmix,bic,in sample,with noise,3d-low-ind,3,low,ind,4,0,82765.7642575,261.27980290521043
4-Cylindrical Mixture,cylmix,bic,in sample,with noise,3d-low-strong,3,low,strong,4,0,71469.1799956,286.6520910782423
4-Cylindrical Mixture,cylmix,bic,in sample,with noise,3d-low-weak,3,low,weak,4,0,81960.0261823,254.03582641512682
4-Cylindrical Mixture,cylmix,bic,out of sample,no noise,2d-high-ind,2,high,ind,4,0,15844.658797299999,96.79435257769134
4-Cylindrical Mixture,cylmix,bic,out of sample,no noise,2d-high-strong,2,high,strong,4,0,15038.708064299999,103.59383133296109
4-Cylindrical Mixture,cylmix,bic,out of sample,no noise,2d-high-weak,2,high,weak,4,0,15941.210459799999,104.52037997701285
4-Cylindrical Mixture,cylmix,bic,out of sample,no noise,2d-low-ind,2,low,ind,4,0,14100.1258442,103.82075087790047
4-Cylindrical Mixture,cylmix,bic,out of sample,no noise,2d-low-strong,2,low,strong,4,0,12113.981524,99.53391290174837
4-Cylindrical Mixture,cylmix,bic,out of sample,no noise,2d-low-weak,2,low,weak,4,0,13967.033258799998,110.86305228227585
4-Cylindrical Mixture,cylmix,bic,out of sample,no noise,3d-high-ind,3,high,ind,4,0,23034.008807299997,149.22937032013644
4-Cylindrical Mixture,cylmix,bic,out of sample,no noise,3d-high-strong,3,high,strong,4,0,20981.150237500002,247.9036673375918
4-Cylindrical Mixture,cylmix,bic,out of sample,no noise,3d-high-weak,3,high,weak,4,0,23041.862133900002,150.4808685583211
4-Cylindrical Mixture,cylmix,bic,out of sample,no noise,3d-low-ind,3,low,ind,4,0,20974.058747299998,153.06375705756673
4-Cylindrical Mixture,cylmix,bic,out of sample,no noise,3d-low-strong,3,low,strong,4,0,17908.6661282,157.8831626975119
4-Cylindrical Mixture,cylmix,bic,out of sample,no noise,3d-low-weak,3,low,weak,4,0,20763.412171,162.42734872277788
4-Cylindrical Mixture,cylmix,bic,out of sample,with noise,2d-high-ind,2,high,ind,4,0,15985.767841,94.23631176872117
4-Cylindrical Mixture,cylmix,bic,out of sample,with noise,2d-high-strong,2,high,strong,4,0,15358.9501754,94.62879240295146
4-Cylindrical Mixture,cylmix,bic,out of sample,with noise,2d-high-weak,2,high,weak,4,0,16077.9537537,105.82592143433675
4-Cylindrical Mixture,cylmix,bic,out of sample,with noise,2d-low-ind,2,low,ind,4,0,14228.3938302,105.23681792925804
4-Cylindrical Mixture,cylmix,bic,out of sample,with noise,2d-low-strong,2,low,strong,4,0,12383.319359699999,101.92734595165392
4-Cylindrical Mixture,cylmix,bic,out of sample,with noise,2d-low-weak,2,low,weak,4,0,14099.9658301,110.89335219215687
4-Cylindrical Mixture,cylmix,bic,out of sample,with noise,3d-high-ind,3,high,ind,4,0,23290.439441,145.33687875395785
4-Cylindrical Mixture,cylmix,bic,out of sample,with noise,3d-high-strong,3,high,strong,4,0,21519.7315006,183.94436114906028
4-Cylindrical Mixture,cylmix,bic,out of sample,with noise,3d-high-weak,3,high,weak,4,0,23304.6188147,147.74748611132728
4-Cylindrical Mixture,cylmix,bic,out of sample,with noise,3d-low-ind,3,low,ind,4,0,21189.233093400002,150.1293201246201
4-Cylindrical Mixture,cylmix,bic,out of sample,with noise,3d-low-strong,3,low,strong,4,0,18355.715272899997,158.748246682019
4-Cylindrical Mixture,cylmix,bic,out of sample,with noise,3d-low-weak,3,low,weak,4,0,20990.241782399997,163.0017228629564
4-Cylindrical Mixture,cylmix,em_iters,training,no noise,2d-high-ind,2,high,ind,4,0,31.84,3.765124382561831
4-Cylindrical Mixture,cylmix,em_iters,training,no noise,2d-high-strong,2,high,strong,4,0,67.4,13.855677463761845
4-Cylindrical Mixture,cylmix,em_iters,training,no noise,2d-high-weak,2,high,weak,4,0,34.36,5.164994841930794
4-Cylindrical Mixture,cylmix,em_iters,training,no noise,2d-low-ind,2,low,ind,4,0,31.29,2.618099395447859
4-Cylindrical Mixture,cylmix,em_iters,training,no noise,2d-low-strong,2,low,strong,4,0,51.25,16.361061806445914
4-Cylindrical Mixture,cylmix,em_iters,training,no noise,2d-low-weak,2,low,weak,4,0,31.31,2.838035314164439
4-Cylindrical Mixture,cylmix,em_iters,training,no noise,3d-high-ind,3,high,ind,4,0,28.4,4.550502247782184
4-Cylindrical Mixture,cylmix,em_iters,training,no noise,3d-high-strong,3,high,strong,4,0,55.54,21.98963024663758
4-Cylindrical Mixture,cylmix,em_iters,training,no noise,3d-high-weak,3,high,weak,4,0,33.57,8.876543826458041
4-Cylindrical Mixture,cylmix,em_iters,training,no noise,3d-low-ind,3,low,ind,4,0,28.4,4.921607686744468
4-Cylindrical Mixture,cylmix,em_iters,training,no noise,3d-low-strong,3,low,strong,4,0,68.32,15.908120028095176
4-Cylindrical Mixture,cylmix,em_iters,training,no noise,3d-low-weak,3,low,weak,4,0,28.95,4.6544754177180305
4-Cylindrical Mixture,cylmix,em_iters,training,with noise,2d-high-ind,2,high,ind,4,0,31.68,3.165087325458458
4-Cylindrical Mixture,cylmix,em_iters,training,with noise,2d-high-strong,2,high,strong,4,0,76.62,21.507236273431605
4-Cylindrical Mixture,cylmix,em_iters,training,with noise,2d-high-weak,2,high,weak,4,0,33.88,5.407215530934549
4-Cylindrical Mixture,cylmix,em_iters,training,with noise,2d-low-ind,2,low,ind,4,0,31.02,2.4617477572249395
4-Cylindrical Mixture,cylmix,em_iters,training,with noise,2d-low-strong,2,low,strong,4,0,47.25,14.053559166720904
4-Cylindrical Mixture,cylmix,em_iters,training,with noise,2d-low-weak,2,low,weak,4,0,31.13,2.6425232814356234
4-Cylindrical Mixture,cylmix,em_iters,training,with noise,3d-high-ind,3,high,ind,4,0,28.5,4.093601807403324
4-Cylindrical Mixture,cylmix,em_iters,training,with noise,3d-high-strong,3,high,strong,4,0,65.83,20.848203178153643
4-Cylindrical Mixture,cylmix,em_iters,training,with noise,3d-high-weak,3,high,weak,4,0,31.82,5.612720041354836
4-Cylindrical Mixture,cylmix,em_iters,training,with noise,3d-low-ind,3,low,ind,4,0,28.04,4.980608863027155
4-Cylindrical Mixture,cylmix,em_iters,training,with noise,3d-low-strong,3,low,strong,4,0,66.27,15.488578392030066
4-Cylindrical Mixture,cylmix,em_iters,training,with noise,3d-low-weak,3,low,weak,4,0,28.62,5.348047883257606
4-Cylindrical Mixture,cylmix,gmpd,in sample,no noise,2d-high-ind,2,high,ind,4,0,0.0210127,0.0002976468485716695
4-Cylindrical Mixture,cylmix,gmpd,in sample,no noise,2d-high-strong,2,high,strong,4,0,0.025610300000000003,0.0004071022381702568
4-Cylindrical Mixture,cylmix,gmpd,in sample,no noise,2d-high-weak,2,high,weak,4,0,0.0204495,0.00028179215422331815
4-Cylindrical Mixture,cylmix,gmpd,in sample,no noise,2d-low-ind,2,low,ind,4,0,0.0324265,0.0004792531542500125
4-Cylindrical Mixture,cylmix,gmpd,in sample,no noise,2d-low-strong,2,low,strong,4,0,0.053130300000000005,0.0008574020602548681
4-Cylindrical Mixture,cylmix,gmpd,in sample,no noise,2d-low-weak,2,low,weak,4,0,0.0334994,0.0004947294332473182
4-Cylindrical Mixture,cylmix,gmpd,in sample,no noise,3d-high-ind,3,high,ind,4,0,0.0037572,5.690821956928059e-05
4-Cylindrical Mixture,cylmix,gmpd,in sample,no noise,3d-high-strong,3,high,strong,4,0,0.0062658,0.00030270224060063785
4-Cylindrical Mixture,cylmix,gmpd,in sample,no noise,3d-high-weak,3,high,weak,4,0,0.0037508000000000003,5.6383965053475215e-05
4-Cylindrical Mixture,cylmix,gmpd,in sample,no noise,3d-low-ind,3,low,ind,4,0,0.0062815,0.00010017535131009532
4-Cylindrical Mixture,cylmix,gmpd,in sample,no noise,3d-low-strong,3,low,strong,4,0,0.0135065,0.00022847485107940752
4-Cylindrical Mixture,cylmix,gmpd,in sample,no noise,3d-low-weak,3,low,weak,4,0,0.0066247,0.00010429614982676424
4-Cylindrical Mixture,cylmix,gmpd,in sample,with noise,2d-high-ind,2,high,ind,4,0,0.0202963,0.00028783993517722344
4-Cylindrical Mixture,cylmix,gmpd,in sample,with noise,2d-high-strong,2,high,strong,4,0,0.023611200000000002,0.00033394876519876165
4-Cylindrical Mixture,cylmix,gmpd,in sample,with noise,2d-high-weak,2,high,weak,4,0,0.019756,0.00027647127090597265
4-Cylindrical Mixture,cylmix,gmpd,in sample,with noise,2d-low-ind,2,low,ind,4,0,0.0314247,0.00046255429383746413
4-Cylindrical Mixture,cylmix,gmpd,in sample,with noise,2d-low-strong,2,low,strong,4,0,0.0496694,0.0008146906458802929
4-Cylindrical Mixture,cylmix,gmpd,in sample,with noise,2d-low-weak,2,low,weak,4,0,0.032397800000000004,0.00048365940933928344
4-Cylindrical Mixture,cylmix,gmpd,in sample,with noise,3d-high-ind,3,high,ind,4,0,0.0035265999999999995,5.4831606309728434e-05
4-Cylindrical Mixture,cylmix,gmpd,in sample,with noise,3d-high-strong,3,high,strong,4,0,0.0054786999999999995,0.00019708304663955043
4-Cylindrical Mixture,cylmix,gmpd,in sample,with noise,3d-high-weak,3,high,weak,4,0,0.0035152,5.416920739961991e-05
4-Cylindrical Mixture,cylmix,gmpd,in sample,with noise,3d-low-ind,3,low,ind,4,0,0.0059533,9.691248785904892e-05
4-Cylindrical Mixture,cylmix,gmpd,in sample,with noise,3d-low-strong,3,low,strong,4,0,0.0120609,0.00021627748263503864
4-Cylindrical Mixture,cylmix,gmpd,in sample,with noise,3d-low-weak,3,low,weak,4,0,0.0062604,9.902473928215613e-05
4-Cylindrical Mixture,cylmix,gmpd,out of sample,no noise,2d-high-ind,2,high,ind,4,0,0.0208259,0.0005049574339496455
4-Cylindrical Mixture,cylmix,gmpd,out of sample,no noise,2d-high-strong,2,high,strong,4,0,0.0254759,0.000655881079082931
4-Cylindrical Mixture,cylmix,gmpd,out of sample,no noise,2d-high-weak,2,high,weak,4,0,0.020330400000000002,0.0005332631014363695
4-Cylindrical Mixture,cylmix,gmpd,out of sample,no noise,2d-low-ind,2,low,ind,4,0,0.0322131,0.0008395870738318059
4-Cylindrical Mixture,cylmix,gmpd,out of sample,no noise,2d-low-strong,2,low,strong,4,0,0.0529252,0.001319182850835847
4-Cylindrical Mixture,cylmix,gmpd,out of sample,no noise,2d-low-weak,2,low,weak,4,0,0.033304299999999995,0.0009282472404450972
4-Cylindrical Mixture,cylmix,gmpd,out of sample,no noise,3d-high-ind,3,high,ind,4,0,0.0037258,0.0001389802689287769
4-Cylindrical Mixture,cylmix,gmpd,out of sample,no noise,3d-high-strong,3,high,strong,4,0,0.0062316,0.0003840946852961225
4-Cylindrical Mixture,cylmix,gmpd,out of sample,no noise,3d-high-weak,3,high,weak,4,0,0.0037184,0.00014047336999149584
4-Cylindrical Mixture,cylmix,gmpd,out of sample,no noise,3d-low-ind,3,low,ind,4,0,0.0062359,0.00023897548583125188
4-Cylindrical Mixture,cylmix,gmpd,out of sample,no noise,3d-low-strong,3,low,strong,4,0,0.0134191,0.0005317288269922417
4-Cylindrical Mixture,cylmix,gmpd,out of sample,no noise,3d-low-weak,3,low,weak,4,0,0.0065744,0.00026718631187342887
4-Cylindrical Mixture,cylmix,gmpd,out of sample,with noise,2d-high-ind,2,high,ind,4,0,0.0201036,0.00047607299329986707
4-Cylindrical Mixture,cylmix,gmpd,out of sample,with noise,2d-high-strong,2,high,strong,4,0,0.023514,0.0005566022463178355
4-Cylindrical Mixture,cylmix,gmpd,out of sample,with noise,2d-high-weak,2,high,weak,4,0,0.0196473,0.0005212937577011464
4-Cylindrical Mixture,cylmix,gmpd,out of sample,with noise,2d-low-ind,2,low,ind,4,0,0.0311964,0.0008249193655115385
4-Cylindrical Mixture,cylmix,gmpd,out of sample,with noise,2d-low-strong,2,low,strong,4,0,0.049479499999999996,0.0012624350168294494
4-Cylindrical Mixture,cylmix,gmpd,out of sample,with noise,2d-low-weak,2,low,weak,4,0,0.0322161,0.0008953943829453603
4-Cylindrical Mixture,cylmix,gmpd,out of sample,with noise,3d-high-ind,3,high,ind,4,0,0.0034946,0.0001269965401580737
4-Cylindrical Mixture,cylmix,gmpd,out of sample,with noise,3d-high-strong,3,high,strong,4,0,0.0054426,0.0002514226993279917
4-Cylindrical Mixture,cylmix,gmpd,out of sample,with noise,3d-high-weak,3,high,weak,4,0,0.0034821,0.00012900783000275678
4-Cylindrical Mixture,cylmix,gmpd,out of sample,with noise,3d-low-ind,3,low,ind,4,0,0.0059088,0.0002224622542038414
4-Cylindrical Mixture,cylmix,gmpd,out of sample,with noise,3d-low-strong,3,low,strong,4,0,0.012,0.00047804314922949437
4-Cylindrical Mixture,cylmix,gmpd,out of sample,with noise,3d-low-weak,3,low,weak,4,0,0.0062109999999999995,0.00025361029517387854
4-Cylindrical Mixture,cylmix,training_time,training,no noise,2d-high-ind,2,high,ind,4,0,597.6451000000001,46.16300868332749
4-Cylindrical Mixture,cylmix,training_time,training,no noise,2d-high-strong,2,high,strong,4,0,955.1165,140.22367943213033
4-Cylindrical Mixture,cylmix,training_time,training,no noise,2d-high-weak,2,high,weak,4,0,628.4730000000001,56.408725890288075
4-Cylindrical Mixture,cylmix,training_time,training,no noise,2d-low-ind,2,low,ind,4,0,595.8568,44.260399129139245
4-Cylindrical Mixture,cylmix,training_time,training,no noise,2d-low-strong,2,low,strong,4,0,808.5172,179.04941935079984
4-Cylindrical Mixture,cylmix,training_time,training,no noise,2d-low-weak,2,low,weak,4,0,602.3966,45.07461527133194
4-Cylindrical Mixture,cylmix,training_time,training,no noise,3d-high-ind,3,high,ind,4,0,651.2749,61.563577935925075
4-Cylindrical Mixture,cylmix,training_time,training,no noise,3d-high-strong,3,high,strong,4,0,975.1583,260.8043177357424
4-Cylindrical Mixture,cylmix,training_time,training,no noise,3d-high-weak,3,high,weak,4,0,715.9519,119.46387338366472
4-Cylindrical Mixture,cylmix,training_time,training,no noise,3d-low-ind,3,low,ind,4,0,649.2118,73.95023224610269
4-Cylindrical Mixture,cylmix,training_time,training,no noise,3d-low-strong,3,low,strong,4,0,1121.2316,196.6784376021331
4-Cylindrical Mixture,cylmix,training_time,training,no noise,3d-low-weak,3,low,weak,4,0,657.7499,66.001001117216
4-Cylindrical Mixture,cylmix,training_time,training,with noise,2d-high-ind,2,high,ind,4,0,598.5868,42.04331095093692
4-Cylindrical Mixture,cylmix,training_time,training,with noise,2d-high-strong,2,high,strong,4,0,1055.8962,227.04546234459892
4-Cylindrical Mixture,cylmix,training_time,training,with noise,2d-high-weak,2,high,weak,4,0,621.0837,68.58575037760093
4-Cylindrical Mixture,cylmix,training_time,training,with noise,2d-low-ind,2,low,ind,4,0,595.3582,42.77708386271765
4-Cylindrical Mixture,cylmix,training_time,training,with noise,2d-low-strong,2,low,strong,4,0,767.7946000000001,145.4918844584561
4-Cylindrical Mixture,cylmix,training_time,training,with noise,2d-low-weak,2,low,weak,4,0,596.2284000000001,49.961115722958326
4-Cylindrical Mixture,cylmix,training_time,training,with noise,3d-high-ind,3,high,ind,4,0,658.8263000000001,87.98865976810808
4-Cylindrical Mixture,cylmix,training_time,training,with noise,3d-high-strong,3,high,strong,4,0,1102.3836999999999,246.9430845710907
4-Cylindrical Mixture,cylmix,training_time,training,with noise,3d-high-weak,3,high,weak,4,0,694.184,78.05397522538392
4-Cylindrical Mixture,cylmix,training_time,training,with noise,3d-low-ind,3,low,ind,4,0,641.8101,65.3309001478727
4-Cylindrical Mixture,cylmix,training_time,training,with noise,3d-low-strong,3,low,strong,4,0,1105.7928,187.77143894370602
4-Cylindrical Mixture,cylmix,training_time,training,with noise,3d-low-weak,3,low,weak,4,0,659.507,82.64375531108925
4-Independent Cylindrical Mixture,indcylmix,aic,in sample,no noise,2d-high-ind,2,high,ind,4,0,61905.409816,227.88394420997372
4-Independent Cylindrical Mixture,indcylmix,aic,in sample,no noise,2d-high-strong,2,high,strong,4,0,61732.0064068,220.5990205433902
4-Independent Cylindrical Mixture,indcylmix,aic,in sample,no noise,2d-high-weak,2,high,weak,4,0,62415.3437936,223.06983087023
4-Independent Cylindrical Mixture,indcylmix,aic,in sample,no noise,2d-low-ind,2,low,ind,4,0,54935.730257,237.47584031887288
4-Independent Cylindrical Mixture,indcylmix,aic,in sample,no noise,2d-low-strong,2,low,strong,4,0,48450.19263229999,355.7700925780719
4-Independent Cylindrical Mixture,indcylmix,aic,in sample,no noise,2d-low-weak,2,low,weak,4,0,54483.013282500004,239.8917284240132
4-Independent Cylindrical Mixture,indcylmix,aic,in sample,no noise,3d-high-ind,3,high,ind,4,0,89509.825376,241.78769086621304
4-Independent Cylindrical Mixture,indcylmix,aic,in sample,no noise,3d-high-strong,3,high,strong,4,0,87899.1410076,285.63320036453445
4-Independent Cylindrical Mixture,indcylmix,aic,in sample,no noise,3d-high-weak,3,high,weak,4,0,89955.07282369999,251.7036433400068
4-Independent Cylindrical Mixture,indcylmix,aic,in sample,no noise,3d-low-ind,3,low,ind,4,0,81258.21101859999,256.2455574753365
4-Independent Cylindrical Mixture,indcylmix,aic,in sample,no noise,3d-low-strong,3,low,strong,4,0,74726.5387595,316.86017549889453
4-Independent Cylindrical Mixture,indcylmix,aic,in sample,no noise,3d-low-weak,3,low,weak,4,0,80612.0328429,254.41069640415327
4-Independent Cylindrical Mixture,indcylmix,aic,in sample,with noise,2d-high-ind,2,high,ind,4,0,62455.8281328,227.9990857446273
4-Independent Cylindrical Mixture,indcylmix,aic,in sample,with noise,2d-high-strong,2,high,strong,4,0,62317.012030800004,227.17353896276444
4-Independent Cylindrical Mixture,indcylmix,aic,in sample,with noise,2d-high-weak,2,high,weak,4,0,62960.8869852,226.54741946717058
4-Independent Cylindrical Mixture,indcylmix,aic,in sample,with noise,2d-low-ind,2,low,ind,4,0,55438.055948,237.0420554074162
4-Independent Cylindrical Mixture,indcylmix,aic,in sample,with noise,2d-low-strong,2,low,strong,4,0,49309.97018899999,294.2800181495406
4-Independent Cylindrical Mixture,indcylmix,aic,in sample,with noise,2d-low-weak,2,low,weak,4,0,55014.9899409,242.79187498454394
4-Independent Cylindrical Mixture,indcylmix,aic,in sample,with noise,3d-high-ind,3,high,ind,4,0,90521.9640408,248.36498476452502
4-Independent Cylindrical Mixture,indcylmix,aic,in sample,with noise,3d-high-strong,3,high,strong,4,0,89043.1763813,294.02424108233333
4-Independent Cylindrical Mixture,indcylmix,aic,in sample,with noise,3d-high-weak,3,high,weak,4,0,90954.974142,260.9188453680611
4-Independent Cylindrical Mixture,indcylmix,aic,in sample,with noise,3d-low-ind,3,low,ind,4,0,82116.5027463,263.409092235248
4-Independent Cylindrical Mixture,indcylmix,aic,in sample,with noise,3d-low-strong,3,low,strong,4,0,75909.6360344,328.2284532609814
4-Independent Cylindrical Mixture,indcylmix,aic,in sample,with noise,3d-low-weak,3,low,weak,4,0,81499.9927753,261.8472167933859
4-Independent Cylindrical Mixture,indcylmix,aic,out of sample,no noise,2d-high-ind,2,high,ind,4,0,15552.5990304,98.40705202929828
4-Independent Cylindrical Mixture,indcylmix,aic,out of sample,no noise,2d-high-strong,2,high,strong,4,0,15492.871478,94.95556732533286
4-Independent Cylindrical Mixture,indcylmix,aic,out of sample,no noise,2d-high-weak,2,high,weak,4,0,15668.922526100001,104.85510266203855
4-Independent Cylindrical Mixture,indcylmix,aic,out of sample,no noise,2d-low-ind,2,low,ind,4,0,13801.548051700001,103.75533043824979
4-Independent Cylindrical Mixture,indcylmix,aic,out of sample,no noise,2d-low-strong,2,low,strong,4,0,12168.5576211,114.43826840367078
4-Independent Cylindrical Mixture,indcylmix,aic,out of sample,no noise,2d-low-weak,2,low,weak,4,0,13685.388857499998,112.15252765975234
4-Independent Cylindrical Mixture,indcylmix,aic,out of sample,no noise,3d-high-ind,3,high,ind,4,0,22473.6595827,149.75586182088028
4-Independent Cylindrical Mixture,indcylmix,aic,out of sample,no noise,3d-high-strong,3,high,strong,4,0,22074.663501,151.85488414051855
4-Independent Cylindrical Mixture,indcylmix,aic,out of sample,no noise,3d-high-weak,3,high,weak,4,0,22592.8616712,151.4429196585361
4-Independent Cylindrical Mixture,indcylmix,aic,out of sample,no noise,3d-low-ind,3,low,ind,4,0,20403.6432766,152.8821247212345
4-Independent Cylindrical Mixture,indcylmix,aic,out of sample,no noise,3d-low-strong,3,low,strong,4,0,18777.8790643,174.04409747244605
4-Independent Cylindrical Mixture,indcylmix,aic,out of sample,no noise,3d-low-weak,3,low,weak,4,0,20247.2616368,158.9630782568921
4-Independent Cylindrical Mixture,indcylmix,aic,out of sample,with noise,2d-high-ind,2,high,ind,4,0,15692.5568967,96.18242778388229
4-Independent Cylindrical Mixture,indcylmix,aic,out of sample,with noise,2d-high-strong,2,high,strong,4,0,15636.078037000001,95.65895458135138
4-Independent Cylindrical Mixture,indcylmix,aic,out of sample,with noise,2d-high-weak,2,high,weak,4,0,15804.0633081,106.58220530401073
4-Independent Cylindrical Mixture,indcylmix,aic,out of sample,with noise,2d-low-ind,2,low,ind,4,0,13929.7568334,104.52780742388575
4-Independent Cylindrical Mixture,indcylmix,aic,out of sample,with noise,2d-low-strong,2,low,strong,4,0,12382.2848414,116.94245845213969
4-Independent Cylindrical Mixture,indcylmix,aic,out of sample,with noise,2d-low-weak,2,low,weak,4,0,13817.760158,112.45630445454545
4-Independent Cylindrical Mixture,indcylmix,aic,out of sample,with noise,3d-high-ind,3,high,ind,4,0,22728.249415000002,145.81369884296555
4-Independent Cylindrical Mixture,indcylmix,aic,out of sample,with noise,3d-high-strong,3,high,strong,4,0,22361.2060106,151.2373096655328
4-Independent Cylindrical Mixture,indcylmix,aic,out of sample,with noise,3d-high-weak,3,high,weak,4,0,22842.929144899997,149.10986045189549
4-Independent Cylindrical Mixture,indcylmix,aic,out of sample,with noise,3d-low-ind,3,low,ind,4,0,20619.3357711,150.572613555554
4-Independent Cylindrical Mixture,indcylmix,aic,out of sample,with noise,3d-low-strong,3,low,strong,4,0,19066.2585521,165.7546127499985
4-Independent Cylindrical Mixture,indcylmix,aic,out of sample,with noise,3d-low-weak,3,low,weak,4,0,20470.2285878,158.65826359782807
4-Independent Cylindrical Mixture,indcylmix,ari,in sample,no noise,2d-high-ind,2,high,ind,4,0,0.2623733,0.025748387850092428
4-Independent Cylindrical Mixture,indcylmix,ari,in sample,no noise,2d-high-strong,2,high,strong,4,0,0.22724830000000001,0.018832128953445274
4-Independent Cylindrical Mixture,indcylmix,ari,in sample,no noise,2d-high-weak,2,high,weak,4,0,0.2349985,0.019114453697438367
4-Independent Cylindrical Mixture,indcylmix,ari,in sample,no noise,2d-low-ind,2,low,ind,4,0,0.0184766,0.004442863127272409
4-Independent Cylindrical Mixture,indcylmix,ari,in sample,no noise,2d-low-strong,2,low,strong,4,0,0.0012837,0.0006941642093157422
4-Independent Cylindrical Mixture,indcylmix,ari,in sample,no noise,2d-low-weak,2,low,weak,4,0,0.0049711,0.0030054740949396874
4-Independent Cylindrical Mixture,indcylmix,ari,in sample,no noise,3d-high-ind,3,high,ind,4,0,0.304714,0.029576780682751054
4-Independent Cylindrical Mixture,indcylmix,ari,in sample,no noise,3d-high-strong,3,high,strong,4,0,0.0510483,0.00982872321876606
4-Independent Cylindrical Mixture,indcylmix,ari,in sample,no noise,3d-high-weak,3,high,weak,4,0,0.2289894,0.01591578206775535
4-Independent Cylindrical Mixture,indcylmix,ari,in sample,no noise,3d-low-ind,3,low,ind,4,0,0.026617099999999998,0.004190158092290055
4-Independent Cylindrical Mixture,indcylmix,ari,in sample,no noise,3d-low-strong,3,low,strong,4,0,0.0010547,0.0005812151238586451
4-Independent Cylindrical Mixture,indcylmix,ari,in sample,no noise,3d-low-weak,3,low,weak,4,0,0.0056868,0.0019089940658457646
4-Independent Cylindrical Mixture,indcylmix,ari,in sample,with noise,2d-high-ind,2,high,ind,4,0,0.2507725,0.0277836578074525
4-Independent Cylindrical Mixture,indcylmix,ari,in sample,with noise,2d-high-strong,2,high,strong,4,0,0.2229148,0.01768016502505368
4-Independent Cylindrical Mixture,indcylmix,ari,in sample,with noise,2d-high-weak,2,high,weak,4,0,0.2273596,0.018224032081099108
4-Independent Cylindrical Mixture,indcylmix,ari,in sample,with noise,2d-low-ind,2,low,ind,4,0,0.0180515,0.004091821943606762
4-Independent Cylindrical Mixture,indcylmix,ari,in sample,with noise,2d-low-strong,2,low,strong,4,0,0.001358,0.0006433922095841193
4-Independent Cylindrical Mixture,indcylmix,ari,in sample,with noise,2d-low-weak,2,low,weak,4,0,0.0053105,0.0028653916738282824
4-Independent Cylindrical Mixture,indcylmix,ari,in sample,with noise,3d-high-ind,3,high,ind,4,0,0.2941724,0.028117529099596694
4-Independent Cylindrical Mixture,indcylmix,ari,in sample,with noise,3d-high-strong,3,high,strong,4,0,0.051036,0.01000909667061
4-Independent Cylindrical Mixture,indcylmix,ari,in sample,with noise,3d-high-weak,3,high,weak,4,0,0.2218812,0.015782191874503245
4-Independent Cylindrical Mixture,indcylmix,ari,in sample,with noise,3d-low-ind,3,low,ind,4,0,0.0260234,0.004501517414195243
4-Independent Cylindrical Mixture,indcylmix,ari,in sample,with noise,3d-low-strong,3,low,strong,4,0,0.0010306999999999998,0.0006065388726540156
4-Independent Cylindrical Mixture,indcylmix,ari,in sample,with noise,3d-low-weak,3,low,weak,4,0,0.005699300000000001,0.001761633341618803
4-Independent Cylindrical Mixture,indcylmix,ari,out of sample,no noise,2d-high-ind,2,high,ind,4,0,0.2632058,0.030392507356155053
4-Independent Cylindrical Mixture,indcylmix,ari,out of sample,no noise,2d-high-strong,2,high,strong,4,0,0.2290643,0.021264967408839125
4-Independent Cylindrical Mixture,indcylmix,ari,out of sample,no noise,2d-high-weak,2,high,weak,4,0,0.2374982,0.020421718354870548
4-Independent Cylindrical Mixture,indcylmix,ari,out of sample,no noise,2d-low-ind,2,low,ind,4,0,0.0189918,0.005338225858197769
4-Independent Cylindrical Mixture,indcylmix,ari,out of sample,no noise,2d-low-strong,2,low,strong,4,0,0.0013807,0.001323700243005694
4-Independent Cylindrical Mixture,indcylmix,ari,out of sample,no noise,2d-low-weak,2,low,weak,4,0,0.0048683,0.003375805793818086
4-Independent Cylindrical Mixture,indcylmix,ari,out of sample,no noise,3d-high-ind,3,high,ind,4,0,0.30673649999999997,0.030832344697499972
4-Independent Cylindrical Mixture,indcylmix,ari,out of sample,no noise,3d-high-strong,3,high,strong,4,0,0.0497504,0.00918879982710616
4-Independent Cylindrical Mixture,indcylmix,ari,out of sample,no noise,3d-high-weak,3,high,weak,4,0,0.229522,0.018503808999088472
4-Independent Cylindrical Mixture,indcylmix,ari,out of sample,no noise,3d-low-ind,3,low,ind,4,0,0.027005400000000002,0.0049453909610440066
4-Independent Cylindrical Mixture,indcylmix,ari,out of sample,no noise,3d-low-strong,3,low,strong,4,0,0.0009649000000000001,0.0012120893514752104
4-Independent Cylindrical Mixture,indcylmix,ari,out of sample,no noise,3d-low-weak,3,low,weak,4,0,0.0050639,0.0021433584969539382
4-Independent Cylindrical Mixture,indcylmix,ari,out of sample,with noise,2d-high-ind,2,high,ind,4,0,0.25270780000000004,0.031904161584725005
4-Independent Cylindrical Mixture,indcylmix,ari,out of sample,with noise,2d-high-strong,2,high,strong,4,0,0.2253663,0.020448983756577437
4-Independent Cylindrical Mixture,indcylmix,ari,out of sample,with noise,2d-high-weak,2,high,weak,4,0,0.2290754,0.02054239800996953
4-Independent Cylindrical Mixture,indcylmix,ari,out of sample,with noise,2d-low-ind,2,low,ind,4,0,0.018532200000000002,0.005476153368667802
4-Independent Cylindrical Mixture,indcylmix,ari,out of sample,with noise,2d-low-strong,2,low,strong,4,0,0.0013754,0.0013740197019745173
4-Independent Cylindrical Mixture,indcylmix,ari,out of sample,with noise,2d-low-weak,2,low,weak,4,0,0.0051986,0.003780223931157646
4-Independent Cylindrical Mixture,indcylmix,ari,out of sample,with noise,3d-high-ind,3,high,ind,4,0,0.2959907,0.030019800376694137
4-Independent Cylindrical Mixture,indcylmix,ari,out of sample,with noise,3d-high-strong,3,high,strong,4,0,0.049598300000000005,0.010009591567263587
4-Independent Cylindrical Mixture,indcylmix,ari,out of sample,with noise,3d-high-weak,3,high,weak,4,0,0.22307680000000002,0.018172512591796162
4-Independent Cylindrical Mixture,indcylmix,ari,out of sample,with noise,3d-low-ind,3,low,ind,4,0,0.0257538,0.005308883878971552
4-Independent Cylindrical Mixture,indcylmix,ari,out of sample,with noise,3d-low-strong,3,low,strong,4,0,0.0010312000000000001,0.0011705953591867242
4-Independent Cylindrical Mixture,indcylmix,ari,out of sample,with noise,3d-low-weak,3,low,weak,4,0,0.005284799999999999,0.0023690881679403046
4-Independent Cylindrical Mixture,indcylmix,avg_ll,in sample,no noise,2d-high-ind,2,high,ind,4,0,-3.8652131,0.014242658267871031
4-Independent Cylindrical Mixture,indcylmix,avg_ll,in sample,no noise,2d-high-strong,2,high,strong,4,0,-3.8543752999999996,0.013787437442187111
4-Independent Cylindrical Mixture,indcylmix,avg_ll,in sample,no noise,2d-high-weak,2,high,weak,4,0,-3.8970845,0.013942147014855319
4-Independent Cylindrical Mixture,indcylmix,avg_ll,in sample,no noise,2d-low-ind,2,low,ind,4,0,-3.4296082,0.014842662669181338
4-Independent Cylindrical Mixture,indcylmix,avg_ll,in sample,no noise,2d-low-strong,2,low,strong,4,0,-3.0242622,0.02223608899282809
4-Independent Cylindrical Mixture,indcylmix,avg_ll,in sample,no noise,2d-low-weak,2,low,weak,4,0,-3.4013133,0.014992590699031473
4-Independent Cylindrical Mixture,indcylmix,avg_ll,in sample,no noise,3d-high-ind,3,high,ind,4,0,-5.587989599999999,0.015111759079096117
4-Independent Cylindrical Mixture,indcylmix,avg_ll,in sample,no noise,3d-high-strong,3,high,strong,4,0,-5.4873216000000005,0.017852181470977845
4-Independent Cylindrical Mixture,indcylmix,avg_ll,in sample,no noise,3d-high-weak,3,high,weak,4,0,-5.6158173,0.015732184142352584
4-Independent Cylindrical Mixture,indcylmix,avg_ll,in sample,no noise,3d-low-ind,3,low,ind,4,0,-5.0722629999999995,0.0160155701702682
4-Independent Cylindrical Mixture,indcylmix,avg_ll,in sample,no noise,3d-low-strong,3,low,strong,4,0,-4.6640336,0.019804032622706268
4-Independent Cylindrical Mixture,indcylmix,avg_ll,in sample,no noise,3d-low-weak,3,low,weak,4,0,-5.0318774,0.015900782371959073
4-Independent Cylindrical Mixture,indcylmix,avg_ll,in sample,with noise,2d-high-ind,2,high,ind,4,0,-3.8996142,0.014250481486106298
4-Independent Cylindrical Mixture,indcylmix,avg_ll,in sample,with noise,2d-high-strong,2,high,strong,4,0,-3.8909385,0.014198469285472429
4-Independent Cylindrical Mixture,indcylmix,avg_ll,in sample,with noise,2d-high-weak,2,high,weak,4,0,-3.9311804,0.014159287412875166
4-Independent Cylindrical Mixture,indcylmix,avg_ll,in sample,with noise,2d-low-ind,2,low,ind,4,0,-3.4610033,0.01481511431722091
4-Independent Cylindrical Mixture,indcylmix,avg_ll,in sample,with noise,2d-low-strong,2,low,strong,4,0,-3.0779985,0.018392159307430343
4-Independent Cylindrical Mixture,indcylmix,avg_ll,in sample,with noise,2d-low-weak,2,low,weak,4,0,-3.4345623,0.015174816049340201
4-Independent Cylindrical Mixture,indcylmix,avg_ll,in sample,with noise,3d-high-ind,3,high,ind,4,0,-5.651247499999999,0.015522798181508316
4-Independent Cylindrical Mixture,indcylmix,avg_ll,in sample,with noise,3d-high-strong,3,high,strong,4,0,-5.5588231,0.018376458792914326
4-Independent Cylindrical Mixture,indcylmix,avg_ll,in sample,with noise,3d-high-weak,3,high,weak,4,0,-5.678311,0.016307237997622598
4-Independent Cylindrical Mixture,indcylmix,avg_ll,in sample,with noise,3d-low-ind,3,low,ind,4,0,-5.1259065,0.01646290211998238
4-Independent Cylindrical Mixture,indcylmix,avg_ll,in sample,with noise,3d-low-strong,3,low,strong,4,0,-4.7379772,0.02051508526411589
4-Independent Cylindrical Mixture,indcylmix,avg_ll,in sample,with noise,3d-low-weak,3,low,weak,4,0,-5.0873743000000005,0.016365531791487496
4-Independent Cylindrical Mixture,indcylmix,avg_ll,out of sample,no noise,2d-high-ind,2,high,ind,4,0,-3.8726497,0.024601557413745492
4-Independent Cylindrical Mixture,indcylmix,avg_ll,out of sample,no noise,2d-high-strong,2,high,strong,4,0,-3.8577177999999996,0.02373905819530332
4-Independent Cylindrical Mixture,indcylmix,avg_ll,out of sample,no noise,2d-high-weak,2,high,weak,4,0,-3.9017306,0.026214256042054462
4-Independent Cylindrical Mixture,indcylmix,avg_ll,out of sample,no noise,2d-low-ind,2,low,ind,4,0,-3.4348874,0.025938381631408033
4-Independent Cylindrical Mixture,indcylmix,avg_ll,out of sample,no noise,2d-low-strong,2,low,strong,4,0,-3.0266395999999998,0.02860938070781767
4-Independent Cylindrical Mixture,indcylmix,avg_ll,out of sample,no noise,2d-low-weak,2,low,weak,4,0,-3.4058471,0.02803809566780104
4-Independent Cylindrical Mixture,indcylmix,avg_ll,out of sample,no noise,3d-high-ind,3,high,ind,4,0,-5.5929151,0.037439374981158555
4-Independent Cylindrical Mixture,indcylmix,avg_ll,out of sample,no noise,3d-high-strong,3,high,strong,4,0,-5.4931655,0.037963986985408746
4-Independent Cylindrical Mixture,indcylmix,avg_ll,out of sample,no noise,3d-high-weak,3,high,weak,4,0,-5.622715500000001,0.03786058042677799
4-Independent Cylindrical Mixture,indcylmix,avg_ll,out of sample,no noise,3d-low-ind,3,low,ind,4,0,-5.0754108,0.038220771143820324
4-Independent Cylindrical Mixture,indcylmix,avg_ll,out of sample,no noise,3d-low-strong,3,low,strong,4,0,-4.6689697,0.04351100421488659
4-Independent Cylindrical Mixture,indcylmix,avg_ll,out of sample,no noise,3d-low-weak,3,low,weak,4,0,-5.0363154,0.039740623502960315
4-Independent Cylindrical Mixture,indcylmix,avg_ll,out of sample,with noise,2d-high-ind,2,high,ind,4,0,-3.9076395,0.024045956562802836
4-Independent Cylindrical Mixture,indcylmix,avg_ll,out of sample,with noise,2d-high-strong,2,high,strong,4,0,-3.8935201,0.023914442933047324
4-Independent Cylindrical Mixture,indcylmix,avg_ll,out of sample,with noise,2d-high-weak,2,high,weak,4,0,-3.9355156,0.026645901207343756
4-Independent Cylindrical Mixture,indcylmix,avg_ll,out of sample,with noise,2d-low-ind,2,low,ind,4,0,-3.4669393000000004,0.026132220224245818
4-Independent Cylindrical Mixture,indcylmix,avg_ll,out of sample,with noise,2d-low-strong,2,low,strong,4,0,-3.0800704999999997,0.029235548873405712
4-Independent Cylindrical Mixture,indcylmix,avg_ll,out of sample,with noise,2d-low-weak,2,low,weak,4,0,-3.4389399,0.028114401625817645
4-Independent Cylindrical Mixture,indcylmix,avg_ll,out of sample,with noise,3d-high-ind,3,high,ind,4,0,-5.6565622,0.03645348386670601
4-Independent Cylindrical Mixture,indcylmix,avg_ll,out of sample,with noise,3d-high-strong,3,high,strong,4,0,-5.564801599999999,0.037808958687196186
4-Independent Cylindrical Mixture,indcylmix,avg_ll,out of sample,with noise,3d-high-weak,3,high,weak,4,0,-5.6852329,0.03727730694024403
4-Independent Cylindrical Mixture,indcylmix,avg_ll,out of sample,with noise,3d-low-ind,3,low,ind,4,0,-5.1293342,0.03764321311063829
4-Independent Cylindrical Mixture,indcylmix,avg_ll,out of sample,with noise,3d-low-strong,3,low,strong,4,0,-4.7410645,0.04143895728122944
4-Independent Cylindrical Mixture,indcylmix,avg_ll,out of sample,with noise,3d-low-weak,3,low,weak,4,0,-5.0920572,0.039664541809143646
4-Independent Cylindrical Mixture,indcylmix,bic,in sample,no noise,2d-high-ind,2,high,ind,4,0,62122.0129174,227.8839440387938
4-Independent Cylindrical Mixture,indcylmix,bic,in sample,no noise,2d-high-strong,2,high,strong,4,0,61948.6095089,220.59902079332412
4-Independent Cylindrical Mixture,indcylmix,bic,in sample,no noise,2d-high-weak,2,high,weak,4,0,62631.9468949,223.06983106915064
4-Independent Cylindrical Mixture,indcylmix,bic,in sample,no noise,2d-low-ind,2,low,ind,4,0,55152.3333591,237.47584015958793
4-Independent Cylindrical Mixture,indcylmix,bic,in sample,no noise,2d-low-strong,2,low,strong,4,0,48666.7957339,355.7700929422396
4-Independent Cylindrical Mixture,indcylmix,bic,in sample,no noise,2d-low-weak,2,low,weak,4,0,54699.61638399999,239.89172862970548
4-Independent Cylindrical Mixture,indcylmix,bic,in sample,no noise,3d-high-ind,3,high,ind,4,0,89866.1724136,241.7876905087367
4-Independent Cylindrical Mixture,indcylmix,bic,in sample,no noise,3d-high-strong,3,high,strong,4,0,88255.48804519999,285.63320059482766
4-Independent Cylindrical Mixture,indcylmix,bic,in sample,no noise,3d-high-weak,3,high,weak,4,0,90311.4198615,251.7036430285857
4-Independent Cylindrical Mixture,indcylmix,bic,in sample,no noise,3d-low-ind,3,low,ind,4,0,81614.5580563,256.24555785467686
4-Independent Cylindrical Mixture,indcylmix,bic,in sample,no noise,3d-low-strong,3,low,strong,4,0,75082.8857976,316.8601758727922
4-Independent Cylindrical Mixture,indcylmix,bic,in sample,no noise,3d-low-weak,3,low,weak,4,0,80968.3798805,254.41069613535856
4-Independent Cylindrical Mixture,indcylmix,bic,in sample,with noise,2d-high-ind,2,high,ind,4,0,62672.4312335,227.99908586435254
4-Independent Cylindrical Mixture,indcylmix,bic,in sample,with noise,2d-high-strong,2,high,strong,4,0,62533.6151318,227.17353874039884
4-Independent Cylindrical Mixture,indcylmix,bic,in sample,with noise,2d-high-weak,2,high,weak,4,0,63177.4900869,226.54741937499358
4-Independent Cylindrical Mixture,indcylmix,bic,in sample,with noise,2d-low-ind,2,low,ind,4,0,55654.659049199996,237.04205619681477
4-Independent Cylindrical Mixture,indcylmix,bic,in sample,with noise,2d-low-strong,2,low,strong,4,0,49526.5732902,294.2800179778991
4-Independent Cylindrical Mixture,indcylmix,bic,in sample,with noise,2d-low-weak,2,low,weak,4,0,55231.593041700005,242.79187506199537
4-Independent Cylindrical Mixture,indcylmix,bic,in sample,with noise,3d-high-ind,3,high,ind,4,0,90878.31107909999,248.36498436641068
4-Independent Cylindrical Mixture,indcylmix,bic,in sample,with noise,3d-high-strong,3,high,strong,4,0,89399.5234195,294.02424083940747
4-Independent Cylindrical Mixture,indcylmix,bic,in sample,with noise,3d-high-weak,3,high,weak,4,0,91311.3211799,260.91884539010584
4-Independent Cylindrical Mixture,indcylmix,bic,in sample,with noise,3d-low-ind,3,low,ind,4,0,82472.8497841,263.40909335523935
4-Independent Cylindrical Mixture,indcylmix,bic,in sample,with noise,3d-low-strong,3,low,strong,4,0,76265.9830734,328.22845360666446
4-Independent Cylindrical Mixture,indcylmix,bic,in sample,with noise,3d-low-weak,3,low,weak,4,0,81856.3398133,261.8472159097833
4-Independent Cylindrical Mixture,indcylmix,bic,out of sample,no noise,2d-high-ind,2,high,ind,4,0,15726.227006699999,98.40705156115735
4-Independent Cylindrical Mixture,indcylmix,bic,out of sample,no noise,2d-high-strong,2,high,strong,4,0,15666.499454,94.95556798052476
4-Independent Cylindrical Mixture,indcylmix,bic,out of sample,no noise,2d-high-weak,2,high,weak,4,0,15842.5505024,104.85510284217507
4-Independent Cylindrical Mixture,indcylmix,bic,out of sample,no noise,2d-low-ind,2,low,ind,4,0,13975.1760282,103.7553300151221
4-Independent Cylindrical Mixture,indcylmix,bic,out of sample,no noise,2d-low-strong,2,low,strong,4,0,12342.185596700001,114.43826783145224
4-Independent Cylindrical Mixture,indcylmix,bic,out of sample,no noise,2d-low-weak,2,low,weak,4,0,13859.0168341,112.15252770260429
4-Independent Cylindrical Mixture,indcylmix,bic,out of sample,no noise,3d-high-ind,3,high,ind,4,0,22759.305608199997,149.75586241686412
4-Independent Cylindrical Mixture,indcylmix,bic,out of sample,no noise,3d-high-strong,3,high,strong,4,0,22360.309526999998,151.85488386735346
4-Independent Cylindrical Mixture,indcylmix,bic,out of sample,no noise,3d-high-weak,3,high,weak,4,0,22878.5076965,151.44291925245716
4-Independent Cylindrical Mixture,indcylmix,bic,out of sample,no noise,3d-low-ind,3,low,ind,4,0,20689.2893016,152.8821238191909
4-Independent Cylindrical Mixture,indcylmix,bic,out of sample,no noise,3d-low-strong,3,low,strong,4,0,19063.5250907,174.04409756026723
4-Independent Cylindrical Mixture,indcylmix,bic,out of sample,no noise,3d-low-weak,3,low,weak,4,0,20532.9076626,158.96307884007044
4-Independent Cylindrical Mixture,indcylmix,bic,out of sample,with noise,2d-high-ind,2,high,ind,4,0,15866.1848728,96.18242792430824
4-Independent Cylindrical Mixture,indcylmix,bic,out of sample,with noise,2d-high-strong,2,high,strong,4,0,15809.7060131,95.65895399426677
4-Independent Cylindrical Mixture,indcylmix,bic,out of sample,with noise,2d-high-weak,2,high,weak,4,0,15977.691284300001,106.58220574028435
4-Independent Cylindrical Mixture,indcylmix,bic,out of sample,with noise,2d-low-ind,2,low,ind,4,0,14103.3848099,104.52780806045577
4-Independent Cylindrical Mixture,indcylmix,bic,out of sample,with noise,2d-low-strong,2,low,strong,4,0,12555.9128179,116.94245878430269
4-Independent Cylindrical Mixture,indcylmix,bic,out of sample,with noise,2d-low-weak,2,low,weak,4,0,13991.388134600002,112.45630420990699
4-Independent Cylindrical Mixture,indcylmix,bic,out of sample,with noise,3d-high-ind,3,high,ind,4,0,23013.8954406,145.81369916789944
4-Independent Cylindrical Mixture,indcylmix,bic,out of sample,with noise,3d-high-strong,3,high,strong,4,0,22646.8520358,151.23730888324758
4-Independent Cylindrical Mixture,indcylmix,bic,out of sample,with noise,3d-high-weak,3,high,weak,4,0,23128.5751695,149.10986028234518
4-Independent Cylindrical Mixture,indcylmix,bic,out of sample,with noise,3d-low-ind,3,low,ind,4,0,20904.981796699998,150.572613031372
4-Independent Cylindrical Mixture,indcylmix,bic,out of sample,with noise,3d-low-strong,3,low,strong,4,0,19351.9045776,165.75461203314393
4-Independent Cylindrical Mixture,indcylmix,bic,out of sample,with noise,3d-low-weak,3,low,weak,4,0,20755.8746136,158.65826370249263
4-Independent Cylindrical Mixture,indcylmix,em_iters,training,no noise,2d-high-ind,2,high,ind,4,0,28.18,3.264068230619792
4-Independent Cylindrical Mixture,indcylmix,em_iters,training,no noise,2d-high-strong,2,high,strong,4,0,28.49,15.25771538559685
4-Independent Cylindrical Mixture,indcylmix,em_iters,training,no noise,2d-high-weak,2,high,weak,4,0,30.33,7.45498951621454
4-Independent Cylindrical Mixture,indcylmix,em_iters,training,no noise,2d-low-ind,2,low,ind,4,0,28.0,2.678006193367963
4-Independent Cylindrical Mixture,indcylmix,em_iters,training,no noise,2d-low-strong,2,low,strong,4,0,24.73,14.839787496096193
4-Independent Cylindrical Mixture,indcylmix,em_iters,training,no noise,2d-low-weak,2,low,weak,4,0,31.42,11.424924021142939
4-Independent Cylindrical Mixture,indcylmix,em_iters,training,no noise,3d-high-ind,3,high,ind,4,0,24.84,4.823595205556815
4-Independent Cylindrical Mixture,indcylmix,em_iters,training,no noise,3d-high-strong,3,high,strong,4,0,40.34,21.247088927163365
4-Independent Cylindrical Mixture,indcylmix,em_iters,training,no noise,3d-high-weak,3,high,weak,4,0,24.64,5.300123878864827
4-Independent Cylindrical Mixture,indcylmix,em_iters,training,no noise,3d-low-ind,3,low,ind,4,0,25.95,4.768107432184021
4-Independent Cylindrical Mixture,indcylmix,em_iters,training,no noise,3d-low-strong,3,low,strong,4,0,18.43,11.659525953251507
4-Independent Cylindrical Mixture,indcylmix,em_iters,training,no noise,3d-low-weak,3,low,weak,4,0,19.4,6.510287119923236
4-Independent Cylindrical Mixture,indcylmix,em_iters,training,with noise,2d-high-ind,2,high,ind,4,0,28.56,3.4298746921776027
4-Independent Cylindrical Mixture,indcylmix,em_iters,training,with noise,2d-high-strong,2,high,strong,4,0,27.58,15.010555208811155
4-Independent Cylindrical Mixture,indcylmix,em_iters,training,with noise,2d-high-weak,2,high,weak,4,0,29.01,7.357391665611673
4-Independent Cylindrical Mixture,indcylmix,em_iters,training,with noise,2d-low-ind,2,low,ind,4,0,28.0,2.478187672758893
4-Independent Cylindrical Mixture,indcylmix,em_iters,training,with noise,2d-low-strong,2,low,strong,4,0,30.23,15.322693937260164
4-Independent Cylindrical Mixture,indcylmix,em_iters,training,with noise,2d-low-weak,2,low,weak,4,0,29.42,9.297746006859985
4-Independent Cylindrical Mixture,indcylmix,em_iters,training,with noise,3d-high-ind,3,high,ind,4,0,24.69,4.0093199503963834
4-Independent Cylindrical Mixture,indcylmix,em_iters,training,with noise,3d-high-strong,3,high,strong,4,0,39.79,22.14292189163367
4-Independent Cylindrical Mixture,indcylmix,em_iters,training,with noise,3d-high-weak,3,high,weak,4,0,25.32,5.725858411230106
4-Independent Cylindrical Mixture,indcylmix,em_iters,training,with noise,3d-low-ind,3,low,ind,4,0,25.91,5.142602807563853
4-Independent Cylindrical Mixture,indcylmix,em_iters,training,with noise,3d-low-strong,3,low,strong,4,0,17.18,8.908491012579635
4-Independent Cylindrical Mixture,indcylmix,em_iters,training,with noise,3d-low-weak,3,low,weak,4,0,19.34,6.053999429377994
4-Independent Cylindrical Mixture,indcylmix,gmpd,in sample,no noise,2d-high-ind,2,high,ind,4,0,0.020960899999999998,0.0002988634869608259
4-Independent Cylindrical Mixture,indcylmix,gmpd,in sample,no noise,2d-high-strong,2,high,strong,4,0,0.021188799999999997,0.00029160052929799106
4-Independent Cylindrical Mixture,indcylmix,gmpd,in sample,no noise,2d-high-weak,2,high,weak,4,0,0.0203031,0.0002825164516528998
4-Independent Cylindrical Mixture,indcylmix,gmpd,in sample,no noise,2d-low-ind,2,low,ind,4,0,0.032403,0.00048007680361973116
4-Independent Cylindrical Mixture,indcylmix,gmpd,in sample,no noise,2d-low-strong,2,low,strong,4,0,0.0486053,0.0010669303225287559
4-Independent Cylindrical Mixture,indcylmix,gmpd,in sample,no noise,2d-low-weak,2,low,weak,4,0,0.0333334,0.0004986065836433834
4-Independent Cylindrical Mixture,indcylmix,gmpd,in sample,no noise,3d-high-ind,3,high,ind,4,0,0.0037430000000000002,5.661316547456521e-05
4-Independent Cylindrical Mixture,indcylmix,gmpd,in sample,no noise,3d-high-strong,3,high,strong,4,0,0.0041395,7.361344574151792e-05
4-Independent Cylindrical Mixture,indcylmix,gmpd,in sample,no noise,3d-high-weak,3,high,weak,4,0,0.0036404999999999996,5.742584150647929e-05
4-Independent Cylindrical Mixture,indcylmix,gmpd,in sample,no noise,3d-low-ind,3,low,ind,4,0,0.0062687,0.00010053046173858812
4-Independent Cylindrical Mixture,indcylmix,gmpd,in sample,no noise,3d-low-strong,3,low,strong,4,0,0.0094296,0.00018686634341964986
4-Independent Cylindrical Mixture,indcylmix,gmpd,in sample,no noise,3d-low-weak,3,low,weak,4,0,0.0065271999999999995,0.00010427314557875827
4-Independent Cylindrical Mixture,indcylmix,gmpd,in sample,with noise,2d-high-ind,2,high,ind,4,0,0.0202511,0.00028756341417453783
4-Independent Cylindrical Mixture,indcylmix,gmpd,in sample,with noise,2d-high-strong,2,high,strong,4,0,0.020429,0.0002893898143447089
4-Independent Cylindrical Mixture,indcylmix,gmpd,in sample,with noise,2d-high-weak,2,high,weak,4,0,0.019622399999999998,0.00027712127673674275
4-Independent Cylindrical Mixture,indcylmix,gmpd,in sample,with noise,2d-low-ind,2,low,ind,4,0,0.0314018,0.0004629950367340923
4-Independent Cylindrical Mixture,indcylmix,gmpd,in sample,with noise,2d-low-strong,2,low,strong,4,0,0.046059,0.0008450778459151355
4-Independent Cylindrical Mixture,indcylmix,gmpd,in sample,with noise,2d-low-weak,2,low,weak,4,0,0.0322432,0.0004882019784035818
4-Independent Cylindrical Mixture,indcylmix,gmpd,in sample,with noise,3d-high-ind,3,high,ind,4,0,0.0035137000000000002,5.4618141804179115e-05
4-Independent Cylindrical Mixture,indcylmix,gmpd,in sample,with noise,3d-high-strong,3,high,strong,4,0,0.0038540000000000002,7.06249161973222e-05
4-Independent Cylindrical Mixture,indcylmix,gmpd,in sample,with noise,3d-high-weak,3,high,weak,4,0,0.0034200999999999997,5.573195228098954e-05
4-Independent Cylindrical Mixture,indcylmix,gmpd,in sample,with noise,3d-low-ind,3,low,ind,4,0,0.0059419,9.746996429359117e-05
4-Independent Cylindrical Mixture,indcylmix,gmpd,in sample,with noise,3d-low-strong,3,low,strong,4,0,0.008757899999999999,0.00017957466582472188
4-Independent Cylindrical Mixture,indcylmix,gmpd,in sample,with noise,3d-low-weak,3,low,weak,4,0,0.0061749,0.00010092996872019023
4-Independent Cylindrical Mixture,indcylmix,gmpd,out of sample,no noise,2d-high-ind,2,high,ind,4,0,0.0208095,0.0005124557137800866
4-Independent Cylindrical Mixture,indcylmix,gmpd,out of sample,no noise,2d-high-strong,2,high,strong,4,0,0.0211217,0.0005005028885172806
4-Independent Cylindrical Mixture,indcylmix,gmpd,out of sample,no noise,2d-high-weak,2,high,weak,4,0,0.020214,0.0005321350174229071
4-Independent Cylindrical Mixture,indcylmix,gmpd,out of sample,no noise,2d-low-ind,2,low,ind,4,0,0.0322396,0.0008394369445279269
4-Independent Cylindrical Mixture,indcylmix,gmpd,out of sample,no noise,2d-low-strong,2,low,strong,4,0,0.048498099999999995,0.0013855609628660088
4-Independent Cylindrical Mixture,indcylmix,gmpd,out of sample,no noise,2d-low-weak,2,low,weak,4,0,0.0331915,0.0009343213115044046
4-Independent Cylindrical Mixture,indcylmix,gmpd,out of sample,no noise,3d-high-ind,3,high,ind,4,0,0.0037267,0.00013961747886292905
4-Independent Cylindrical Mixture,indcylmix,gmpd,out of sample,no noise,3d-high-strong,3,high,strong,4,0,0.0041179,0.00015663955277946088
4-Independent Cylindrical Mixture,indcylmix,gmpd,out of sample,no noise,3d-high-weak,3,high,weak,4,0,0.0036171,0.00013798180966337488
4-Independent Cylindrical Mixture,indcylmix,gmpd,out of sample,no noise,3d-low-ind,3,low,ind,4,0,0.0062528,0.0002395664434099248
4-Independent Cylindrical Mixture,indcylmix,gmpd,out of sample,no noise,3d-low-strong,3,low,strong,4,0,0.009391199999999999,0.00041038114828618387
4-Independent Cylindrical Mixture,indcylmix,gmpd,out of sample,no noise,3d-low-weak,3,low,weak,4,0,0.0065027,0.00025907315374214094
4-Independent Cylindrical Mixture,indcylmix,gmpd,out of sample,with noise,2d-high-ind,2,high,ind,4,0,0.0200942,0.00048493086042645253
4-Independent Cylindrical Mixture,indcylmix,gmpd,out of sample,with noise,2d-high-strong,2,high,strong,4,0,0.0203792,0.00048794493810906865
4-Independent Cylindrical Mixture,indcylmix,gmpd,out of sample,with noise,2d-high-weak,2,high,weak,4,0,0.0195428,0.0005222389251573404
4-Independent Cylindrical Mixture,indcylmix,gmpd,out of sample,with noise,2d-low-ind,2,low,ind,4,0,0.031223200000000003,0.0008198717317761697
4-Independent Cylindrical Mixture,indcylmix,gmpd,out of sample,with noise,2d-low-strong,2,low,strong,4,0,0.0459756,0.0013438571953954645
4-Independent Cylindrical Mixture,indcylmix,gmpd,out of sample,with noise,2d-low-weak,2,low,weak,4,0,0.0321109,0.0009046837663911713
4-Independent Cylindrical Mixture,indcylmix,gmpd,out of sample,with noise,3d-high-ind,3,high,ind,4,0,0.0034966,0.00012800110479321188
4-Independent Cylindrical Mixture,indcylmix,gmpd,out of sample,with noise,3d-high-strong,3,high,strong,4,0,0.0038334000000000003,0.00014547185503065746
4-Independent Cylindrical Mixture,indcylmix,gmpd,out of sample,with noise,3d-high-weak,3,high,weak,4,0,0.003398,0.00012763584563479458
4-Independent Cylindrical Mixture,indcylmix,gmpd,out of sample,with noise,3d-low-ind,3,low,ind,4,0,0.0059245,0.00022345033118133993
4-Independent Cylindrical Mixture,indcylmix,gmpd,out of sample,with noise,3d-low-strong,3,low,strong,4,0,0.0087366,0.00036469502964321405
4-Independent Cylindrical Mixture,indcylmix,gmpd,out of sample,with noise,3d-low-weak,3,low,weak,4,0,0.0061504,0.000244445032138871
4-Independent Cylindrical Mixture,indcylmix,training_time,training,no noise,2d-high-ind,2,high,ind,4,0,507.00169999999997,40.92427150348445
4-Independent Cylindrical Mixture,indcylmix,training_time,training,no noise,2d-high-strong,2,high,strong,4,0,510.37059999999997,123.75820234683928
4-Independent Cylindrical Mixture,indcylmix,training_time,training,no noise,2d-high-weak,2,high,weak,4,0,523.4017,72.09376882325833
4-Independent Cylindrical Mixture,indcylmix,training_time,training,no noise,2d-low-ind,2,low,ind,4,0,508.3322,35.6138583734257
4-Independent Cylindrical Mixture,indcylmix,training_time,training,no noise,2d-low-strong,2,low,strong,4,0,478.2787,124.56431589039627
4-Independent Cylindrical Mixture,indcylmix,training_time,training,no noise,2d-low-weak,2,low,weak,4,0,534.3209,101.6835937532489
4-Independent Cylindrical Mixture,indcylmix,training_time,training,no noise,3d-high-ind,3,high,ind,4,0,542.3279,55.18359208079332
4-Independent Cylindrical Mixture,indcylmix,training_time,training,no noise,3d-high-strong,3,high,strong,4,0,681.2826,194.12888610779837
4-Independent Cylindrical Mixture,indcylmix,training_time,training,no noise,3d-high-weak,3,high,weak,4,0,535.854,51.80899338878913
4-Independent Cylindrical Mixture,indcylmix,training_time,training,no noise,3d-low-ind,3,low,ind,4,0,551.9119999999999,55.19881741889445
4-Independent Cylindrical Mixture,indcylmix,training_time,training,no noise,3d-low-strong,3,low,strong,4,0,476.92199999999997,108.33577907728743
4-Independent Cylindrical Mixture,indcylmix,training_time,training,no noise,3d-low-weak,3,low,weak,4,0,482.73580000000004,61.92114439830679
4-Independent Cylindrical Mixture,indcylmix,training_time,training,with noise,2d-high-ind,2,high,ind,4,0,507.1946,35.60662829623527
4-Independent Cylindrical Mixture,indcylmix,training_time,training,with noise,2d-high-strong,2,high,strong,4,0,500.3357,123.49977296224989
4-Independent Cylindrical Mixture,indcylmix,training_time,training,with noise,2d-high-weak,2,high,weak,4,0,510.4658,62.21911238372163
4-Independent Cylindrical Mixture,indcylmix,training_time,training,with noise,2d-low-ind,2,low,ind,4,0,515.1526,112.46418624215937
4-Independent Cylindrical Mixture,indcylmix,training_time,training,with noise,2d-low-strong,2,low,strong,4,0,529.6272,129.63129629823035
4-Independent Cylindrical Mixture,indcylmix,training_time,training,with noise,2d-low-weak,2,low,weak,4,0,512.4830000000001,75.56239961352165
4-Independent Cylindrical Mixture,indcylmix,training_time,training,with noise,3d-high-ind,3,high,ind,4,0,538.1446,50.180748822268846
4-Independent Cylindrical Mixture,indcylmix,training_time,training,with noise,3d-high-strong,3,high,strong,4,0,672.9481,201.35039779025252
4-Independent Cylindrical Mixture,indcylmix,training_time,training,with noise,3d-high-weak,3,high,weak,4,0,540.3168000000001,61.116007092985924
4-Independent Cylindrical Mixture,indcylmix,training_time,training,with noise,3d-low-ind,3,low,ind,4,0,544.6312,54.93836762162935
4-Independent Cylindrical Mixture,indcylmix,training_time,training,with noise,3d-low-strong,3,low,strong,4,0,459.9564,81.5409286152319
4-Independent Cylindrical Mixture,indcylmix,training_time,training,with noise,3d-low-weak,3,low,weak,4,0,489.0822,65.50863469309625
all,all,sample_cross_cov,training,no noise,2d-high-ind,2,high,ind,0,0,0.2198,0.007244642743769256
all,all,sample_cross_cov,training,no noise,2d-high-strong,2,high,strong,0,0,0.1242,0.006060303022726897
all,all,sample_cross_cov,training,no noise,2d-high-weak,2,high,weak,0,0,0.1343,0.006854181058288297
all,all,sample_cross_cov,training,no noise,2d-low-ind,2,low,ind,0,0,0.0182,0.004353101761904373
all,all,sample_cross_cov,training,no noise,2d-low-strong,2,low,strong,0,0,0.2845,0.005198095999517682
all,all,sample_cross_cov,training,no noise,2d-low-weak,2,low,weak,0,0,0.08470000000000001,0.005213618530523513
all,all,sample_cross_cov,training,no noise,3d-high-ind,3,high,ind,0,0,0.2776,0.007669959767057632
all,all,sample_cross_cov,training,no noise,3d-high-strong,3,high,strong,0,0,0.2531,0.00525991127935317
all,all,sample_cross_cov,training,no noise,3d-high-weak,3,high,weak,0,0,0.21789999999999998,0.007005769628014333
all,all,sample_cross_cov,training,no noise,3d-low-ind,3,low,ind,0,0,0.0242,0.00535223921797827
all,all,sample_cross_cov,training,no noise,3d-low-strong,3,low,strong,0,0,0.32230000000000003,0.004461960433384742
all,all,sample_cross_cov,training,no noise,3d-low-weak,3,low,weak,0,0,0.09880000000000001,0.004329835418058609
all,all,sample_cross_cov,training,with noise,2d-high-ind,2,high,ind,0,0,0.21899999999999997,0.007316785737969489
all,all,sample_cross_cov,training,with noise,2d-high-strong,2,high,strong,0,0,0.124,0.006195469181897238
all,all,sample_cross_cov,training,with noise,2d-high-weak,2,high,weak,0,0,0.1337,0.007474535896541463
all,all,sample_cross_cov,training,with noise,2d-low-ind,2,low,ind,0,0,0.018000000000000002,0.0044946657497549475
all,all,sample_cross_cov,training,with noise,2d-low-strong,2,low,strong,0,0,0.2839,0.005298179599702792
all,all,sample_cross_cov,training,with noise,2d-low-weak,2,low,weak,0,0,0.08439999999999999,0.005741924500522185
all,all,sample_cross_cov,training,with noise,3d-high-ind,3,high,ind,0,0,0.27630000000000005,0.007869516689688952
all,all,sample_cross_cov,training,with noise,3d-high-strong,3,high,strong,0,0,0.2519,0.0056309031875064995
all,all,sample_cross_cov,training,with noise,3d-high-weak,3,high,weak,0,0,0.2177,0.007365631354644713
all,all,sample_cross_cov,training,with noise,3d-low-ind,3,low,ind,0,0,0.024399999999999998,0.004988876515698588
all,all,sample_cross_cov,training,with noise,3d-low-strong,3,low,strong,0,0,0.32030000000000003,0.0050161355804659215
all,all,sample_cross_cov,training,with noise,3d-low-weak,3,low,weak,0,0,0.0984,0.00443129367525598
