Model,Model Type,Metric,Sample,Noise,Experiment,Dimension,Separability,Dependence,K,L,Avg Value,Std Value
"(2,1)-Isolated Two-layer MoM",isomom,aic,in sample,no noise,2d-high-ind,2,high,ind,2,1,62110.3459047,227.7764017957129
"(2,1)-Isolated Two-layer MoM",isomom,aic,in sample,no noise,2d-high-strong,2,high,strong,2,1,62882.4069804,244.6805512356882
"(2,1)-Isolated Two-layer MoM",isomom,aic,in sample,no noise,2d-high-weak,2,high,weak,2,1,62588.0267479,224.391383823779
"(2,1)-Isolated Two-layer MoM",isomom,aic,in sample,no noise,2d-low-ind,2,low,ind,2,1,54969.2363112,240.4197712168805
"(2,1)-Isolated Two-layer MoM",isomom,aic,in sample,no noise,2d-low-strong,2,low,strong,2,1,54284.0996812,265.7767296171074
"(2,1)-Isolated Two-layer MoM",isomom,aic,in sample,no noise,2d-low-weak,2,low,weak,2,1,54885.3809942,235.7321884281418
"(2,1)-Isolated Two-layer MoM",isomom,aic,in sample,no noise,3d-high-ind,3,high,ind,2,1,89964.1064735,245.192322115301
"(2,1)-Isolated Two-layer MoM",isomom,aic,in sample,no noise,3d-high-strong,3,high,strong,2,1,91216.4887015,304.7971105985087
"(2,1)-Isolated Two-layer MoM",isomom,aic,in sample,no noise,3d-high-weak,3,high,weak,2,1,90571.8403592,242.2276225637631
"(2,1)-Isolated Two-layer MoM",isomom,aic,in sample,no noise,3d-low-ind,3,low,ind,2,1,81420.7452683,255.2743348381319
"(2,1)-Isolated Two-layer MoM",isomom,aic,in sample,no noise,3d-low-strong,3,low,strong,2,1,80406.2484609,340.5407138532012
"(2,1)-Isolated Two-layer MoM",isomom,aic,in sample,no noise,3d-low-weak,3,low,weak,2,1,81301.8857404,260.8842376204247
"(2,1)-Isolated Two-layer MoM",isomom,aic,in sample,with noise,2d-high-ind,2,high,ind,2,1,62659.1981023,226.9526898572286
"(2,1)-Isolated Two-layer MoM",isomom,aic,in sample,with noise,2d-high-strong,2,high,strong,2,1,63404.5138505,252.5518243495697
"(2,1)-Isolated Two-layer MoM",isomom,aic,in sample,with noise,2d-high-weak,2,high,weak,2,1,63123.1653884,228.3383193411219
"(2,1)-Isolated Two-layer MoM",isomom,aic,in sample,with noise,2d-low-ind,2,low,ind,2,1,55466.084364,239.6508970863544
"(2,1)-Isolated Two-layer MoM",isomom,aic,in sample,with noise,2d-low-strong,2,low,strong,2,1,54824.9335709,273.4622606425058
"(2,1)-Isolated Two-layer MoM",isomom,aic,in sample,with noise,2d-low-weak,2,low,weak,2,1,55393.7923373,238.5653774939483
"(2,1)-Isolated Two-layer MoM",isomom,aic,in sample,with noise,3d-high-ind,3,high,ind,2,1,90964.2101189,250.4719090629017
"(2,1)-Isolated Two-layer MoM",isomom,aic,in sample,with noise,3d-high-strong,3,high,strong,2,1,92171.0513193,311.4906622581903
"(2,1)-Isolated Two-layer MoM",isomom,aic,in sample,with noise,3d-high-weak,3,high,weak,2,1,91550.6657694,250.3841093907676
"(2,1)-Isolated Two-layer MoM",isomom,aic,in sample,with noise,3d-low-ind,3,low,ind,2,1,82264.861483,262.4064157465543
"(2,1)-Isolated Two-layer MoM",isomom,aic,in sample,with noise,3d-low-strong,3,low,strong,2,1,81312.2108227,346.5811900356192
"(2,1)-Isolated Two-layer MoM",isomom,aic,in sample,with noise,3d-low-weak,3,low,weak,2,1,82154.9408158,266.3184317362277
"(2,1)-Isolated Two-layer MoM",isomom,aic,out of sample,no noise,2d-high-ind,2,high,ind,2,1,15572.7045497,96.11250122076454
"(2,1)-Isolated Two-layer MoM",isomom,aic,out of sample,no noise,2d-high-strong,2,high,strong,2,1,15745.1878957,100.3734410473047
"(2,1)-Isolated Two-layer MoM",isomom,aic,out of sample,no noise,2d-high-weak,2,high,weak,2,1,15680.0882322,106.4530617606454
"(2,1)-Isolated Two-layer MoM",isomom,aic,out of sample,no noise,2d-low-ind,2,low,ind,2,1,13777.8100447,104.9971754261297
"(2,1)-Isolated Two-layer MoM",isomom,aic,out of sample,no noise,2d-low-strong,2,low,strong,2,1,13590.2097801,109.8062809214024
"(2,1)-Isolated Two-layer MoM",isomom,aic,out of sample,no noise,2d-low-weak,2,low,weak,2,1,13751.6640099,110.1647583889702
"(2,1)-Isolated Two-layer MoM",isomom,aic,out of sample,no noise,3d-high-ind,3,high,ind,2,1,22534.4872376,146.639830213241
"(2,1)-Isolated Two-layer MoM",isomom,aic,out of sample,no noise,3d-high-strong,3,high,strong,2,1,22838.8596478,162.0042674745742
"(2,1)-Isolated Two-layer MoM",isomom,aic,out of sample,no noise,3d-high-weak,3,high,weak,2,1,22688.4742542,145.8913896448666
"(2,1)-Isolated Two-layer MoM",isomom,aic,out of sample,no noise,3d-low-ind,3,low,ind,2,1,20388.9068114,156.0596917230711
"(2,1)-Isolated Two-layer MoM",isomom,aic,out of sample,no noise,3d-low-strong,3,low,strong,2,1,20131.5094933,181.0186839455076
"(2,1)-Isolated Two-layer MoM",isomom,aic,out of sample,no noise,3d-low-weak,3,low,weak,2,1,20361.9062457,160.2782221215249
"(2,1)-Isolated Two-layer MoM",isomom,aic,out of sample,with noise,2d-high-ind,2,high,ind,2,1,15711.8394522,94.98011940252371
"(2,1)-Isolated Two-layer MoM",isomom,aic,out of sample,with noise,2d-high-strong,2,high,strong,2,1,15873.8088844,100.3703827907871
"(2,1)-Isolated Two-layer MoM",isomom,aic,out of sample,with noise,2d-high-weak,2,high,weak,2,1,15813.3440696,106.6521485035823
"(2,1)-Isolated Two-layer MoM",isomom,aic,out of sample,with noise,2d-low-ind,2,low,ind,2,1,13904.0450602,105.5983624575278
"(2,1)-Isolated Two-layer MoM",isomom,aic,out of sample,with noise,2d-low-strong,2,low,strong,2,1,13723.7995862,108.9179348136227
"(2,1)-Isolated Two-layer MoM",isomom,aic,out of sample,with noise,2d-low-weak,2,low,weak,2,1,13878.2765741,109.7215411990735
"(2,1)-Isolated Two-layer MoM",isomom,aic,out of sample,with noise,3d-high-ind,3,high,ind,2,1,22785.83613,144.4996012973049
"(2,1)-Isolated Two-layer MoM",isomom,aic,out of sample,with noise,3d-high-strong,3,high,strong,2,1,23075.8174891,160.3461901495241
"(2,1)-Isolated Two-layer MoM",isomom,aic,out of sample,with noise,3d-high-weak,3,high,weak,2,1,22933.9707654,142.9564206067145
"(2,1)-Isolated Two-layer MoM",isomom,aic,out of sample,with noise,3d-low-ind,3,low,ind,2,1,20602.3285893,152.613334626351
"(2,1)-Isolated Two-layer MoM",isomom,aic,out of sample,with noise,3d-low-strong,3,low,strong,2,1,20356.5953119,179.7993852253113
"(2,1)-Isolated Two-layer MoM",isomom,aic,out of sample,with noise,3d-low-weak,3,low,weak,2,1,20575.9958422,157.7107466648174
"(2,1)-Isolated Two-layer MoM",isomom,ari,in sample,no noise,2d-high-ind,2,high,ind,2,1,0.3115769,0.007623042910952434
"(2,1)-Isolated Two-layer MoM",isomom,ari,in sample,no noise,2d-high-strong,2,high,strong,2,1,0.3122521,0.007100342187656739
"(2,1)-Isolated Two-layer MoM",isomom,ari,in sample,no noise,2d-high-weak,2,high,weak,2,1,0.3120632,0.007311881002722879
"(2,1)-Isolated Two-layer MoM",isomom,ari,in sample,no noise,2d-low-ind,2,low,ind,2,1,0.0035635,0.001652124053722628
"(2,1)-Isolated Two-layer MoM",isomom,ari,in sample,no noise,2d-low-strong,2,low,strong,2,1,0.0036078,0.00188589425242062
"(2,1)-Isolated Two-layer MoM",isomom,ari,in sample,no noise,2d-low-weak,2,low,weak,2,1,0.0036456,0.001881186129155021
"(2,1)-Isolated Two-layer MoM",isomom,ari,in sample,no noise,3d-high-ind,3,high,ind,2,1,0.3465773,0.00654626516311848
"(2,1)-Isolated Two-layer MoM",isomom,ari,in sample,no noise,3d-high-strong,3,high,strong,2,1,0.3461367,0.007707294990507832
"(2,1)-Isolated Two-layer MoM",isomom,ari,in sample,no noise,3d-high-weak,3,high,weak,2,1,0.3460768,0.007760989846272145
"(2,1)-Isolated Two-layer MoM",isomom,ari,in sample,no noise,3d-low-ind,3,low,ind,2,1,0.0038453,0.002295385117661922
"(2,1)-Isolated Two-layer MoM",isomom,ari,in sample,no noise,3d-low-strong,3,low,strong,2,1,0.0033853,0.001642454098185537
"(2,1)-Isolated Two-layer MoM",isomom,ari,in sample,no noise,3d-low-weak,3,low,weak,2,1,0.0033946,0.001720579195409723
"(2,1)-Isolated Two-layer MoM",isomom,ari,in sample,with noise,2d-high-ind,2,high,ind,2,1,0.30517,0.007685897619811382
"(2,1)-Isolated Two-layer MoM",isomom,ari,in sample,with noise,2d-high-strong,2,high,strong,2,1,0.3051415,0.007145108007185304
"(2,1)-Isolated Two-layer MoM",isomom,ari,in sample,with noise,2d-high-weak,2,high,weak,2,1,0.3053856,0.007281197775813058
"(2,1)-Isolated Two-layer MoM",isomom,ari,in sample,with noise,2d-low-ind,2,low,ind,2,1,0.0035474,0.001740650998618016
"(2,1)-Isolated Two-layer MoM",isomom,ari,in sample,with noise,2d-low-strong,2,low,strong,2,1,0.003584,0.001739425192412712
"(2,1)-Isolated Two-layer MoM",isomom,ari,in sample,with noise,2d-low-weak,2,low,weak,2,1,0.0036357,0.001849664045389887
"(2,1)-Isolated Two-layer MoM",isomom,ari,in sample,with noise,3d-high-ind,3,high,ind,2,1,0.3415635,0.006901185431035407
"(2,1)-Isolated Two-layer MoM",isomom,ari,in sample,with noise,3d-high-strong,3,high,strong,2,1,0.3411133,0.007483663562262231
"(2,1)-Isolated Two-layer MoM",isomom,ari,in sample,with noise,3d-high-weak,3,high,weak,2,1,0.3413304,0.007490353920782773
"(2,1)-Isolated Two-layer MoM",isomom,ari,in sample,with noise,3d-low-ind,3,low,ind,2,1,0.0038573,0.002110430974703958
"(2,1)-Isolated Two-layer MoM",isomom,ari,in sample,with noise,3d-low-strong,3,low,strong,2,1,0.0034436,0.001708699381330015
"(2,1)-Isolated Two-layer MoM",isomom,ari,in sample,with noise,3d-low-weak,3,low,weak,2,1,0.003449,0.001796047006201354
"(2,1)-Isolated Two-layer MoM",isomom,ari,out of sample,no noise,2d-high-ind,2,high,ind,2,1,0.3135312,0.01442669728333725
"(2,1)-Isolated Two-layer MoM",isomom,ari,out of sample,no noise,2d-high-strong,2,high,strong,2,1,0.3141544,0.01427698234533085
"(2,1)-Isolated Two-layer MoM",isomom,ari,out of sample,no noise,2d-high-weak,2,high,weak,2,1,0.314137,0.01455731906581148
"(2,1)-Isolated Two-layer MoM",isomom,ari,out of sample,no noise,2d-low-ind,2,low,ind,2,1,0.0035248,0.002736331496841357
"(2,1)-Isolated Two-layer MoM",isomom,ari,out of sample,no noise,2d-low-strong,2,low,strong,2,1,0.0033591,0.002437761058799237
"(2,1)-Isolated Two-layer MoM",isomom,ari,out of sample,no noise,2d-low-weak,2,low,weak,2,1,0.0034312,0.002495226667301413
"(2,1)-Isolated Two-layer MoM",isomom,ari,out of sample,no noise,3d-high-ind,3,high,ind,2,1,0.3485404,0.01622520902543916
"(2,1)-Isolated Two-layer MoM",isomom,ari,out of sample,no noise,3d-high-strong,3,high,strong,2,1,0.3475327,0.01620508000254515
"(2,1)-Isolated Two-layer MoM",isomom,ari,out of sample,no noise,3d-high-weak,3,high,weak,2,1,0.3476933,0.01592390040635507
"(2,1)-Isolated Two-layer MoM",isomom,ari,out of sample,no noise,3d-low-ind,3,low,ind,2,1,0.0035972,0.00265999471405262
"(2,1)-Isolated Two-layer MoM",isomom,ari,out of sample,no noise,3d-low-strong,3,low,strong,2,1,0.0033297,0.002575555428966104
"(2,1)-Isolated Two-layer MoM",isomom,ari,out of sample,no noise,3d-low-weak,3,low,weak,2,1,0.0034556,0.002653084471350509
"(2,1)-Isolated Two-layer MoM",isomom,ari,out of sample,with noise,2d-high-ind,2,high,ind,2,1,0.3064306,0.01433826031034703
"(2,1)-Isolated Two-layer MoM",isomom,ari,out of sample,with noise,2d-high-strong,2,high,strong,2,1,0.3074513,0.0142603037109766
"(2,1)-Isolated Two-layer MoM",isomom,ari,out of sample,with noise,2d-high-weak,2,high,weak,2,1,0.307162,0.01418187540133496
"(2,1)-Isolated Two-layer MoM",isomom,ari,out of sample,with noise,2d-low-ind,2,low,ind,2,1,0.0036178,0.002800313323017749
"(2,1)-Isolated Two-layer MoM",isomom,ari,out of sample,with noise,2d-low-strong,2,low,strong,2,1,0.0033844,0.002497787837428968
"(2,1)-Isolated Two-layer MoM",isomom,ari,out of sample,with noise,2d-low-weak,2,low,weak,2,1,0.003478,0.0026216927217492
"(2,1)-Isolated Two-layer MoM",isomom,ari,out of sample,with noise,3d-high-ind,3,high,ind,2,1,0.3435902,0.01498709249233277
"(2,1)-Isolated Two-layer MoM",isomom,ari,out of sample,with noise,3d-high-strong,3,high,strong,2,1,0.3415319,0.01593454310704586
"(2,1)-Isolated Two-layer MoM",isomom,ari,out of sample,with noise,3d-high-weak,3,high,weak,2,1,0.3423071,0.01627759123315041
"(2,1)-Isolated Two-layer MoM",isomom,ari,out of sample,with noise,3d-low-ind,3,low,ind,2,1,0.0035747,0.00294770290808681
"(2,1)-Isolated Two-layer MoM",isomom,ari,out of sample,with noise,3d-low-strong,3,low,strong,2,1,0.0032613,0.002564872121568638
"(2,1)-Isolated Two-layer MoM",isomom,ari,out of sample,with noise,3d-low-weak,3,low,weak,2,1,0.0033696,0.002617149316614271
"(2,1)-Isolated Two-layer MoM",isomom,avg_ll,in sample,no noise,2d-high-ind,2,high,ind,2,1,-3.8800222,0.0142362393300558
"(2,1)-Isolated Two-layer MoM",isomom,avg_ll,in sample,no noise,2d-high-strong,2,high,strong,2,1,-3.9282752,0.01529279565512776
"(2,1)-Isolated Two-layer MoM",isomom,avg_ll,in sample,no noise,2d-high-weak,2,high,weak,2,1,-3.9098765,0.0140247319335551
"(2,1)-Isolated Two-layer MoM",isomom,avg_ll,in sample,no noise,2d-low-ind,2,low,ind,2,1,-3.4337021,0.01502668893648693
"(2,1)-Isolated Two-layer MoM",isomom,avg_ll,in sample,no noise,2d-low-strong,2,low,strong,2,1,-3.3908813,0.01661127532701506
"(2,1)-Isolated Two-layer MoM",isomom,avg_ll,in sample,no noise,2d-low-weak,2,low,weak,2,1,-3.4284618,0.01473377089573744
"(2,1)-Isolated Two-layer MoM",isomom,avg_ll,in sample,no noise,3d-high-ind,3,high,ind,2,1,-5.6196313,0.01532462550204018
"(2,1)-Isolated Two-layer MoM",isomom,avg_ll,in sample,no noise,3d-high-strong,3,high,strong,2,1,-5.6979053,0.01904970009334688
"(2,1)-Isolated Two-layer MoM",isomom,avg_ll,in sample,no noise,3d-high-weak,3,high,weak,2,1,-5.657615,0.01513944633576582
"(2,1)-Isolated Two-layer MoM",isomom,avg_ll,in sample,no noise,3d-low-ind,3,low,ind,2,1,-5.0856724,0.01595451040498039
"(2,1)-Isolated Two-layer MoM",isomom,avg_ll,in sample,no noise,3d-low-strong,3,low,strong,2,1,-5.0222651,0.02128361002145665
"(2,1)-Isolated Two-layer MoM",isomom,avg_ll,in sample,no noise,3d-low-weak,3,low,weak,2,1,-5.0782423,0.01630520483641877
"(2,1)-Isolated Two-layer MoM",isomom,avg_ll,in sample,with noise,2d-high-ind,2,high,ind,2,1,-3.9143248,0.01418476245194758
"(2,1)-Isolated Two-layer MoM",isomom,avg_ll,in sample,with noise,2d-high-strong,2,high,strong,2,1,-3.9609076,0.01578439090373845
"(2,1)-Isolated Two-layer MoM",isomom,avg_ll,in sample,with noise,2d-high-weak,2,high,weak,2,1,-3.9433227,0.01427108787731407
"(2,1)-Isolated Two-layer MoM",isomom,avg_ll,in sample,with noise,2d-low-ind,2,low,ind,2,1,-3.4647557,0.01497830142728019
"(2,1)-Isolated Two-layer MoM",isomom,avg_ll,in sample,with noise,2d-low-strong,2,low,strong,2,1,-3.4246839,0.0170911866882947
"(2,1)-Isolated Two-layer MoM",isomom,avg_ll,in sample,with noise,2d-low-weak,2,low,weak,2,1,-3.4602371,0.01491001441611934
"(2,1)-Isolated Two-layer MoM",isomom,avg_ll,in sample,with noise,3d-high-ind,3,high,ind,2,1,-5.6821378,0.01565431793016187
"(2,1)-Isolated Two-layer MoM",isomom,avg_ll,in sample,with noise,3d-high-strong,3,high,strong,2,1,-5.757566000000001,0.01946838421231682
"(2,1)-Isolated Two-layer MoM",isomom,avg_ll,in sample,with noise,3d-high-weak,3,high,weak,2,1,-5.718791599999999,0.01564869141074388
"(2,1)-Isolated Two-layer MoM",isomom,avg_ll,in sample,with noise,3d-low-ind,3,low,ind,2,1,-5.1384286,0.01640054532352797
"(2,1)-Isolated Two-layer MoM",isomom,avg_ll,in sample,with noise,3d-low-strong,3,low,strong,2,1,-5.078888,0.02166184328595917
"(2,1)-Isolated Two-layer MoM",isomom,avg_ll,in sample,with noise,3d-low-weak,3,low,weak,2,1,-5.1315591,0.01664477726774764
"(2,1)-Isolated Two-layer MoM",isomom,avg_ll,out of sample,no noise,2d-high-ind,2,high,ind,2,1,-3.8856762,0.02402794508504843
"(2,1)-Isolated Two-layer MoM",isomom,avg_ll,out of sample,no noise,2d-high-strong,2,high,strong,2,1,-3.9287972,0.02509313987623884
"(2,1)-Isolated Two-layer MoM",isomom,avg_ll,out of sample,no noise,2d-high-weak,2,high,weak,2,1,-3.9125215,0.0266132725440719
"(2,1)-Isolated Two-layer MoM",isomom,avg_ll,out of sample,no noise,2d-low-ind,2,low,ind,2,1,-3.4369527,0.0262495327848753
"(2,1)-Isolated Two-layer MoM",isomom,avg_ll,out of sample,no noise,2d-low-strong,2,low,strong,2,1,-3.390052,0.02745163979205483
"(2,1)-Isolated Two-layer MoM",isomom,avg_ll,out of sample,no noise,2d-low-weak,2,low,weak,2,1,-3.4304158,0.02754110232970625
"(2,1)-Isolated Two-layer MoM",isomom,avg_ll,out of sample,no noise,3d-high-ind,3,high,ind,2,1,-5.6211214,0.03666002325546055
"(2,1)-Isolated Two-layer MoM",isomom,avg_ll,out of sample,no noise,3d-high-strong,3,high,strong,2,1,-5.6972148,0.04050127675952328
"(2,1)-Isolated Two-layer MoM",isomom,avg_ll,out of sample,no noise,3d-high-weak,3,high,weak,2,1,-5.6596181,0.03647277780202599
"(2,1)-Isolated Two-layer MoM",isomom,avg_ll,out of sample,no noise,3d-low-ind,3,low,ind,2,1,-5.0847264,0.03901475213145413
"(2,1)-Isolated Two-layer MoM",isomom,avg_ll,out of sample,no noise,3d-low-strong,3,low,strong,2,1,-5.0203774,0.04525442347082503
"(2,1)-Isolated Two-layer MoM",isomom,avg_ll,out of sample,no noise,3d-low-weak,3,low,weak,2,1,-5.0779764,0.04006940931267459
"(2,1)-Isolated Two-layer MoM",isomom,avg_ll,out of sample,with noise,2d-high-ind,2,high,ind,2,1,-3.92046,0.02374471858342522
"(2,1)-Isolated Two-layer MoM",isomom,avg_ll,out of sample,with noise,2d-high-strong,2,high,strong,2,1,-3.9609521,0.02509257712668405
"(2,1)-Isolated Two-layer MoM",isomom,avg_ll,out of sample,with noise,2d-high-weak,2,high,weak,2,1,-3.9458362,0.02666252376075702
"(2,1)-Isolated Two-layer MoM",isomom,avg_ll,out of sample,with noise,2d-low-ind,2,low,ind,2,1,-3.4685108,0.02639954471140928
"(2,1)-Isolated Two-layer MoM",isomom,avg_ll,out of sample,with noise,2d-low-strong,2,low,strong,2,1,-3.4234496,0.02722968348080167
"(2,1)-Isolated Two-layer MoM",isomom,avg_ll,out of sample,with noise,2d-low-weak,2,low,weak,2,1,-3.462069,0.02742993725067111
"(2,1)-Isolated Two-layer MoM",isomom,avg_ll,out of sample,with noise,3d-high-ind,3,high,ind,2,1,-5.6839586,0.03612523891836682
"(2,1)-Isolated Two-layer MoM",isomom,avg_ll,out of sample,with noise,3d-high-strong,3,high,strong,2,1,-5.756454,0.04008653261345629
"(2,1)-Isolated Two-layer MoM",isomom,avg_ll,out of sample,with noise,3d-high-weak,3,high,weak,2,1,-5.720992300000001,0.03573906562612226
"(2,1)-Isolated Two-layer MoM",isomom,avg_ll,out of sample,with noise,3d-low-ind,3,low,ind,2,1,-5.1380821,0.03815357542574063
"(2,1)-Isolated Two-layer MoM",isomom,avg_ll,out of sample,with noise,3d-low-strong,3,low,strong,2,1,-5.0766489,0.04495001149189188
"(2,1)-Isolated Two-layer MoM",isomom,avg_ll,out of sample,with noise,3d-low-weak,3,low,weak,2,1,-5.1314989,0.03942748277239717
"(2,1)-Isolated Two-layer MoM",isomom,bic,in sample,no noise,2d-high-ind,2,high,ind,2,1,62215.1538568,227.7764011094081
"(2,1)-Isolated Two-layer MoM",isomom,bic,in sample,no noise,2d-high-strong,2,high,strong,2,1,62987.214933,244.680551974532
"(2,1)-Isolated Two-layer MoM",isomom,bic,in sample,no noise,2d-high-weak,2,high,weak,2,1,62692.8347001,224.3913835358226
"(2,1)-Isolated Two-layer MoM",isomom,bic,in sample,no noise,2d-low-ind,2,low,ind,2,1,55074.0442634,240.4197710328746
"(2,1)-Isolated Two-layer MoM",isomom,bic,in sample,no noise,2d-low-strong,2,low,strong,2,1,54388.9076337,265.7767304061726
"(2,1)-Isolated Two-layer MoM",isomom,bic,in sample,no noise,2d-low-weak,2,low,weak,2,1,54990.1889466,235.7321872248597
"(2,1)-Isolated Two-layer MoM",isomom,bic,in sample,no noise,3d-high-ind,3,high,ind,2,1,90138.78639380001,245.1923222140899
"(2,1)-Isolated Two-layer MoM",isomom,bic,in sample,no noise,3d-high-strong,3,high,strong,2,1,91391.1686221,304.7971102588128
"(2,1)-Isolated Two-layer MoM",isomom,bic,in sample,no noise,3d-high-weak,3,high,weak,2,1,90746.5202795,242.2276225475551
"(2,1)-Isolated Two-layer MoM",isomom,bic,in sample,no noise,3d-low-ind,3,low,ind,2,1,81595.4251888,255.2743350571967
"(2,1)-Isolated Two-layer MoM",isomom,bic,in sample,no noise,3d-low-strong,3,low,strong,2,1,80580.9283812,340.540713892081
"(2,1)-Isolated Two-layer MoM",isomom,bic,in sample,no noise,3d-low-weak,3,low,weak,2,1,81476.5656611,260.8842379133674
"(2,1)-Isolated Two-layer MoM",isomom,bic,in sample,with noise,2d-high-ind,2,high,ind,2,1,62764.0060542,226.9526902202114
"(2,1)-Isolated Two-layer MoM",isomom,bic,in sample,with noise,2d-high-strong,2,high,strong,2,1,63509.3218029,252.5518244518647
"(2,1)-Isolated Two-layer MoM",isomom,bic,in sample,with noise,2d-high-weak,2,high,weak,2,1,63227.9733403,228.3383192388258
"(2,1)-Isolated Two-layer MoM",isomom,bic,in sample,with noise,2d-low-ind,2,low,ind,2,1,55570.8923163,239.6508982357939
"(2,1)-Isolated Two-layer MoM",isomom,bic,in sample,with noise,2d-low-strong,2,low,strong,2,1,54929.74152359999,273.4622612342077
"(2,1)-Isolated Two-layer MoM",isomom,bic,in sample,with noise,2d-low-weak,2,low,weak,2,1,55498.60028989999,238.5653774399428
"(2,1)-Isolated Two-layer MoM",isomom,bic,in sample,with noise,3d-high-ind,3,high,ind,2,1,91138.89003909999,250.4719091881644
"(2,1)-Isolated Two-layer MoM",isomom,bic,in sample,with noise,3d-high-strong,3,high,strong,2,1,92345.7312398,311.4906626261396
"(2,1)-Isolated Two-layer MoM",isomom,bic,in sample,with noise,3d-high-weak,3,high,weak,2,1,91725.3456895,250.3841094435045
"(2,1)-Isolated Two-layer MoM",isomom,bic,in sample,with noise,3d-low-ind,3,low,ind,2,1,82439.5414032,262.4064157494674
"(2,1)-Isolated Two-layer MoM",isomom,bic,in sample,with noise,3d-low-strong,3,low,strong,2,1,81486.8907431,346.5811900282516
"(2,1)-Isolated Two-layer MoM",isomom,bic,in sample,with noise,3d-low-weak,3,low,weak,2,1,82329.6207363,266.3184317348047
"(2,1)-Isolated Two-layer MoM",isomom,bic,out of sample,no noise,2d-high-ind,2,high,ind,2,1,15656.7180863,96.11250151475697
"(2,1)-Isolated Two-layer MoM",isomom,bic,out of sample,no noise,2d-high-strong,2,high,strong,2,1,15829.2014324,100.3734401003812
"(2,1)-Isolated Two-layer MoM",isomom,bic,out of sample,no noise,2d-high-weak,2,high,weak,2,1,15764.1017691,106.4530612426233
"(2,1)-Isolated Two-layer MoM",isomom,bic,out of sample,no noise,2d-low-ind,2,low,ind,2,1,13861.823582,104.9971751949506
"(2,1)-Isolated Two-layer MoM",isomom,bic,out of sample,no noise,2d-low-strong,2,low,strong,2,1,13674.2233162,109.8062815275012
"(2,1)-Isolated Two-layer MoM",isomom,bic,out of sample,no noise,2d-low-weak,2,low,weak,2,1,13835.6775469,110.1647581613303
"(2,1)-Isolated Two-layer MoM",isomom,bic,out of sample,no noise,3d-high-ind,3,high,ind,2,1,22674.5097992,146.639830400711
"(2,1)-Isolated Two-layer MoM",isomom,bic,out of sample,no noise,3d-high-strong,3,high,strong,2,1,22978.8822097,162.0042680154104
"(2,1)-Isolated Two-layer MoM",isomom,bic,out of sample,no noise,3d-high-weak,3,high,weak,2,1,22828.4968162,145.8913888532984
"(2,1)-Isolated Two-layer MoM",isomom,bic,out of sample,no noise,3d-low-ind,3,low,ind,2,1,20528.9293732,156.0596921764766
"(2,1)-Isolated Two-layer MoM",isomom,bic,out of sample,no noise,3d-low-strong,3,low,strong,2,1,20271.5320543,181.0186838867498
"(2,1)-Isolated Two-layer MoM",isomom,bic,out of sample,no noise,3d-low-weak,3,low,weak,2,1,20501.9288076,160.2782226553658
"(2,1)-Isolated Two-layer MoM",isomom,bic,out of sample,with noise,2d-high-ind,2,high,ind,2,1,15795.8529892,94.98011920863537
"(2,1)-Isolated Two-layer MoM",isomom,bic,out of sample,with noise,2d-high-strong,2,high,strong,2,1,15957.8224208,100.3703835907779
"(2,1)-Isolated Two-layer MoM",isomom,bic,out of sample,with noise,2d-high-weak,2,high,weak,2,1,15897.357607,106.6521490841458
"(2,1)-Isolated Two-layer MoM",isomom,bic,out of sample,with noise,2d-low-ind,2,low,ind,2,1,13988.0585979,105.5983621905232
"(2,1)-Isolated Two-layer MoM",isomom,bic,out of sample,with noise,2d-low-strong,2,low,strong,2,1,13807.813123,108.9179349989399
"(2,1)-Isolated Two-layer MoM",isomom,bic,out of sample,with noise,2d-low-weak,2,low,weak,2,1,13962.2901101,109.7215411234331
"(2,1)-Isolated Two-layer MoM",isomom,bic,out of sample,with noise,3d-high-ind,3,high,ind,2,1,22925.8586917,144.4996010722866
"(2,1)-Isolated Two-layer MoM",isomom,bic,out of sample,with noise,3d-high-strong,3,high,strong,2,1,23215.8400505,160.3461903959158
"(2,1)-Isolated Two-layer MoM",isomom,bic,out of sample,with noise,3d-high-weak,3,high,weak,2,1,23073.9933271,142.9564208173012
"(2,1)-Isolated Two-layer MoM",isomom,bic,out of sample,with noise,3d-low-ind,3,low,ind,2,1,20742.3511511,152.6133350197703
"(2,1)-Isolated Two-layer MoM",isomom,bic,out of sample,with noise,3d-low-strong,3,low,strong,2,1,20496.6178737,179.7993850816686
"(2,1)-Isolated Two-layer MoM",isomom,bic,out of sample,with noise,3d-low-weak,3,low,weak,2,1,20716.0184038,157.7107465786626
"(2,1)-Isolated Two-layer MoM",isomom,em_iters,training,no noise,2d-high-ind,2,high,ind,2,1,21.01,0.6741249472052231
"(2,1)-Isolated Two-layer MoM",isomom,em_iters,training,no noise,2d-high-strong,2,high,strong,2,1,20.96,0.7095310729167137
"(2,1)-Isolated Two-layer MoM",isomom,em_iters,training,no noise,2d-high-weak,2,high,weak,2,1,21.0,0.6963106238227914
"(2,1)-Isolated Two-layer MoM",isomom,em_iters,training,no noise,2d-low-ind,2,low,ind,2,1,27.54,1.048519880304584
"(2,1)-Isolated Two-layer MoM",isomom,em_iters,training,no noise,2d-low-strong,2,low,strong,2,1,27.54,1.009250146686071
"(2,1)-Isolated Two-layer MoM",isomom,em_iters,training,no noise,2d-low-weak,2,low,weak,2,1,27.52,0.9154123649917548
"(2,1)-Isolated Two-layer MoM",isomom,em_iters,training,no noise,3d-high-ind,3,high,ind,2,1,19.68,0.5663992238766579
"(2,1)-Isolated Two-layer MoM",isomom,em_iters,training,no noise,3d-high-strong,3,high,strong,2,1,19.75,0.6256309946079568
"(2,1)-Isolated Two-layer MoM",isomom,em_iters,training,no noise,3d-high-weak,3,high,weak,2,1,19.76,0.7264136340107942
"(2,1)-Isolated Two-layer MoM",isomom,em_iters,training,no noise,3d-low-ind,3,low,ind,2,1,27.59,1.035676717236736
"(2,1)-Isolated Two-layer MoM",isomom,em_iters,training,no noise,3d-low-strong,3,low,strong,2,1,27.33,1.082971967701973
"(2,1)-Isolated Two-layer MoM",isomom,em_iters,training,no noise,3d-low-weak,3,low,weak,2,1,27.42,1.199157953724111
"(2,1)-Isolated Two-layer MoM",isomom,em_iters,training,with noise,2d-high-ind,2,high,ind,2,1,21.17,0.7114503609961949
"(2,1)-Isolated Two-layer MoM",isomom,em_iters,training,with noise,2d-high-strong,2,high,strong,2,1,21.16,0.7208300490378851
"(2,1)-Isolated Two-layer MoM",isomom,em_iters,training,with noise,2d-high-weak,2,high,weak,2,1,21.16,0.6922368952836304
"(2,1)-Isolated Two-layer MoM",isomom,em_iters,training,with noise,2d-low-ind,2,low,ind,2,1,27.47,1.039181884897437
"(2,1)-Isolated Two-layer MoM",isomom,em_iters,training,with noise,2d-low-strong,2,low,strong,2,1,27.53,0.9369518599580171
"(2,1)-Isolated Two-layer MoM",isomom,em_iters,training,with noise,2d-low-weak,2,low,weak,2,1,27.51,0.9691712590109808
"(2,1)-Isolated Two-layer MoM",isomom,em_iters,training,with noise,3d-high-ind,3,high,ind,2,1,19.83,0.5135536717202732
"(2,1)-Isolated Two-layer MoM",isomom,em_iters,training,with noise,3d-high-strong,3,high,strong,2,1,19.93,0.65528157260367
"(2,1)-Isolated Two-layer MoM",isomom,em_iters,training,with noise,3d-high-weak,3,high,weak,2,1,19.95,0.6723244767373877
"(2,1)-Isolated Two-layer MoM",isomom,em_iters,training,with noise,3d-low-ind,3,low,ind,2,1,27.53,0.9995453511926858
"(2,1)-Isolated Two-layer MoM",isomom,em_iters,training,with noise,3d-low-strong,3,low,strong,2,1,27.36,1.000201999800061
"(2,1)-Isolated Two-layer MoM",isomom,em_iters,training,with noise,3d-low-weak,3,low,weak,2,1,27.4,1.044465935734187
"(2,1)-Isolated Two-layer MoM",isomom,gmpd,in sample,no noise,2d-high-ind,2,high,ind,2,1,0.0206523,0.0002933603809844014
"(2,1)-Isolated Two-layer MoM",isomom,gmpd,in sample,no noise,2d-high-strong,2,high,strong,2,1,0.0196797,0.000300442283403261
"(2,1)-Isolated Two-layer MoM",isomom,gmpd,in sample,no noise,2d-high-weak,2,high,weak,2,1,0.0200449,0.0002805567876760623
"(2,1)-Isolated Two-layer MoM",isomom,gmpd,in sample,no noise,2d-low-ind,2,low,ind,2,1,0.0322705,0.0004834563584286078
"(2,1)-Isolated Two-layer MoM",isomom,gmpd,in sample,no noise,2d-low-strong,2,low,strong,2,1,0.0336836,0.0005585488412670879
"(2,1)-Isolated Two-layer MoM",isomom,gmpd,in sample,no noise,2d-low-weak,2,low,weak,2,1,0.032441,0.000476850992121091
"(2,1)-Isolated Two-layer MoM",isomom,gmpd,in sample,no noise,3d-high-ind,3,high,ind,2,1,0.0036264,5.556904886642556e-05
"(2,1)-Isolated Two-layer MoM",isomom,gmpd,in sample,no noise,3d-high-strong,3,high,strong,2,1,0.0033539,6.351481176175616e-05
"(2,1)-Isolated Two-layer MoM",isomom,gmpd,in sample,no noise,3d-high-weak,3,high,weak,2,1,0.0034909,5.234105328120424e-05
"(2,1)-Isolated Two-layer MoM",isomom,gmpd,in sample,no noise,3d-low-ind,3,low,ind,2,1,0.006185199999999999,9.853963977030063e-05
"(2,1)-Isolated Two-layer MoM",isomom,gmpd,in sample,no noise,3d-low-strong,3,low,strong,2,1,0.0065913,0.0001397808891433195
"(2,1)-Isolated Two-layer MoM",isomom,gmpd,in sample,no noise,3d-low-weak,3,low,weak,2,1,0.0062316,0.0001016104663343637
"(2,1)-Isolated Two-layer MoM",isomom,gmpd,in sample,with noise,2d-high-ind,2,high,ind,2,1,0.0199557,0.0002823968659510764
"(2,1)-Isolated Two-layer MoM",isomom,gmpd,in sample,with noise,2d-high-strong,2,high,strong,2,1,0.019048,0.000299427062331657
"(2,1)-Isolated Two-layer MoM",isomom,gmpd,in sample,with noise,2d-high-weak,2,high,weak,2,1,0.0193852,0.0002766811971357734
"(2,1)-Isolated Two-layer MoM",isomom,gmpd,in sample,with noise,2d-low-ind,2,low,ind,2,1,0.0312841,0.0004673546768134383
"(2,1)-Isolated Two-layer MoM",isomom,gmpd,in sample,with noise,2d-low-strong,2,low,strong,2,1,0.0325645,0.0005550618766125876
"(2,1)-Isolated Two-layer MoM",isomom,gmpd,in sample,with noise,2d-low-weak,2,low,weak,2,1,0.0314257,0.0004676661482966531
"(2,1)-Isolated Two-layer MoM",isomom,gmpd,in sample,with noise,3d-high-ind,3,high,ind,2,1,0.0034068,5.306523524793976e-05
"(2,1)-Isolated Two-layer MoM",isomom,gmpd,in sample,with noise,3d-high-strong,3,high,strong,2,1,0.0031593,6.140205307000837e-05
"(2,1)-Isolated Two-layer MoM",isomom,gmpd,in sample,with noise,3d-high-weak,3,high,weak,2,1,0.0032837,5.151551693275034e-05
"(2,1)-Isolated Two-layer MoM",isomom,gmpd,in sample,with noise,3d-low-ind,3,low,ind,2,1,0.0058674,9.623855041436674e-05
"(2,1)-Isolated Two-layer MoM",isomom,gmpd,in sample,with noise,3d-low-strong,3,low,strong,2,1,0.006228500000000001,0.0001341292532062136
"(2,1)-Isolated Two-layer MoM",isomom,gmpd,in sample,with noise,3d-low-weak,3,low,weak,2,1,0.005908,9.825754655264635e-05
"(2,1)-Isolated Two-layer MoM",isomom,gmpd,out of sample,no noise,2d-high-ind,2,high,ind,2,1,0.0205399,0.0004950390148893577
"(2,1)-Isolated Two-layer MoM",isomom,gmpd,out of sample,no noise,2d-high-strong,2,high,strong,2,1,0.0196736,0.000494369346243323
"(2,1)-Isolated Two-layer MoM",isomom,gmpd,out of sample,no noise,2d-high-weak,2,high,weak,2,1,0.0199975,0.0005346354842414608
"(2,1)-Isolated Two-layer MoM",isomom,gmpd,out of sample,no noise,2d-low-ind,2,low,ind,2,1,0.0321731,0.0008482122554543943
"(2,1)-Isolated Two-layer MoM",isomom,gmpd,out of sample,no noise,2d-low-strong,2,low,strong,2,1,0.0337197,0.0009262910237101833
"(2,1)-Isolated Two-layer MoM",isomom,gmpd,out of sample,no noise,2d-low-weak,2,low,weak,2,1,0.0323857,0.000897000900870013
"(2,1)-Isolated Two-layer MoM",isomom,gmpd,out of sample,no noise,3d-high-ind,3,high,ind,2,1,0.003623,0.0001331248369847723
"(2,1)-Isolated Two-layer MoM",isomom,gmpd,out of sample,no noise,3d-high-strong,3,high,strong,2,1,0.0033583,0.000136670768600674
"(2,1)-Isolated Two-layer MoM",isomom,gmpd,out of sample,no noise,3d-high-weak,3,high,weak,2,1,0.0034863,0.0001278150099467069
"(2,1)-Isolated Two-layer MoM",isomom,gmpd,out of sample,no noise,3d-low-ind,3,low,ind,2,1,0.0061949,0.0002419679209057984
"(2,1)-Isolated Two-layer MoM",isomom,gmpd,out of sample,no noise,3d-low-strong,3,low,strong,2,1,0.006608800000000001,0.0002998258080144455
"(2,1)-Isolated Two-layer MoM",isomom,gmpd,out of sample,no noise,3d-low-weak,3,low,weak,2,1,0.006237599999999999,0.0002510950562490772
"(2,1)-Isolated Two-layer MoM",isomom,gmpd,out of sample,with noise,2d-high-ind,2,high,ind,2,1,0.0198376,0.0004734722800756142
"(2,1)-Isolated Two-layer MoM",isomom,gmpd,out of sample,with noise,2d-high-strong,2,high,strong,2,1,0.0190509,0.0004786346216166371
"(2,1)-Isolated Two-layer MoM",isomom,gmpd,out of sample,with noise,2d-high-weak,2,high,weak,2,1,0.0193416,0.000517916806236115
"(2,1)-Isolated Two-layer MoM",isomom,gmpd,out of sample,with noise,2d-low-ind,2,low,ind,2,1,0.0311741,0.0008268036237966258
"(2,1)-Isolated Two-layer MoM",isomom,gmpd,out of sample,with noise,2d-low-strong,2,low,strong,2,1,0.0326114,0.000888089562323008
"(2,1)-Isolated Two-layer MoM",isomom,gmpd,out of sample,with noise,2d-low-weak,2,low,weak,2,1,0.0313764,0.0008644371322170019
"(2,1)-Isolated Two-layer MoM",isomom,gmpd,out of sample,with noise,3d-high-ind,3,high,ind,2,1,0.0034022,0.0001237183180544507
"(2,1)-Isolated Two-layer MoM",isomom,gmpd,out of sample,with noise,3d-high-strong,3,high,strong,2,1,0.0031647,0.0001279634970046401
"(2,1)-Isolated Two-layer MoM",isomom,gmpd,out of sample,with noise,3d-high-weak,3,high,weak,2,1,0.0032787,0.0001175993454939528
"(2,1)-Isolated Two-layer MoM",isomom,gmpd,out of sample,with noise,3d-low-ind,3,low,ind,2,1,0.0058731,0.0002245385616248702
"(2,1)-Isolated Two-layer MoM",isomom,gmpd,out of sample,with noise,3d-low-strong,3,low,strong,2,1,0.006246699999999999,0.0002821098539522674
"(2,1)-Isolated Two-layer MoM",isomom,gmpd,out of sample,with noise,3d-low-weak,3,low,weak,2,1,0.0059124,0.0002339477624504145
"(2,1)-Isolated Two-layer MoM",isomom,training_time,training,no noise,2d-high-ind,2,high,ind,2,1,275.7494,68.7697819006769
"(2,1)-Isolated Two-layer MoM",isomom,training_time,training,no noise,2d-high-strong,2,high,strong,2,1,289.0814,71.11783634577931
"(2,1)-Isolated Two-layer MoM",isomom,training_time,training,no noise,2d-high-weak,2,high,weak,2,1,319.6835,68.62125548099421
"(2,1)-Isolated Two-layer MoM",isomom,training_time,training,no noise,2d-low-ind,2,low,ind,2,1,323.1528,61.00466390648697
"(2,1)-Isolated Two-layer MoM",isomom,training_time,training,no noise,2d-low-strong,2,low,strong,2,1,333.2093,58.95422264937362
"(2,1)-Isolated Two-layer MoM",isomom,training_time,training,no noise,2d-low-weak,2,low,weak,2,1,313.4717,65.31005560974111
"(2,1)-Isolated Two-layer MoM",isomom,training_time,training,no noise,3d-high-ind,3,high,ind,2,1,283.4558,63.54656128280022
"(2,1)-Isolated Two-layer MoM",isomom,training_time,training,no noise,3d-high-strong,3,high,strong,2,1,296.3714,72.53780811481009
"(2,1)-Isolated Two-layer MoM",isomom,training_time,training,no noise,3d-high-weak,3,high,weak,2,1,291.2067,63.46874412590177
"(2,1)-Isolated Two-layer MoM",isomom,training_time,training,no noise,3d-low-ind,3,low,ind,2,1,338.912,64.50803735061459
"(2,1)-Isolated Two-layer MoM",isomom,training_time,training,no noise,3d-low-strong,3,low,strong,2,1,328.3819999999999,66.45856652566668
"(2,1)-Isolated Two-layer MoM",isomom,training_time,training,no noise,3d-low-weak,3,low,weak,2,1,336.6861,57.31325314136745
"(2,1)-Isolated Two-layer MoM",isomom,training_time,training,with noise,2d-high-ind,2,high,ind,2,1,303.7505,64.13960243685315
"(2,1)-Isolated Two-layer MoM",isomom,training_time,training,with noise,2d-high-strong,2,high,strong,2,1,286.1745,63.98815738561364
"(2,1)-Isolated Two-layer MoM",isomom,training_time,training,with noise,2d-high-weak,2,high,weak,2,1,324.3602,63.19079334520148
"(2,1)-Isolated Two-layer MoM",isomom,training_time,training,with noise,2d-low-ind,2,low,ind,2,1,317.9726,69.9818822385949
"(2,1)-Isolated Two-layer MoM",isomom,training_time,training,with noise,2d-low-strong,2,low,strong,2,1,317.6189,65.04965843426189
"(2,1)-Isolated Two-layer MoM",isomom,training_time,training,with noise,2d-low-weak,2,low,weak,2,1,326.1754,72.24811082665208
"(2,1)-Isolated Two-layer MoM",isomom,training_time,training,with noise,3d-high-ind,3,high,ind,2,1,299.5285,65.63053858301767
"(2,1)-Isolated Two-layer MoM",isomom,training_time,training,with noise,3d-high-strong,3,high,strong,2,1,306.3454,67.51314639536525
"(2,1)-Isolated Two-layer MoM",isomom,training_time,training,with noise,3d-high-weak,3,high,weak,2,1,284.6605,67.96471256683816
"(2,1)-Isolated Two-layer MoM",isomom,training_time,training,with noise,3d-low-ind,3,low,ind,2,1,323.5859,61.78211288811018
"(2,1)-Isolated Two-layer MoM",isomom,training_time,training,with noise,3d-low-strong,3,low,strong,2,1,334.0082,65.44020091440102
"(2,1)-Isolated Two-layer MoM",isomom,training_time,training,with noise,3d-low-weak,3,low,weak,2,1,338.4406,60.19781973332972
"(2,1)-Two-layer MoM",mom,aic,in sample,no noise,2d-high-ind,2,high,ind,2,1,61915.8458418,225.9871913796162
"(2,1)-Two-layer MoM",mom,aic,in sample,no noise,2d-high-strong,2,high,strong,2,1,62464.6712843,230.2639414176849
"(2,1)-Two-layer MoM",mom,aic,in sample,no noise,2d-high-weak,2,high,weak,2,1,62506.0757666,224.4960204381606
"(2,1)-Two-layer MoM",mom,aic,in sample,no noise,2d-low-ind,2,low,ind,2,1,54965.1507791,240.0355963878529
"(2,1)-Two-layer MoM",mom,aic,in sample,no noise,2d-low-strong,2,low,strong,2,1,51558.3483179,284.7570903430914
"(2,1)-Two-layer MoM",mom,aic,in sample,no noise,2d-low-weak,2,low,weak,2,1,54710.1590938,248.7155333716918
"(2,1)-Two-layer MoM",mom,aic,in sample,no noise,3d-high-ind,3,high,ind,2,1,89662.24634649999,244.7421016521625
"(2,1)-Two-layer MoM",mom,aic,in sample,no noise,3d-high-strong,3,high,strong,2,1,89894.1203542,301.6463197389955
"(2,1)-Two-layer MoM",mom,aic,in sample,no noise,3d-high-weak,3,high,weak,2,1,90357.66285460001,246.0009334161483
"(2,1)-Two-layer MoM",mom,aic,in sample,no noise,3d-low-ind,3,low,ind,2,1,81393.610618,257.4702882197366
"(2,1)-Two-layer MoM",mom,aic,in sample,no noise,3d-low-strong,3,low,strong,2,1,77901.5735951,321.9217215458008
"(2,1)-Two-layer MoM",mom,aic,in sample,no noise,3d-low-weak,3,low,weak,2,1,81017.3775587,281.5369152577222
"(2,1)-Two-layer MoM",mom,aic,in sample,with noise,2d-high-ind,2,high,ind,2,1,62461.7800748,225.5829010861212
"(2,1)-Two-layer MoM",mom,aic,in sample,with noise,2d-high-strong,2,high,strong,2,1,62999.86546849999,236.1128372832405
"(2,1)-Two-layer MoM",mom,aic,in sample,with noise,2d-high-weak,2,high,weak,2,1,63040.7257794,227.7985182333128
"(2,1)-Two-layer MoM",mom,aic,in sample,with noise,2d-low-ind,2,low,ind,2,1,55462.19035229999,239.2710404963078
"(2,1)-Two-layer MoM",mom,aic,in sample,with noise,2d-low-strong,2,low,strong,2,1,52206.40360999999,293.742094621919
"(2,1)-Two-layer MoM",mom,aic,in sample,with noise,2d-low-weak,2,low,weak,2,1,55228.7093339,250.1341563286968
"(2,1)-Two-layer MoM",mom,aic,in sample,with noise,3d-high-ind,3,high,ind,2,1,90659.6276922,250.1003640670906
"(2,1)-Two-layer MoM",mom,aic,in sample,with noise,3d-high-strong,3,high,strong,2,1,90903.3748532,312.4692521804442
"(2,1)-Two-layer MoM",mom,aic,in sample,with noise,3d-high-weak,3,high,weak,2,1,91335.2401734,254.0270118562957
"(2,1)-Two-layer MoM",mom,aic,in sample,with noise,3d-low-ind,3,low,ind,2,1,82243.97888329999,270.2245701058541
"(2,1)-Two-layer MoM",mom,aic,in sample,with noise,3d-low-strong,3,low,strong,2,1,78903.0370464,329.7700937765168
"(2,1)-Two-layer MoM",mom,aic,in sample,with noise,3d-low-weak,3,low,weak,2,1,81879.24389859999,290.3943638550254
"(2,1)-Two-layer MoM",mom,aic,out of sample,no noise,2d-high-ind,2,high,ind,2,1,15525.6193169,96.70869612874858
"(2,1)-Two-layer MoM",mom,aic,out of sample,no noise,2d-high-strong,2,high,strong,2,1,15642.2479765,101.45625572686
"(2,1)-Two-layer MoM",mom,aic,out of sample,no noise,2d-high-weak,2,high,weak,2,1,15660.0843877,107.0739659945313
"(2,1)-Two-layer MoM",mom,aic,out of sample,no noise,2d-low-ind,2,low,ind,2,1,13777.7234661,104.9102479905021
"(2,1)-Two-layer MoM",mom,aic,out of sample,no noise,2d-low-strong,2,low,strong,2,1,12904.7814806,118.0870470300411
"(2,1)-Two-layer MoM",mom,aic,out of sample,no noise,2d-low-weak,2,low,weak,2,1,13712.3622177,108.4303569026403
"(2,1)-Two-layer MoM",mom,aic,out of sample,no noise,3d-high-ind,3,high,ind,2,1,22458.3449288,147.6281498924674
"(2,1)-Two-layer MoM",mom,aic,out of sample,no noise,3d-high-strong,3,high,strong,2,1,22509.7674383,155.743246357106
"(2,1)-Two-layer MoM",mom,aic,out of sample,no noise,3d-high-weak,3,high,weak,2,1,22634.6000523,148.5136888316253
"(2,1)-Two-layer MoM",mom,aic,out of sample,no noise,3d-low-ind,3,low,ind,2,1,20385.0340904,155.2916692671596
"(2,1)-Two-layer MoM",mom,aic,out of sample,no noise,3d-low-strong,3,low,strong,2,1,19501.1416931,182.0920119542319
"(2,1)-Two-layer MoM",mom,aic,out of sample,no noise,3d-low-weak,3,low,weak,2,1,20295.876384,161.9017936674498
"(2,1)-Two-layer MoM",mom,aic,out of sample,with noise,2d-high-ind,2,high,ind,2,1,15663.7111288,94.91795157488363
"(2,1)-Two-layer MoM",mom,aic,out of sample,with noise,2d-high-strong,2,high,strong,2,1,15775.9388023,102.2825397343095
"(2,1)-Two-layer MoM",mom,aic,out of sample,with noise,2d-high-weak,2,high,weak,2,1,15793.0016602,107.4716037459583
"(2,1)-Two-layer MoM",mom,aic,out of sample,with noise,2d-low-ind,2,low,ind,2,1,13903.8957409,105.5611488070166
"(2,1)-Two-layer MoM",mom,aic,out of sample,with noise,2d-low-strong,2,low,strong,2,1,13063.9501105,119.0030958500279
"(2,1)-Two-layer MoM",mom,aic,out of sample,with noise,2d-low-weak,2,low,weak,2,1,13842.3666727,108.9103481105186
"(2,1)-Two-layer MoM",mom,aic,out of sample,with noise,3d-high-ind,3,high,ind,2,1,22709.8052061,145.248239829221
"(2,1)-Two-layer MoM",mom,aic,out of sample,with noise,3d-high-strong,3,high,strong,2,1,22760.2820354,154.1643883852916
"(2,1)-Two-layer MoM",mom,aic,out of sample,with noise,3d-high-weak,3,high,weak,2,1,22880.8583853,145.3395853900587
"(2,1)-Two-layer MoM",mom,aic,out of sample,with noise,3d-low-ind,3,low,ind,2,1,20599.541666,152.0076751103113
"(2,1)-Two-layer MoM",mom,aic,out of sample,with noise,3d-low-strong,3,low,strong,2,1,19749.7362348,179.4798843713722
"(2,1)-Two-layer MoM",mom,aic,out of sample,with noise,3d-low-weak,3,low,weak,2,1,20511.8372578,162.3323342254602
"(2,1)-Two-layer MoM",mom,ari,in sample,no noise,2d-high-ind,2,high,ind,2,1,0.3308607,0.007919617664350651
"(2,1)-Two-layer MoM",mom,ari,in sample,no noise,2d-high-strong,2,high,strong,2,1,0.0385076,0.07598963249488097
"(2,1)-Two-layer MoM",mom,ari,in sample,no noise,2d-high-weak,2,high,weak,2,1,0.3471521,0.007628519495083482
"(2,1)-Two-layer MoM",mom,ari,in sample,no noise,2d-low-ind,2,low,ind,2,1,0.0047931,0.002350921459145478
"(2,1)-Two-layer MoM",mom,ari,in sample,no noise,2d-low-strong,2,low,strong,2,1,-3e-07,0.0001821391132229884
"(2,1)-Two-layer MoM",mom,ari,in sample,no noise,2d-low-weak,2,low,weak,2,1,0.0029804,0.001413176034700032
"(2,1)-Two-layer MoM",mom,ari,in sample,no noise,3d-high-ind,3,high,ind,2,1,0.3582038,0.007427914831732701
"(2,1)-Two-layer MoM",mom,ari,in sample,no noise,3d-high-strong,3,high,strong,2,1,0.0009000999999999999,0.001197777820411911
"(2,1)-Two-layer MoM",mom,ari,in sample,no noise,3d-high-weak,3,high,weak,2,1,0.3802137,0.007553677631966882
"(2,1)-Two-layer MoM",mom,ari,in sample,no noise,3d-low-ind,3,low,ind,2,1,0.0115849,0.01331538917489038
"(2,1)-Two-layer MoM",mom,ari,in sample,no noise,3d-low-strong,3,low,strong,2,1,0.0002284,0.0003400942234265099
"(2,1)-Two-layer MoM",mom,ari,in sample,no noise,3d-low-weak,3,low,weak,2,1,0.0009410999999999999,0.00126294260768375
"(2,1)-Two-layer MoM",mom,ari,in sample,with noise,2d-high-ind,2,high,ind,2,1,0.3255928,0.007936934639692285
"(2,1)-Two-layer MoM",mom,ari,in sample,with noise,2d-high-strong,2,high,strong,2,1,0.0361135,0.0710113216520984
"(2,1)-Two-layer MoM",mom,ari,in sample,with noise,2d-high-weak,2,high,weak,2,1,0.3408028,0.008075441018072234
"(2,1)-Two-layer MoM",mom,ari,in sample,with noise,2d-low-ind,2,low,ind,2,1,0.0048267,0.00248065202205901
"(2,1)-Two-layer MoM",mom,ari,in sample,with noise,2d-low-strong,2,low,strong,2,1,-8.500000000000002e-06,0.000201841897323503
"(2,1)-Two-layer MoM",mom,ari,in sample,with noise,2d-low-weak,2,low,weak,2,1,0.0028617,0.001342141402928375
"(2,1)-Two-layer MoM",mom,ari,in sample,with noise,3d-high-ind,3,high,ind,2,1,0.3541101,0.007275474158590853
"(2,1)-Two-layer MoM",mom,ari,in sample,with noise,3d-high-strong,3,high,strong,2,1,0.0008996,0.001206259700332588
"(2,1)-Two-layer MoM",mom,ari,in sample,with noise,3d-high-weak,3,high,weak,2,1,0.3767496,0.007595406761904714
"(2,1)-Two-layer MoM",mom,ari,in sample,with noise,3d-low-ind,3,low,ind,2,1,0.010008,0.01094139595547777
"(2,1)-Two-layer MoM",mom,ari,in sample,with noise,3d-low-strong,3,low,strong,2,1,0.0002273,0.0003578918492471933
"(2,1)-Two-layer MoM",mom,ari,in sample,with noise,3d-low-weak,3,low,weak,2,1,0.0009228,0.001221193388832945
"(2,1)-Two-layer MoM",mom,ari,out of sample,no noise,2d-high-ind,2,high,ind,2,1,0.3326903,0.01334817624246849
"(2,1)-Two-layer MoM",mom,ari,out of sample,no noise,2d-high-strong,2,high,strong,2,1,0.0384361,0.07709510825570969
"(2,1)-Two-layer MoM",mom,ari,out of sample,no noise,2d-high-weak,2,high,weak,2,1,0.3493496,0.01437337851513673
"(2,1)-Two-layer MoM",mom,ari,out of sample,no noise,2d-low-ind,2,low,ind,2,1,0.0046542,0.003307105353353869
"(2,1)-Two-layer MoM",mom,ari,out of sample,no noise,2d-low-strong,2,low,strong,2,1,9.65e-05,0.0007917712849534061
"(2,1)-Two-layer MoM",mom,ari,out of sample,no noise,2d-low-weak,2,low,weak,2,1,0.0030726,0.002217114158522107
"(2,1)-Two-layer MoM",mom,ari,out of sample,no noise,3d-high-ind,3,high,ind,2,1,0.3612185,0.01481589143930983
"(2,1)-Two-layer MoM",mom,ari,out of sample,no noise,3d-high-strong,3,high,strong,2,1,0.0004993,0.001022503616846731
"(2,1)-Two-layer MoM",mom,ari,out of sample,no noise,3d-high-weak,3,high,weak,2,1,0.3818816,0.01513391473452652
"(2,1)-Two-layer MoM",mom,ari,out of sample,no noise,3d-low-ind,3,low,ind,2,1,0.0118717,0.01334429027484766
"(2,1)-Two-layer MoM",mom,ari,out of sample,no noise,3d-low-strong,3,low,strong,2,1,0.000243,0.0007961593414447242
"(2,1)-Two-layer MoM",mom,ari,out of sample,no noise,3d-low-weak,3,low,weak,2,1,0.0007296999999999999,0.001391930898522849
"(2,1)-Two-layer MoM",mom,ari,out of sample,with noise,2d-high-ind,2,high,ind,2,1,0.3269149,0.01380828740286064
"(2,1)-Two-layer MoM",mom,ari,out of sample,with noise,2d-high-strong,2,high,strong,2,1,0.0359237,0.07187992710426988
"(2,1)-Two-layer MoM",mom,ari,out of sample,with noise,2d-high-weak,2,high,weak,2,1,0.3427099,0.01492914419699084
"(2,1)-Two-layer MoM",mom,ari,out of sample,with noise,2d-low-ind,2,low,ind,2,1,0.0047513,0.003361243052590196
"(2,1)-Two-layer MoM",mom,ari,out of sample,with noise,2d-low-strong,2,low,strong,2,1,6.07e-05,0.0007591213088934875
"(2,1)-Two-layer MoM",mom,ari,out of sample,with noise,2d-low-weak,2,low,weak,2,1,0.0028327,0.002078512412396147
"(2,1)-Two-layer MoM",mom,ari,out of sample,with noise,3d-high-ind,3,high,ind,2,1,0.3582673,0.014978466554128
"(2,1)-Two-layer MoM",mom,ari,out of sample,with noise,3d-high-strong,3,high,strong,2,1,0.0005291,0.001042327518856552
"(2,1)-Two-layer MoM",mom,ari,out of sample,with noise,3d-high-weak,3,high,weak,2,1,0.3778543,0.01516131095948175
"(2,1)-Two-layer MoM",mom,ari,out of sample,with noise,3d-low-ind,3,low,ind,2,1,0.010218,0.01203435553452336
"(2,1)-Two-layer MoM",mom,ari,out of sample,with noise,3d-low-strong,3,low,strong,2,1,0.0002728,0.0008014268588592538
"(2,1)-Two-layer MoM",mom,ari,out of sample,with noise,3d-low-weak,3,low,weak,2,1,0.0005806,0.001159529528417766
"(2,1)-Two-layer MoM",mom,avg_ll,in sample,no noise,2d-high-ind,2,high,ind,2,1,-3.8678653,0.01412462949938688
"(2,1)-Two-layer MoM",mom,avg_ll,in sample,no noise,2d-high-strong,2,high,strong,2,1,-3.9021663,0.01439185450422241
"(2,1)-Two-layer MoM",mom,avg_ll,in sample,no noise,2d-high-weak,2,high,weak,2,1,-3.9047552,0.0140312024208098
"(2,1)-Two-layer MoM",mom,avg_ll,in sample,no noise,2d-low-ind,2,low,ind,2,1,-3.4334467,0.01500199771579258
"(2,1)-Two-layer MoM",mom,avg_ll,in sample,no noise,2d-low-strong,2,low,strong,2,1,-3.2205223,0.01779686573557549
"(2,1)-Two-layer MoM",mom,avg_ll,in sample,no noise,2d-low-weak,2,low,weak,2,1,-3.4175098,0.01554451665184202
"(2,1)-Two-layer MoM",mom,avg_ll,in sample,no noise,3d-high-ind,3,high,ind,2,1,-5.6007655,0.01529633007910375
"(2,1)-Two-layer MoM",mom,avg_ll,in sample,no noise,3d-high-strong,3,high,strong,2,1,-5.6152576,0.01885263313174049
"(2,1)-Two-layer MoM",mom,avg_ll,in sample,no noise,3d-high-weak,3,high,weak,2,1,-5.644228900000001,0.01537536773938141
"(2,1)-Two-layer MoM",mom,avg_ll,in sample,no noise,3d-low-ind,3,low,ind,2,1,-5.0839757,0.01609184681285794
"(2,1)-Two-layer MoM",mom,avg_ll,in sample,no noise,3d-low-strong,3,low,strong,2,1,-4.8657233,0.02011972332756531
"(2,1)-Two-layer MoM",mom,avg_ll,in sample,no noise,3d-low-weak,3,low,weak,2,1,-5.0604608,0.01759577926203852
"(2,1)-Two-layer MoM",mom,avg_ll,in sample,with noise,2d-high-ind,2,high,ind,2,1,-3.9019866,0.01409896881536261
"(2,1)-Two-layer MoM",mom,avg_ll,in sample,with noise,2d-high-strong,2,high,strong,2,1,-3.9356169,0.01475705574744943
"(2,1)-Two-layer MoM",mom,avg_ll,in sample,with noise,2d-high-weak,2,high,weak,2,1,-3.9381701,0.01423714067983364
"(2,1)-Two-layer MoM",mom,avg_ll,in sample,with noise,2d-low-ind,2,low,ind,2,1,-3.4645118,0.01495464364083085
"(2,1)-Two-layer MoM",mom,avg_ll,in sample,with noise,2d-low-strong,2,low,strong,2,1,-3.2610251,0.01835857477220562
"(2,1)-Two-layer MoM",mom,avg_ll,in sample,with noise,2d-low-weak,2,low,weak,2,1,-3.4499191,0.01563315526777188
"(2,1)-Two-layer MoM",mom,avg_ll,in sample,with noise,3d-high-ind,3,high,ind,2,1,-5.6631018,0.01563152844656459
"(2,1)-Two-layer MoM",mom,avg_ll,in sample,with noise,3d-high-strong,3,high,strong,2,1,-5.6783356,0.01952900838043828
"(2,1)-Two-layer MoM",mom,avg_ll,in sample,with noise,3d-high-weak,3,high,weak,2,1,-5.7053273,0.01587687161352397
"(2,1)-Two-layer MoM",mom,avg_ll,in sample,with noise,3d-low-ind,3,low,ind,2,1,-5.1371236,0.01688879046808109
"(2,1)-Two-layer MoM",mom,avg_ll,in sample,with noise,3d-low-strong,3,low,strong,2,1,-4.928315,0.02061055415131384
"(2,1)-Two-layer MoM",mom,avg_ll,in sample,with noise,3d-low-weak,3,low,weak,2,1,-5.1143277,0.01814966181363984
"(2,1)-Two-layer MoM",mom,avg_ll,out of sample,no noise,2d-high-ind,2,high,ind,2,1,-3.873905,0.02417718866028783
"(2,1)-Two-layer MoM",mom,avg_ll,out of sample,no noise,2d-high-strong,2,high,strong,2,1,-3.9030621,0.02536385857491093
"(2,1)-Two-layer MoM",mom,avg_ll,out of sample,no noise,2d-high-weak,2,high,weak,2,1,-3.9075212,0.02676831683958187
"(2,1)-Two-layer MoM",mom,avg_ll,out of sample,no noise,2d-low-ind,2,low,ind,2,1,-3.4369308,0.02622774680341104
"(2,1)-Two-layer MoM",mom,avg_ll,out of sample,no noise,2d-low-strong,2,low,strong,2,1,-3.2186954,0.0295215682640282
"(2,1)-Two-layer MoM",mom,avg_ll,out of sample,no noise,2d-low-weak,2,low,weak,2,1,-3.4205906,0.02710795640852448
"(2,1)-Two-layer MoM",mom,avg_ll,out of sample,no noise,3d-high-ind,3,high,ind,2,1,-5.6020859,0.03690742128145064
"(2,1)-Two-layer MoM",mom,avg_ll,out of sample,no noise,3d-high-strong,3,high,strong,2,1,-5.6149424,0.03893627749660888
"(2,1)-Two-layer MoM",mom,avg_ll,out of sample,no noise,3d-high-weak,3,high,weak,2,1,-5.6461498,0.03712803147450338
"(2,1)-Two-layer MoM",mom,avg_ll,out of sample,no noise,3d-low-ind,3,low,ind,2,1,-5.0837581,0.03882265098736662
"(2,1)-Two-layer MoM",mom,avg_ll,out of sample,no noise,3d-low-strong,3,low,strong,2,1,-4.862785,0.04552281522556158
"(2,1)-Two-layer MoM",mom,avg_ll,out of sample,no noise,3d-low-weak,3,low,weak,2,1,-5.0614693,0.04047543403239932
"(2,1)-Two-layer MoM",mom,avg_ll,out of sample,with noise,2d-high-ind,2,high,ind,2,1,-3.9084279,0.0237296271491224
"(2,1)-Two-layer MoM",mom,avg_ll,out of sample,with noise,2d-high-strong,2,high,strong,2,1,-3.9364849,0.025570275455274
"(2,1)-Two-layer MoM",mom,avg_ll,out of sample,with noise,2d-high-weak,2,high,weak,2,1,-3.9407503,0.02686841454029422
"(2,1)-Two-layer MoM",mom,avg_ll,out of sample,with noise,2d-low-ind,2,low,ind,2,1,-3.4684739,0.02639022867435686
"(2,1)-Two-layer MoM",mom,avg_ll,out of sample,with noise,2d-low-strong,2,low,strong,2,1,-3.2584875,0.02975105713680738
"(2,1)-Two-layer MoM",mom,avg_ll,out of sample,with noise,2d-low-weak,2,low,weak,2,1,-3.4530915,0.02722732545188059
"(2,1)-Two-layer MoM",mom,avg_ll,out of sample,with noise,3d-high-ind,3,high,ind,2,1,-5.664950999999999,0.03631213736758045
"(2,1)-Two-layer MoM",mom,avg_ll,out of sample,with noise,3d-high-strong,3,high,strong,2,1,-5.6775708,0.03854093588312905
"(2,1)-Two-layer MoM",mom,avg_ll,out of sample,with noise,3d-high-weak,3,high,weak,2,1,-5.7077143,0.03633520451826076
"(2,1)-Two-layer MoM",mom,avg_ll,out of sample,with noise,3d-low-ind,3,low,ind,2,1,-5.137385500000001,0.03800192999817057
"(2,1)-Two-layer MoM",mom,avg_ll,out of sample,with noise,3d-low-strong,3,low,strong,2,1,-4.924934,0.0448700276106196
"(2,1)-Two-layer MoM",mom,avg_ll,out of sample,with noise,3d-low-weak,3,low,weak,2,1,-5.1154593,0.04058303589599178
"(2,1)-Two-layer MoM",mom,bic,in sample,no noise,2d-high-ind,2,high,ind,2,1,62020.653794,225.9871917518639
"(2,1)-Two-layer MoM",mom,bic,in sample,no noise,2d-high-strong,2,high,strong,2,1,62569.4792372,230.2639412111407
"(2,1)-Two-layer MoM",mom,bic,in sample,no noise,2d-high-weak,2,high,weak,2,1,62610.8837194,224.4960205847822
"(2,1)-Two-layer MoM",mom,bic,in sample,no noise,2d-low-ind,2,low,ind,2,1,55069.9587315,240.0355965094441
"(2,1)-Two-layer MoM",mom,bic,in sample,no noise,2d-low-strong,2,low,strong,2,1,51663.15626980001,284.7570904281503
"(2,1)-Two-layer MoM",mom,bic,in sample,no noise,2d-low-weak,2,low,weak,2,1,54814.9670466,248.7155330217326
"(2,1)-Two-layer MoM",mom,bic,in sample,no noise,3d-high-ind,3,high,ind,2,1,89836.9262668,244.7421015319496
"(2,1)-Two-layer MoM",mom,bic,in sample,no noise,3d-high-strong,3,high,strong,2,1,90068.80027450001,301.6463198616921
"(2,1)-Two-layer MoM",mom,bic,in sample,no noise,3d-high-weak,3,high,weak,2,1,90532.34277520001,246.0009336342269
"(2,1)-Two-layer MoM",mom,bic,in sample,no noise,3d-low-ind,3,low,ind,2,1,81568.2905381,257.4702882828284
"(2,1)-Two-layer MoM",mom,bic,in sample,no noise,3d-low-strong,3,low,strong,2,1,78076.2535154,321.921721516371
"(2,1)-Two-layer MoM",mom,bic,in sample,no noise,3d-low-weak,3,low,weak,2,1,81192.05747910001,281.5369151558775
"(2,1)-Two-layer MoM",mom,bic,in sample,with noise,2d-high-ind,2,high,ind,2,1,62566.58802749999,225.5829011216776
"(2,1)-Two-layer MoM",mom,bic,in sample,with noise,2d-high-strong,2,high,strong,2,1,63104.6734206,236.1128377604091
"(2,1)-Two-layer MoM",mom,bic,in sample,with noise,2d-high-weak,2,high,weak,2,1,63145.533732,227.7985177961734
"(2,1)-Two-layer MoM",mom,bic,in sample,with noise,2d-low-ind,2,low,ind,2,1,55566.9983043,239.2710411344844
"(2,1)-Two-layer MoM",mom,bic,in sample,with noise,2d-low-strong,2,low,strong,2,1,52311.21156220001,293.7420949447673
"(2,1)-Two-layer MoM",mom,bic,in sample,with noise,2d-low-weak,2,low,weak,2,1,55333.5172861,250.1341561939856
"(2,1)-Two-layer MoM",mom,bic,in sample,with noise,3d-high-ind,3,high,ind,2,1,90834.3076127,250.1003640876486
"(2,1)-Two-layer MoM",mom,bic,in sample,with noise,3d-high-strong,3,high,strong,2,1,91078.0547738,312.4692523607532
"(2,1)-Two-layer MoM",mom,bic,in sample,with noise,3d-high-weak,3,high,weak,2,1,91509.9200939,254.0270120347553
"(2,1)-Two-layer MoM",mom,bic,in sample,with noise,3d-low-ind,3,low,ind,2,1,82418.6588036,270.2245701062708
"(2,1)-Two-layer MoM",mom,bic,in sample,with noise,3d-low-strong,3,low,strong,2,1,79077.7169671,329.7700936134582
"(2,1)-Two-layer MoM",mom,bic,in sample,with noise,3d-low-weak,3,low,weak,2,1,82053.9238188,290.3943640481437
"(2,1)-Two-layer MoM",mom,bic,out of sample,no noise,2d-high-ind,2,high,ind,2,1,15609.6328545,96.7086970249593
"(2,1)-Two-layer MoM",mom,bic,out of sample,no noise,2d-high-strong,2,high,strong,2,1,15726.2615133,101.4562552624492
"(2,1)-Two-layer MoM",mom,bic,out of sample,no noise,2d-high-weak,2,high,weak,2,1,15744.0979246,107.0739662230939
"(2,1)-Two-layer MoM",mom,bic,out of sample,no noise,2d-low-ind,2,low,ind,2,1,13861.737003,104.9102483224686
"(2,1)-Two-layer MoM",mom,bic,out of sample,no noise,2d-low-strong,2,low,strong,2,1,12988.7950181,118.0870469067239
"(2,1)-Two-layer MoM",mom,bic,out of sample,no noise,2d-low-weak,2,low,weak,2,1,13796.3757549,108.4303568782636
"(2,1)-Two-layer MoM",mom,bic,out of sample,no noise,3d-high-ind,3,high,ind,2,1,22598.3674903,147.6281496918446
"(2,1)-Two-layer MoM",mom,bic,out of sample,no noise,3d-high-strong,3,high,strong,2,1,22649.7899995,155.7432465676749
"(2,1)-Two-layer MoM",mom,bic,out of sample,no noise,3d-high-weak,3,high,weak,2,1,22774.6226141,148.5136880258486
"(2,1)-Two-layer MoM",mom,bic,out of sample,no noise,3d-low-ind,3,low,ind,2,1,20525.0566518,155.2916686881306
"(2,1)-Two-layer MoM",mom,bic,out of sample,no noise,3d-low-strong,3,low,strong,2,1,19641.1642543,182.0920121518068
"(2,1)-Two-layer MoM",mom,bic,out of sample,no noise,3d-low-weak,3,low,weak,2,1,20435.898945,161.9017930879675
"(2,1)-Two-layer MoM",mom,bic,out of sample,with noise,2d-high-ind,2,high,ind,2,1,15747.7246651,94.91795187887585
"(2,1)-Two-layer MoM",mom,bic,out of sample,with noise,2d-high-strong,2,high,strong,2,1,15859.9523386,102.2825396166735
"(2,1)-Two-layer MoM",mom,bic,out of sample,with noise,2d-high-weak,2,high,weak,2,1,15877.0151973,107.4716035638163
"(2,1)-Two-layer MoM",mom,bic,out of sample,with noise,2d-low-ind,2,low,ind,2,1,13987.9092779,105.5611482515429
"(2,1)-Two-layer MoM",mom,bic,out of sample,with noise,2d-low-strong,2,low,strong,2,1,13147.9636468,119.0030959095986
"(2,1)-Two-layer MoM",mom,bic,out of sample,with noise,2d-low-weak,2,low,weak,2,1,13926.3802101,108.9103488712319
"(2,1)-Two-layer MoM",mom,bic,out of sample,with noise,3d-high-ind,3,high,ind,2,1,22849.8277678,145.2482399937707
"(2,1)-Two-layer MoM",mom,bic,out of sample,with noise,3d-high-strong,3,high,strong,2,1,22900.3045969,154.1643882711081
"(2,1)-Two-layer MoM",mom,bic,out of sample,with noise,3d-high-weak,3,high,weak,2,1,23020.8809468,145.3395852098432
"(2,1)-Two-layer MoM",mom,bic,out of sample,with noise,3d-low-ind,3,low,ind,2,1,20739.564228,152.0076757106415
"(2,1)-Two-layer MoM",mom,bic,out of sample,with noise,3d-low-strong,3,low,strong,2,1,19889.758796,179.4798846975162
"(2,1)-Two-layer MoM",mom,bic,out of sample,with noise,3d-low-weak,3,low,weak,2,1,20651.8598195,162.3323341031798
"(2,1)-Two-layer MoM",mom,em_iters,training,no noise,2d-high-ind,2,high,ind,2,1,11.0,0.0
"(2,1)-Two-layer MoM",mom,em_iters,training,no noise,2d-high-strong,2,high,strong,2,1,66.77,19.42031374253737
"(2,1)-Two-layer MoM",mom,em_iters,training,no noise,2d-high-weak,2,high,weak,2,1,11.0,0.0
"(2,1)-Two-layer MoM",mom,em_iters,training,no noise,2d-low-ind,2,low,ind,2,1,15.91,1.484567072900175
"(2,1)-Two-layer MoM",mom,em_iters,training,no noise,2d-low-strong,2,low,strong,2,1,22.85,3.682815677322354
"(2,1)-Two-layer MoM",mom,em_iters,training,no noise,2d-low-weak,2,low,weak,2,1,35.3,16.63603245240811
"(2,1)-Two-layer MoM",mom,em_iters,training,no noise,3d-high-ind,3,high,ind,2,1,11.0,0.0
"(2,1)-Two-layer MoM",mom,em_iters,training,no noise,3d-high-strong,3,high,strong,2,1,59.64,11.97768969814507
"(2,1)-Two-layer MoM",mom,em_iters,training,no noise,3d-high-weak,3,high,weak,2,1,11.0,0.0
"(2,1)-Two-layer MoM",mom,em_iters,training,no noise,3d-low-ind,3,low,ind,2,1,22.85,15.68784835019085
"(2,1)-Two-layer MoM",mom,em_iters,training,no noise,3d-low-strong,3,low,strong,2,1,24.65,2.986078811194819
"(2,1)-Two-layer MoM",mom,em_iters,training,no noise,3d-low-weak,3,low,weak,2,1,42.41,16.55727433285242
"(2,1)-Two-layer MoM",mom,em_iters,training,with noise,2d-high-ind,2,high,ind,2,1,11.0,0.0
"(2,1)-Two-layer MoM",mom,em_iters,training,with noise,2d-high-strong,2,high,strong,2,1,66.08,18.21680875488683
"(2,1)-Two-layer MoM",mom,em_iters,training,with noise,2d-high-weak,2,high,weak,2,1,11.0,0.0
"(2,1)-Two-layer MoM",mom,em_iters,training,with noise,2d-low-ind,2,low,ind,2,1,15.8,1.456438162508838
"(2,1)-Two-layer MoM",mom,em_iters,training,with noise,2d-low-strong,2,low,strong,2,1,22.65,3.663566182248816
"(2,1)-Two-layer MoM",mom,em_iters,training,with noise,2d-low-weak,2,low,weak,2,1,34.15,16.83813312908314
"(2,1)-Two-layer MoM",mom,em_iters,training,with noise,3d-high-ind,3,high,ind,2,1,11.0,0.0
"(2,1)-Two-layer MoM",mom,em_iters,training,with noise,3d-high-strong,3,high,strong,2,1,60.06,12.60897547885087
"(2,1)-Two-layer MoM",mom,em_iters,training,with noise,3d-high-weak,3,high,weak,2,1,11.0,0.0
"(2,1)-Two-layer MoM",mom,em_iters,training,with noise,3d-low-ind,3,low,ind,2,1,20.58,12.43989996387073
"(2,1)-Two-layer MoM",mom,em_iters,training,with noise,3d-low-strong,3,low,strong,2,1,24.53,2.804955931521524
"(2,1)-Two-layer MoM",mom,em_iters,training,with noise,3d-low-weak,3,low,weak,2,1,43.33,16.78025234276495
"(2,1)-Two-layer MoM",mom,gmpd,in sample,no noise,2d-high-ind,2,high,ind,2,1,0.0209052,0.0002950585629253214
"(2,1)-Two-layer MoM",mom,gmpd,in sample,no noise,2d-high-strong,2,high,strong,2,1,0.0202,0.0002907253207431582
"(2,1)-Two-layer MoM",mom,gmpd,in sample,no noise,2d-high-weak,2,high,weak,2,1,0.0201478,0.0002822692317485545
"(2,1)-Two-layer MoM",mom,gmpd,in sample,no noise,2d-low-ind,2,low,ind,2,1,0.0322796,0.0004834198877567899
"(2,1)-Two-layer MoM",mom,gmpd,in sample,no noise,2d-low-strong,2,low,strong,2,1,0.0399401,0.0007109809626796852
"(2,1)-Two-layer MoM",mom,gmpd,in sample,no noise,2d-low-weak,2,low,weak,2,1,0.0327983,0.0005090038895685953
"(2,1)-Two-layer MoM",mom,gmpd,in sample,no noise,3d-high-ind,3,high,ind,2,1,0.0036957,5.673356122875568e-05
"(2,1)-Two-layer MoM",mom,gmpd,in sample,no noise,3d-high-strong,3,high,strong,2,1,0.0036425,6.853996843249406e-05
"(2,1)-Two-layer MoM",mom,gmpd,in sample,no noise,3d-high-weak,3,high,weak,2,1,0.0035383,5.425445101137282e-05
"(2,1)-Two-layer MoM",mom,gmpd,in sample,no noise,3d-low-ind,3,low,ind,2,1,0.006196,9.987871432771645e-05
"(2,1)-Two-layer MoM",mom,gmpd,in sample,no noise,3d-low-strong,3,low,strong,2,1,0.007708,0.0001551213275556468
"(2,1)-Two-layer MoM",mom,gmpd,in sample,no noise,3d-low-weak,3,low,weak,2,1,0.0063436,0.0001121733867139114
"(2,1)-Two-layer MoM",mom,gmpd,in sample,with noise,2d-high-ind,2,high,ind,2,1,0.020204,0.0002845410978464029
"(2,1)-Two-layer MoM",mom,gmpd,in sample,with noise,2d-high-strong,2,high,strong,2,1,0.0195357,0.0002879367740643523
"(2,1)-Two-layer MoM",mom,gmpd,in sample,with noise,2d-high-weak,2,high,weak,2,1,0.019486,0.000277401361120517
"(2,1)-Two-layer MoM",mom,gmpd,in sample,with noise,2d-low-ind,2,low,ind,2,1,0.0312917,0.0004663181707414332
"(2,1)-Two-layer MoM",mom,gmpd,in sample,with noise,2d-low-strong,2,low,strong,2,1,0.0383552,0.0007045959942772274
"(2,1)-Two-layer MoM",mom,gmpd,in sample,with noise,2d-low-weak,2,low,weak,2,1,0.0317522,0.0004957100406935939
"(2,1)-Two-layer MoM",mom,gmpd,in sample,with noise,3d-high-ind,3,high,ind,2,1,0.0034723,5.488012648334804e-05
"(2,1)-Two-layer MoM",mom,gmpd,in sample,with noise,3d-high-strong,3,high,strong,2,1,0.00342,6.692374674798083e-05
"(2,1)-Two-layer MoM",mom,gmpd,in sample,with noise,3d-high-weak,3,high,weak,2,1,0.0033288,5.21512950535035e-05
"(2,1)-Two-layer MoM",mom,gmpd,in sample,with noise,3d-low-ind,3,low,ind,2,1,0.005875399999999999,9.902983939656326e-05
"(2,1)-Two-layer MoM",mom,gmpd,in sample,with noise,3d-low-strong,3,low,strong,2,1,0.0072401,0.0001484974917313591
"(2,1)-Two-layer MoM",mom,gmpd,in sample,with noise,3d-low-weak,3,low,weak,2,1,0.0060117,0.0001093234936444416
"(2,1)-Two-layer MoM",mom,gmpd,out of sample,no noise,2d-high-ind,2,high,ind,2,1,0.0207832,0.0005032538167171753
"(2,1)-Two-layer MoM",mom,gmpd,out of sample,no noise,2d-high-strong,2,high,strong,2,1,0.0201871,0.0005125008893808499
"(2,1)-Two-layer MoM",mom,gmpd,out of sample,no noise,2d-high-weak,2,high,weak,2,1,0.0200978,0.0005412622359640548
"(2,1)-Two-layer MoM",mom,gmpd,out of sample,no noise,2d-low-ind,2,low,ind,2,1,0.0321748,0.0008478379871916877
"(2,1)-Two-layer MoM",mom,gmpd,out of sample,no noise,2d-low-strong,2,low,strong,2,1,0.0400247,0.001182100898973322
"(2,1)-Two-layer MoM",mom,gmpd,out of sample,no noise,2d-low-weak,2,low,weak,2,1,0.032705,0.0008927174493894711
"(2,1)-Two-layer MoM",mom,gmpd,out of sample,no noise,3d-high-ind,3,high,ind,2,1,0.0036924,0.0001367451363787112
"(2,1)-Two-layer MoM",mom,gmpd,out of sample,no noise,3d-high-strong,3,high,strong,2,1,0.0036459,0.0001423971895648212
"(2,1)-Two-layer MoM",mom,gmpd,out of sample,no noise,3d-high-weak,3,high,weak,2,1,0.003534,0.0001320238729560039
"(2,1)-Two-layer MoM",mom,gmpd,out of sample,no noise,3d-low-ind,3,low,ind,2,1,0.0062014,0.0002412970841686297
"(2,1)-Two-layer MoM",mom,gmpd,out of sample,no noise,3d-low-strong,3,low,strong,2,1,0.0077366,0.0003539623332126362
"(2,1)-Two-layer MoM",mom,gmpd,out of sample,no noise,3d-low-weak,3,low,weak,2,1,0.0063411,0.0002583783733952667
"(2,1)-Two-layer MoM",mom,gmpd,out of sample,with noise,2d-high-ind,2,high,ind,2,1,0.0200776,0.0004778785611344365
"(2,1)-Two-layer MoM",mom,gmpd,out of sample,with noise,2d-high-strong,2,high,strong,2,1,0.019523,0.0005000454524795266
"(2,1)-Two-layer MoM",mom,gmpd,out of sample,with noise,2d-high-weak,2,high,weak,2,1,0.0194402,0.0005247182601408609
"(2,1)-Two-layer MoM",mom,gmpd,out of sample,with noise,2d-low-ind,2,low,ind,2,1,0.0311751,0.000826376409208885
"(2,1)-Two-layer MoM",mom,gmpd,out of sample,with noise,2d-low-strong,2,low,strong,2,1,0.0384632,0.001144577801389816
"(2,1)-Two-layer MoM",mom,gmpd,out of sample,with noise,2d-low-weak,2,low,weak,2,1,0.0316595,0.0008664479619152392
"(2,1)-Two-layer MoM",mom,gmpd,out of sample,with noise,3d-high-ind,3,high,ind,2,1,0.0034675,0.0001264461797115135
"(2,1)-Two-layer MoM",mom,gmpd,out of sample,with noise,3d-high-strong,3,high,strong,2,1,0.0034241,0.0001328407187787562
"(2,1)-Two-layer MoM",mom,gmpd,out of sample,with noise,3d-high-weak,3,high,weak,2,1,0.0033224,0.0001219050798156028
"(2,1)-Two-layer MoM",mom,gmpd,out of sample,with noise,3d-low-ind,3,low,ind,2,1,0.005877599999999999,0.0002235395700853418
"(2,1)-Two-layer MoM",mom,gmpd,out of sample,with noise,3d-low-strong,3,low,strong,2,1,0.00727,0.0003288916188802884
"(2,1)-Two-layer MoM",mom,gmpd,out of sample,with noise,3d-low-weak,3,low,weak,2,1,0.0060088,0.0002452015456309318
"(2,1)-Two-layer MoM",mom,training_time,training,no noise,2d-high-ind,2,high,ind,2,1,392.5379,62.38840358276575
"(2,1)-Two-layer MoM",mom,training_time,training,no noise,2d-high-strong,2,high,strong,2,1,1047.5271,247.3257062790979
"(2,1)-Two-layer MoM",mom,training_time,training,no noise,2d-high-weak,2,high,weak,2,1,428.8226,68.1815261068761
"(2,1)-Two-layer MoM",mom,training_time,training,no noise,2d-low-ind,2,low,ind,2,1,461.3275,78.10598126807245
"(2,1)-Two-layer MoM",mom,training_time,training,no noise,2d-low-strong,2,low,strong,2,1,537.0354,85.87303318930404
"(2,1)-Two-layer MoM",mom,training_time,training,no noise,2d-low-weak,2,low,weak,2,1,679.0903999999999,199.678297318563
"(2,1)-Two-layer MoM",mom,training_time,training,no noise,3d-high-ind,3,high,ind,2,1,405.5681,73.33596927349382
"(2,1)-Two-layer MoM",mom,training_time,training,no noise,3d-high-strong,3,high,strong,2,1,1035.8885,186.7844772192017
"(2,1)-Two-layer MoM",mom,training_time,training,no noise,3d-high-weak,3,high,weak,2,1,397.9258,67.85197022187269
"(2,1)-Two-layer MoM",mom,training_time,training,no noise,3d-low-ind,3,low,ind,2,1,574.19,226.7675437468284
"(2,1)-Two-layer MoM",mom,training_time,training,no noise,3d-low-strong,3,low,strong,2,1,599.7551,80.63431881461497
"(2,1)-Two-layer MoM",mom,training_time,training,no noise,3d-low-weak,3,low,weak,2,1,832.3889999999999,215.1002244362503
"(2,1)-Two-layer MoM",mom,training_time,training,with noise,2d-high-ind,2,high,ind,2,1,400.9969,77.89309905371545
"(2,1)-Two-layer MoM",mom,training_time,training,with noise,2d-high-strong,2,high,strong,2,1,1036.2702,255.6190152186917
"(2,1)-Two-layer MoM",mom,training_time,training,with noise,2d-high-weak,2,high,weak,2,1,435.4769,64.11665498018813
"(2,1)-Two-layer MoM",mom,training_time,training,with noise,2d-low-ind,2,low,ind,2,1,455.4893,72.31424020114355
"(2,1)-Two-layer MoM",mom,training_time,training,with noise,2d-low-strong,2,low,strong,2,1,533.2411,87.01920367291741
"(2,1)-Two-layer MoM",mom,training_time,training,with noise,2d-low-weak,2,low,weak,2,1,673.5125999999999,211.9855242657436
"(2,1)-Two-layer MoM",mom,training_time,training,with noise,3d-high-ind,3,high,ind,2,1,402.2503,71.8560185856397
"(2,1)-Two-layer MoM",mom,training_time,training,with noise,3d-high-strong,3,high,strong,2,1,1048.8914,187.3433674279192
"(2,1)-Two-layer MoM",mom,training_time,training,with noise,3d-high-weak,3,high,weak,2,1,410.0778,73.9265726146252
"(2,1)-Two-layer MoM",mom,training_time,training,with noise,3d-low-ind,3,low,ind,2,1,551.4205999999999,163.0587792253599
"(2,1)-Two-layer MoM",mom,training_time,training,with noise,3d-low-strong,3,low,strong,2,1,603.0791,80.90962114687794
"(2,1)-Two-layer MoM",mom,training_time,training,with noise,3d-low-weak,3,low,weak,2,1,837.6561,232.9981821661216
"(2,2)-Isolated Two-layer MoM",isomom,aic,in sample,no noise,2d-high-ind,2,high,ind,2,2,62120.75773780001,229.5261316000017
"(2,2)-Isolated Two-layer MoM",isomom,aic,in sample,no noise,2d-high-strong,2,high,strong,2,2,62894.86414990001,244.9501408754544
"(2,2)-Isolated Two-layer MoM",isomom,aic,in sample,no noise,2d-high-weak,2,high,weak,2,2,62598.3464597,225.7903858646235
"(2,2)-Isolated Two-layer MoM",isomom,aic,in sample,no noise,2d-low-ind,2,low,ind,2,2,54958.90836450001,240.0653855443836
"(2,2)-Isolated Two-layer MoM",isomom,aic,in sample,no noise,2d-low-strong,2,low,strong,2,2,54278.4648901,265.3454836283406
"(2,2)-Isolated Two-layer MoM",isomom,aic,in sample,no noise,2d-low-weak,2,low,weak,2,2,54887.608247,235.098188469125
"(2,2)-Isolated Two-layer MoM",isomom,aic,in sample,no noise,3d-high-ind,3,high,ind,2,2,89874.34640590001,244.7409553378083
"(2,2)-Isolated Two-layer MoM",isomom,aic,in sample,no noise,3d-high-strong,3,high,strong,2,2,90912.3060854,307.9272609402629
"(2,2)-Isolated Two-layer MoM",isomom,aic,in sample,no noise,3d-high-weak,3,high,weak,2,2,90387.3303951,245.4642789730815
"(2,2)-Isolated Two-layer MoM",isomom,aic,in sample,no noise,3d-low-ind,3,low,ind,2,2,81349.6162735,253.4178021621176
"(2,2)-Isolated Two-layer MoM",isomom,aic,in sample,no noise,3d-low-strong,3,low,strong,2,2,80283.6078524,336.7598214186154
"(2,2)-Isolated Two-layer MoM",isomom,aic,in sample,no noise,3d-low-weak,3,low,weak,2,2,81225.4087041,262.9280994588198
"(2,2)-Isolated Two-layer MoM",isomom,aic,in sample,with noise,2d-high-ind,2,high,ind,2,2,62671.8665604,228.351082030651
"(2,2)-Isolated Two-layer MoM",isomom,aic,in sample,with noise,2d-high-strong,2,high,strong,2,2,63416.5186406,253.105816800571
"(2,2)-Isolated Two-layer MoM",isomom,aic,in sample,with noise,2d-high-weak,2,high,weak,2,2,63134.6030734,229.2182581273226
"(2,2)-Isolated Two-layer MoM",isomom,aic,in sample,with noise,2d-low-ind,2,low,ind,2,2,55460.1236458,239.2674928687906
"(2,2)-Isolated Two-layer MoM",isomom,aic,in sample,with noise,2d-low-strong,2,low,strong,2,2,54819.4356628,273.7087503455269
"(2,2)-Isolated Two-layer MoM",isomom,aic,in sample,with noise,2d-low-weak,2,low,weak,2,2,55399.4106269,237.8415154152498
"(2,2)-Isolated Two-layer MoM",isomom,aic,in sample,with noise,3d-high-ind,3,high,ind,2,2,90876.219647,250.549789919619
"(2,2)-Isolated Two-layer MoM",isomom,aic,in sample,with noise,3d-high-strong,3,high,strong,2,2,91880.6987514,312.6918387137071
"(2,2)-Isolated Two-layer MoM",isomom,aic,in sample,with noise,3d-high-weak,3,high,weak,2,2,91372.1300061,253.3831002118405
"(2,2)-Isolated Two-layer MoM",isomom,aic,in sample,with noise,3d-low-ind,3,low,ind,2,2,82196.546449,260.3620432478443
"(2,2)-Isolated Two-layer MoM",isomom,aic,in sample,with noise,3d-low-strong,3,low,strong,2,2,81196.1713649,342.2156892546178
"(2,2)-Isolated Two-layer MoM",isomom,aic,in sample,with noise,3d-low-weak,3,low,weak,2,2,82080.8504557,268.1003122896501
"(2,2)-Isolated Two-layer MoM",isomom,aic,out of sample,no noise,2d-high-ind,2,high,ind,2,2,15586.1497308,96.29764271240222
"(2,2)-Isolated Two-layer MoM",isomom,aic,out of sample,no noise,2d-high-strong,2,high,strong,2,2,15758.9007715,100.7427908613775
"(2,2)-Isolated Two-layer MoM",isomom,aic,out of sample,no noise,2d-high-weak,2,high,weak,2,2,15693.819177,106.3267200265635
"(2,2)-Isolated Two-layer MoM",isomom,aic,out of sample,no noise,2d-low-ind,2,low,ind,2,2,13786.7899111,104.2349427332202
"(2,2)-Isolated Two-layer MoM",isomom,aic,out of sample,no noise,2d-low-strong,2,low,strong,2,2,13598.8380448,109.4500367173466
"(2,2)-Isolated Two-layer MoM",isomom,aic,out of sample,no noise,2d-low-weak,2,low,weak,2,2,13763.2218438,109.7183062070557
"(2,2)-Isolated Two-layer MoM",isomom,aic,out of sample,no noise,3d-high-ind,3,high,ind,2,2,22526.7554705,147.1844554532688
"(2,2)-Isolated Two-layer MoM",isomom,aic,out of sample,no noise,3d-high-strong,3,high,strong,2,2,22777.7963887,162.9929007219826
"(2,2)-Isolated Two-layer MoM",isomom,aic,out of sample,no noise,3d-high-weak,3,high,weak,2,2,22658.5035054,147.0576489968427
"(2,2)-Isolated Two-layer MoM",isomom,aic,out of sample,no noise,3d-low-ind,3,low,ind,2,2,20385.2595273,156.0513786837926
"(2,2)-Isolated Two-layer MoM",isomom,aic,out of sample,no noise,3d-low-strong,3,low,strong,2,2,20114.7953504,179.3695306506868
"(2,2)-Isolated Two-layer MoM",isomom,aic,out of sample,no noise,3d-low-weak,3,low,weak,2,2,20357.0453202,160.3312166617343
"(2,2)-Isolated Two-layer MoM",isomom,aic,out of sample,with noise,2d-high-ind,2,high,ind,2,2,15726.0324096,95.09690953978682
"(2,2)-Isolated Two-layer MoM",isomom,aic,out of sample,with noise,2d-high-strong,2,high,strong,2,2,15887.219171,100.7420905501723
"(2,2)-Isolated Two-layer MoM",isomom,aic,out of sample,with noise,2d-high-weak,2,high,weak,2,2,15827.4185908,106.4007707384524
"(2,2)-Isolated Two-layer MoM",isomom,aic,out of sample,with noise,2d-low-ind,2,low,ind,2,2,13914.2084338,104.691524508584
"(2,2)-Isolated Two-layer MoM",isomom,aic,out of sample,with noise,2d-low-strong,2,low,strong,2,2,13732.3566227,108.586613265913
"(2,2)-Isolated Two-layer MoM",isomom,aic,out of sample,with noise,2d-low-weak,2,low,weak,2,2,13890.7180702,109.3339411812346
"(2,2)-Isolated Two-layer MoM",isomom,aic,out of sample,with noise,3d-high-ind,3,high,ind,2,2,22778.5189197,144.4509014907805
"(2,2)-Isolated Two-layer MoM",isomom,aic,out of sample,with noise,3d-high-strong,3,high,strong,2,2,23017.9955039,160.4794284834745
"(2,2)-Isolated Two-layer MoM",isomom,aic,out of sample,with noise,3d-high-weak,3,high,weak,2,2,22905.3776821,143.6569777905887
"(2,2)-Isolated Two-layer MoM",isomom,aic,out of sample,with noise,3d-low-ind,3,low,ind,2,2,20599.5313798,152.6666607410907
"(2,2)-Isolated Two-layer MoM",isomom,aic,out of sample,with noise,3d-low-strong,3,low,strong,2,2,20341.4683025,177.9595949398688
"(2,2)-Isolated Two-layer MoM",isomom,aic,out of sample,with noise,3d-low-weak,3,low,weak,2,2,20571.9656991,157.7694054242887
"(2,2)-Isolated Two-layer MoM",isomom,ari,in sample,no noise,2d-high-ind,2,high,ind,2,2,0.3115769,0.007623042910952434
"(2,2)-Isolated Two-layer MoM",isomom,ari,in sample,no noise,2d-high-strong,2,high,strong,2,2,0.3122521,0.007100342187656739
"(2,2)-Isolated Two-layer MoM",isomom,ari,in sample,no noise,2d-high-weak,2,high,weak,2,2,0.3120632,0.007311881002722879
"(2,2)-Isolated Two-layer MoM",isomom,ari,in sample,no noise,2d-low-ind,2,low,ind,2,2,0.0035635,0.001652124053722628
"(2,2)-Isolated Two-layer MoM",isomom,ari,in sample,no noise,2d-low-strong,2,low,strong,2,2,0.0036078,0.00188589425242062
"(2,2)-Isolated Two-layer MoM",isomom,ari,in sample,no noise,2d-low-weak,2,low,weak,2,2,0.0036456,0.001881186129155021
"(2,2)-Isolated Two-layer MoM",isomom,ari,in sample,no noise,3d-high-ind,3,high,ind,2,2,0.3465773,0.00654626516311848
"(2,2)-Isolated Two-layer MoM",isomom,ari,in sample,no noise,3d-high-strong,3,high,strong,2,2,0.3461367,0.007707294990507832
"(2,2)-Isolated Two-layer MoM",isomom,ari,in sample,no noise,3d-high-weak,3,high,weak,2,2,0.3460768,0.007760989846272145
"(2,2)-Isolated Two-layer MoM",isomom,ari,in sample,no noise,3d-low-ind,3,low,ind,2,2,0.0038453,0.002295385117661922
"(2,2)-Isolated Two-layer MoM",isomom,ari,in sample,no noise,3d-low-strong,3,low,strong,2,2,0.0033853,0.001642454098185537
"(2,2)-Isolated Two-layer MoM",isomom,ari,in sample,no noise,3d-low-weak,3,low,weak,2,2,0.0033946,0.001720579195409723
"(2,2)-Isolated Two-layer MoM",isomom,ari,in sample,with noise,2d-high-ind,2,high,ind,2,2,0.30517,0.007685897619811382
"(2,2)-Isolated Two-layer MoM",isomom,ari,in sample,with noise,2d-high-strong,2,high,strong,2,2,0.3051415,0.007145108007185304
"(2,2)-Isolated Two-layer MoM",isomom,ari,in sample,with noise,2d-high-weak,2,high,weak,2,2,0.3053856,0.007281197775813058
"(2,2)-Isolated Two-layer MoM",isomom,ari,in sample,with noise,2d-low-ind,2,low,ind,2,2,0.0035474,0.001740650998618016
"(2,2)-Isolated Two-layer MoM",isomom,ari,in sample,with noise,2d-low-strong,2,low,strong,2,2,0.003584,0.001739425192412712
"(2,2)-Isolated Two-layer MoM",isomom,ari,in sample,with noise,2d-low-weak,2,low,weak,2,2,0.0036357,0.001849664045389887
"(2,2)-Isolated Two-layer MoM",isomom,ari,in sample,with noise,3d-high-ind,3,high,ind,2,2,0.3415635,0.006901185431035407
"(2,2)-Isolated Two-layer MoM",isomom,ari,in sample,with noise,3d-high-strong,3,high,strong,2,2,0.3411133,0.007483663562262231
"(2,2)-Isolated Two-layer MoM",isomom,ari,in sample,with noise,3d-high-weak,3,high,weak,2,2,0.3413304,0.007490353920782773
"(2,2)-Isolated Two-layer MoM",isomom,ari,in sample,with noise,3d-low-ind,3,low,ind,2,2,0.0038573,0.002110430974703958
"(2,2)-Isolated Two-layer MoM",isomom,ari,in sample,with noise,3d-low-strong,3,low,strong,2,2,0.0034436,0.001708699381330015
"(2,2)-Isolated Two-layer MoM",isomom,ari,in sample,with noise,3d-low-weak,3,low,weak,2,2,0.003449,0.001796047006201354
"(2,2)-Isolated Two-layer MoM",isomom,ari,out of sample,no noise,2d-high-ind,2,high,ind,2,2,0.3135312,0.01442669728333725
"(2,2)-Isolated Two-layer MoM",isomom,ari,out of sample,no noise,2d-high-strong,2,high,strong,2,2,0.3141544,0.01427698234533085
"(2,2)-Isolated Two-layer MoM",isomom,ari,out of sample,no noise,2d-high-weak,2,high,weak,2,2,0.314137,0.01455731906581148
"(2,2)-Isolated Two-layer MoM",isomom,ari,out of sample,no noise,2d-low-ind,2,low,ind,2,2,0.0035248,0.002736331496841357
"(2,2)-Isolated Two-layer MoM",isomom,ari,out of sample,no noise,2d-low-strong,2,low,strong,2,2,0.0033591,0.002437761058799237
"(2,2)-Isolated Two-layer MoM",isomom,ari,out of sample,no noise,2d-low-weak,2,low,weak,2,2,0.0034312,0.002495226667301413
"(2,2)-Isolated Two-layer MoM",isomom,ari,out of sample,no noise,3d-high-ind,3,high,ind,2,2,0.3485404,0.01622520902543916
"(2,2)-Isolated Two-layer MoM",isomom,ari,out of sample,no noise,3d-high-strong,3,high,strong,2,2,0.3475327,0.01620508000254515
"(2,2)-Isolated Two-layer MoM",isomom,ari,out of sample,no noise,3d-high-weak,3,high,weak,2,2,0.3476933,0.01592390040635507
"(2,2)-Isolated Two-layer MoM",isomom,ari,out of sample,no noise,3d-low-ind,3,low,ind,2,2,0.0035972,0.00265999471405262
"(2,2)-Isolated Two-layer MoM",isomom,ari,out of sample,no noise,3d-low-strong,3,low,strong,2,2,0.0033297,0.002575555428966104
"(2,2)-Isolated Two-layer MoM",isomom,ari,out of sample,no noise,3d-low-weak,3,low,weak,2,2,0.0034556,0.002653084471350509
"(2,2)-Isolated Two-layer MoM",isomom,ari,out of sample,with noise,2d-high-ind,2,high,ind,2,2,0.3064306,0.01433826031034703
"(2,2)-Isolated Two-layer MoM",isomom,ari,out of sample,with noise,2d-high-strong,2,high,strong,2,2,0.3074513,0.0142603037109766
"(2,2)-Isolated Two-layer MoM",isomom,ari,out of sample,with noise,2d-high-weak,2,high,weak,2,2,0.307162,0.01418187540133496
"(2,2)-Isolated Two-layer MoM",isomom,ari,out of sample,with noise,2d-low-ind,2,low,ind,2,2,0.0036178,0.002800313323017749
"(2,2)-Isolated Two-layer MoM",isomom,ari,out of sample,with noise,2d-low-strong,2,low,strong,2,2,0.0033844,0.002497787837428968
"(2,2)-Isolated Two-layer MoM",isomom,ari,out of sample,with noise,2d-low-weak,2,low,weak,2,2,0.003478,0.0026216927217492
"(2,2)-Isolated Two-layer MoM",isomom,ari,out of sample,with noise,3d-high-ind,3,high,ind,2,2,0.3435902,0.01498709249233277
"(2,2)-Isolated Two-layer MoM",isomom,ari,out of sample,with noise,3d-high-strong,3,high,strong,2,2,0.3415319,0.01593454310704586
"(2,2)-Isolated Two-layer MoM",isomom,ari,out of sample,with noise,3d-high-weak,3,high,weak,2,2,0.3423071,0.01627759123315041
"(2,2)-Isolated Two-layer MoM",isomom,ari,out of sample,with noise,3d-low-ind,3,low,ind,2,2,0.0035747,0.00294770290808681
"(2,2)-Isolated Two-layer MoM",isomom,ari,out of sample,with noise,3d-low-strong,3,low,strong,2,2,0.0032613,0.002564872121568638
"(2,2)-Isolated Two-layer MoM",isomom,ari,out of sample,with noise,3d-low-weak,3,low,weak,2,2,0.0033696,0.002617149316614271
"(2,2)-Isolated Two-layer MoM",isomom,avg_ll,in sample,no noise,2d-high-ind,2,high,ind,2,2,-3.8799225,0.01434540368264978
"(2,2)-Isolated Two-layer MoM",isomom,avg_ll,in sample,no noise,2d-high-strong,2,high,strong,2,2,-3.9283035,0.01530926624893593
"(2,2)-Isolated Two-layer MoM",isomom,avg_ll,in sample,no noise,2d-high-weak,2,high,weak,2,2,-3.9097711,0.01411233688349066
"(2,2)-Isolated Two-layer MoM",isomom,avg_ll,in sample,no noise,2d-low-ind,2,low,ind,2,2,-3.4323068,0.01500407836004414
"(2,2)-Isolated Two-layer MoM",isomom,avg_ll,in sample,no noise,2d-low-strong,2,low,strong,2,2,-3.389779,0.01658422150811743
"(2,2)-Isolated Two-layer MoM",isomom,avg_ll,in sample,no noise,2d-low-weak,2,low,weak,2,2,-3.4278505,0.01469328860570383
"(2,2)-Isolated Two-layer MoM",isomom,avg_ll,in sample,no noise,3d-high-ind,3,high,ind,2,2,-5.6130214,0.01529631387695166
"(2,2)-Isolated Two-layer MoM",isomom,avg_ll,in sample,no noise,3d-high-strong,3,high,strong,2,2,-5.677893699999999,0.01924544168278962
"(2,2)-Isolated Two-layer MoM",isomom,avg_ll,in sample,no noise,3d-high-weak,3,high,weak,2,2,-5.6450838,0.01534163304886614
"(2,2)-Isolated Two-layer MoM",isomom,avg_ll,in sample,no noise,3d-low-ind,3,low,ind,2,2,-5.0802263,0.0158383802900461
"(2,2)-Isolated Two-layer MoM",isomom,avg_ll,in sample,no noise,3d-low-strong,3,low,strong,2,2,-5.0136008,0.02104774733885803
"(2,2)-Isolated Two-layer MoM",isomom,avg_ll,in sample,no noise,3d-low-weak,3,low,weak,2,2,-5.0724631,0.01643292590895777
"(2,2)-Isolated Two-layer MoM",isomom,avg_ll,in sample,with noise,2d-high-ind,2,high,ind,2,2,-3.9143667,0.01427185370552538
"(2,2)-Isolated Two-layer MoM",isomom,avg_ll,in sample,with noise,2d-high-strong,2,high,strong,2,2,-3.9609074,0.01581948138061161
"(2,2)-Isolated Two-layer MoM",isomom,avg_ll,in sample,with noise,2d-high-weak,2,high,weak,2,2,-3.9432874,0.01432592258174607
"(2,2)-Isolated Two-layer MoM",isomom,avg_ll,in sample,with noise,2d-low-ind,2,low,ind,2,2,-3.4636329,0.01495413454499793
"(2,2)-Isolated Two-layer MoM",isomom,avg_ll,in sample,with noise,2d-low-strong,2,low,strong,2,2,-3.4235894,0.01710685720033717
"(2,2)-Isolated Two-layer MoM",isomom,avg_ll,in sample,with noise,2d-low-weak,2,low,weak,2,2,-3.4598377,0.01486563801679784
"(2,2)-Isolated Two-layer MoM",isomom,avg_ll,in sample,with noise,3d-high-ind,3,high,ind,2,2,-5.675638699999999,0.01565952723559758
"(2,2)-Isolated Two-layer MoM",isomom,avg_ll,in sample,with noise,3d-high-strong,3,high,strong,2,2,-5.7384189,0.01954325463703745
"(2,2)-Isolated Two-layer MoM",isomom,avg_ll,in sample,with noise,3d-high-weak,3,high,weak,2,2,-5.7066333,0.01583607019759104
"(2,2)-Isolated Two-layer MoM",isomom,avg_ll,in sample,with noise,3d-low-ind,3,low,ind,2,2,-5.133159000000001,0.01627228129009071
"(2,2)-Isolated Two-layer MoM",isomom,avg_ll,in sample,with noise,3d-low-strong,3,low,strong,2,2,-5.0706361,0.02138852528645415
"(2,2)-Isolated Two-layer MoM",isomom,avg_ll,in sample,with noise,3d-low-weak,3,low,weak,2,2,-5.1259286,0.0167565164179387
"(2,2)-Isolated Two-layer MoM",isomom,avg_ll,out of sample,no noise,2d-high-ind,2,high,ind,2,2,-3.8860378,0.02407490636167115
"(2,2)-Isolated Two-layer MoM",isomom,avg_ll,out of sample,no noise,2d-high-strong,2,high,strong,2,2,-3.9292255,0.02518538939824862
"(2,2)-Isolated Two-layer MoM",isomom,avg_ll,out of sample,no noise,2d-high-weak,2,high,weak,2,2,-3.9129549,0.02658159861329609
"(2,2)-Isolated Two-layer MoM",isomom,avg_ll,out of sample,no noise,2d-low-ind,2,low,ind,2,2,-3.4361972,0.02605887200672018
"(2,2)-Isolated Two-layer MoM",isomom,avg_ll,out of sample,no noise,2d-low-strong,2,low,strong,2,2,-3.3892093,0.0273621699053509
"(2,2)-Isolated Two-layer MoM",isomom,avg_ll,out of sample,no noise,2d-low-weak,2,low,weak,2,2,-3.4303055,0.02742925494832479
"(2,2)-Isolated Two-layer MoM",isomom,avg_ll,out of sample,no noise,3d-high-ind,3,high,ind,2,2,-5.615188799999999,0.03679580526927137
"(2,2)-Isolated Two-layer MoM",isomom,avg_ll,out of sample,no noise,3d-high-strong,3,high,strong,2,2,-5.6779493,0.04074848191396745
"(2,2)-Isolated Two-layer MoM",isomom,avg_ll,out of sample,no noise,3d-high-weak,3,high,weak,2,2,-5.6481258,0.03676435911822376
"(2,2)-Isolated Two-layer MoM",isomom,avg_ll,out of sample,no noise,3d-low-ind,3,low,ind,2,2,-5.0798152,0.03901259323952634
"(2,2)-Isolated Two-layer MoM",isomom,avg_ll,out of sample,no noise,3d-low-strong,3,low,strong,2,2,-5.0121991,0.04484219912553522
"(2,2)-Isolated Two-layer MoM",isomom,avg_ll,out of sample,no noise,3d-low-weak,3,low,weak,2,2,-5.072761499999999,0.04008255325581257
"(2,2)-Isolated Two-layer MoM",isomom,avg_ll,out of sample,with noise,2d-high-ind,2,high,ind,2,2,-3.9210082,0.02377409992050802
"(2,2)-Isolated Two-layer MoM",isomom,avg_ll,out of sample,with noise,2d-high-strong,2,high,strong,2,2,-3.9613052,0.0251855125295027
"(2,2)-Isolated Two-layer MoM",isomom,avg_ll,out of sample,with noise,2d-high-weak,2,high,weak,2,2,-3.9463547,0.02659988780469238
"(2,2)-Isolated Two-layer MoM",isomom,avg_ll,out of sample,with noise,2d-low-ind,2,low,ind,2,2,-3.4680521,0.02617282839225642
"(2,2)-Isolated Two-layer MoM",isomom,avg_ll,out of sample,with noise,2d-low-strong,2,low,strong,2,2,-3.4225884,0.0271466168333174
"(2,2)-Isolated Two-layer MoM",isomom,avg_ll,out of sample,with noise,2d-low-weak,2,low,weak,2,2,-3.4621793,0.0273333422858447
"(2,2)-Isolated Two-layer MoM",isomom,avg_ll,out of sample,with noise,3d-high-ind,3,high,ind,2,2,-5.6781296,0.03611250022590058
"(2,2)-Isolated Two-layer MoM",isomom,avg_ll,out of sample,with noise,3d-high-strong,3,high,strong,2,2,-5.7379994,0.04011958746829614
"(2,2)-Isolated Two-layer MoM",isomom,avg_ll,out of sample,with noise,3d-high-weak,3,high,weak,2,2,-5.709844100000001,0.03591434518532817
"(2,2)-Isolated Two-layer MoM",isomom,avg_ll,out of sample,with noise,3d-low-ind,3,low,ind,2,2,-5.133383,0.03816667234352213
"(2,2)-Isolated Two-layer MoM",isomom,avg_ll,out of sample,with noise,3d-low-strong,3,low,strong,2,2,-5.068867,0.04449019697947774
"(2,2)-Isolated Two-layer MoM",isomom,avg_ll,out of sample,with noise,3d-low-weak,3,low,weak,2,2,-5.1264912,0.03944231646136395
"(2,2)-Isolated Two-layer MoM",isomom,bic,in sample,no noise,2d-high-ind,2,high,ind,2,2,62267.4888715,229.5261320371074
"(2,2)-Isolated Two-layer MoM",isomom,bic,in sample,no noise,2d-high-strong,2,high,strong,2,2,63041.5952822,244.9501409578342
"(2,2)-Isolated Two-layer MoM",isomom,bic,in sample,no noise,2d-high-weak,2,high,weak,2,2,62745.0775932,225.7903859961184
"(2,2)-Isolated Two-layer MoM",isomom,bic,in sample,no noise,2d-low-ind,2,low,ind,2,2,55105.6394979,240.0653855228738
"(2,2)-Isolated Two-layer MoM",isomom,bic,in sample,no noise,2d-low-strong,2,low,strong,2,2,54425.196024,265.3454835043971
"(2,2)-Isolated Two-layer MoM",isomom,bic,in sample,no noise,2d-low-weak,2,low,weak,2,2,55034.3393799,235.0981880902565
"(2,2)-Isolated Two-layer MoM",isomom,bic,in sample,no noise,3d-high-ind,3,high,ind,2,2,90104.92390149999,244.7409558668524
"(2,2)-Isolated Two-layer MoM",isomom,bic,in sample,no noise,3d-high-strong,3,high,strong,2,2,91142.8835798,307.9272600862481
"(2,2)-Isolated Two-layer MoM",isomom,bic,in sample,no noise,3d-high-weak,3,high,weak,2,2,90617.9078896,245.4642787275085
"(2,2)-Isolated Two-layer MoM",isomom,bic,in sample,no noise,3d-low-ind,3,low,ind,2,2,81580.1937688,253.4178019425146
"(2,2)-Isolated Two-layer MoM",isomom,bic,in sample,no noise,3d-low-strong,3,low,strong,2,2,80514.1853478,336.7598210552209
"(2,2)-Isolated Two-layer MoM",isomom,bic,in sample,no noise,3d-low-weak,3,low,weak,2,2,81455.9861996,262.9280982697499
"(2,2)-Isolated Two-layer MoM",isomom,bic,in sample,with noise,2d-high-ind,2,high,ind,2,2,62818.5976935,228.3510824150816
"(2,2)-Isolated Two-layer MoM",isomom,bic,in sample,with noise,2d-high-strong,2,high,strong,2,2,63563.2497737,253.1058162854607
"(2,2)-Isolated Two-layer MoM",isomom,bic,in sample,with noise,2d-high-weak,2,high,weak,2,2,63281.3342066,229.2182580378735
"(2,2)-Isolated Two-layer MoM",isomom,bic,in sample,with noise,2d-low-ind,2,low,ind,2,2,55606.8547795,239.2674929987882
"(2,2)-Isolated Two-layer MoM",isomom,bic,in sample,with noise,2d-low-strong,2,low,strong,2,2,54966.16679720001,273.7087503564925
"(2,2)-Isolated Two-layer MoM",isomom,bic,in sample,with noise,2d-low-weak,2,low,weak,2,2,55546.1417604,237.8415154779018
"(2,2)-Isolated Two-layer MoM",isomom,bic,in sample,with noise,3d-high-ind,3,high,ind,2,2,91106.7971429,250.5497899396726
"(2,2)-Isolated Two-layer MoM",isomom,bic,in sample,with noise,3d-high-strong,3,high,strong,2,2,92111.27624630001,312.691839475706
"(2,2)-Isolated Two-layer MoM",isomom,bic,in sample,with noise,3d-high-weak,3,high,weak,2,2,91602.70750029999,253.3830995912435
"(2,2)-Isolated Two-layer MoM",isomom,bic,in sample,with noise,3d-low-ind,3,low,ind,2,2,82427.1239442,260.3620437745589
"(2,2)-Isolated Two-layer MoM",isomom,bic,in sample,with noise,3d-low-strong,3,low,strong,2,2,81426.74885959999,342.2156898111832
"(2,2)-Isolated Two-layer MoM",isomom,bic,in sample,with noise,3d-low-weak,3,low,weak,2,2,82311.4279509,268.1003123080239
"(2,2)-Isolated Two-layer MoM",isomom,bic,out of sample,no noise,2d-high-ind,2,high,ind,2,2,15703.7686823,96.29764303143186
"(2,2)-Isolated Two-layer MoM",isomom,bic,out of sample,no noise,2d-high-strong,2,high,strong,2,2,15876.5197231,100.742790618716
"(2,2)-Isolated Two-layer MoM",isomom,bic,out of sample,no noise,2d-high-weak,2,high,weak,2,2,15811.4381287,106.3267196743673
"(2,2)-Isolated Two-layer MoM",isomom,bic,out of sample,no noise,2d-low-ind,2,low,ind,2,2,13904.4088628,104.2349424583628
"(2,2)-Isolated Two-layer MoM",isomom,bic,out of sample,no noise,2d-low-strong,2,low,strong,2,2,13716.4569961,109.4500369230309
"(2,2)-Isolated Two-layer MoM",isomom,bic,out of sample,no noise,2d-low-weak,2,low,weak,2,2,13880.8407956,109.7183065591625
"(2,2)-Isolated Two-layer MoM",isomom,bic,out of sample,no noise,3d-high-ind,3,high,ind,2,2,22711.5852516,147.1844555411002
"(2,2)-Isolated Two-layer MoM",isomom,bic,out of sample,no noise,3d-high-strong,3,high,strong,2,2,22962.6261703,162.9929006521231
"(2,2)-Isolated Two-layer MoM",isomom,bic,out of sample,no noise,3d-high-weak,3,high,weak,2,2,22843.3332861,147.0576483231103
"(2,2)-Isolated Two-layer MoM",isomom,bic,out of sample,no noise,3d-low-ind,3,low,ind,2,2,20570.0893084,156.0513787825913
"(2,2)-Isolated Two-layer MoM",isomom,bic,out of sample,no noise,3d-low-strong,3,low,strong,2,2,20299.625132,179.3695310404123
"(2,2)-Isolated Two-layer MoM",isomom,bic,out of sample,no noise,3d-low-weak,3,low,weak,2,2,20541.8751013,160.3312167765919
"(2,2)-Isolated Two-layer MoM",isomom,bic,out of sample,with noise,2d-high-ind,2,high,ind,2,2,15843.6513615,95.09690876721088
"(2,2)-Isolated Two-layer MoM",isomom,bic,out of sample,with noise,2d-high-strong,2,high,strong,2,2,16004.8381229,100.7420910255155
"(2,2)-Isolated Two-layer MoM",isomom,bic,out of sample,with noise,2d-high-weak,2,high,weak,2,2,15945.0375417,106.4007705752024
"(2,2)-Isolated Two-layer MoM",isomom,bic,out of sample,with noise,2d-low-ind,2,low,ind,2,2,14031.8273852,104.69152420013
"(2,2)-Isolated Two-layer MoM",isomom,bic,out of sample,with noise,2d-low-strong,2,low,strong,2,2,13849.9755736,108.5866128873635
"(2,2)-Isolated Two-layer MoM",isomom,bic,out of sample,with noise,2d-low-weak,2,low,weak,2,2,14008.3370214,109.3339413058697
"(2,2)-Isolated Two-layer MoM",isomom,bic,out of sample,with noise,3d-high-ind,3,high,ind,2,2,22963.3487008,144.4509013637802
"(2,2)-Isolated Two-layer MoM",isomom,bic,out of sample,with noise,3d-high-strong,3,high,strong,2,2,23202.8252848,160.4794286007373
"(2,2)-Isolated Two-layer MoM",isomom,bic,out of sample,with noise,3d-high-weak,3,high,weak,2,2,23090.2074631,143.6569778616173
"(2,2)-Isolated Two-layer MoM",isomom,bic,out of sample,with noise,3d-low-ind,3,low,ind,2,2,20784.3611607,152.6666604727211
"(2,2)-Isolated Two-layer MoM",isomom,bic,out of sample,with noise,3d-low-strong,3,low,strong,2,2,20526.2980836,177.9595950554196
"(2,2)-Isolated Two-layer MoM",isomom,bic,out of sample,with noise,3d-low-weak,3,low,weak,2,2,20756.7954799,157.7694053367459
"(2,2)-Isolated Two-layer MoM",isomom,em_iters,training,no noise,2d-high-ind,2,high,ind,2,2,49.4,4.114522199392408
"(2,2)-Isolated Two-layer MoM",isomom,em_iters,training,no noise,2d-high-strong,2,high,strong,2,2,44.47,2.61871662607407
"(2,2)-Isolated Two-layer MoM",isomom,em_iters,training,no noise,2d-high-weak,2,high,weak,2,2,46.15,2.491906089642216
"(2,2)-Isolated Two-layer MoM",isomom,em_iters,training,no noise,2d-low-ind,2,low,ind,2,2,67.22,5.790239087193955
"(2,2)-Isolated Two-layer MoM",isomom,em_iters,training,no noise,2d-low-strong,2,low,strong,2,2,51.73,2.639463520635904
"(2,2)-Isolated Two-layer MoM",isomom,em_iters,training,no noise,2d-low-weak,2,low,weak,2,2,67.74,6.176887516697984
"(2,2)-Isolated Two-layer MoM",isomom,em_iters,training,no noise,3d-high-ind,3,high,ind,2,2,23.63,1.011599393699568
"(2,2)-Isolated Two-layer MoM",isomom,em_iters,training,no noise,3d-high-strong,3,high,strong,2,2,21.56,0.8565847148632607
"(2,2)-Isolated Two-layer MoM",isomom,em_iters,training,no noise,3d-high-weak,3,high,weak,2,2,22.68,0.9087676192837124
"(2,2)-Isolated Two-layer MoM",isomom,em_iters,training,no noise,3d-low-ind,3,low,ind,2,2,35.55,2.275805995530578
"(2,2)-Isolated Two-layer MoM",isomom,em_iters,training,no noise,3d-low-strong,3,low,strong,2,2,32.81,1.383123386770068
"(2,2)-Isolated Two-layer MoM",isomom,em_iters,training,no noise,3d-low-weak,3,low,weak,2,2,34.85,1.653737731579129
"(2,2)-Isolated Two-layer MoM",isomom,em_iters,training,with noise,2d-high-ind,2,high,ind,2,2,48.27,3.94111966862518
"(2,2)-Isolated Two-layer MoM",isomom,em_iters,training,with noise,2d-high-strong,2,high,strong,2,2,43.86,2.558487558277074
"(2,2)-Isolated Two-layer MoM",isomom,em_iters,training,with noise,2d-high-weak,2,high,weak,2,2,45.16,2.241572319744884
"(2,2)-Isolated Two-layer MoM",isomom,em_iters,training,with noise,2d-low-ind,2,low,ind,2,2,66.54,6.275525653060643
"(2,2)-Isolated Two-layer MoM",isomom,em_iters,training,with noise,2d-low-strong,2,low,strong,2,2,51.32,2.489898785010337
"(2,2)-Isolated Two-layer MoM",isomom,em_iters,training,with noise,2d-low-weak,2,low,weak,2,2,65.6,5.870659798067544
"(2,2)-Isolated Two-layer MoM",isomom,em_iters,training,with noise,3d-high-ind,3,high,ind,2,2,23.76,0.9002805398902339
"(2,2)-Isolated Two-layer MoM",isomom,em_iters,training,with noise,3d-high-strong,3,high,strong,2,2,21.94,1.003227116093184
"(2,2)-Isolated Two-layer MoM",isomom,em_iters,training,with noise,3d-high-weak,3,high,weak,2,2,22.88,0.9132028219072662
"(2,2)-Isolated Two-layer MoM",isomom,em_iters,training,with noise,3d-low-ind,3,low,ind,2,2,35.29,2.0165727501297
"(2,2)-Isolated Two-layer MoM",isomom,em_iters,training,with noise,3d-low-strong,3,low,strong,2,2,32.93,1.387207062533722
"(2,2)-Isolated Two-layer MoM",isomom,em_iters,training,with noise,3d-low-weak,3,low,weak,2,2,34.68,1.569146972791976
"(2,2)-Isolated Two-layer MoM",isomom,gmpd,in sample,no noise,2d-high-ind,2,high,ind,2,2,0.0206546,0.0002962404838006183
"(2,2)-Isolated Two-layer MoM",isomom,gmpd,in sample,no noise,2d-high-strong,2,high,strong,2,2,0.0196792,0.0003011851338437624
"(2,2)-Isolated Two-layer MoM",isomom,gmpd,in sample,no noise,2d-high-weak,2,high,weak,2,2,0.0200467,0.0002830035692390117
"(2,2)-Isolated Two-layer MoM",isomom,gmpd,in sample,no noise,2d-low-ind,2,low,ind,2,2,0.0323162,0.0004837203883871494
"(2,2)-Isolated Two-layer MoM",isomom,gmpd,in sample,no noise,2d-low-strong,2,low,strong,2,2,0.0337208,0.0005584568927053363
"(2,2)-Isolated Two-layer MoM",isomom,gmpd,in sample,no noise,2d-low-weak,2,low,weak,2,2,0.0324602,0.0004766888742442834
"(2,2)-Isolated Two-layer MoM",isomom,gmpd,in sample,no noise,3d-high-ind,3,high,ind,2,2,0.00365,5.60843520552261e-05
"(2,2)-Isolated Two-layer MoM",isomom,gmpd,in sample,no noise,3d-high-strong,3,high,strong,2,2,0.0034218,6.589523365298756e-05
"(2,2)-Isolated Two-layer MoM",isomom,gmpd,in sample,no noise,3d-high-weak,3,high,weak,2,2,0.0035355,5.446479726772276e-05
"(2,2)-Isolated Two-layer MoM",isomom,gmpd,in sample,no noise,3d-low-ind,3,low,ind,2,2,0.006219400000000001,9.812196080347764e-05
"(2,2)-Isolated Two-layer MoM",isomom,gmpd,in sample,no noise,3d-low-strong,3,low,strong,2,2,0.0066487,0.0001391435201219202
"(2,2)-Isolated Two-layer MoM",isomom,gmpd,in sample,no noise,3d-low-weak,3,low,weak,2,2,0.0062681,0.0001031493474472228
"(2,2)-Isolated Two-layer MoM",isomom,gmpd,in sample,with noise,2d-high-ind,2,high,ind,2,2,0.0199546,0.0002838210419232223
"(2,2)-Isolated Two-layer MoM",isomom,gmpd,in sample,with noise,2d-high-strong,2,high,strong,2,2,0.0190478,0.0003010237750266796
"(2,2)-Isolated Two-layer MoM",isomom,gmpd,in sample,with noise,2d-high-weak,2,high,weak,2,2,0.0193866,0.0002778133229782948
"(2,2)-Isolated Two-layer MoM",isomom,gmpd,in sample,with noise,2d-low-ind,2,low,ind,2,2,0.0313189,0.0004665322208929541
"(2,2)-Isolated Two-layer MoM",isomom,gmpd,in sample,with noise,2d-low-strong,2,low,strong,2,2,0.0326002,0.0005565441345817727
"(2,2)-Isolated Two-layer MoM",isomom,gmpd,in sample,with noise,2d-low-weak,2,low,weak,2,2,0.0314382,0.000466899033058227
"(2,2)-Isolated Two-layer MoM",isomom,gmpd,in sample,with noise,3d-high-ind,3,high,ind,2,2,0.0034291,5.399392034612269e-05
"(2,2)-Isolated Two-layer MoM",isomom,gmpd,in sample,with noise,3d-high-strong,3,high,strong,2,2,0.0032209,6.292684545397046e-05
"(2,2)-Isolated Two-layer MoM",isomom,gmpd,in sample,with noise,3d-high-weak,3,high,weak,2,2,0.0033241,5.284043064842592e-05
"(2,2)-Isolated Two-layer MoM",isomom,gmpd,in sample,with noise,3d-low-ind,3,low,ind,2,2,0.0058986,9.561095410806508e-05
"(2,2)-Isolated Two-layer MoM",isomom,gmpd,in sample,with noise,3d-low-strong,3,low,strong,2,2,0.0062792,0.0001336487179062329
"(2,2)-Isolated Two-layer MoM",isomom,gmpd,in sample,with noise,3d-low-weak,3,low,weak,2,2,0.0059423,9.973555944687842e-05
"(2,2)-Isolated Two-layer MoM",isomom,gmpd,out of sample,no noise,2d-high-ind,2,high,ind,2,2,0.0205321,0.0004955790307888099
"(2,2)-Isolated Two-layer MoM",isomom,gmpd,out of sample,no noise,2d-high-strong,2,high,strong,2,2,0.0196652,0.0004952960139291868
"(2,2)-Isolated Two-layer MoM",isomom,gmpd,out of sample,no noise,2d-high-weak,2,high,weak,2,2,0.0199885,0.0005339927268448812
"(2,2)-Isolated Two-layer MoM",isomom,gmpd,out of sample,no noise,2d-low-ind,2,low,ind,2,2,0.0321978,0.0008429548557834466
"(2,2)-Isolated Two-layer MoM",isomom,gmpd,out of sample,no noise,2d-low-strong,2,low,strong,2,2,0.0337475,0.0009246002412181204
"(2,2)-Isolated Two-layer MoM",isomom,gmpd,out of sample,no noise,2d-low-weak,2,low,weak,2,2,0.0323894,0.0008929101439968794
"(2,2)-Isolated Two-layer MoM",isomom,gmpd,out of sample,no noise,3d-high-ind,3,high,ind,2,2,0.0036444,0.000134444761665875
"(2,2)-Isolated Two-layer MoM",isomom,gmpd,out of sample,no noise,3d-high-strong,3,high,strong,2,2,0.0034236,0.0001404287806122463
"(2,2)-Isolated Two-layer MoM",isomom,gmpd,out of sample,no noise,3d-high-weak,3,high,weak,2,2,0.0035265,0.0001305650114778926
"(2,2)-Isolated Two-layer MoM",isomom,gmpd,out of sample,no noise,3d-low-ind,3,low,ind,2,2,0.0062254,0.0002436524267281263
"(2,2)-Isolated Two-layer MoM",isomom,gmpd,out of sample,no noise,3d-low-strong,3,low,strong,2,2,0.0066629,0.0002998864936787071
"(2,2)-Isolated Two-layer MoM",isomom,gmpd,out of sample,no noise,3d-low-weak,3,low,weak,2,2,0.0062702,0.0002526625089607546
"(2,2)-Isolated Two-layer MoM",isomom,gmpd,out of sample,with noise,2d-high-ind,2,high,ind,2,2,0.019827,0.0004730654384870121
"(2,2)-Isolated Two-layer MoM",isomom,gmpd,out of sample,with noise,2d-high-strong,2,high,strong,2,2,0.019044,0.0004805258062841689
"(2,2)-Isolated Two-layer MoM",isomom,gmpd,out of sample,with noise,2d-high-weak,2,high,weak,2,2,0.0193317,0.000516718579992138
"(2,2)-Isolated Two-layer MoM",isomom,gmpd,out of sample,with noise,2d-low-ind,2,low,ind,2,2,0.0311885,0.0008199216210385388
"(2,2)-Isolated Two-layer MoM",isomom,gmpd,out of sample,with noise,2d-low-strong,2,low,strong,2,2,0.0326396,0.0008858710488279399
"(2,2)-Isolated Two-layer MoM",isomom,gmpd,out of sample,with noise,2d-low-weak,2,low,weak,2,2,0.03137300000000001,0.0008615202677344115
"(2,2)-Isolated Two-layer MoM",isomom,gmpd,out of sample,with noise,3d-high-ind,3,high,ind,2,2,0.0034225,0.0001233814402492522
"(2,2)-Isolated Two-layer MoM",isomom,gmpd,out of sample,with noise,3d-high-strong,3,high,strong,2,2,0.0032238,0.0001307305038866778
"(2,2)-Isolated Two-layer MoM",isomom,gmpd,out of sample,with noise,3d-high-weak,3,high,weak,2,2,0.003315,0.000120063114715351
"(2,2)-Isolated Two-layer MoM",isomom,gmpd,out of sample,with noise,3d-low-ind,3,low,ind,2,2,0.0059007,0.0002256629067320269
"(2,2)-Isolated Two-layer MoM",isomom,gmpd,out of sample,with noise,3d-low-strong,3,low,strong,2,2,0.0062957,0.0002823968659510758
"(2,2)-Isolated Two-layer MoM",isomom,gmpd,out of sample,with noise,3d-low-weak,3,low,weak,2,2,0.005942100000000001,0.0002361274052607014
"(2,2)-Isolated Two-layer MoM",isomom,training_time,training,no noise,2d-high-ind,2,high,ind,2,2,529.7528,76.25918367718809
"(2,2)-Isolated Two-layer MoM",isomom,training_time,training,no noise,2d-high-strong,2,high,strong,2,2,518.5782,71.95038333027655
"(2,2)-Isolated Two-layer MoM",isomom,training_time,training,no noise,2d-high-weak,2,high,weak,2,2,576.2646,66.98386436819668
"(2,2)-Isolated Two-layer MoM",isomom,training_time,training,no noise,2d-low-ind,2,low,ind,2,2,602.6317,75.52449957778431
"(2,2)-Isolated Two-layer MoM",isomom,training_time,training,no noise,2d-low-strong,2,low,strong,2,2,548.4883,67.76101282224883
"(2,2)-Isolated Two-layer MoM",isomom,training_time,training,no noise,2d-low-weak,2,low,weak,2,2,598.7965,73.76724026362322
"(2,2)-Isolated Two-layer MoM",isomom,training_time,training,no noise,3d-high-ind,3,high,ind,2,2,479.5271,77.66284614474948
"(2,2)-Isolated Two-layer MoM",isomom,training_time,training,no noise,3d-high-strong,3,high,strong,2,2,498.8506,62.37145018048059
"(2,2)-Isolated Two-layer MoM",isomom,training_time,training,no noise,3d-high-weak,3,high,weak,2,2,468.5456,70.1877023145937
"(2,2)-Isolated Two-layer MoM",isomom,training_time,training,no noise,3d-low-ind,3,low,ind,2,2,540.8149,63.00778815889959
"(2,2)-Isolated Two-layer MoM",isomom,training_time,training,no noise,3d-low-strong,3,low,strong,2,2,529.0966999999999,70.30971092684257
"(2,2)-Isolated Two-layer MoM",isomom,training_time,training,no noise,3d-low-weak,3,low,weak,2,2,539.6657,68.57354985640663
"(2,2)-Isolated Two-layer MoM",isomom,training_time,training,with noise,2d-high-ind,2,high,ind,2,2,543.4227999999999,69.85214499038364
"(2,2)-Isolated Two-layer MoM",isomom,training_time,training,with noise,2d-high-strong,2,high,strong,2,2,513.8628,72.45291912028465
"(2,2)-Isolated Two-layer MoM",isomom,training_time,training,with noise,2d-high-weak,2,high,weak,2,2,587.6046,62.55162968785115
"(2,2)-Isolated Two-layer MoM",isomom,training_time,training,with noise,2d-low-ind,2,low,ind,2,2,590.748,69.59303636938907
"(2,2)-Isolated Two-layer MoM",isomom,training_time,training,with noise,2d-low-strong,2,low,strong,2,2,548.2591,67.608942375109
"(2,2)-Isolated Two-layer MoM",isomom,training_time,training,with noise,2d-low-weak,2,low,weak,2,2,602.6959,73.90306937345825
"(2,2)-Isolated Two-layer MoM",isomom,training_time,training,with noise,3d-high-ind,3,high,ind,2,2,491.8781,68.09532676077386
"(2,2)-Isolated Two-layer MoM",isomom,training_time,training,with noise,3d-high-strong,3,high,strong,2,2,481.7725,67.97988054074037
"(2,2)-Isolated Two-layer MoM",isomom,training_time,training,with noise,3d-high-weak,3,high,weak,2,2,478.6547,73.64034244395275
"(2,2)-Isolated Two-layer MoM",isomom,training_time,training,with noise,3d-low-ind,3,low,ind,2,2,541.2678,62.99657904099783
"(2,2)-Isolated Two-layer MoM",isomom,training_time,training,with noise,3d-low-strong,3,low,strong,2,2,529.8995,68.58611887085955
"(2,2)-Isolated Two-layer MoM",isomom,training_time,training,with noise,3d-low-weak,3,low,weak,2,2,536.5244,64.31937101305606
"(2,2)-Two-layer MoM",mom,aic,in sample,no noise,2d-high-ind,2,high,ind,2,2,61908.5787232,226.3384519216275
"(2,2)-Two-layer MoM",mom,aic,in sample,no noise,2d-high-strong,2,high,strong,2,2,62059.0853156,221.9105203150602
"(2,2)-Two-layer MoM",mom,aic,in sample,no noise,2d-high-weak,2,high,weak,2,2,62507.8981704,225.4670402847593
"(2,2)-Two-layer MoM",mom,aic,in sample,no noise,2d-low-ind,2,low,ind,2,2,54944.4650233,239.1738088930126
"(2,2)-Two-layer MoM",mom,aic,in sample,no noise,2d-low-strong,2,low,strong,2,2,50877.37810379999,269.1631146759329
"(2,2)-Two-layer MoM",mom,aic,in sample,no noise,2d-low-weak,2,low,weak,2,2,54658.8835895,252.8001401552995
"(2,2)-Two-layer MoM",mom,aic,in sample,no noise,3d-high-ind,3,high,ind,2,2,89561.6354886,243.2449291647016
"(2,2)-Two-layer MoM",mom,aic,in sample,no noise,3d-high-strong,3,high,strong,2,2,89027.9484,305.2210868842474
"(2,2)-Two-layer MoM",mom,aic,in sample,no noise,3d-high-weak,3,high,weak,2,2,90187.3401362,248.5872094006945
"(2,2)-Two-layer MoM",mom,aic,in sample,no noise,3d-low-ind,3,low,ind,2,2,81283.0104099,255.390222246654
"(2,2)-Two-layer MoM",mom,aic,in sample,no noise,3d-low-strong,3,low,strong,2,2,77566.9903036,324.0776613785568
"(2,2)-Two-layer MoM",mom,aic,in sample,no noise,3d-low-weak,3,low,weak,2,2,80995.1455169,284.8939312781416
"(2,2)-Two-layer MoM",mom,aic,in sample,with noise,2d-high-ind,2,high,ind,2,2,62457.5036594,225.9947955196145
"(2,2)-Two-layer MoM",mom,aic,in sample,with noise,2d-high-strong,2,high,strong,2,2,62616.4118434,227.8526186726751
"(2,2)-Two-layer MoM",mom,aic,in sample,with noise,2d-high-weak,2,high,weak,2,2,63044.4661728,228.4493405176057
"(2,2)-Two-layer MoM",mom,aic,in sample,with noise,2d-low-ind,2,low,ind,2,2,55445.3588313,238.5015461476483
"(2,2)-Two-layer MoM",mom,aic,in sample,with noise,2d-low-strong,2,low,strong,2,2,51585.3915803,276.0082464411473
"(2,2)-Two-layer MoM",mom,aic,in sample,with noise,2d-low-weak,2,low,weak,2,2,55191.3695585,255.1846448978326
"(2,2)-Two-layer MoM",mom,aic,in sample,with noise,3d-high-ind,3,high,ind,2,2,90565.96755720001,248.2680233818421
"(2,2)-Two-layer MoM",mom,aic,in sample,with noise,3d-high-strong,3,high,strong,2,2,90087.16458289999,309.6768973654592
"(2,2)-Two-layer MoM",mom,aic,in sample,with noise,3d-high-weak,3,high,weak,2,2,91174.9057257,256.7434710078073
"(2,2)-Two-layer MoM",mom,aic,in sample,with noise,3d-low-ind,3,low,ind,2,2,82138.4733776,263.5796984797659
"(2,2)-Two-layer MoM",mom,aic,in sample,with noise,3d-low-strong,3,low,strong,2,2,78598.849601,330.9908060204943
"(2,2)-Two-layer MoM",mom,aic,in sample,with noise,3d-low-weak,3,low,weak,2,2,81857.60900689999,284.1679944817882
"(2,2)-Two-layer MoM",mom,aic,out of sample,no noise,2d-high-ind,2,high,ind,2,2,15535.1957996,97.7193090815014
"(2,2)-Two-layer MoM",mom,aic,out of sample,no noise,2d-high-strong,2,high,strong,2,2,15550.9893598,94.80421808220228
"(2,2)-Two-layer MoM",mom,aic,out of sample,no noise,2d-high-weak,2,high,weak,2,2,15672.0175127,107.175605185064
"(2,2)-Two-layer MoM",mom,aic,out of sample,no noise,2d-low-ind,2,low,ind,2,2,13785.5230633,104.0355601959558
"(2,2)-Two-layer MoM",mom,aic,out of sample,no noise,2d-low-strong,2,low,strong,2,2,12746.8051369,112.4202895209482
"(2,2)-Two-layer MoM",mom,aic,out of sample,no noise,2d-low-weak,2,low,weak,2,2,13709.3112386,109.7899178972304
"(2,2)-Two-layer MoM",mom,aic,out of sample,no noise,3d-high-ind,3,high,ind,2,2,22448.5803471,146.9634208937682
"(2,2)-Two-layer MoM",mom,aic,out of sample,no noise,3d-high-strong,3,high,strong,2,2,22308.2376935,160.6218410642336
"(2,2)-Two-layer MoM",mom,aic,out of sample,no noise,3d-high-weak,3,high,weak,2,2,22608.546803,148.5131083178413
"(2,2)-Two-layer MoM",mom,aic,out of sample,no noise,3d-low-ind,3,low,ind,2,2,20374.6337511,154.969287123272
"(2,2)-Two-layer MoM",mom,aic,out of sample,no noise,3d-low-strong,3,low,strong,2,2,19437.3806887,183.4814989435827
"(2,2)-Two-layer MoM",mom,aic,out of sample,no noise,3d-low-weak,3,low,weak,2,2,20307.2311761,159.2612922027351
"(2,2)-Two-layer MoM",mom,aic,out of sample,with noise,2d-high-ind,2,high,ind,2,2,15674.1829332,95.61392426282423
"(2,2)-Two-layer MoM",mom,aic,out of sample,with noise,2d-high-strong,2,high,strong,2,2,15688.3919806,95.84021809924104
"(2,2)-Two-layer MoM",mom,aic,out of sample,with noise,2d-high-weak,2,high,weak,2,2,15805.5816509,107.4980453311218
"(2,2)-Two-layer MoM",mom,aic,out of sample,with noise,2d-low-ind,2,low,ind,2,2,13912.8539459,104.49293731726
"(2,2)-Two-layer MoM",mom,aic,out of sample,with noise,2d-low-strong,2,low,strong,2,2,12921.5953824,114.2750569721708
"(2,2)-Two-layer MoM",mom,aic,out of sample,with noise,2d-low-weak,2,low,weak,2,2,13842.2577316,110.9697140544876
"(2,2)-Two-layer MoM",mom,aic,out of sample,with noise,3d-high-ind,3,high,ind,2,2,22701.4323744,143.9459220745715
"(2,2)-Two-layer MoM",mom,aic,out of sample,with noise,3d-high-strong,3,high,strong,2,2,22571.7504188,156.2405991555508
"(2,2)-Two-layer MoM",mom,aic,out of sample,with noise,3d-high-weak,3,high,weak,2,2,22856.7441962,144.9934802875797
"(2,2)-Two-layer MoM",mom,aic,out of sample,with noise,3d-low-ind,3,low,ind,2,2,20590.7456398,151.294226792562
"(2,2)-Two-layer MoM",mom,aic,out of sample,with noise,3d-low-strong,3,low,strong,2,2,19693.9979735,181.6139892445122
"(2,2)-Two-layer MoM",mom,aic,out of sample,with noise,3d-low-weak,3,low,weak,2,2,20522.5638789,156.2243081424863
"(2,2)-Two-layer MoM",mom,ari,in sample,no noise,2d-high-ind,2,high,ind,2,2,0.3286956,0.00781653431689984
"(2,2)-Two-layer MoM",mom,ari,in sample,no noise,2d-high-strong,2,high,strong,2,2,0.0113067,0.00287790961419478
"(2,2)-Two-layer MoM",mom,ari,in sample,no noise,2d-high-weak,2,high,weak,2,2,0.3472131000000001,0.00773787767407769
"(2,2)-Two-layer MoM",mom,ari,in sample,no noise,2d-low-ind,2,low,ind,2,2,0.005969400000000001,0.004138774234192554
"(2,2)-Two-layer MoM",mom,ari,in sample,no noise,2d-low-strong,2,low,strong,2,2,0.0012494,0.000640715855961758
"(2,2)-Two-layer MoM",mom,ari,in sample,no noise,2d-low-weak,2,low,weak,2,2,0.0010348,0.001483854168009509
"(2,2)-Two-layer MoM",mom,ari,in sample,no noise,3d-high-ind,3,high,ind,2,2,0.3597048,0.007403691200606592
"(2,2)-Two-layer MoM",mom,ari,in sample,no noise,3d-high-strong,3,high,strong,2,2,0.0018447,0.001618397670599541
"(2,2)-Two-layer MoM",mom,ari,in sample,no noise,3d-high-weak,3,high,weak,2,2,0.3777339,0.007623049827776797
"(2,2)-Two-layer MoM",mom,ari,in sample,no noise,3d-low-ind,3,low,ind,2,2,0.0161574,0.01529073863883665
"(2,2)-Two-layer MoM",mom,ari,in sample,no noise,3d-low-strong,3,low,strong,2,2,3.17e-05,0.000198158466328789
"(2,2)-Two-layer MoM",mom,ari,in sample,no noise,3d-low-weak,3,low,weak,2,2,0.0017606,0.001321964271587374
"(2,2)-Two-layer MoM",mom,ari,in sample,with noise,2d-high-ind,2,high,ind,2,2,0.3233814,0.007874867838557514
"(2,2)-Two-layer MoM",mom,ari,in sample,with noise,2d-high-strong,2,high,strong,2,2,0.0110122,0.002987215716578523
"(2,2)-Two-layer MoM",mom,ari,in sample,with noise,2d-high-weak,2,high,weak,2,2,0.3410641,0.007947946446546532
"(2,2)-Two-layer MoM",mom,ari,in sample,with noise,2d-low-ind,2,low,ind,2,2,0.005798299999999999,0.003977426977788074
"(2,2)-Two-layer MoM",mom,ari,in sample,with noise,2d-low-strong,2,low,strong,2,2,0.0011521,0.000603281087642461
"(2,2)-Two-layer MoM",mom,ari,in sample,with noise,2d-low-weak,2,low,weak,2,2,0.0011705,0.001449687096158229
"(2,2)-Two-layer MoM",mom,ari,in sample,with noise,3d-high-ind,3,high,ind,2,2,0.3558634,0.007499681773720175
"(2,2)-Two-layer MoM",mom,ari,in sample,with noise,3d-high-strong,3,high,strong,2,2,0.0018106,0.001662760768642733
"(2,2)-Two-layer MoM",mom,ari,in sample,with noise,3d-high-weak,3,high,weak,2,2,0.3743296,0.007535232922207464
"(2,2)-Two-layer MoM",mom,ari,in sample,with noise,3d-low-ind,3,low,ind,2,2,0.0141529,0.01291308140232339
"(2,2)-Two-layer MoM",mom,ari,in sample,with noise,3d-low-strong,3,low,strong,2,2,3.879999999999999e-05,0.0002227707976437403
"(2,2)-Two-layer MoM",mom,ari,in sample,with noise,3d-low-weak,3,low,weak,2,2,0.0016673,0.00129893884818075
"(2,2)-Two-layer MoM",mom,ari,out of sample,no noise,2d-high-ind,2,high,ind,2,2,0.3307716,0.01460509304553337
"(2,2)-Two-layer MoM",mom,ari,out of sample,no noise,2d-high-strong,2,high,strong,2,2,0.0113624,0.004332101018250063
"(2,2)-Two-layer MoM",mom,ari,out of sample,no noise,2d-high-weak,2,high,weak,2,2,0.3494796,0.01486819926330466
"(2,2)-Two-layer MoM",mom,ari,out of sample,no noise,2d-low-ind,2,low,ind,2,2,0.005893300000000001,0.004988885233064283
"(2,2)-Two-layer MoM",mom,ari,out of sample,no noise,2d-low-strong,2,low,strong,2,2,0.0012772,0.001289174099408555
"(2,2)-Two-layer MoM",mom,ari,out of sample,no noise,2d-low-weak,2,low,weak,2,2,0.0008979,0.001897353976228767
"(2,2)-Two-layer MoM",mom,ari,out of sample,no noise,3d-high-ind,3,high,ind,2,2,0.3628251,0.01524321650718274
"(2,2)-Two-layer MoM",mom,ari,out of sample,no noise,3d-high-strong,3,high,strong,2,2,0.0016234,0.001435617081272163
"(2,2)-Two-layer MoM",mom,ari,out of sample,no noise,3d-high-weak,3,high,weak,2,2,0.379238,0.01543420836579538
"(2,2)-Two-layer MoM",mom,ari,out of sample,no noise,3d-low-ind,3,low,ind,2,2,0.0168387,0.016856645702913
"(2,2)-Two-layer MoM",mom,ari,out of sample,no noise,3d-low-strong,3,low,strong,2,2,3.8e-05,0.0007578771521676701
"(2,2)-Two-layer MoM",mom,ari,out of sample,no noise,3d-low-weak,3,low,weak,2,2,0.0015086,0.001931441090706286
"(2,2)-Two-layer MoM",mom,ari,out of sample,with noise,2d-high-ind,2,high,ind,2,2,0.3249017,0.01426290505882906
"(2,2)-Two-layer MoM",mom,ari,out of sample,with noise,2d-high-strong,2,high,strong,2,2,0.0109358,0.004439508840792497
"(2,2)-Two-layer MoM",mom,ari,out of sample,with noise,2d-high-weak,2,high,weak,2,2,0.3422556,0.01476956769642883
"(2,2)-Two-layer MoM",mom,ari,out of sample,with noise,2d-low-ind,2,low,ind,2,2,0.005883500000000001,0.005185925664719849
"(2,2)-Two-layer MoM",mom,ari,out of sample,with noise,2d-low-strong,2,low,strong,2,2,0.0012211,0.001269665425586321
"(2,2)-Two-layer MoM",mom,ari,out of sample,with noise,2d-low-weak,2,low,weak,2,2,0.0011521,0.001811260119977863
"(2,2)-Two-layer MoM",mom,ari,out of sample,with noise,3d-high-ind,3,high,ind,2,2,0.3600351,0.0150095368669255
"(2,2)-Two-layer MoM",mom,ari,out of sample,with noise,3d-high-strong,3,high,strong,2,2,0.0016699,0.001608222869499062
"(2,2)-Two-layer MoM",mom,ari,out of sample,with noise,3d-high-weak,3,high,weak,2,2,0.3752739,0.01504818025811785
"(2,2)-Two-layer MoM",mom,ari,out of sample,with noise,3d-low-ind,3,low,ind,2,2,0.0147289,0.01423012318458575
"(2,2)-Two-layer MoM",mom,ari,out of sample,with noise,3d-low-strong,3,low,strong,2,2,1.02e-05,0.000629235514996836
"(2,2)-Two-layer MoM",mom,ari,out of sample,with noise,3d-low-weak,3,low,weak,2,2,0.0015313,0.001914721624411731
"(2,2)-Two-layer MoM",mom,avg_ll,in sample,no noise,2d-high-ind,2,high,ind,2,2,-3.866661,0.0141459231732765
"(2,2)-Two-layer MoM",mom,avg_ll,in sample,no noise,2d-high-strong,2,high,strong,2,2,-3.8760676,0.01386976029884711
"(2,2)-Two-layer MoM",mom,avg_ll,in sample,no noise,2d-high-weak,2,high,weak,2,2,-3.9041182,0.01409208685322327
"(2,2)-Two-layer MoM",mom,avg_ll,in sample,no noise,2d-low-ind,2,low,ind,2,2,-3.4314042,0.01494825736811604
"(2,2)-Two-layer MoM",mom,avg_ll,in sample,no noise,2d-low-strong,2,low,strong,2,2,-3.177211,0.01682277049331371
"(2,2)-Two-layer MoM",mom,avg_ll,in sample,no noise,2d-low-weak,2,low,weak,2,2,-3.4135554,0.01580012130243669
"(2,2)-Two-layer MoM",mom,avg_ll,in sample,no noise,3d-high-ind,3,high,ind,2,2,-5.593477699999999,0.01520284010248809
"(2,2)-Two-layer MoM",mom,avg_ll,in sample,no noise,3d-high-strong,3,high,strong,2,2,-5.5601215,0.01907620625811169
"(2,2)-Two-layer MoM",mom,avg_ll,in sample,no noise,3d-high-weak,3,high,weak,2,2,-5.632583700000001,0.0155372353438864
"(2,2)-Two-layer MoM",mom,avg_ll,in sample,no noise,3d-low-ind,3,low,ind,2,2,-5.0760631,0.01596243663173706
"(2,2)-Two-layer MoM",mom,avg_ll,in sample,no noise,3d-low-strong,3,low,strong,2,2,-4.8438125,0.0202548294465564
"(2,2)-Two-layer MoM",mom,avg_ll,in sample,no noise,3d-low-weak,3,low,weak,2,2,-5.0580715,0.01780656866513783
"(2,2)-Two-layer MoM",mom,avg_ll,in sample,with noise,2d-high-ind,2,high,ind,2,2,-3.9009689,0.01412453756425456
"(2,2)-Two-layer MoM",mom,avg_ll,in sample,with noise,2d-high-strong,2,high,strong,2,2,-3.9109,0.01424091530368993
"(2,2)-Two-layer MoM",mom,avg_ll,in sample,with noise,2d-high-weak,2,high,weak,2,2,-3.9376539,0.0142783977466704
"(2,2)-Two-layer MoM",mom,avg_ll,in sample,with noise,2d-low-ind,2,low,ind,2,2,-3.4627097,0.01490649722453438
"(2,2)-Two-layer MoM",mom,avg_ll,in sample,with noise,2d-low-strong,2,low,strong,2,2,-3.2214625,0.01725109806928131
"(2,2)-Two-layer MoM",mom,avg_ll,in sample,with noise,2d-low-weak,2,low,weak,2,2,-3.4468354,0.015948844954853
"(2,2)-Two-layer MoM",mom,avg_ll,in sample,with noise,3d-high-ind,3,high,ind,2,2,-5.656248000000001,0.01551656612277434
"(2,2)-Two-layer MoM",mom,avg_ll,in sample,with noise,3d-high-strong,3,high,strong,2,2,-5.6263226,0.01935502553275857
"(2,2)-Two-layer MoM",mom,avg_ll,in sample,with noise,3d-high-weak,3,high,weak,2,2,-5.6943069,0.01604630035052918
"(2,2)-Two-layer MoM",mom,avg_ll,in sample,with noise,3d-low-ind,3,low,ind,2,2,-5.1295294,0.01647375591599543
"(2,2)-Two-layer MoM",mom,avg_ll,in sample,with noise,3d-low-strong,3,low,strong,2,2,-4.9083031,0.02068718798818693
"(2,2)-Two-layer MoM",mom,avg_ll,in sample,with noise,3d-low-weak,3,low,weak,2,2,-5.1119755,0.01776030555150533
"(2,2)-Two-layer MoM",mom,avg_ll,out of sample,no noise,2d-high-ind,2,high,ind,2,2,-3.8732995,0.024429933013011
"(2,2)-Two-layer MoM",mom,avg_ll,out of sample,no noise,2d-high-strong,2,high,strong,2,2,-3.8772473,0.02370088562701929
"(2,2)-Two-layer MoM",mom,avg_ll,out of sample,no noise,2d-high-weak,2,high,weak,2,2,-3.9075046,0.02679410799169682
"(2,2)-Two-layer MoM",mom,avg_ll,out of sample,no noise,2d-low-ind,2,low,ind,2,2,-3.4358807,0.02600869975876184
"(2,2)-Two-layer MoM",mom,avg_ll,out of sample,no noise,2d-low-strong,2,low,strong,2,2,-3.176201,0.02810499213357453
"(2,2)-Two-layer MoM",mom,avg_ll,out of sample,no noise,2d-low-weak,2,low,weak,2,2,-3.4168276,0.02744766885356476
"(2,2)-Two-layer MoM",mom,avg_ll,out of sample,no noise,3d-high-ind,3,high,ind,2,2,-5.5956453,0.0367405795375846
"(2,2)-Two-layer MoM",mom,avg_ll,out of sample,no noise,3d-high-strong,3,high,strong,2,2,-5.5605593,0.04015517749061803
"(2,2)-Two-layer MoM",mom,avg_ll,out of sample,no noise,3d-high-weak,3,high,weak,2,2,-5.635636799999999,0.03712799387322868
"(2,2)-Two-layer MoM",mom,avg_ll,out of sample,no noise,3d-low-ind,3,low,ind,2,2,-5.0771584,0.03874232054813643
"(2,2)-Two-layer MoM",mom,avg_ll,out of sample,no noise,3d-low-strong,3,low,strong,2,2,-4.8428449,0.04587009099036807
"(2,2)-Two-layer MoM",mom,avg_ll,out of sample,no noise,3d-low-weak,3,low,weak,2,2,-5.0603076,0.03981516205587215
"(2,2)-Two-layer MoM",mom,avg_ll,out of sample,with noise,2d-high-ind,2,high,ind,2,2,-3.9080459,0.02390375331227594
"(2,2)-Two-layer MoM",mom,avg_ll,out of sample,with noise,2d-high-strong,2,high,strong,2,2,-3.9115979,0.02395946561413981
"(2,2)-Two-layer MoM",mom,avg_ll,out of sample,with noise,2d-high-weak,2,high,weak,2,2,-3.9408955,0.02687517240254774
"(2,2)-Two-layer MoM",mom,avg_ll,out of sample,with noise,2d-low-ind,2,low,ind,2,2,-3.4677131,0.02612315806449572
"(2,2)-Two-layer MoM",mom,avg_ll,out of sample,with noise,2d-low-strong,2,low,strong,2,2,-3.2198989,0.02856848987834842
"(2,2)-Two-layer MoM",mom,avg_ll,out of sample,with noise,2d-low-weak,2,low,weak,2,2,-3.4500645,0.02774269638621629
"(2,2)-Two-layer MoM",mom,avg_ll,out of sample,with noise,3d-high-ind,3,high,ind,2,2,-5.658858,0.03598665785307575
"(2,2)-Two-layer MoM",mom,avg_ll,out of sample,with noise,3d-high-strong,3,high,strong,2,2,-5.6264377,0.03905996275748561
"(2,2)-Two-layer MoM",mom,avg_ll,out of sample,with noise,3d-high-weak,3,high,weak,2,2,-5.6976863,0.03624820142260482
"(2,2)-Two-layer MoM",mom,avg_ll,out of sample,with noise,3d-low-ind,3,low,ind,2,2,-5.1311869,0.03782343778463933
"(2,2)-Two-layer MoM",mom,avg_ll,out of sample,with noise,3d-low-strong,3,low,strong,2,2,-4.9069991,0.04540339301375651
"(2,2)-Two-layer MoM",mom,avg_ll,out of sample,with noise,3d-low-weak,3,low,weak,2,2,-5.1141407,0.03905561774294223
"(2,2)-Two-layer MoM",mom,bic,in sample,no noise,2d-high-ind,2,high,ind,2,2,62055.30985709999,226.3384516390951
"(2,2)-Two-layer MoM",mom,bic,in sample,no noise,2d-high-strong,2,high,strong,2,2,62205.8164488,221.9105202799247
"(2,2)-Two-layer MoM",mom,bic,in sample,no noise,2d-high-weak,2,high,weak,2,2,62654.6293039,225.4670397335055
"(2,2)-Two-layer MoM",mom,bic,in sample,no noise,2d-low-ind,2,low,ind,2,2,55091.1961576,239.1738090403284
"(2,2)-Two-layer MoM",mom,bic,in sample,no noise,2d-low-strong,2,low,strong,2,2,51024.1092369,269.1631146136912
"(2,2)-Two-layer MoM",mom,bic,in sample,no noise,2d-low-weak,2,low,weak,2,2,54805.61472249999,252.8001401816963
"(2,2)-Two-layer MoM",mom,bic,in sample,no noise,3d-high-ind,3,high,ind,2,2,89792.212983,243.2449291364476
"(2,2)-Two-layer MoM",mom,bic,in sample,no noise,3d-high-strong,3,high,strong,2,2,89258.52589470001,305.2210874781401
"(2,2)-Two-layer MoM",mom,bic,in sample,no noise,3d-high-weak,3,high,weak,2,2,90417.9176317,248.5872089373018
"(2,2)-Two-layer MoM",mom,bic,in sample,no noise,3d-low-ind,3,low,ind,2,2,81513.5879047,255.3902216383646
"(2,2)-Two-layer MoM",mom,bic,in sample,no noise,3d-low-strong,3,low,strong,2,2,77797.56779860001,324.0776605250674
"(2,2)-Two-layer MoM",mom,bic,in sample,no noise,3d-low-weak,3,low,weak,2,2,81225.7230115,284.8939307564393
"(2,2)-Two-layer MoM",mom,bic,in sample,with noise,2d-high-ind,2,high,ind,2,2,62604.2347925,225.9947961154122
"(2,2)-Two-layer MoM",mom,bic,in sample,with noise,2d-high-strong,2,high,strong,2,2,62763.1429767,227.8526185861158
"(2,2)-Two-layer MoM",mom,bic,in sample,with noise,2d-high-weak,2,high,weak,2,2,63191.1973058,228.449341452685
"(2,2)-Two-layer MoM",mom,bic,in sample,with noise,2d-low-ind,2,low,ind,2,2,55592.0899642,238.5015457434212
"(2,2)-Two-layer MoM",mom,bic,in sample,with noise,2d-low-strong,2,low,strong,2,2,51732.12271340001,276.0082467991172
"(2,2)-Two-layer MoM",mom,bic,in sample,with noise,2d-low-weak,2,low,weak,2,2,55338.100691,255.1846461908873
"(2,2)-Two-layer MoM",mom,bic,in sample,with noise,3d-high-ind,3,high,ind,2,2,90796.54505300001,248.2680233069754
"(2,2)-Two-layer MoM",mom,bic,in sample,with noise,3d-high-strong,3,high,strong,2,2,90317.7420782,309.6768971256889
"(2,2)-Two-layer MoM",mom,bic,in sample,with noise,3d-high-weak,3,high,weak,2,2,91405.483221,256.7434710245602
"(2,2)-Two-layer MoM",mom,bic,in sample,with noise,3d-low-ind,3,low,ind,2,2,82369.0508729,263.5796987398219
"(2,2)-Two-layer MoM",mom,bic,in sample,with noise,3d-low-strong,3,low,strong,2,2,78829.4270962,330.9908050678412
"(2,2)-Two-layer MoM",mom,bic,in sample,with noise,3d-low-weak,3,low,weak,2,2,82088.1865022,284.167994748929
"(2,2)-Two-layer MoM",mom,bic,out of sample,no noise,2d-high-ind,2,high,ind,2,2,15652.8147512,97.7193095664848
"(2,2)-Two-layer MoM",mom,bic,out of sample,no noise,2d-high-strong,2,high,strong,2,2,15668.6083111,94.80421829804591
"(2,2)-Two-layer MoM",mom,bic,out of sample,no noise,2d-high-weak,2,high,weak,2,2,15789.6364643,107.1756057115342
"(2,2)-Two-layer MoM",mom,bic,out of sample,no noise,2d-low-ind,2,low,ind,2,2,13903.1420151,104.0355596463525
"(2,2)-Two-layer MoM",mom,bic,out of sample,no noise,2d-low-strong,2,low,strong,2,2,12864.4240886,112.4202896472567
"(2,2)-Two-layer MoM",mom,bic,out of sample,no noise,2d-low-weak,2,low,weak,2,2,13826.9301893,109.7899181618101
"(2,2)-Two-layer MoM",mom,bic,out of sample,no noise,3d-high-ind,3,high,ind,2,2,22633.4101281,146.9634209807417
"(2,2)-Two-layer MoM",mom,bic,out of sample,no noise,3d-high-strong,3,high,strong,2,2,22493.0674748,160.6218410123727
"(2,2)-Two-layer MoM",mom,bic,out of sample,no noise,3d-high-weak,3,high,weak,2,2,22793.3765845,148.5131082211117
"(2,2)-Two-layer MoM",mom,bic,out of sample,no noise,3d-low-ind,3,low,ind,2,2,20559.4635318,154.9692868658284
"(2,2)-Two-layer MoM",mom,bic,out of sample,no noise,3d-low-strong,3,low,strong,2,2,19622.2104702,183.4814985535697
"(2,2)-Two-layer MoM",mom,bic,out of sample,no noise,3d-low-weak,3,low,weak,2,2,20492.0609574,159.2612918989088
"(2,2)-Two-layer MoM",mom,bic,out of sample,with noise,2d-high-ind,2,high,ind,2,2,15791.8018852,95.61392451735547
"(2,2)-Two-layer MoM",mom,bic,out of sample,with noise,2d-high-strong,2,high,strong,2,2,15806.0109322,95.84021779854288
"(2,2)-Two-layer MoM",mom,bic,out of sample,with noise,2d-high-weak,2,high,weak,2,2,15923.2006041,107.4980454677409
"(2,2)-Two-layer MoM",mom,bic,out of sample,with noise,2d-low-ind,2,low,ind,2,2,14030.4728971,104.4929371059263
"(2,2)-Two-layer MoM",mom,bic,out of sample,with noise,2d-low-strong,2,low,strong,2,2,13039.2143349,114.2750568935933
"(2,2)-Two-layer MoM",mom,bic,out of sample,with noise,2d-low-weak,2,low,weak,2,2,13959.876683,110.9697141309235
"(2,2)-Two-layer MoM",mom,bic,out of sample,with noise,3d-high-ind,3,high,ind,2,2,22886.2621558,143.9459218214983
"(2,2)-Two-layer MoM",mom,bic,out of sample,with noise,3d-high-strong,3,high,strong,2,2,22756.5801997,156.2405993315737
"(2,2)-Two-layer MoM",mom,bic,out of sample,with noise,3d-high-weak,3,high,weak,2,2,23041.573978,144.9934801692173
"(2,2)-Two-layer MoM",mom,bic,out of sample,with noise,3d-low-ind,3,low,ind,2,2,20775.5754211,151.2942270567852
"(2,2)-Two-layer MoM",mom,bic,out of sample,with noise,3d-low-strong,3,low,strong,2,2,19878.8277551,181.6139889144297
"(2,2)-Two-layer MoM",mom,bic,out of sample,with noise,3d-low-weak,3,low,weak,2,2,20707.3936604,156.2243082365785
"(2,2)-Two-layer MoM",mom,em_iters,training,no noise,2d-high-ind,2,high,ind,2,2,19.51,1.732021648218921
"(2,2)-Two-layer MoM",mom,em_iters,training,no noise,2d-high-strong,2,high,strong,2,2,70.39,7.744525599910997
"(2,2)-Two-layer MoM",mom,em_iters,training,no noise,2d-high-weak,2,high,weak,2,2,19.03,1.493791866832238
"(2,2)-Two-layer MoM",mom,em_iters,training,no noise,2d-low-ind,2,low,ind,2,2,23.66,2.716280879839531
"(2,2)-Two-layer MoM",mom,em_iters,training,no noise,2d-low-strong,2,low,strong,2,2,51.14,8.480542197265217
"(2,2)-Two-layer MoM",mom,em_iters,training,no noise,2d-low-weak,2,low,weak,2,2,46.15,19.1038496305606
"(2,2)-Two-layer MoM",mom,em_iters,training,no noise,3d-high-ind,3,high,ind,2,2,13.06,1.080777871757564
"(2,2)-Two-layer MoM",mom,em_iters,training,no noise,3d-high-strong,3,high,strong,2,2,43.98,7.261326923288104
"(2,2)-Two-layer MoM",mom,em_iters,training,no noise,3d-high-weak,3,high,weak,2,2,11.2,0.4714045207910319
"(2,2)-Two-layer MoM",mom,em_iters,training,no noise,3d-low-ind,3,low,ind,2,2,32.43,14.06855868361587
"(2,2)-Two-layer MoM",mom,em_iters,training,no noise,3d-low-strong,3,low,strong,2,2,41.3,7.314714656434009
"(2,2)-Two-layer MoM",mom,em_iters,training,no noise,3d-low-weak,3,low,weak,2,2,33.45,21.24098144929497
"(2,2)-Two-layer MoM",mom,em_iters,training,with noise,2d-high-ind,2,high,ind,2,2,19.19,1.685919106103028
"(2,2)-Two-layer MoM",mom,em_iters,training,with noise,2d-high-strong,2,high,strong,2,2,70.14,6.60122425131593
"(2,2)-Two-layer MoM",mom,em_iters,training,with noise,2d-high-weak,2,high,weak,2,2,18.61,1.441765191938989
"(2,2)-Two-layer MoM",mom,em_iters,training,with noise,2d-low-ind,2,low,ind,2,2,23.53,2.560204379467871
"(2,2)-Two-layer MoM",mom,em_iters,training,with noise,2d-low-strong,2,low,strong,2,2,48.75,8.756382953265717
"(2,2)-Two-layer MoM",mom,em_iters,training,with noise,2d-low-weak,2,low,weak,2,2,43.25,19.72045802324238
"(2,2)-Two-layer MoM",mom,em_iters,training,with noise,3d-high-ind,3,high,ind,2,2,13.03,1.114232987985526
"(2,2)-Two-layer MoM",mom,em_iters,training,with noise,3d-high-strong,3,high,strong,2,2,43.96,7.236160598136293
"(2,2)-Two-layer MoM",mom,em_iters,training,with noise,3d-high-weak,3,high,weak,2,2,11.16,0.4431293675255977
"(2,2)-Two-layer MoM",mom,em_iters,training,with noise,3d-low-ind,3,low,ind,2,2,30.87,12.55746789762968
"(2,2)-Two-layer MoM",mom,em_iters,training,with noise,3d-low-strong,3,low,strong,2,2,42.0,8.415954065243156
"(2,2)-Two-layer MoM",mom,em_iters,training,with noise,3d-low-weak,3,low,weak,2,2,35.22,21.29996443303333
"(2,2)-Two-layer MoM",mom,gmpd,in sample,no noise,2d-high-ind,2,high,ind,2,2,0.0209304,0.0002961535228406199
"(2,2)-Two-layer MoM",mom,gmpd,in sample,no noise,2d-high-strong,2,high,strong,2,2,0.0207341,0.0002873778879890568
"(2,2)-Two-layer MoM",mom,gmpd,in sample,no noise,2d-high-weak,2,high,weak,2,2,0.0201608,0.0002839785167575143
"(2,2)-Two-layer MoM",mom,gmpd,in sample,no noise,2d-low-ind,2,low,ind,2,2,0.03234509999999999,0.0004819792841015372
"(2,2)-Two-layer MoM",mom,gmpd,in sample,no noise,2d-low-strong,2,low,strong,2,2,0.041708,0.0007016963572498978
"(2,2)-Two-layer MoM",mom,gmpd,in sample,no noise,2d-low-weak,2,low,weak,2,2,0.0329282,0.000518931263815986
"(2,2)-Two-layer MoM",mom,gmpd,in sample,no noise,3d-high-ind,3,high,ind,2,2,0.0037225,5.645012100621358e-05
"(2,2)-Two-layer MoM",mom,gmpd,in sample,no noise,3d-high-strong,3,high,strong,2,2,0.0038491,7.303098830308443e-05
"(2,2)-Two-layer MoM",mom,gmpd,in sample,no noise,3d-high-weak,3,high,weak,2,2,0.0035796,5.606489746064577e-05
"(2,2)-Two-layer MoM",mom,gmpd,in sample,no noise,3d-low-ind,3,low,ind,2,2,0.0062451,9.967112587571857e-05
"(2,2)-Two-layer MoM",mom,gmpd,in sample,no noise,3d-low-strong,3,low,strong,2,2,0.0078785,0.0001595091903878327
"(2,2)-Two-layer MoM",mom,gmpd,in sample,no noise,3d-low-weak,3,low,weak,2,2,0.006358399999999999,0.0001130810025217018
"(2,2)-Two-layer MoM",mom,gmpd,in sample,with noise,2d-high-ind,2,high,ind,2,2,0.0202244,0.0002845777307669822
"(2,2)-Two-layer MoM",mom,gmpd,in sample,with noise,2d-high-strong,2,high,strong,2,2,0.0200246,0.0002845532383483717
"(2,2)-Two-layer MoM",mom,gmpd,in sample,with noise,2d-high-weak,2,high,weak,2,2,0.0194961,0.0002780592735298711
"(2,2)-Two-layer MoM",mom,gmpd,in sample,with noise,2d-low-ind,2,low,ind,2,2,0.0313483,0.0004658218652027932
"(2,2)-Two-layer MoM",mom,gmpd,in sample,with noise,2d-low-strong,2,low,strong,2,2,0.0399029,0.0006886207779014331
"(2,2)-Two-layer MoM",mom,gmpd,in sample,with noise,2d-low-weak,2,low,weak,2,2,0.0318504,0.0005066984041096562
"(2,2)-Two-layer MoM",mom,gmpd,in sample,with noise,3d-high-ind,3,high,ind,2,2,0.0034959,5.45522638847326e-05
"(2,2)-Two-layer MoM",mom,gmpd,in sample,with noise,3d-high-strong,3,high,strong,2,2,0.0036018,6.956401020032935e-05
"(2,2)-Two-layer MoM",mom,gmpd,in sample,with noise,3d-high-weak,3,high,weak,2,2,0.0033652,5.381374538088936e-05
"(2,2)-Two-layer MoM",mom,gmpd,in sample,with noise,3d-low-ind,3,low,ind,2,2,0.005919900000000001,9.732269555816411e-05
"(2,2)-Two-layer MoM",mom,gmpd,in sample,with noise,3d-low-strong,3,low,strong,2,2,0.0073867,0.0001530171641524326
"(2,2)-Two-layer MoM",mom,gmpd,in sample,with noise,3d-low-weak,3,low,weak,2,2,0.006025,0.0001068984224732653
"(2,2)-Two-layer MoM",mom,gmpd,out of sample,no noise,2d-high-ind,2,high,ind,2,2,0.0207953,0.0005087208259820684
"(2,2)-Two-layer MoM",mom,gmpd,out of sample,no noise,2d-high-strong,2,high,strong,2,2,0.0207136,0.0004909185782846788
"(2,2)-Two-layer MoM",mom,gmpd,out of sample,no noise,2d-high-weak,2,high,weak,2,2,0.0200978,0.0005411857165502253
"(2,2)-Two-layer MoM",mom,gmpd,out of sample,no noise,2d-low-ind,2,low,ind,2,2,0.0322079,0.0008416581697740929
"(2,2)-Two-layer MoM",mom,gmpd,out of sample,no noise,2d-low-strong,2,low,strong,2,2,0.0417605,0.001174006672326298
"(2,2)-Two-layer MoM",mom,gmpd,out of sample,no noise,2d-low-weak,2,low,weak,2,2,0.0328287,0.0009074602754474444
"(2,2)-Two-layer MoM",mom,gmpd,out of sample,no noise,3d-high-ind,3,high,ind,2,2,0.0037162,0.0001370598925339362
"(2,2)-Two-layer MoM",mom,gmpd,out of sample,no noise,3d-high-strong,3,high,strong,2,2,0.0038493,0.0001552726829181683
"(2,2)-Two-layer MoM",mom,gmpd,out of sample,no noise,3d-high-weak,3,high,weak,2,2,0.0035705,0.0001333513245437621
"(2,2)-Two-layer MoM",mom,gmpd,out of sample,no noise,3d-low-ind,3,low,ind,2,2,0.0062419,0.0002417808298789829
"(2,2)-Two-layer MoM",mom,gmpd,out of sample,no noise,3d-low-strong,3,low,strong,2,2,0.0078924,0.0003640210894101512
"(2,2)-Two-layer MoM",mom,gmpd,out of sample,no noise,3d-low-weak,3,low,weak,2,2,0.0063483,0.0002531660332746878
"(2,2)-Two-layer MoM",mom,gmpd,out of sample,with noise,2d-high-ind,2,high,ind,2,2,0.0200855,0.0004820796174655777
"(2,2)-Two-layer MoM",mom,gmpd,out of sample,with noise,2d-high-strong,2,high,strong,2,2,0.0200146,0.0004801039870526372
"(2,2)-Two-layer MoM",mom,gmpd,out of sample,with noise,2d-high-weak,2,high,weak,2,2,0.0194376,0.0005255456423777313
"(2,2)-Two-layer MoM",mom,gmpd,out of sample,with noise,2d-low-ind,2,low,ind,2,2,0.0311983,0.0008191250012524143
"(2,2)-Two-layer MoM",mom,gmpd,out of sample,with noise,2d-low-strong,2,low,strong,2,2,0.039975,0.001140627596164196
"(2,2)-Two-layer MoM",mom,gmpd,out of sample,with noise,2d-low-weak,2,low,weak,2,2,0.0317554,0.0008854359423926769
"(2,2)-Two-layer MoM",mom,gmpd,out of sample,with noise,3d-high-ind,3,high,ind,2,2,0.0034886,0.0001259230164052865
"(2,2)-Two-layer MoM",mom,gmpd,out of sample,with noise,3d-high-strong,3,high,strong,2,2,0.0036041,0.0001419353601631618
"(2,2)-Two-layer MoM",mom,gmpd,out of sample,with noise,3d-high-weak,3,high,weak,2,2,0.0033559,0.000122705980195578
"(2,2)-Two-layer MoM",mom,gmpd,out of sample,with noise,3d-low-ind,3,low,ind,2,2,0.0059138,0.0002244939539353683
"(2,2)-Two-layer MoM",mom,gmpd,out of sample,with noise,3d-low-strong,3,low,strong,2,2,0.0074024,0.0003396079736366266
"(2,2)-Two-layer MoM",mom,gmpd,out of sample,with noise,3d-low-weak,3,low,weak,2,2,0.0060162,0.0002357870122621582
"(2,2)-Two-layer MoM",mom,training_time,training,no noise,2d-high-ind,2,high,ind,2,2,764.5822000000001,93.78731218253478
"(2,2)-Two-layer MoM",mom,training_time,training,no noise,2d-high-strong,2,high,strong,2,2,1693.191,167.1534849964686
"(2,2)-Two-layer MoM",mom,training_time,training,no noise,2d-high-weak,2,high,weak,2,2,814.5355000000001,75.04343890021094
"(2,2)-Two-layer MoM",mom,training_time,training,no noise,2d-low-ind,2,low,ind,2,2,838.558,100.9936597169857
"(2,2)-Two-layer MoM",mom,training_time,training,no noise,2d-low-strong,2,low,strong,2,2,1358.1876,195.0683324724332
"(2,2)-Two-layer MoM",mom,training_time,training,no noise,2d-low-weak,2,low,weak,2,2,1278.4364,361.362446466428
"(2,2)-Two-layer MoM",mom,training_time,training,no noise,3d-high-ind,3,high,ind,2,2,665.9378999999999,86.44666550164642
"(2,2)-Two-layer MoM",mom,training_time,training,no noise,3d-high-strong,3,high,strong,2,2,1310.2706,159.2864298900289
"(2,2)-Two-layer MoM",mom,training_time,training,no noise,3d-high-weak,3,high,weak,2,2,633.1498,68.89444637540632
"(2,2)-Two-layer MoM",mom,training_time,training,no noise,3d-low-ind,3,low,ind,2,2,1074.7536,313.9815714289774
"(2,2)-Two-layer MoM",mom,training_time,training,no noise,3d-low-strong,3,low,strong,2,2,1263.1099,168.0229155817622
"(2,2)-Two-layer MoM",mom,training_time,training,no noise,3d-low-weak,3,low,weak,2,2,1117.6868,448.9828883173365
"(2,2)-Two-layer MoM",mom,training_time,training,with noise,2d-high-ind,2,high,ind,2,2,752.0868,87.16120841453974
"(2,2)-Two-layer MoM",mom,training_time,training,with noise,2d-high-strong,2,high,strong,2,2,1701.4605,164.6188134269316
"(2,2)-Two-layer MoM",mom,training_time,training,with noise,2d-high-weak,2,high,weak,2,2,804.0244,74.15390354355915
"(2,2)-Two-layer MoM",mom,training_time,training,with noise,2d-low-ind,2,low,ind,2,2,846.7786,95.18487212182661
"(2,2)-Two-layer MoM",mom,training_time,training,with noise,2d-low-strong,2,low,strong,2,2,1324.7452,192.594980102197
"(2,2)-Two-layer MoM",mom,training_time,training,with noise,2d-low-weak,2,low,weak,2,2,1216.0922,387.9249586044219
"(2,2)-Two-layer MoM",mom,training_time,training,with noise,3d-high-ind,3,high,ind,2,2,665.2934,71.18513426157446
"(2,2)-Two-layer MoM",mom,training_time,training,with noise,3d-high-strong,3,high,strong,2,2,1320.4018,172.8549413767031
"(2,2)-Two-layer MoM",mom,training_time,training,with noise,3d-high-weak,3,high,weak,2,2,629.153,81.3368051109494
"(2,2)-Two-layer MoM",mom,training_time,training,with noise,3d-low-ind,3,low,ind,2,2,1035.0579,263.4227550447064
"(2,2)-Two-layer MoM",mom,training_time,training,with noise,3d-low-strong,3,low,strong,2,2,1274.1408,177.6731830784042
"(2,2)-Two-layer MoM",mom,training_time,training,with noise,3d-low-weak,3,low,weak,2,2,1143.7398,437.5696365335708
"(3,1)-Isolated Two-layer MoM",isomom,aic,in sample,no noise,2d-high-ind,2,high,ind,3,1,62145.2708913,228.1364790788079
"(3,1)-Isolated Two-layer MoM",isomom,aic,in sample,no noise,2d-high-strong,2,high,strong,3,1,62726.4043818,242.3323135617607
"(3,1)-Isolated Two-layer MoM",isomom,aic,in sample,no noise,2d-high-weak,2,high,weak,3,1,62604.95844549999,224.3037163141346
"(3,1)-Isolated Two-layer MoM",isomom,aic,in sample,no noise,2d-low-ind,2,low,ind,3,1,54971.1565933,239.4241268776702
"(3,1)-Isolated Two-layer MoM",isomom,aic,in sample,no noise,2d-low-strong,2,low,strong,3,1,53054.4615556,315.9024902802234
"(3,1)-Isolated Two-layer MoM",isomom,aic,in sample,no noise,2d-low-weak,2,low,weak,3,1,54800.0520429,235.5928590079903
"(3,1)-Isolated Two-layer MoM",isomom,aic,in sample,no noise,3d-high-ind,3,high,ind,3,1,89928.5087255,258.3554198647232
"(3,1)-Isolated Two-layer MoM",isomom,aic,in sample,no noise,3d-high-strong,3,high,strong,3,1,91061.71348969999,307.830007889072
"(3,1)-Isolated Two-layer MoM",isomom,aic,in sample,no noise,3d-high-weak,3,high,weak,3,1,90548.4197473,247.5568674536107
"(3,1)-Isolated Two-layer MoM",isomom,aic,in sample,no noise,3d-low-ind,3,low,ind,3,1,81423.6025797,254.2300006198682
"(3,1)-Isolated Two-layer MoM",isomom,aic,in sample,no noise,3d-low-strong,3,low,strong,3,1,79615.0790228,398.3802193006817
"(3,1)-Isolated Two-layer MoM",isomom,aic,in sample,no noise,3d-low-weak,3,low,weak,3,1,81252.7570864,259.7002928103354
"(3,1)-Isolated Two-layer MoM",isomom,aic,in sample,with noise,2d-high-ind,2,high,ind,3,1,62691.4892311,224.4796716417081
"(3,1)-Isolated Two-layer MoM",isomom,aic,in sample,with noise,2d-high-strong,2,high,strong,3,1,63253.3520048,245.8425036172491
"(3,1)-Isolated Two-layer MoM",isomom,aic,in sample,with noise,2d-high-weak,2,high,weak,3,1,63139.1100757,226.9915056705348
"(3,1)-Isolated Two-layer MoM",isomom,aic,in sample,with noise,2d-low-ind,2,low,ind,3,1,55468.71590149999,238.6321773041848
"(3,1)-Isolated Two-layer MoM",isomom,aic,in sample,with noise,2d-low-strong,2,low,strong,3,1,53641.7867717,315.6844372906644
"(3,1)-Isolated Two-layer MoM",isomom,aic,in sample,with noise,2d-low-weak,2,low,weak,3,1,55312.226961,238.0760679020721
"(3,1)-Isolated Two-layer MoM",isomom,aic,in sample,with noise,3d-high-ind,3,high,ind,3,1,90946.8217278,264.3062992289491
"(3,1)-Isolated Two-layer MoM",isomom,aic,in sample,with noise,3d-high-strong,3,high,strong,3,1,92013.217096,313.3872380914475
"(3,1)-Isolated Two-layer MoM",isomom,aic,in sample,with noise,3d-high-weak,3,high,weak,3,1,91538.7352055,253.6109728170734
"(3,1)-Isolated Two-layer MoM",isomom,aic,in sample,with noise,3d-low-ind,3,low,ind,3,1,82268.0595764,261.6416723099952
"(3,1)-Isolated Two-layer MoM",isomom,aic,in sample,with noise,3d-low-strong,3,low,strong,3,1,80579.0041252,389.2221000533183
"(3,1)-Isolated Two-layer MoM",isomom,aic,in sample,with noise,3d-low-weak,3,low,weak,3,1,82105.9549553,263.9472307931319
"(3,1)-Isolated Two-layer MoM",isomom,aic,out of sample,no noise,2d-high-ind,2,high,ind,3,1,15594.8722425,96.67540107118144
"(3,1)-Isolated Two-layer MoM",isomom,aic,out of sample,no noise,2d-high-strong,2,high,strong,3,1,15720.3761212,98.69352626716613
"(3,1)-Isolated Two-layer MoM",isomom,aic,out of sample,no noise,2d-high-weak,2,high,weak,3,1,15697.2502449,105.9658205426201
"(3,1)-Isolated Two-layer MoM",isomom,aic,out of sample,no noise,2d-low-ind,2,low,ind,3,1,13792.8046343,104.9360811047739
"(3,1)-Isolated Two-layer MoM",isomom,aic,out of sample,no noise,2d-low-strong,2,low,strong,3,1,13297.18556,114.5989534004248
"(3,1)-Isolated Two-layer MoM",isomom,aic,out of sample,no noise,2d-low-weak,2,low,weak,3,1,13745.0312174,110.9016087036044
"(3,1)-Isolated Two-layer MoM",isomom,aic,out of sample,no noise,3d-high-ind,3,high,ind,3,1,22549.8820556,149.3671038542356
"(3,1)-Isolated Two-layer MoM",isomom,aic,out of sample,no noise,3d-high-strong,3,high,strong,3,1,22825.5696537,158.0519304851873
"(3,1)-Isolated Two-layer MoM",isomom,aic,out of sample,no noise,3d-high-weak,3,high,weak,3,1,22706.6447507,146.0584470732522
"(3,1)-Isolated Two-layer MoM",isomom,aic,out of sample,no noise,3d-low-ind,3,low,ind,3,1,20414.6797252,156.8412124890256
"(3,1)-Isolated Two-layer MoM",isomom,aic,out of sample,no noise,3d-low-strong,3,low,strong,3,1,19963.3601008,188.060698609231
"(3,1)-Isolated Two-layer MoM",isomom,aic,out of sample,no noise,3d-low-weak,3,low,weak,3,1,20373.0980304,160.0286550202878
"(3,1)-Isolated Two-layer MoM",isomom,aic,out of sample,with noise,2d-high-ind,2,high,ind,3,1,15733.3181999,94.99798726732473
"(3,1)-Isolated Two-layer MoM",isomom,aic,out of sample,with noise,2d-high-strong,2,high,strong,3,1,15850.360159,100.3329361478177
"(3,1)-Isolated Two-layer MoM",isomom,aic,out of sample,with noise,2d-high-weak,2,high,weak,3,1,15830.4280955,106.593956186866
"(3,1)-Isolated Two-layer MoM",isomom,aic,out of sample,with noise,2d-low-ind,2,low,ind,3,1,13919.0614469,105.9052126302754
"(3,1)-Isolated Two-layer MoM",isomom,aic,out of sample,with noise,2d-low-strong,2,low,strong,3,1,13442.2886244,115.9628675353325
"(3,1)-Isolated Two-layer MoM",isomom,aic,out of sample,with noise,2d-low-weak,2,low,weak,3,1,13872.6861753,110.6781555686285
"(3,1)-Isolated Two-layer MoM",isomom,aic,out of sample,with noise,3d-high-ind,3,high,ind,3,1,22805.5820879,146.163734228308
"(3,1)-Isolated Two-layer MoM",isomom,aic,out of sample,with noise,3d-high-strong,3,high,strong,3,1,23061.0815084,158.1962317266876
"(3,1)-Isolated Two-layer MoM",isomom,aic,out of sample,with noise,3d-high-weak,3,high,weak,3,1,22954.8528696,142.6231339800926
"(3,1)-Isolated Two-layer MoM",isomom,aic,out of sample,with noise,3d-low-ind,3,low,ind,3,1,20627.9470528,153.5111196620381
"(3,1)-Isolated Two-layer MoM",isomom,aic,out of sample,with noise,3d-low-strong,3,low,strong,3,1,20200.6428292,184.4549523499373
"(3,1)-Isolated Two-layer MoM",isomom,aic,out of sample,with noise,3d-low-weak,3,low,weak,3,1,20587.6708496,156.9422862933798
"(3,1)-Isolated Two-layer MoM",isomom,ari,in sample,no noise,2d-high-ind,2,high,ind,3,1,0.269495,0.01418245327184549
"(3,1)-Isolated Two-layer MoM",isomom,ari,in sample,no noise,2d-high-strong,2,high,strong,3,1,0.2695403,0.0145139887558886
"(3,1)-Isolated Two-layer MoM",isomom,ari,in sample,no noise,2d-high-weak,2,high,weak,3,1,0.2687353,0.01547565572475398
"(3,1)-Isolated Two-layer MoM",isomom,ari,in sample,no noise,2d-low-ind,2,low,ind,3,1,0.0121927,0.002532625840203137
"(3,1)-Isolated Two-layer MoM",isomom,ari,in sample,no noise,2d-low-strong,2,low,strong,3,1,0.0126361,0.002271770499416744
"(3,1)-Isolated Two-layer MoM",isomom,ari,in sample,no noise,2d-low-weak,2,low,weak,3,1,0.0125277,0.002272667571135051
"(3,1)-Isolated Two-layer MoM",isomom,ari,in sample,no noise,3d-high-ind,3,high,ind,3,1,0.3456547,0.02545361467275504
"(3,1)-Isolated Two-layer MoM",isomom,ari,in sample,no noise,3d-high-strong,3,high,strong,3,1,0.3401708,0.02255541793320209
"(3,1)-Isolated Two-layer MoM",isomom,ari,in sample,no noise,3d-high-weak,3,high,weak,3,1,0.3452935,0.0257176254215515
"(3,1)-Isolated Two-layer MoM",isomom,ari,in sample,no noise,3d-low-ind,3,low,ind,3,1,0.0105752,0.004314215983878828
"(3,1)-Isolated Two-layer MoM",isomom,ari,in sample,no noise,3d-low-strong,3,low,strong,3,1,0.0099118,0.00407073700422611
"(3,1)-Isolated Two-layer MoM",isomom,ari,in sample,no noise,3d-low-weak,3,low,weak,3,1,0.0103793,0.004054293958884889
"(3,1)-Isolated Two-layer MoM",isomom,ari,in sample,with noise,2d-high-ind,2,high,ind,3,1,0.2621068,0.01463153836440622
"(3,1)-Isolated Two-layer MoM",isomom,ari,in sample,with noise,2d-high-strong,2,high,strong,3,1,0.2629562,0.01444365470273078
"(3,1)-Isolated Two-layer MoM",isomom,ari,in sample,with noise,2d-high-weak,2,high,weak,3,1,0.2630068,0.01370417453762086
"(3,1)-Isolated Two-layer MoM",isomom,ari,in sample,with noise,2d-low-ind,2,low,ind,3,1,0.0120616,0.00240309847127126
"(3,1)-Isolated Two-layer MoM",isomom,ari,in sample,with noise,2d-low-strong,2,low,strong,3,1,0.0121367,0.002219054332663608
"(3,1)-Isolated Two-layer MoM",isomom,ari,in sample,with noise,2d-low-weak,2,low,weak,3,1,0.0120797,0.002248153206163637
"(3,1)-Isolated Two-layer MoM",isomom,ari,in sample,with noise,3d-high-ind,3,high,ind,3,1,0.3324411,0.02164419696856738
"(3,1)-Isolated Two-layer MoM",isomom,ari,in sample,with noise,3d-high-strong,3,high,strong,3,1,0.3284746,0.01992816561269171
"(3,1)-Isolated Two-layer MoM",isomom,ari,in sample,with noise,3d-high-weak,3,high,weak,3,1,0.3290794,0.02165611140654124
"(3,1)-Isolated Two-layer MoM",isomom,ari,in sample,with noise,3d-low-ind,3,low,ind,3,1,0.0102375,0.004258620816957793
"(3,1)-Isolated Two-layer MoM",isomom,ari,in sample,with noise,3d-low-strong,3,low,strong,3,1,0.0089224,0.003839444172735885
"(3,1)-Isolated Two-layer MoM",isomom,ari,in sample,with noise,3d-low-weak,3,low,weak,3,1,0.0098873,0.003774645840634883
"(3,1)-Isolated Two-layer MoM",isomom,ari,out of sample,no noise,2d-high-ind,2,high,ind,3,1,0.272393,0.01741998170568105
"(3,1)-Isolated Two-layer MoM",isomom,ari,out of sample,no noise,2d-high-strong,2,high,strong,3,1,0.2727363,0.01815454550616329
"(3,1)-Isolated Two-layer MoM",isomom,ari,out of sample,no noise,2d-high-weak,2,high,weak,3,1,0.2711409,0.01784305365760813
"(3,1)-Isolated Two-layer MoM",isomom,ari,out of sample,no noise,2d-low-ind,2,low,ind,3,1,0.01258,0.003920202014996655
"(3,1)-Isolated Two-layer MoM",isomom,ari,out of sample,no noise,2d-low-strong,2,low,strong,3,1,0.0124113,0.003706247974772472
"(3,1)-Isolated Two-layer MoM",isomom,ari,out of sample,no noise,2d-low-weak,2,low,weak,3,1,0.0123925,0.003609122945307271
"(3,1)-Isolated Two-layer MoM",isomom,ari,out of sample,no noise,3d-high-ind,3,high,ind,3,1,0.3484744,0.02556118092622941
"(3,1)-Isolated Two-layer MoM",isomom,ari,out of sample,no noise,3d-high-strong,3,high,strong,3,1,0.3425152,0.02786271696962256
"(3,1)-Isolated Two-layer MoM",isomom,ari,out of sample,no noise,3d-high-weak,3,high,weak,3,1,0.3464802,0.03000947978101706
"(3,1)-Isolated Two-layer MoM",isomom,ari,out of sample,no noise,3d-low-ind,3,low,ind,3,1,0.0104928,0.004734368021780368
"(3,1)-Isolated Two-layer MoM",isomom,ari,out of sample,no noise,3d-low-strong,3,low,strong,3,1,0.0098036,0.005294236340043994
"(3,1)-Isolated Two-layer MoM",isomom,ari,out of sample,no noise,3d-low-weak,3,low,weak,3,1,0.0108146,0.004982194644405963
"(3,1)-Isolated Two-layer MoM",isomom,ari,out of sample,with noise,2d-high-ind,2,high,ind,3,1,0.2654483,0.01790218140621443
"(3,1)-Isolated Two-layer MoM",isomom,ari,out of sample,with noise,2d-high-strong,2,high,strong,3,1,0.2649755,0.01629222181492342
"(3,1)-Isolated Two-layer MoM",isomom,ari,out of sample,with noise,2d-high-weak,2,high,weak,3,1,0.2651808,0.01722765727285957
"(3,1)-Isolated Two-layer MoM",isomom,ari,out of sample,with noise,2d-low-ind,2,low,ind,3,1,0.0123852,0.003659655136371693
"(3,1)-Isolated Two-layer MoM",isomom,ari,out of sample,with noise,2d-low-strong,2,low,strong,3,1,0.0119112,0.003682733745247386
"(3,1)-Isolated Two-layer MoM",isomom,ari,out of sample,with noise,2d-low-weak,2,low,weak,3,1,0.011844,0.003391234988536587
"(3,1)-Isolated Two-layer MoM",isomom,ari,out of sample,with noise,3d-high-ind,3,high,ind,3,1,0.3349951,0.02213883020893838
"(3,1)-Isolated Two-layer MoM",isomom,ari,out of sample,with noise,3d-high-strong,3,high,strong,3,1,0.331196,0.02736033935639266
"(3,1)-Isolated Two-layer MoM",isomom,ari,out of sample,with noise,3d-high-weak,3,high,weak,3,1,0.3307231,0.02535491690984317
"(3,1)-Isolated Two-layer MoM",isomom,ari,out of sample,with noise,3d-low-ind,3,low,ind,3,1,0.0100815,0.00473724600875601
"(3,1)-Isolated Two-layer MoM",isomom,ari,out of sample,with noise,3d-low-strong,3,low,strong,3,1,0.0089213,0.004346968444394974
"(3,1)-Isolated Two-layer MoM",isomom,ari,out of sample,with noise,3d-low-weak,3,low,weak,3,1,0.0101153,0.004128963832892379
"(3,1)-Isolated Two-layer MoM",isomom,avg_ll,in sample,no noise,2d-high-ind,2,high,ind,3,1,-3.8812047,0.01425833709367142
"(3,1)-Isolated Two-layer MoM",isomom,avg_ll,in sample,no noise,2d-high-strong,2,high,strong,3,1,-3.9175255,0.01514582886707452
"(3,1)-Isolated Two-layer MoM",isomom,avg_ll,in sample,no noise,2d-high-weak,2,high,weak,3,1,-3.909935,0.01401885235003638
"(3,1)-Isolated Two-layer MoM",isomom,avg_ll,in sample,no noise,2d-low-ind,2,low,ind,3,1,-3.432822,0.01496365144764019
"(3,1)-Isolated Two-layer MoM",isomom,avg_ll,in sample,no noise,2d-low-strong,2,low,strong,3,1,-3.3130285,0.01974399913309555
"(3,1)-Isolated Two-layer MoM",isomom,avg_ll,in sample,no noise,2d-low-weak,2,low,weak,3,1,-3.4221281,0.01472417888468779
"(3,1)-Isolated Two-layer MoM",isomom,avg_ll,in sample,no noise,3d-high-ind,3,high,ind,3,1,-5.615781399999999,0.01614742322502521
"(3,1)-Isolated Two-layer MoM",isomom,avg_ll,in sample,no noise,3d-high-strong,3,high,strong,3,1,-5.686607400000001,0.01923972703034063
"(3,1)-Isolated Two-layer MoM",isomom,avg_ll,in sample,no noise,3d-high-weak,3,high,weak,3,1,-5.654525899999999,0.01547227916029634
"(3,1)-Isolated Two-layer MoM",isomom,avg_ll,in sample,no noise,3d-low-ind,3,low,ind,3,1,-5.0842255,0.0158893618801888
"(3,1)-Isolated Two-layer MoM",isomom,avg_ll,in sample,no noise,3d-low-strong,3,low,strong,3,1,-4.9711923,0.02489886962892051
"(3,1)-Isolated Two-layer MoM",isomom,avg_ll,in sample,no noise,3d-low-weak,3,low,weak,3,1,-5.0735476,0.01623102859129119
"(3,1)-Isolated Two-layer MoM",isomom,avg_ll,in sample,with noise,2d-high-ind,2,high,ind,3,1,-3.9153432,0.01403022083672503
"(3,1)-Isolated Two-layer MoM",isomom,avg_ll,in sample,with noise,2d-high-strong,2,high,strong,3,1,-3.9504598,0.01536535891234081
"(3,1)-Isolated Two-layer MoM",isomom,avg_ll,in sample,with noise,2d-high-weak,2,high,weak,3,1,-3.9433193,0.01418713439470184
"(3,1)-Isolated Two-layer MoM",isomom,avg_ll,in sample,with noise,2d-low-ind,2,low,ind,3,1,-3.46392,0.01491460933840279
"(3,1)-Isolated Two-layer MoM",isomom,avg_ll,in sample,with noise,2d-low-strong,2,low,strong,3,1,-3.3497369,0.01972971663698595
"(3,1)-Isolated Two-layer MoM",isomom,avg_ll,in sample,with noise,2d-low-weak,2,low,weak,3,1,-3.4541394,0.01488016480711378
"(3,1)-Isolated Two-layer MoM",isomom,avg_ll,in sample,with noise,3d-high-ind,3,high,ind,3,1,-5.6794264,0.01651893596739648
"(3,1)-Isolated Two-layer MoM",isomom,avg_ll,in sample,with noise,3d-high-strong,3,high,strong,3,1,-5.746075899999999,0.01958677388706545
"(3,1)-Isolated Two-layer MoM",isomom,avg_ll,in sample,with noise,3d-high-weak,3,high,weak,3,1,-5.7164211,0.01585078508045164
"(3,1)-Isolated Two-layer MoM",isomom,avg_ll,in sample,with noise,3d-low-ind,3,low,ind,3,1,-5.1370037,0.01635288271346687
"(3,1)-Isolated Two-layer MoM",isomom,avg_ll,in sample,with noise,3d-low-strong,3,low,strong,3,1,-5.0314381,0.02432688011960287
"(3,1)-Isolated Two-layer MoM",isomom,avg_ll,in sample,with noise,3d-low-weak,3,low,weak,3,1,-5.1268724,0.0164968909908393
"(3,1)-Isolated Two-layer MoM",isomom,avg_ll,out of sample,no noise,2d-high-ind,2,high,ind,3,1,-3.8872178,0.02416886868045191
"(3,1)-Isolated Two-layer MoM",isomom,avg_ll,out of sample,no noise,2d-high-strong,2,high,strong,3,1,-3.9185937,0.02467367634450805
"(3,1)-Isolated Two-layer MoM",isomom,avg_ll,out of sample,no noise,2d-high-weak,2,high,weak,3,1,-3.9128128,0.02649159901446938
"(3,1)-Isolated Two-layer MoM",isomom,avg_ll,out of sample,no noise,2d-low-ind,2,low,ind,3,1,-3.4367012,0.02623395372105361
"(3,1)-Isolated Two-layer MoM",isomom,avg_ll,out of sample,no noise,2d-low-strong,2,low,strong,3,1,-3.3127961,0.02864981946441258
"(3,1)-Isolated Two-layer MoM",isomom,avg_ll,out of sample,no noise,2d-low-weak,2,low,weak,3,1,-3.4247578,0.02772484298140266
"(3,1)-Isolated Two-layer MoM",isomom,avg_ll,out of sample,no noise,3d-high-ind,3,high,ind,3,1,-5.6184707,0.03734192558741112
"(3,1)-Isolated Two-layer MoM",isomom,avg_ll,out of sample,no noise,3d-high-strong,3,high,strong,3,1,-5.687392600000001,0.03951318127134059
"(3,1)-Isolated Two-layer MoM",isomom,avg_ll,out of sample,no noise,3d-high-weak,3,high,weak,3,1,-5.657661399999999,0.03651469487007308
"(3,1)-Isolated Two-layer MoM",isomom,avg_ll,out of sample,no noise,3d-low-ind,3,low,ind,3,1,-5.0846693,0.03921059914568552
"(3,1)-Isolated Two-layer MoM",isomom,avg_ll,out of sample,no noise,3d-low-strong,3,low,strong,3,1,-4.971839999999999,0.04701529465305022
"(3,1)-Isolated Two-layer MoM",isomom,avg_ll,out of sample,no noise,3d-low-weak,3,low,weak,3,1,-5.0742747,0.04000773789941497
"(3,1)-Isolated Two-layer MoM",isomom,avg_ll,out of sample,with noise,2d-high-ind,2,high,ind,3,1,-3.9218293,0.02374933539761238
"(3,1)-Isolated Two-layer MoM",isomom,avg_ll,out of sample,with noise,2d-high-strong,2,high,strong,3,1,-3.9510895,0.02508314035463874
"(3,1)-Isolated Two-layer MoM",isomom,avg_ll,out of sample,with noise,2d-high-weak,2,high,weak,3,1,-3.9461069,0.02664871932772902
"(3,1)-Isolated Two-layer MoM",isomom,avg_ll,out of sample,with noise,2d-low-ind,2,low,ind,3,1,-3.4682657,0.02647601747856449
"(3,1)-Isolated Two-layer MoM",isomom,avg_ll,out of sample,with noise,2d-low-strong,2,low,strong,3,1,-3.3490723,0.02899076902387997
"(3,1)-Isolated Two-layer MoM",isomom,avg_ll,out of sample,with noise,2d-low-weak,2,low,weak,3,1,-3.4566718,0.02766987284744799
"(3,1)-Isolated Two-layer MoM",isomom,avg_ll,out of sample,with noise,3d-high-ind,3,high,ind,3,1,-5.6823957,0.03654065825304257
"(3,1)-Isolated Two-layer MoM",isomom,avg_ll,out of sample,with noise,3d-high-strong,3,high,strong,3,1,-5.746270399999999,0.03954897418940656
"(3,1)-Isolated Two-layer MoM",isomom,avg_ll,out of sample,with noise,3d-high-weak,3,high,weak,3,1,-5.7197135,0.03565571265873145
"(3,1)-Isolated Two-layer MoM",isomom,avg_ll,out of sample,with noise,3d-low-ind,3,low,ind,3,1,-5.1379868,0.03837776283950975
"(3,1)-Isolated Two-layer MoM",isomom,avg_ll,out of sample,with noise,3d-low-strong,3,low,strong,3,1,-5.0311603,0.04611329430902005
"(3,1)-Isolated Two-layer MoM",isomom,avg_ll,out of sample,with noise,3d-low-weak,3,low,weak,3,1,-5.127917099999999,0.0392353557135614
"(3,1)-Isolated Two-layer MoM",isomom,bic,in sample,no noise,2d-high-ind,2,high,ind,3,1,62305.9764183,228.1364794065268
"(3,1)-Isolated Two-layer MoM",isomom,bic,in sample,no noise,2d-high-strong,2,high,strong,3,1,62887.1099086,242.3323138008207
"(3,1)-Isolated Two-layer MoM",isomom,bic,in sample,no noise,2d-high-weak,2,high,weak,3,1,62765.6639716,224.303717353833
"(3,1)-Isolated Two-layer MoM",isomom,bic,in sample,no noise,2d-low-ind,2,low,ind,3,1,55131.8621197,239.4241263910081
"(3,1)-Isolated Two-layer MoM",isomom,bic,in sample,no noise,2d-low-strong,2,low,strong,3,1,53215.1670822,315.9024897142738
"(3,1)-Isolated Two-layer MoM",isomom,bic,in sample,no noise,2d-low-weak,2,low,weak,3,1,54960.7575691,235.5928591420108
"(3,1)-Isolated Two-layer MoM",isomom,bic,in sample,no noise,3d-high-ind,3,high,ind,3,1,90194.022205,258.3554199275452
"(3,1)-Isolated Two-layer MoM",isomom,bic,in sample,no noise,3d-high-strong,3,high,strong,3,1,91327.22696900001,307.8300080861434
"(3,1)-Isolated Two-layer MoM",isomom,bic,in sample,no noise,3d-high-weak,3,high,weak,3,1,90813.9332264,247.5568677567579
"(3,1)-Isolated Two-layer MoM",isomom,bic,in sample,no noise,3d-low-ind,3,low,ind,3,1,81689.11605910001,254.2300005274655
"(3,1)-Isolated Two-layer MoM",isomom,bic,in sample,no noise,3d-low-strong,3,low,strong,3,1,79880.592502,398.3802194119024
"(3,1)-Isolated Two-layer MoM",isomom,bic,in sample,no noise,3d-low-weak,3,low,weak,3,1,81518.2705657,259.7002922675438
"(3,1)-Isolated Two-layer MoM",isomom,bic,in sample,with noise,2d-high-ind,2,high,ind,3,1,62852.1947583,224.4796711145775
"(3,1)-Isolated Two-layer MoM",isomom,bic,in sample,with noise,2d-high-strong,2,high,strong,3,1,63414.05753119999,245.8425029923452
"(3,1)-Isolated Two-layer MoM",isomom,bic,in sample,with noise,2d-high-weak,2,high,weak,3,1,63299.8156031,226.9915064203272
"(3,1)-Isolated Two-layer MoM",isomom,bic,in sample,with noise,2d-low-ind,2,low,ind,3,1,55629.4214288,238.6321770343205
"(3,1)-Isolated Two-layer MoM",isomom,bic,in sample,with noise,2d-low-strong,2,low,strong,3,1,53802.4922985,315.6844370604733
"(3,1)-Isolated Two-layer MoM",isomom,bic,in sample,with noise,2d-low-weak,2,low,weak,3,1,55472.9324877,238.0760676940048
"(3,1)-Isolated Two-layer MoM",isomom,bic,in sample,with noise,3d-high-ind,3,high,ind,3,1,91212.3352073,264.306299122419
"(3,1)-Isolated Two-layer MoM",isomom,bic,in sample,with noise,3d-high-strong,3,high,strong,3,1,92278.73057490001,313.3872381070078
"(3,1)-Isolated Two-layer MoM",isomom,bic,in sample,with noise,3d-high-weak,3,high,weak,3,1,91804.24868480001,253.6109725917003
"(3,1)-Isolated Two-layer MoM",isomom,bic,in sample,with noise,3d-low-ind,3,low,ind,3,1,82533.5730558,261.6416722667636
"(3,1)-Isolated Two-layer MoM",isomom,bic,in sample,with noise,3d-low-strong,3,low,strong,3,1,80844.5176043,389.2221002216662
"(3,1)-Isolated Two-layer MoM",isomom,bic,in sample,with noise,3d-low-weak,3,low,weak,3,1,82371.4684343,263.9472305864945
"(3,1)-Isolated Two-layer MoM",isomom,bic,out of sample,no noise,2d-high-ind,2,high,ind,3,1,15723.6929987,96.6754016678269
"(3,1)-Isolated Two-layer MoM",isomom,bic,out of sample,no noise,2d-high-strong,2,high,strong,3,1,15849.1968778,98.69352548831081
"(3,1)-Isolated Two-layer MoM",isomom,bic,out of sample,no noise,2d-high-weak,2,high,weak,3,1,15826.0710016,105.9658204296639
"(3,1)-Isolated Two-layer MoM",isomom,bic,out of sample,no noise,2d-low-ind,2,low,ind,3,1,13921.6253902,104.9360813199036
"(3,1)-Isolated Two-layer MoM",isomom,bic,out of sample,no noise,2d-low-strong,2,low,strong,3,1,13426.0063165,114.5989525098961
"(3,1)-Isolated Two-layer MoM",isomom,bic,out of sample,no noise,2d-low-weak,2,low,weak,3,1,13873.8519741,110.901608469623
"(3,1)-Isolated Two-layer MoM",isomom,bic,out of sample,no noise,3d-high-ind,3,high,ind,3,1,22762.7163487,149.3671045857874
"(3,1)-Isolated Two-layer MoM",isomom,bic,out of sample,no noise,3d-high-strong,3,high,strong,3,1,23038.4039469,158.0519299239916
"(3,1)-Isolated Two-layer MoM",isomom,bic,out of sample,no noise,3d-high-weak,3,high,weak,3,1,22919.4790442,146.0584476919034
"(3,1)-Isolated Two-layer MoM",isomom,bic,out of sample,no noise,3d-low-ind,3,low,ind,3,1,20627.5140184,156.8412128167322
"(3,1)-Isolated Two-layer MoM",isomom,bic,out of sample,no noise,3d-low-strong,3,low,strong,3,1,20176.1943939,188.0606982241626
"(3,1)-Isolated Two-layer MoM",isomom,bic,out of sample,no noise,3d-low-weak,3,low,weak,3,1,20585.9323243,160.0286546139575
"(3,1)-Isolated Two-layer MoM",isomom,bic,out of sample,with noise,2d-high-ind,2,high,ind,3,1,15862.1389561,94.99798690242811
"(3,1)-Isolated Two-layer MoM",isomom,bic,out of sample,with noise,2d-high-strong,2,high,strong,3,1,15979.180917,100.3329364798919
"(3,1)-Isolated Two-layer MoM",isomom,bic,out of sample,with noise,2d-high-weak,2,high,weak,3,1,15959.2488516,106.5939561364905
"(3,1)-Isolated Two-layer MoM",isomom,bic,out of sample,with noise,2d-low-ind,2,low,ind,3,1,14047.8822044,105.9052133677354
"(3,1)-Isolated Two-layer MoM",isomom,bic,out of sample,with noise,2d-low-strong,2,low,strong,3,1,13571.1093815,115.9628674942449
"(3,1)-Isolated Two-layer MoM",isomom,bic,out of sample,with noise,2d-low-weak,2,low,weak,3,1,14001.5069321,110.6781552687957
"(3,1)-Isolated Two-layer MoM",isomom,bic,out of sample,with noise,3d-high-ind,3,high,ind,3,1,23018.4163814,146.163734686587
"(3,1)-Isolated Two-layer MoM",isomom,bic,out of sample,with noise,3d-high-strong,3,high,strong,3,1,23273.9158011,158.1962309500072
"(3,1)-Isolated Two-layer MoM",isomom,bic,out of sample,with noise,3d-high-weak,3,high,weak,3,1,23167.6871633,142.6231343974005
"(3,1)-Isolated Two-layer MoM",isomom,bic,out of sample,with noise,3d-low-ind,3,low,ind,3,1,20840.7813461,153.5111192606761
"(3,1)-Isolated Two-layer MoM",isomom,bic,out of sample,with noise,3d-low-strong,3,low,strong,3,1,20413.477123,184.4549510890502
"(3,1)-Isolated Two-layer MoM",isomom,bic,out of sample,with noise,3d-low-weak,3,low,weak,3,1,20800.5051428,156.942287304228
"(3,1)-Isolated Two-layer MoM",isomom,em_iters,training,no noise,2d-high-ind,2,high,ind,3,1,32.26,0.8946530279410227
"(3,1)-Isolated Two-layer MoM",isomom,em_iters,training,no noise,2d-high-strong,2,high,strong,3,1,32.26,0.9494283234737321
"(3,1)-Isolated Two-layer MoM",isomom,em_iters,training,no noise,2d-high-weak,2,high,weak,3,1,32.14,1.034944979750668
"(3,1)-Isolated Two-layer MoM",isomom,em_iters,training,no noise,2d-low-ind,2,low,ind,3,1,35.84,1.089156841902315
"(3,1)-Isolated Two-layer MoM",isomom,em_iters,training,no noise,2d-low-strong,2,low,strong,3,1,35.76,1.055241845993303
"(3,1)-Isolated Two-layer MoM",isomom,em_iters,training,no noise,2d-low-weak,2,low,weak,3,1,35.87,1.194727474101829
"(3,1)-Isolated Two-layer MoM",isomom,em_iters,training,no noise,3d-high-ind,3,high,ind,3,1,34.64,4.053979214888438
"(3,1)-Isolated Two-layer MoM",isomom,em_iters,training,no noise,3d-high-strong,3,high,strong,3,1,34.01,3.334832995985125
"(3,1)-Isolated Two-layer MoM",isomom,em_iters,training,no noise,3d-high-weak,3,high,weak,3,1,35.04,4.830291623879162
"(3,1)-Isolated Two-layer MoM",isomom,em_iters,training,no noise,3d-low-ind,3,low,ind,3,1,36.32,1.607306549303631
"(3,1)-Isolated Two-layer MoM",isomom,em_iters,training,no noise,3d-low-strong,3,low,strong,3,1,36.27,1.406011624016205
"(3,1)-Isolated Two-layer MoM",isomom,em_iters,training,no noise,3d-low-weak,3,low,weak,3,1,36.2,1.128152149635532
"(3,1)-Isolated Two-layer MoM",isomom,em_iters,training,with noise,2d-high-ind,2,high,ind,3,1,32.35,0.9252354327740622
"(3,1)-Isolated Two-layer MoM",isomom,em_iters,training,with noise,2d-high-strong,2,high,strong,3,1,32.23,0.9729160583347647
"(3,1)-Isolated Two-layer MoM",isomom,em_iters,training,with noise,2d-high-weak,2,high,weak,3,1,32.27,1.013594463961665
"(3,1)-Isolated Two-layer MoM",isomom,em_iters,training,with noise,2d-low-ind,2,low,ind,3,1,35.9,1.235011143776656
"(3,1)-Isolated Two-layer MoM",isomom,em_iters,training,with noise,2d-low-strong,2,low,strong,3,1,35.75,1.18385605185561
"(3,1)-Isolated Two-layer MoM",isomom,em_iters,training,with noise,2d-low-weak,2,low,weak,3,1,35.82,1.200841455821793
"(3,1)-Isolated Two-layer MoM",isomom,em_iters,training,with noise,3d-high-ind,3,high,ind,3,1,33.91,2.700897718324129
"(3,1)-Isolated Two-layer MoM",isomom,em_iters,training,with noise,3d-high-strong,3,high,strong,3,1,33.46,2.392834420860869
"(3,1)-Isolated Two-layer MoM",isomom,em_iters,training,with noise,3d-high-weak,3,high,weak,3,1,33.7,2.630435689993564
"(3,1)-Isolated Two-layer MoM",isomom,em_iters,training,with noise,3d-low-ind,3,low,ind,3,1,36.17,1.421728923287815
"(3,1)-Isolated Two-layer MoM",isomom,em_iters,training,with noise,3d-low-strong,3,low,strong,3,1,36.18,1.200841455821793
"(3,1)-Isolated Two-layer MoM",isomom,em_iters,training,with noise,3d-low-weak,3,low,weak,3,1,36.06,1.204536878185591
"(3,1)-Isolated Two-layer MoM",isomom,gmpd,in sample,no noise,2d-high-ind,2,high,ind,3,1,0.0206278,0.0002939167064034136
"(3,1)-Isolated Two-layer MoM",isomom,gmpd,in sample,no noise,2d-high-strong,2,high,strong,3,1,0.0198922,0.0003012015667927119
"(3,1)-Isolated Two-layer MoM",isomom,gmpd,in sample,no noise,2d-high-weak,2,high,weak,3,1,0.0200443,0.0002805631242103402
"(3,1)-Isolated Two-layer MoM",isomom,gmpd,in sample,no noise,2d-low-ind,2,low,ind,3,1,0.0322994,0.0004827589481513548
"(3,1)-Isolated Two-layer MoM",isomom,gmpd,in sample,no noise,2d-low-strong,2,low,strong,3,1,0.0364124,0.0007197784732159267
"(3,1)-Isolated Two-layer MoM",isomom,gmpd,in sample,no noise,2d-low-weak,2,low,weak,3,1,0.0326465,0.0004801796275847982
"(3,1)-Isolated Two-layer MoM",isomom,gmpd,in sample,no noise,3d-high-ind,3,high,ind,3,1,0.0036401,5.917778384672838e-05
"(3,1)-Isolated Two-layer MoM",isomom,gmpd,in sample,no noise,3d-high-strong,3,high,strong,3,1,0.003391,6.489307444643921e-05
"(3,1)-Isolated Two-layer MoM",isomom,gmpd,in sample,no noise,3d-high-weak,3,high,weak,3,1,0.0035022,5.41151036628818e-05
"(3,1)-Isolated Two-layer MoM",isomom,gmpd,in sample,no noise,3d-low-ind,3,low,ind,3,1,0.0061944,9.848673191672241e-05
"(3,1)-Isolated Two-layer MoM",isomom,gmpd,in sample,no noise,3d-low-strong,3,low,strong,3,1,0.006937100000000001,0.0001723708417067895
"(3,1)-Isolated Two-layer MoM",isomom,gmpd,in sample,no noise,3d-low-weak,3,low,weak,3,1,0.0062613,0.0001017488986861202
"(3,1)-Isolated Two-layer MoM",isomom,gmpd,in sample,with noise,2d-high-ind,2,high,ind,3,1,0.0199356,0.0002791557257014787
"(3,1)-Isolated Two-layer MoM",isomom,gmpd,in sample,with noise,2d-high-strong,2,high,strong,3,1,0.0192474,0.0002959614361993328
"(3,1)-Isolated Two-layer MoM",isomom,gmpd,in sample,with noise,2d-high-weak,2,high,weak,3,1,0.0193858,0.0002747898370490701
"(3,1)-Isolated Two-layer MoM",isomom,gmpd,in sample,with noise,2d-low-ind,2,low,ind,3,1,0.0313106,0.0004658994125626925
"(3,1)-Isolated Two-layer MoM",isomom,gmpd,in sample,with noise,2d-low-strong,2,low,strong,3,1,0.0351001,0.0006924987619870063
"(3,1)-Isolated Two-layer MoM",isomom,gmpd,in sample,with noise,2d-low-weak,2,low,weak,3,1,0.0316175,0.0004700169242600823
"(3,1)-Isolated Two-layer MoM",isomom,gmpd,in sample,with noise,3d-high-ind,3,high,ind,3,1,0.0034162,5.668947847437799e-05
"(3,1)-Isolated Two-layer MoM",isomom,gmpd,in sample,with noise,3d-high-strong,3,high,strong,3,1,0.0031954,6.244868600569895e-05
"(3,1)-Isolated Two-layer MoM",isomom,gmpd,in sample,with noise,3d-high-weak,3,high,weak,3,1,0.0032919,5.22367377204662e-05
"(3,1)-Isolated Two-layer MoM",isomom,gmpd,in sample,with noise,3d-low-ind,3,low,ind,3,1,0.005876200000000001,9.592484431874645e-05
"(3,1)-Isolated Two-layer MoM",isomom,gmpd,in sample,with noise,3d-low-strong,3,low,strong,3,1,0.0065311,0.0001588271088481135
"(3,1)-Isolated Two-layer MoM",isomom,gmpd,in sample,with noise,3d-low-weak,3,low,weak,3,1,0.005936,9.804142600003935e-05
"(3,1)-Isolated Two-layer MoM",isomom,gmpd,out of sample,no noise,2d-high-ind,2,high,ind,3,1,0.0205084,0.000497321553195442
"(3,1)-Isolated Two-layer MoM",isomom,gmpd,out of sample,no noise,2d-high-strong,2,high,strong,3,1,0.019875,0.0004908053575399303
"(3,1)-Isolated Two-layer MoM",isomom,gmpd,out of sample,no noise,2d-high-weak,2,high,weak,3,1,0.0199911,0.0005319677498389227
"(3,1)-Isolated Two-layer MoM",isomom,gmpd,out of sample,no noise,2d-low-ind,2,low,ind,3,1,0.0321818,0.000848182108328682
"(3,1)-Isolated Two-layer MoM",isomom,gmpd,out of sample,no noise,2d-low-strong,2,low,strong,3,1,0.03642860000000001,0.001040639876967703
"(3,1)-Isolated Two-layer MoM",isomom,gmpd,out of sample,no noise,2d-low-weak,2,low,weak,3,1,0.0325696,0.0009083617398949891
"(3,1)-Isolated Two-layer MoM",isomom,gmpd,out of sample,no noise,3d-high-ind,3,high,ind,3,1,0.0036329,0.0001358868736274495
"(3,1)-Isolated Two-layer MoM",isomom,gmpd,out of sample,no noise,3d-high-strong,3,high,strong,3,1,0.0033912,0.0001347521480872992
"(3,1)-Isolated Two-layer MoM",isomom,gmpd,out of sample,no noise,3d-high-weak,3,high,weak,3,1,0.003493,0.000128121627819629
"(3,1)-Isolated Two-layer MoM",isomom,gmpd,out of sample,no noise,3d-low-ind,3,low,ind,3,1,0.0061953,0.0002433912550407328
"(3,1)-Isolated Two-layer MoM",isomom,gmpd,out of sample,no noise,3d-low-strong,3,low,strong,3,1,0.0069379,0.0003251302613856283
"(3,1)-Isolated Two-layer MoM",isomom,gmpd,out of sample,no noise,3d-low-weak,3,low,weak,3,1,0.0062606,0.0002513632326882251
"(3,1)-Isolated Two-layer MoM",isomom,gmpd,out of sample,with noise,2d-high-ind,2,high,ind,3,1,0.0198105,0.0004727618722769292
"(3,1)-Isolated Two-layer MoM",isomom,gmpd,out of sample,with noise,2d-high-strong,2,high,strong,3,1,0.0192402,0.0004829935691898887
"(3,1)-Isolated Two-layer MoM",isomom,gmpd,out of sample,with noise,2d-high-weak,2,high,weak,3,1,0.0193366,0.0005173675012146892
"(3,1)-Isolated Two-layer MoM",isomom,gmpd,out of sample,with noise,2d-low-ind,2,low,ind,3,1,0.031182,0.0008299762683719368
"(3,1)-Isolated Two-layer MoM",isomom,gmpd,out of sample,with noise,2d-low-strong,2,low,strong,3,1,0.0351312,0.001014315990849463
"(3,1)-Isolated Two-layer MoM",isomom,gmpd,out of sample,with noise,2d-low-weak,2,low,weak,3,1,0.0315463,0.0008761908548606371
"(3,1)-Isolated Two-layer MoM",isomom,gmpd,out of sample,with noise,3d-high-ind,3,high,ind,3,1,0.0034077,0.0001247045397017376
"(3,1)-Isolated Two-layer MoM",isomom,gmpd,out of sample,with noise,3d-high-strong,3,high,strong,3,1,0.0031966,0.0001278668815367739
"(3,1)-Isolated Two-layer MoM",isomom,gmpd,out of sample,with noise,3d-high-weak,3,high,weak,3,1,0.0032828,0.0001177060196876399
"(3,1)-Isolated Two-layer MoM",isomom,gmpd,out of sample,with noise,3d-low-ind,3,low,ind,3,1,0.0058738,0.0002264026091151368
"(3,1)-Isolated Two-layer MoM",isomom,gmpd,out of sample,with noise,3d-low-strong,3,low,strong,3,1,0.0065377,0.0003027912405495499
"(3,1)-Isolated Two-layer MoM",isomom,gmpd,out of sample,with noise,3d-low-weak,3,low,weak,3,1,0.0059333,0.0002337401432049158
"(3,1)-Isolated Two-layer MoM",isomom,training_time,training,no noise,2d-high-ind,2,high,ind,3,1,377.479,63.81050602994761
"(3,1)-Isolated Two-layer MoM",isomom,training_time,training,no noise,2d-high-strong,2,high,strong,3,1,363.7541000000001,69.05677814865625
"(3,1)-Isolated Two-layer MoM",isomom,training_time,training,no noise,2d-high-weak,2,high,weak,3,1,395.3926,64.67759935107503
"(3,1)-Isolated Two-layer MoM",isomom,training_time,training,no noise,2d-low-ind,2,low,ind,3,1,383.4373000000001,71.76896896833462
"(3,1)-Isolated Two-layer MoM",isomom,training_time,training,no noise,2d-low-strong,2,low,strong,3,1,388.0629,69.85488700856797
"(3,1)-Isolated Two-layer MoM",isomom,training_time,training,no noise,2d-low-weak,2,low,weak,3,1,381.3456,62.57371717785788
"(3,1)-Isolated Two-layer MoM",isomom,training_time,training,no noise,3d-high-ind,3,high,ind,3,1,398.2221,67.68674597285602
"(3,1)-Isolated Two-layer MoM",isomom,training_time,training,no noise,3d-high-strong,3,high,strong,3,1,397.3599,67.98712227282012
"(3,1)-Isolated Two-layer MoM",isomom,training_time,training,no noise,3d-high-weak,3,high,weak,3,1,405.4873,63.39550568550751
"(3,1)-Isolated Two-layer MoM",isomom,training_time,training,no noise,3d-low-ind,3,low,ind,3,1,404.2379,59.75805160736996
"(3,1)-Isolated Two-layer MoM",isomom,training_time,training,no noise,3d-low-strong,3,low,strong,3,1,410.5999,71.21962173581042
"(3,1)-Isolated Two-layer MoM",isomom,training_time,training,no noise,3d-low-weak,3,low,weak,3,1,403.7212,63.83109837498942
"(3,1)-Isolated Two-layer MoM",isomom,training_time,training,with noise,2d-high-ind,2,high,ind,3,1,382.9009,58.0585795101583
"(3,1)-Isolated Two-layer MoM",isomom,training_time,training,with noise,2d-high-strong,2,high,strong,3,1,376.3478,62.23612722916526
"(3,1)-Isolated Two-layer MoM",isomom,training_time,training,with noise,2d-high-weak,2,high,weak,3,1,399.7349,66.012025572557
"(3,1)-Isolated Two-layer MoM",isomom,training_time,training,with noise,2d-low-ind,2,low,ind,3,1,378.9729,69.46225871978643
"(3,1)-Isolated Two-layer MoM",isomom,training_time,training,with noise,2d-low-strong,2,low,strong,3,1,375.0995,62.10340157854691
"(3,1)-Isolated Two-layer MoM",isomom,training_time,training,with noise,2d-low-weak,2,low,weak,3,1,386.8090999999999,65.94912021215731
"(3,1)-Isolated Two-layer MoM",isomom,training_time,training,with noise,3d-high-ind,3,high,ind,3,1,389.9807,69.13803810961419
"(3,1)-Isolated Two-layer MoM",isomom,training_time,training,with noise,3d-high-strong,3,high,strong,3,1,406.3356,60.21482740181445
"(3,1)-Isolated Two-layer MoM",isomom,training_time,training,with noise,3d-high-weak,3,high,weak,3,1,384.1253,65.86822624909539
"(3,1)-Isolated Two-layer MoM",isomom,training_time,training,with noise,3d-low-ind,3,low,ind,3,1,405.6777,58.66558504262905
"(3,1)-Isolated Two-layer MoM",isomom,training_time,training,with noise,3d-low-strong,3,low,strong,3,1,407.3449,63.72658339580925
"(3,1)-Isolated Two-layer MoM",isomom,training_time,training,with noise,3d-low-weak,3,low,weak,3,1,408.3057,71.51982279788176
"(3,1)-Two-layer MoM",mom,aic,in sample,no noise,2d-high-ind,2,high,ind,3,1,61907.4481264,226.1628685261918
"(3,1)-Two-layer MoM",mom,aic,in sample,no noise,2d-high-strong,2,high,strong,3,1,62081.4924899,232.7365819301748
"(3,1)-Two-layer MoM",mom,aic,in sample,no noise,2d-high-weak,2,high,weak,3,1,62475.875871,224.9404623035443
"(3,1)-Two-layer MoM",mom,aic,in sample,no noise,2d-low-ind,2,low,ind,3,1,54957.0703647,239.4801797317986
"(3,1)-Two-layer MoM",mom,aic,in sample,no noise,2d-low-strong,2,low,strong,3,1,49483.463904,281.6020948524789
"(3,1)-Two-layer MoM",mom,aic,in sample,no noise,2d-low-weak,2,low,weak,3,1,54492.4645503,233.2495149071719
"(3,1)-Two-layer MoM",mom,aic,in sample,no noise,3d-high-ind,3,high,ind,3,1,89548.4364697,247.0971463848551
"(3,1)-Two-layer MoM",mom,aic,in sample,no noise,3d-high-strong,3,high,strong,3,1,88762.9352367,349.8012430515437
"(3,1)-Two-layer MoM",mom,aic,in sample,no noise,3d-high-weak,3,high,weak,3,1,90195.1503817,260.134248156342
"(3,1)-Two-layer MoM",mom,aic,in sample,no noise,3d-low-ind,3,low,ind,3,1,81348.6029829,266.3665733341199
"(3,1)-Two-layer MoM",mom,aic,in sample,no noise,3d-low-strong,3,low,strong,3,1,76250.3314079,332.0090118438209
"(3,1)-Two-layer MoM",mom,aic,in sample,no noise,3d-low-weak,3,low,weak,3,1,80755.41459320001,269.8353477669416
"(3,1)-Two-layer MoM",mom,aic,in sample,with noise,2d-high-ind,2,high,ind,3,1,62460.20912840001,227.1174942938698
"(3,1)-Two-layer MoM",mom,aic,in sample,with noise,2d-high-strong,2,high,strong,3,1,62649.674648,236.1680291716148
"(3,1)-Two-layer MoM",mom,aic,in sample,with noise,2d-high-weak,2,high,weak,3,1,63015.419917,225.3740039434088
"(3,1)-Two-layer MoM",mom,aic,in sample,with noise,2d-low-ind,2,low,ind,3,1,55455.3051219,238.8161111727777
"(3,1)-Two-layer MoM",mom,aic,in sample,with noise,2d-low-strong,2,low,strong,3,1,50287.1934827,310.6694490232702
"(3,1)-Two-layer MoM",mom,aic,in sample,with noise,2d-low-weak,2,low,weak,3,1,55022.725157,237.3148292068198
"(3,1)-Two-layer MoM",mom,aic,in sample,with noise,3d-high-ind,3,high,ind,3,1,90560.3424827,251.4666968635746
"(3,1)-Two-layer MoM",mom,aic,in sample,with noise,3d-high-strong,3,high,strong,3,1,89897.25243380001,427.1886926995667
"(3,1)-Two-layer MoM",mom,aic,in sample,with noise,3d-high-weak,3,high,weak,3,1,91186.5095743,263.7543030110685
"(3,1)-Two-layer MoM",mom,aic,in sample,with noise,3d-low-ind,3,low,ind,3,1,82203.1459023,272.4600486744669
"(3,1)-Two-layer MoM",mom,aic,in sample,with noise,3d-low-strong,3,low,strong,3,1,77368.5536832,348.7013628633767
"(3,1)-Two-layer MoM",mom,aic,in sample,with noise,3d-low-weak,3,low,weak,3,1,81632.7538793,268.3998307476676
"(3,1)-Two-layer MoM",mom,aic,out of sample,no noise,2d-high-ind,2,high,ind,3,1,15538.2112001,96.25038315908252
"(3,1)-Two-layer MoM",mom,aic,out of sample,no noise,2d-high-strong,2,high,strong,3,1,15566.6119753,96.03570672022978
"(3,1)-Two-layer MoM",mom,aic,out of sample,no noise,2d-high-weak,2,high,weak,3,1,15664.9186927,105.6954027218624
"(3,1)-Two-layer MoM",mom,aic,out of sample,no noise,2d-low-ind,2,low,ind,3,1,13791.3037475,104.6971685706712
"(3,1)-Two-layer MoM",mom,aic,out of sample,no noise,2d-low-strong,2,low,strong,3,1,12400.4175843,113.5924053281187
"(3,1)-Two-layer MoM",mom,aic,out of sample,no noise,2d-low-weak,2,low,weak,3,1,13671.0069385,110.834382452196
"(3,1)-Two-layer MoM",mom,aic,out of sample,no noise,3d-high-ind,3,high,ind,3,1,22456.4881355,148.7733745116138
"(3,1)-Two-layer MoM",mom,aic,out of sample,no noise,3d-high-strong,3,high,strong,3,1,22255.1649544,151.5464059763805
"(3,1)-Two-layer MoM",mom,aic,out of sample,no noise,3d-high-weak,3,high,weak,3,1,22623.8269499,152.0764312294699
"(3,1)-Two-layer MoM",mom,aic,out of sample,no noise,3d-low-ind,3,low,ind,3,1,20402.12126,157.1907866932784
"(3,1)-Two-layer MoM",mom,aic,out of sample,no noise,3d-low-strong,3,low,strong,3,1,19128.8939919,178.7057381300087
"(3,1)-Two-layer MoM",mom,aic,out of sample,no noise,3d-low-weak,3,low,weak,3,1,20257.7479951,160.5964489865985
"(3,1)-Two-layer MoM",mom,aic,out of sample,with noise,2d-high-ind,2,high,ind,3,1,15678.6843384,93.36196771794573
"(3,1)-Two-layer MoM",mom,aic,out of sample,with noise,2d-high-strong,2,high,strong,3,1,15706.1329898,97.48109155270636
"(3,1)-Two-layer MoM",mom,aic,out of sample,with noise,2d-high-weak,2,high,weak,3,1,15799.0164082,106.1282968101956
"(3,1)-Two-layer MoM",mom,aic,out of sample,with noise,2d-low-ind,2,low,ind,3,1,13917.4356447,105.6938671875206
"(3,1)-Two-layer MoM",mom,aic,out of sample,with noise,2d-low-strong,2,low,strong,3,1,12599.4880966,113.747902240681
"(3,1)-Two-layer MoM",mom,aic,out of sample,with noise,2d-low-weak,2,low,weak,3,1,13802.576418,111.2624228268909
"(3,1)-Two-layer MoM",mom,aic,out of sample,with noise,3d-high-ind,3,high,ind,3,1,22711.0102192,145.6257900032157
"(3,1)-Two-layer MoM",mom,aic,out of sample,with noise,3d-high-strong,3,high,strong,3,1,22538.5502204,170.1255639465859
"(3,1)-Two-layer MoM",mom,aic,out of sample,with noise,3d-high-weak,3,high,weak,3,1,22872.8487175,146.724372565649
"(3,1)-Two-layer MoM",mom,aic,out of sample,with noise,3d-low-ind,3,low,ind,3,1,20617.2623253,154.3763421386202
"(3,1)-Two-layer MoM",mom,aic,out of sample,with noise,3d-low-strong,3,low,strong,3,1,19406.2643214,175.9850680239967
"(3,1)-Two-layer MoM",mom,aic,out of sample,with noise,3d-low-weak,3,low,weak,3,1,20474.9532496,159.7624736575146
"(3,1)-Two-layer MoM",mom,ari,in sample,no noise,2d-high-ind,2,high,ind,3,1,0.331582,0.02559031808708091
"(3,1)-Two-layer MoM",mom,ari,in sample,no noise,2d-high-strong,2,high,strong,3,1,0.0719409,0.03209350993565364
"(3,1)-Two-layer MoM",mom,ari,in sample,no noise,2d-high-weak,2,high,weak,3,1,0.3009026,0.01907967979423409
"(3,1)-Two-layer MoM",mom,ari,in sample,no noise,2d-low-ind,2,low,ind,3,1,0.0154196,0.00293689278529592
"(3,1)-Two-layer MoM",mom,ari,in sample,no noise,2d-low-strong,2,low,strong,3,1,0.0007238,0.0005440602684975036
"(3,1)-Two-layer MoM",mom,ari,in sample,no noise,2d-low-weak,2,low,weak,3,1,0.0016472,0.00116138377930307
"(3,1)-Two-layer MoM",mom,ari,in sample,no noise,3d-high-ind,3,high,ind,3,1,0.4308282,0.02094223027398192
"(3,1)-Two-layer MoM",mom,ari,in sample,no noise,3d-high-strong,3,high,strong,3,1,0.0275222,0.03319825636105218
"(3,1)-Two-layer MoM",mom,ari,in sample,no noise,3d-high-weak,3,high,weak,3,1,0.3459812,0.02563580242984842
"(3,1)-Two-layer MoM",mom,ari,in sample,no noise,3d-low-ind,3,low,ind,3,1,0.0223777,0.007420637051663773
"(3,1)-Two-layer MoM",mom,ari,in sample,no noise,3d-low-strong,3,low,strong,3,1,0.0006958,0.0004900240769182631
"(3,1)-Two-layer MoM",mom,ari,in sample,no noise,3d-low-weak,3,low,weak,3,1,0.0014553,0.0009919305276667168
"(3,1)-Two-layer MoM",mom,ari,in sample,with noise,2d-high-ind,2,high,ind,3,1,0.3190352,0.02411829045150237
"(3,1)-Two-layer MoM",mom,ari,in sample,with noise,2d-high-strong,2,high,strong,3,1,0.0709373,0.03633419317456305
"(3,1)-Two-layer MoM",mom,ari,in sample,with noise,2d-high-weak,2,high,weak,3,1,0.296055,0.0169811865297922
"(3,1)-Two-layer MoM",mom,ari,in sample,with noise,2d-low-ind,2,low,ind,3,1,0.0151389,0.002802113522311185
"(3,1)-Two-layer MoM",mom,ari,in sample,with noise,2d-low-strong,2,low,strong,3,1,0.0007108,0.0006025529525328547
"(3,1)-Two-layer MoM",mom,ari,in sample,with noise,2d-low-weak,2,low,weak,3,1,0.0016512,0.001080125581924284
"(3,1)-Two-layer MoM",mom,ari,in sample,with noise,3d-high-ind,3,high,ind,3,1,0.418073,0.01975308596271744
"(3,1)-Two-layer MoM",mom,ari,in sample,with noise,3d-high-strong,3,high,strong,3,1,0.0385789,0.05647433880287774
"(3,1)-Two-layer MoM",mom,ari,in sample,with noise,3d-high-weak,3,high,weak,3,1,0.3384323,0.02235090271627353
"(3,1)-Two-layer MoM",mom,ari,in sample,with noise,3d-low-ind,3,low,ind,3,1,0.0213271,0.006903083382947012
"(3,1)-Two-layer MoM",mom,ari,in sample,with noise,3d-low-strong,3,low,strong,3,1,0.0006071,0.0004421602045239332
"(3,1)-Two-layer MoM",mom,ari,in sample,with noise,3d-low-weak,3,low,weak,3,1,0.0014578,0.001018885883916567
"(3,1)-Two-layer MoM",mom,ari,out of sample,no noise,2d-high-ind,2,high,ind,3,1,0.3344762999999999,0.02996835363354234
"(3,1)-Two-layer MoM",mom,ari,out of sample,no noise,2d-high-strong,2,high,strong,3,1,0.0713039,0.03119722863549507
"(3,1)-Two-layer MoM",mom,ari,out of sample,no noise,2d-high-weak,2,high,weak,3,1,0.3023519,0.02340382989874291
"(3,1)-Two-layer MoM",mom,ari,out of sample,no noise,2d-low-ind,2,low,ind,3,1,0.0157865,0.00442026197290284
"(3,1)-Two-layer MoM",mom,ari,out of sample,no noise,2d-low-strong,2,low,strong,3,1,0.0006947,0.001430451969967478
"(3,1)-Two-layer MoM",mom,ari,out of sample,no noise,2d-low-weak,2,low,weak,3,1,0.0015061,0.001554164750181611
"(3,1)-Two-layer MoM",mom,ari,out of sample,no noise,3d-high-ind,3,high,ind,3,1,0.4329147,0.02238614788392162
"(3,1)-Two-layer MoM",mom,ari,out of sample,no noise,3d-high-strong,3,high,strong,3,1,0.0266145,0.03314710552669689
"(3,1)-Two-layer MoM",mom,ari,out of sample,no noise,3d-high-weak,3,high,weak,3,1,0.3476056,0.02843977000290583
"(3,1)-Two-layer MoM",mom,ari,out of sample,no noise,3d-low-ind,3,low,ind,3,1,0.0220969,0.007946994310791822
"(3,1)-Two-layer MoM",mom,ari,out of sample,no noise,3d-low-strong,3,low,strong,3,1,0.0006922,0.0009904091390058266
"(3,1)-Two-layer MoM",mom,ari,out of sample,no noise,3d-low-weak,3,low,weak,3,1,0.0011204,0.001598449956247071
"(3,1)-Two-layer MoM",mom,ari,out of sample,with noise,2d-high-ind,2,high,ind,3,1,0.3216753,0.02764665773194789
"(3,1)-Two-layer MoM",mom,ari,out of sample,with noise,2d-high-strong,2,high,strong,3,1,0.0699449,0.03606695147747849
"(3,1)-Two-layer MoM",mom,ari,out of sample,with noise,2d-high-weak,2,high,weak,3,1,0.2976559,0.0201392282708011
"(3,1)-Two-layer MoM",mom,ari,out of sample,with noise,2d-low-ind,2,low,ind,3,1,0.0155143,0.003732663158192184
"(3,1)-Two-layer MoM",mom,ari,out of sample,with noise,2d-low-strong,2,low,strong,3,1,0.0007348000000000001,0.001295637965395325
"(3,1)-Two-layer MoM",mom,ari,out of sample,with noise,2d-low-weak,2,low,weak,3,1,0.0015367,0.001524249147825402
"(3,1)-Two-layer MoM",mom,ari,out of sample,with noise,3d-high-ind,3,high,ind,3,1,0.4210541,0.02251254591165208
"(3,1)-Two-layer MoM",mom,ari,out of sample,with noise,3d-high-strong,3,high,strong,3,1,0.0377859,0.05573129786581396
"(3,1)-Two-layer MoM",mom,ari,out of sample,with noise,3d-high-weak,3,high,weak,3,1,0.3402016,0.02617366865281738
"(3,1)-Two-layer MoM",mom,ari,out of sample,with noise,3d-low-ind,3,low,ind,3,1,0.0214603,0.00822529241198307
"(3,1)-Two-layer MoM",mom,ari,out of sample,with noise,3d-low-strong,3,low,strong,3,1,0.0005323,0.0008418904353005235
"(3,1)-Two-layer MoM",mom,ari,out of sample,with noise,3d-low-weak,3,low,weak,3,1,0.0013542,0.00156709676881432
"(3,1)-Two-layer MoM",mom,avg_ll,in sample,no noise,2d-high-ind,2,high,ind,3,1,-3.8663405,0.01413532535811604
"(3,1)-Two-layer MoM",mom,avg_ll,in sample,no noise,2d-high-strong,2,high,strong,3,1,-3.8772186,0.01454570720247729
"(3,1)-Two-layer MoM",mom,avg_ll,in sample,no noise,2d-high-weak,2,high,weak,3,1,-3.9018673,0.01405872121251839
"(3,1)-Two-layer MoM",mom,avg_ll,in sample,no noise,2d-low-ind,2,low,ind,3,1,-3.4319421,0.0149676988437358
"(3,1)-Two-layer MoM",mom,avg_ll,in sample,no noise,2d-low-strong,2,low,strong,3,1,-3.0898416,0.01759981868134333
"(3,1)-Two-layer MoM",mom,avg_ll,in sample,no noise,2d-low-weak,2,low,weak,3,1,-3.4029042,0.0145780181953876
"(3,1)-Two-layer MoM",mom,avg_ll,in sample,no noise,3d-high-ind,3,high,ind,3,1,-5.592027399999999,0.01544345911819476
"(3,1)-Two-layer MoM",mom,avg_ll,in sample,no noise,3d-high-strong,3,high,strong,3,1,-5.5429333,0.02186247775171986
"(3,1)-Two-layer MoM",mom,avg_ll,in sample,no noise,3d-high-weak,3,high,weak,3,1,-5.6324471,0.01625803747117544
"(3,1)-Two-layer MoM",mom,avg_ll,in sample,no noise,3d-low-ind,3,low,ind,3,1,-5.0795375,0.01664815459030285
"(3,1)-Two-layer MoM",mom,avg_ll,in sample,no noise,3d-low-strong,3,low,strong,3,1,-4.7608956,0.02075056189186895
"(3,1)-Two-layer MoM",mom,avg_ll,in sample,no noise,3d-low-weak,3,low,weak,3,1,-5.0424639,0.01686469091883633
"(3,1)-Two-layer MoM",mom,avg_ll,in sample,with noise,2d-high-ind,2,high,ind,3,1,-3.9008884,0.01419532991351508
"(3,1)-Two-layer MoM",mom,avg_ll,in sample,with noise,2d-high-strong,2,high,strong,3,1,-3.9127295,0.0147602795801037
"(3,1)-Two-layer MoM",mom,avg_ll,in sample,with noise,2d-high-weak,2,high,weak,3,1,-3.9355884,0.01408591256424936
"(3,1)-Two-layer MoM",mom,avg_ll,in sample,with noise,2d-low-ind,2,low,ind,3,1,-3.4630819,0.01492574710547404
"(3,1)-Two-layer MoM",mom,avg_ll,in sample,with noise,2d-low-strong,2,low,strong,3,1,-3.1400749,0.01941702145572597
"(3,1)-Two-layer MoM",mom,avg_ll,in sample,with noise,2d-low-weak,2,low,weak,3,1,-3.4360455,0.0148324853945587
"(3,1)-Two-layer MoM",mom,avg_ll,in sample,with noise,3d-high-ind,3,high,ind,3,1,-5.6552716,0.01571632926274312
"(3,1)-Two-layer MoM",mom,avg_ll,in sample,with noise,3d-high-strong,3,high,strong,3,1,-5.613828,0.02669934403158949
"(3,1)-Two-layer MoM",mom,avg_ll,in sample,with noise,3d-high-weak,3,high,weak,3,1,-5.694406900000001,0.01648452710050472
"(3,1)-Two-layer MoM",mom,avg_ll,in sample,with noise,3d-low-ind,3,low,ind,3,1,-5.1329468,0.01702882083855228
"(3,1)-Two-layer MoM",mom,avg_ll,in sample,with noise,3d-low-strong,3,low,strong,3,1,-4.8307849,0.02179412252781873
"(3,1)-Two-layer MoM",mom,avg_ll,in sample,with noise,3d-low-weak,3,low,weak,3,1,-5.0972971,0.01677437700268723
"(3,1)-Two-layer MoM",mom,avg_ll,out of sample,no noise,2d-high-ind,2,high,ind,3,1,-3.873053,0.02406309204964939
"(3,1)-Two-layer MoM",mom,avg_ll,out of sample,no noise,2d-high-strong,2,high,strong,3,1,-3.8801528,0.02400868328103167
"(3,1)-Two-layer MoM",mom,avg_ll,out of sample,no noise,2d-high-weak,2,high,weak,3,1,-3.9047298,0.02642371979181516
"(3,1)-Two-layer MoM",mom,avg_ll,out of sample,no noise,2d-low-ind,2,low,ind,3,1,-3.4363255,0.02617375801902326
"(3,1)-Two-layer MoM",mom,avg_ll,out of sample,no noise,2d-low-strong,2,low,strong,3,1,-3.0886045,0.02839805916597011
"(3,1)-Two-layer MoM",mom,avg_ll,out of sample,no noise,2d-low-weak,2,low,weak,3,1,-3.406252,0.02770870803574397
"(3,1)-Two-layer MoM",mom,avg_ll,out of sample,no noise,3d-high-ind,3,high,ind,3,1,-5.595122,0.0371936179765
"(3,1)-Two-layer MoM",mom,avg_ll,out of sample,no noise,3d-high-strong,3,high,strong,3,1,-5.5447912,0.03788681008403086
"(3,1)-Two-layer MoM",mom,avg_ll,out of sample,no noise,3d-high-weak,3,high,weak,3,1,-5.6369566,0.03801914406711388
"(3,1)-Two-layer MoM",mom,avg_ll,out of sample,no noise,3d-low-ind,3,low,ind,3,1,-5.08153,0.03929787932181485
"(3,1)-Two-layer MoM",mom,avg_ll,out of sample,no noise,3d-low-strong,3,low,strong,3,1,-4.7632237,0.0446767094918616
"(3,1)-Two-layer MoM",mom,avg_ll,out of sample,no noise,3d-low-weak,3,low,weak,3,1,-5.0454369,0.04014948654828487
"(3,1)-Two-layer MoM",mom,avg_ll,out of sample,with noise,2d-high-ind,2,high,ind,3,1,-3.9081715,0.0233410898958307
"(3,1)-Two-layer MoM",mom,avg_ll,out of sample,with noise,2d-high-strong,2,high,strong,3,1,-3.9150334,0.02436982063988577
"(3,1)-Two-layer MoM",mom,avg_ll,out of sample,with noise,2d-high-weak,2,high,weak,3,1,-3.9382542,0.02653275483532596
"(3,1)-Two-layer MoM",mom,avg_ll,out of sample,with noise,2d-low-ind,2,low,ind,3,1,-3.4678589,0.02642373504115677
"(3,1)-Two-layer MoM",mom,avg_ll,out of sample,with noise,2d-low-strong,2,low,strong,3,1,-3.1383719,0.02843691610149798
"(3,1)-Two-layer MoM",mom,avg_ll,out of sample,with noise,2d-low-weak,2,low,weak,3,1,-3.4391443,0.02781571844181529
"(3,1)-Two-layer MoM",mom,avg_ll,out of sample,with noise,3d-high-ind,3,high,ind,3,1,-5.658752799999999,0.03640589390844186
"(3,1)-Two-layer MoM",mom,avg_ll,out of sample,with noise,3d-high-strong,3,high,strong,3,1,-5.615637299999999,0.04253137553333514
"(3,1)-Two-layer MoM",mom,avg_ll,out of sample,with noise,3d-high-weak,3,high,weak,3,1,-5.6992121,0.03668090550789043
"(3,1)-Two-layer MoM",mom,avg_ll,out of sample,with noise,3d-low-ind,3,low,ind,3,1,-5.135315500000001,0.03859424734374673
"(3,1)-Two-layer MoM",mom,avg_ll,out of sample,with noise,3d-low-strong,3,low,strong,3,1,-4.8325665,0.04399614924322731
"(3,1)-Two-layer MoM",mom,avg_ll,out of sample,with noise,3d-low-weak,3,low,weak,3,1,-5.0997379,0.03994060449548356
"(3,1)-Two-layer MoM",mom,bic,in sample,no noise,2d-high-ind,2,high,ind,3,1,62068.15365260001,226.162868855615
"(3,1)-Two-layer MoM",mom,bic,in sample,no noise,2d-high-strong,2,high,strong,3,1,62242.1980173,232.7365816712929
"(3,1)-Two-layer MoM",mom,bic,in sample,no noise,2d-high-weak,2,high,weak,3,1,62636.5813981,224.9404624452942
"(3,1)-Two-layer MoM",mom,bic,in sample,no noise,2d-low-ind,2,low,ind,3,1,55117.7758914,239.4801802511907
"(3,1)-Two-layer MoM",mom,bic,in sample,no noise,2d-low-strong,2,low,strong,3,1,49644.1694303,281.6020953659328
"(3,1)-Two-layer MoM",mom,bic,in sample,no noise,2d-low-weak,2,low,weak,3,1,54653.1700777,233.2495145138094
"(3,1)-Two-layer MoM",mom,bic,in sample,no noise,3d-high-ind,3,high,ind,3,1,89813.9499489,247.0971469906285
"(3,1)-Two-layer MoM",mom,bic,in sample,no noise,3d-high-strong,3,high,strong,3,1,89028.448716,349.8012427411365
"(3,1)-Two-layer MoM",mom,bic,in sample,no noise,3d-high-weak,3,high,weak,3,1,90460.6638613,260.1342483597327
"(3,1)-Two-layer MoM",mom,bic,in sample,no noise,3d-low-ind,3,low,ind,3,1,81614.1164619,266.3665736054277
"(3,1)-Two-layer MoM",mom,bic,in sample,no noise,3d-low-strong,3,low,strong,3,1,76515.8448872,332.0090120790821
"(3,1)-Two-layer MoM",mom,bic,in sample,no noise,3d-low-weak,3,low,weak,3,1,81020.9280724,269.8353478356655
"(3,1)-Two-layer MoM",mom,bic,in sample,with noise,2d-high-ind,2,high,ind,3,1,62620.914655,227.1174944116167
"(3,1)-Two-layer MoM",mom,bic,in sample,with noise,2d-high-strong,2,high,strong,3,1,62810.3801752,236.1680292249118
"(3,1)-Two-layer MoM",mom,bic,in sample,with noise,2d-high-weak,2,high,weak,3,1,63176.125444,225.3740036106153
"(3,1)-Two-layer MoM",mom,bic,in sample,with noise,2d-low-ind,2,low,ind,3,1,55616.0106483,238.8161116669153
"(3,1)-Two-layer MoM",mom,bic,in sample,with noise,2d-low-strong,2,low,strong,3,1,50447.8990094,310.669449075845
"(3,1)-Two-layer MoM",mom,bic,in sample,with noise,2d-low-weak,2,low,weak,3,1,55183.4306833,237.3148291485618
"(3,1)-Two-layer MoM",mom,bic,in sample,with noise,3d-high-ind,3,high,ind,3,1,90825.8559616,251.4666969035939
"(3,1)-Two-layer MoM",mom,bic,in sample,with noise,3d-high-strong,3,high,strong,3,1,90162.76591280001,427.1886919276664
"(3,1)-Two-layer MoM",mom,bic,in sample,with noise,3d-high-weak,3,high,weak,3,1,91452.0230532,263.7543032830368
"(3,1)-Two-layer MoM",mom,bic,in sample,with noise,3d-low-ind,3,low,ind,3,1,82468.6593815,272.4600487473153
"(3,1)-Two-layer MoM",mom,bic,in sample,with noise,3d-low-strong,3,low,strong,3,1,77634.06716210001,348.7013626719806
"(3,1)-Two-layer MoM",mom,bic,in sample,with noise,3d-low-weak,3,low,weak,3,1,81898.2673587,268.3998307266986
"(3,1)-Two-layer MoM",mom,bic,out of sample,no noise,2d-high-ind,2,high,ind,3,1,15667.0319568,96.25038302728234
"(3,1)-Two-layer MoM",mom,bic,out of sample,no noise,2d-high-strong,2,high,strong,3,1,15695.4327313,96.03570705804992
"(3,1)-Two-layer MoM",mom,bic,out of sample,no noise,2d-high-weak,2,high,weak,3,1,15793.7394491,105.6954026623259
"(3,1)-Two-layer MoM",mom,bic,out of sample,no noise,2d-low-ind,2,low,ind,3,1,13920.124504,104.6971691870132
"(3,1)-Two-layer MoM",mom,bic,out of sample,no noise,2d-low-strong,2,low,strong,3,1,12529.2383405,113.5924045673134
"(3,1)-Two-layer MoM",mom,bic,out of sample,no noise,2d-low-weak,2,low,weak,3,1,13799.8276953,110.8343815446341
"(3,1)-Two-layer MoM",mom,bic,out of sample,no noise,3d-high-ind,3,high,ind,3,1,22669.3224285,148.7733755643711
"(3,1)-Two-layer MoM",mom,bic,out of sample,no noise,3d-high-strong,3,high,strong,3,1,22467.9992483,151.5464056748294
"(3,1)-Two-layer MoM",mom,bic,out of sample,no noise,3d-high-weak,3,high,weak,3,1,22836.6612441,152.0764310751948
"(3,1)-Two-layer MoM",mom,bic,out of sample,no noise,3d-low-ind,3,low,ind,3,1,20614.9555534,157.1907876092437
"(3,1)-Two-layer MoM",mom,bic,out of sample,no noise,3d-low-strong,3,low,strong,3,1,19341.7282858,178.705738669027
"(3,1)-Two-layer MoM",mom,bic,out of sample,no noise,3d-low-weak,3,low,weak,3,1,20470.5822879,160.5964493857996
"(3,1)-Two-layer MoM",mom,bic,out of sample,with noise,2d-high-ind,2,high,ind,3,1,15807.5050938,93.36196797813135
"(3,1)-Two-layer MoM",mom,bic,out of sample,with noise,2d-high-strong,2,high,strong,3,1,15834.9537458,97.48109029141557
"(3,1)-Two-layer MoM",mom,bic,out of sample,with noise,2d-high-weak,2,high,weak,3,1,15927.8371645,106.1282969462768
"(3,1)-Two-layer MoM",mom,bic,out of sample,with noise,2d-low-ind,2,low,ind,3,1,14046.2564013,105.6938671015884
"(3,1)-Two-layer MoM",mom,bic,out of sample,with noise,2d-low-strong,2,low,strong,3,1,12728.3088533,113.7479019780989
"(3,1)-Two-layer MoM",mom,bic,out of sample,with noise,2d-low-weak,2,low,weak,3,1,13931.3971743,111.262422757652
"(3,1)-Two-layer MoM",mom,bic,out of sample,with noise,3d-high-ind,3,high,ind,3,1,22923.8445138,145.6257899538461
"(3,1)-Two-layer MoM",mom,bic,out of sample,with noise,3d-high-strong,3,high,strong,3,1,22751.3845146,170.1255646432708
"(3,1)-Two-layer MoM",mom,bic,out of sample,with noise,3d-high-weak,3,high,weak,3,1,23085.683011,146.7243728519635
"(3,1)-Two-layer MoM",mom,bic,out of sample,with noise,3d-low-ind,3,low,ind,3,1,20830.0966175,154.376341676737
"(3,1)-Two-layer MoM",mom,bic,out of sample,with noise,3d-low-strong,3,low,strong,3,1,19619.0986151,175.9850675281157
"(3,1)-Two-layer MoM",mom,bic,out of sample,with noise,3d-low-weak,3,low,weak,3,1,20687.7875434,159.762473844833
"(3,1)-Two-layer MoM",mom,em_iters,training,no noise,2d-high-ind,2,high,ind,3,1,26.28,8.247534066726741
"(3,1)-Two-layer MoM",mom,em_iters,training,no noise,2d-high-strong,2,high,strong,3,1,52.24,13.67303620970555
"(3,1)-Two-layer MoM",mom,em_iters,training,no noise,2d-high-weak,2,high,weak,3,1,19.13,5.018460869126061
"(3,1)-Two-layer MoM",mom,em_iters,training,no noise,2d-low-ind,2,low,ind,3,1,18.57,1.753812585728185
"(3,1)-Two-layer MoM",mom,em_iters,training,no noise,2d-low-strong,2,low,strong,3,1,17.14,5.896446455966577
"(3,1)-Two-layer MoM",mom,em_iters,training,no noise,2d-low-weak,2,low,weak,3,1,27.13,6.237156500531408
"(3,1)-Two-layer MoM",mom,em_iters,training,no noise,3d-high-ind,3,high,ind,3,1,25.72,5.745582404919205
"(3,1)-Two-layer MoM",mom,em_iters,training,no noise,3d-high-strong,3,high,strong,3,1,68.19,21.58501865422011
"(3,1)-Two-layer MoM",mom,em_iters,training,no noise,3d-high-weak,3,high,weak,3,1,38.7,15.70208761775184
"(3,1)-Two-layer MoM",mom,em_iters,training,no noise,3d-low-ind,3,low,ind,3,1,36.37,18.02560188266464
"(3,1)-Two-layer MoM",mom,em_iters,training,no noise,3d-low-strong,3,low,strong,3,1,38.36,20.12361796496843
"(3,1)-Two-layer MoM",mom,em_iters,training,no noise,3d-low-weak,3,low,weak,3,1,41.38,12.58569012647284
"(3,1)-Two-layer MoM",mom,em_iters,training,with noise,2d-high-ind,2,high,ind,3,1,23.94,6.939595074496768
"(3,1)-Two-layer MoM",mom,em_iters,training,with noise,2d-high-strong,2,high,strong,3,1,51.53,12.85541586926371
"(3,1)-Two-layer MoM",mom,em_iters,training,with noise,2d-high-weak,2,high,weak,3,1,18.57,3.66874596690708
"(3,1)-Two-layer MoM",mom,em_iters,training,with noise,2d-low-ind,2,low,ind,3,1,18.56,1.748419199439796
"(3,1)-Two-layer MoM",mom,em_iters,training,with noise,2d-low-strong,2,low,strong,3,1,17.19,4.689758883337008
"(3,1)-Two-layer MoM",mom,em_iters,training,with noise,2d-low-weak,2,low,weak,3,1,26.09,4.192574002647629
"(3,1)-Two-layer MoM",mom,em_iters,training,with noise,3d-high-ind,3,high,ind,3,1,27.2,5.780496640786275
"(3,1)-Two-layer MoM",mom,em_iters,training,with noise,3d-high-strong,3,high,strong,3,1,64.08,22.30535561000741
"(3,1)-Two-layer MoM",mom,em_iters,training,with noise,3d-high-weak,3,high,weak,3,1,36.03,15.10264877430446
"(3,1)-Two-layer MoM",mom,em_iters,training,with noise,3d-low-ind,3,low,ind,3,1,33.21,16.15536624734514
"(3,1)-Two-layer MoM",mom,em_iters,training,with noise,3d-low-strong,3,low,strong,3,1,37.69,16.7203348040521
"(3,1)-Two-layer MoM",mom,em_iters,training,with noise,3d-low-weak,3,low,weak,3,1,42.82,14.16239151179395
"(3,1)-Two-layer MoM",mom,gmpd,in sample,no noise,2d-high-ind,2,high,ind,3,1,0.0209366,0.0002955228887544542
"(3,1)-Two-layer MoM",mom,gmpd,in sample,no noise,2d-high-strong,2,high,strong,3,1,0.0207106,0.0003006787607592486
"(3,1)-Two-layer MoM",mom,gmpd,in sample,no noise,2d-high-weak,2,high,weak,3,1,0.0202062,0.0002837333361813619
"(3,1)-Two-layer MoM",mom,gmpd,in sample,no noise,2d-low-ind,2,low,ind,3,1,0.0323272,0.0004835079726291595
"(3,1)-Two-layer MoM",mom,gmpd,in sample,no noise,2d-low-strong,2,low,strong,3,1,0.04551669999999999,0.0008008935098634614
"(3,1)-Two-layer MoM",mom,gmpd,in sample,no noise,2d-low-weak,2,low,weak,3,1,0.0332804,0.00048449686492403
"(3,1)-Two-layer MoM",mom,gmpd,in sample,no noise,3d-high-ind,3,high,ind,3,1,0.0037279,5.772269129994799e-05
"(3,1)-Two-layer MoM",mom,gmpd,in sample,no noise,3d-high-strong,3,high,strong,3,1,0.003916,8.504306692684143e-05
"(3,1)-Two-layer MoM",mom,gmpd,in sample,no noise,3d-high-weak,3,high,weak,3,1,0.0035803,5.810917971953114e-05
"(3,1)-Two-layer MoM",mom,gmpd,in sample,no noise,3d-low-ind,3,low,ind,3,1,0.0062234,0.0001034478348997917
"(3,1)-Two-layer MoM",mom,gmpd,in sample,no noise,3d-low-strong,3,low,strong,3,1,0.0085592,0.0001780005674715727
"(3,1)-Two-layer MoM",mom,gmpd,in sample,no noise,3d-low-weak,3,low,weak,3,1,0.0064594,0.0001085331025237662
"(3,1)-Two-layer MoM",mom,gmpd,in sample,with noise,2d-high-ind,2,high,ind,3,1,0.0202258,0.0002867835561548264
"(3,1)-Two-layer MoM",mom,gmpd,in sample,with noise,2d-high-strong,2,high,strong,3,1,0.0199882,0.0002942423243766019
"(3,1)-Two-layer MoM",mom,gmpd,in sample,with noise,2d-high-weak,2,high,weak,3,1,0.0195363,0.0002749312310709385
"(3,1)-Two-layer MoM",mom,gmpd,in sample,with noise,2d-low-ind,2,low,ind,3,1,0.031337,0.0004659073909798999
"(3,1)-Two-layer MoM",mom,gmpd,in sample,with noise,2d-low-strong,2,low,strong,3,1,0.0432872,0.000836663745014819
"(3,1)-Two-layer MoM",mom,gmpd,in sample,with noise,2d-low-weak,2,low,weak,3,1,0.0321957,0.0004769203711355185
"(3,1)-Two-layer MoM",mom,gmpd,in sample,with noise,3d-high-ind,3,high,ind,3,1,0.0034988,5.541906465533986e-05
"(3,1)-Two-layer MoM",mom,gmpd,in sample,with noise,3d-high-strong,3,high,strong,3,1,0.0036482,9.633044978383293e-05
"(3,1)-Two-layer MoM",mom,gmpd,in sample,with noise,3d-high-weak,3,high,weak,3,1,0.0033653,5.509321760673109e-05
"(3,1)-Two-layer MoM",mom,gmpd,in sample,with noise,3d-low-ind,3,low,ind,3,1,0.005899600000000001,0.0001010542408608347
"(3,1)-Two-layer MoM",mom,gmpd,in sample,with noise,3d-low-strong,3,low,strong,3,1,0.007981700000000001,0.0001739618848303773
"(3,1)-Two-layer MoM",mom,gmpd,in sample,with noise,3d-low-weak,3,low,weak,3,1,0.0061145,0.0001024288370853963
"(3,1)-Two-layer MoM",mom,gmpd,out of sample,no noise,2d-high-ind,2,high,ind,3,1,0.0208009,0.0005012934683537596
"(3,1)-Two-layer MoM",mom,gmpd,out of sample,no noise,2d-high-strong,2,high,strong,3,1,0.0206533,0.0004958291800182557
"(3,1)-Two-layer MoM",mom,gmpd,out of sample,no noise,2d-high-weak,2,high,weak,3,1,0.0201537,0.0005357193879506905
"(3,1)-Two-layer MoM",mom,gmpd,out of sample,no noise,2d-low-ind,2,low,ind,3,1,0.0321935,0.0008459880064579557
"(3,1)-Two-layer MoM",mom,gmpd,out of sample,no noise,2d-low-strong,2,low,strong,3,1,0.0455837,0.001300579245466178
"(3,1)-Two-layer MoM",mom,gmpd,out of sample,no noise,2d-low-weak,2,low,weak,3,1,0.033178,0.0009240348500140039
"(3,1)-Two-layer MoM",mom,gmpd,out of sample,no noise,3d-high-ind,3,high,ind,3,1,0.0037188,0.0001386535541585865
"(3,1)-Two-layer MoM",mom,gmpd,out of sample,no noise,3d-high-strong,3,high,strong,3,1,0.0039107,0.0001472252105662023
"(3,1)-Two-layer MoM",mom,gmpd,out of sample,no noise,3d-high-weak,3,high,weak,3,1,0.0035659,0.0001361675661110459
"(3,1)-Two-layer MoM",mom,gmpd,out of sample,no noise,3d-low-ind,3,low,ind,3,1,0.0062153,0.0002447693410193164
"(3,1)-Two-layer MoM",mom,gmpd,out of sample,no noise,3d-low-strong,3,low,strong,3,1,0.0085461,0.0003832895758951698
"(3,1)-Two-layer MoM",mom,gmpd,out of sample,no noise,3d-low-weak,3,low,weak,3,1,0.0064442,0.0002596352530887603
"(3,1)-Two-layer MoM",mom,gmpd,out of sample,with noise,2d-high-ind,2,high,ind,3,1,0.0200831,0.0004701035669258044
"(3,1)-Two-layer MoM",mom,gmpd,out of sample,with noise,2d-high-strong,2,high,strong,3,1,0.0199454,0.0004871032081125468
"(3,1)-Two-layer MoM",mom,gmpd,out of sample,with noise,2d-high-weak,2,high,weak,3,1,0.0194894,0.0005182659899739088
"(3,1)-Two-layer MoM",mom,gmpd,out of sample,with noise,2d-low-ind,2,low,ind,3,1,0.031195,0.000828249340293712
"(3,1)-Two-layer MoM",mom,gmpd,out of sample,with noise,2d-low-strong,2,low,strong,3,1,0.0433713,0.001237537188503558
"(3,1)-Two-layer MoM",mom,gmpd,out of sample,with noise,2d-low-weak,2,low,weak,3,1,0.0321045,0.0008958235024125833
"(3,1)-Two-layer MoM",mom,gmpd,out of sample,with noise,3d-high-ind,3,high,ind,3,1,0.0034887,0.0001276647677681393
"(3,1)-Two-layer MoM",mom,gmpd,out of sample,with noise,3d-high-strong,3,high,strong,3,1,0.003644,0.0001525672562405434
"(3,1)-Two-layer MoM",mom,gmpd,out of sample,with noise,3d-high-weak,3,high,weak,3,1,0.0033508,0.0001237354623641284
"(3,1)-Two-layer MoM",mom,gmpd,out of sample,with noise,3d-low-ind,3,low,ind,3,1,0.005889999999999999,0.000228225477733904
"(3,1)-Two-layer MoM",mom,gmpd,out of sample,with noise,3d-low-strong,3,low,strong,3,1,0.0079737,0.0003526169266636197
"(3,1)-Two-layer MoM",mom,gmpd,out of sample,with noise,3d-low-weak,3,low,weak,3,1,0.0061031,0.0002448239730454879
"(3,1)-Two-layer MoM",mom,training_time,training,no noise,2d-high-ind,2,high,ind,3,1,746.6668,150.7762020506157
"(3,1)-Two-layer MoM",mom,training_time,training,no noise,2d-high-strong,2,high,strong,3,1,1175.6891,236.2156027830755
"(3,1)-Two-layer MoM",mom,training_time,training,no noise,2d-high-weak,2,high,weak,3,1,668.7669999999999,112.0621404048719
"(3,1)-Two-layer MoM",mom,training_time,training,no noise,2d-low-ind,2,low,ind,3,1,605.4649,69.38613609222006
"(3,1)-Two-layer MoM",mom,training_time,training,no noise,2d-low-strong,2,low,strong,3,1,589.9194,113.4587816743609
"(3,1)-Two-layer MoM",mom,training_time,training,no noise,2d-low-weak,2,low,weak,3,1,761.2494,130.1314484216757
"(3,1)-Two-layer MoM",mom,training_time,training,no noise,3d-high-ind,3,high,ind,3,1,783.581,115.8679521888794
"(3,1)-Two-layer MoM",mom,training_time,training,no noise,3d-high-strong,3,high,strong,3,1,1613.9851,425.5161527575253
"(3,1)-Two-layer MoM",mom,training_time,training,no noise,3d-high-weak,3,high,weak,3,1,1027.7062,292.4660044779789
"(3,1)-Two-layer MoM",mom,training_time,training,no noise,3d-low-ind,3,low,ind,3,1,979.4927,337.8453402595048
"(3,1)-Two-layer MoM",mom,training_time,training,no noise,3d-low-strong,3,low,strong,3,1,1014.2069,366.5522367549963
"(3,1)-Two-layer MoM",mom,training_time,training,no noise,3d-low-weak,3,low,weak,3,1,1090.0524,252.291766858304
"(3,1)-Two-layer MoM",mom,training_time,training,with noise,2d-high-ind,2,high,ind,3,1,710.2862,170.7203498949156
"(3,1)-Two-layer MoM",mom,training_time,training,with noise,2d-high-strong,2,high,strong,3,1,1145.3103,231.8567280375378
"(3,1)-Two-layer MoM",mom,training_time,training,with noise,2d-high-weak,2,high,weak,3,1,657.9442,89.18050523233732
"(3,1)-Two-layer MoM",mom,training_time,training,with noise,2d-low-ind,2,low,ind,3,1,615.7438999999999,75.16931126027052
"(3,1)-Two-layer MoM",mom,training_time,training,with noise,2d-low-strong,2,low,strong,3,1,589.9269,101.2034880491934
"(3,1)-Two-layer MoM",mom,training_time,training,with noise,2d-low-weak,2,low,weak,3,1,740.0455999999999,132.2502091752943
"(3,1)-Two-layer MoM",mom,training_time,training,with noise,3d-high-ind,3,high,ind,3,1,816.8228999999999,151.6408018657741
"(3,1)-Two-layer MoM",mom,training_time,training,with noise,3d-high-strong,3,high,strong,3,1,1517.5197,422.5027681421601
"(3,1)-Two-layer MoM",mom,training_time,training,with noise,3d-high-weak,3,high,weak,3,1,968.4971,294.3223120874718
"(3,1)-Two-layer MoM",mom,training_time,training,with noise,3d-low-ind,3,low,ind,3,1,907.8053,315.933969924784
"(3,1)-Two-layer MoM",mom,training_time,training,with noise,3d-low-strong,3,low,strong,3,1,1006.9151,320.3332579399368
"(3,1)-Two-layer MoM",mom,training_time,training,with noise,3d-low-weak,3,low,weak,3,1,1088.4542,278.8312195256869
"(3,2)-Isolated Two-layer MoM",isomom,aic,in sample,no noise,2d-high-ind,2,high,ind,3,2,62158.8698202,229.3222648549442
"(3,2)-Isolated Two-layer MoM",isomom,aic,in sample,no noise,2d-high-strong,2,high,strong,3,2,62709.7247102,241.362219567166
"(3,2)-Isolated Two-layer MoM",isomom,aic,in sample,no noise,2d-high-weak,2,high,weak,3,2,62613.1981336,225.9747730465235
"(3,2)-Isolated Two-layer MoM",isomom,aic,in sample,no noise,2d-low-ind,2,low,ind,3,2,54964.6034854,238.7235217463675
"(3,2)-Isolated Two-layer MoM",isomom,aic,in sample,no noise,2d-low-strong,2,low,strong,3,2,53005.4122972,321.1632022417654
"(3,2)-Isolated Two-layer MoM",isomom,aic,in sample,no noise,2d-low-weak,2,low,weak,3,2,54798.0503484,235.6929145631804
"(3,2)-Isolated Two-layer MoM",isomom,aic,in sample,no noise,3d-high-ind,3,high,ind,3,2,89843.40501700001,256.9770180982818
"(3,2)-Isolated Two-layer MoM",isomom,aic,in sample,no noise,3d-high-strong,3,high,strong,3,2,90680.5505171,315.2619830895437
"(3,2)-Isolated Two-layer MoM",isomom,aic,in sample,no noise,3d-high-weak,3,high,weak,3,2,90356.29334219999,249.9351202774135
"(3,2)-Isolated Two-layer MoM",isomom,aic,in sample,no noise,3d-low-ind,3,low,ind,3,2,81358.122653,252.2550902256408
"(3,2)-Isolated Two-layer MoM",isomom,aic,in sample,no noise,3d-low-strong,3,low,strong,3,2,79473.33799279999,382.1567269706505
"(3,2)-Isolated Two-layer MoM",isomom,aic,in sample,no noise,3d-low-weak,3,low,weak,3,2,81179.4217768,263.0920670445527
"(3,2)-Isolated Two-layer MoM",isomom,aic,in sample,with noise,2d-high-ind,2,high,ind,3,2,62707.64232010001,225.5321924643792
"(3,2)-Isolated Two-layer MoM",isomom,aic,in sample,with noise,2d-high-strong,2,high,strong,3,2,63237.6668177,245.7940970050675
"(3,2)-Isolated Two-layer MoM",isomom,aic,in sample,with noise,2d-high-weak,2,high,weak,3,2,63148.5157797,228.2201111253455
"(3,2)-Isolated Two-layer MoM",isomom,aic,in sample,with noise,2d-low-ind,2,low,ind,3,2,55467.0659893,238.0676466657756
"(3,2)-Isolated Two-layer MoM",isomom,aic,in sample,with noise,2d-low-strong,2,low,strong,3,2,53600.7714945,319.8785413013207
"(3,2)-Isolated Two-layer MoM",isomom,aic,in sample,with noise,2d-low-weak,2,low,weak,3,2,55314.5113741,238.2954100463653
"(3,2)-Isolated Two-layer MoM",isomom,aic,in sample,with noise,3d-high-ind,3,high,ind,3,2,90863.18278310001,263.6742016915319
"(3,2)-Isolated Two-layer MoM",isomom,aic,in sample,with noise,3d-high-strong,3,high,strong,3,2,91648.09974300001,318.2087015570636
"(3,2)-Isolated Two-layer MoM",isomom,aic,in sample,with noise,3d-high-weak,3,high,weak,3,2,91351.41119750001,256.888545499378
"(3,2)-Isolated Two-layer MoM",isomom,aic,in sample,with noise,3d-low-ind,3,low,ind,3,2,82205.5356332,259.6388655118175
"(3,2)-Isolated Two-layer MoM",isomom,aic,in sample,with noise,3d-low-strong,3,low,strong,3,2,80438.4721223,371.8714371142536
"(3,2)-Isolated Two-layer MoM",isomom,aic,in sample,with noise,3d-low-weak,3,low,weak,3,2,82035.8418009,266.3983610857672
"(3,2)-Isolated Two-layer MoM",isomom,aic,out of sample,no noise,2d-high-ind,2,high,ind,3,2,15613.8823253,96.76872807995885
"(3,2)-Isolated Two-layer MoM",isomom,aic,out of sample,no noise,2d-high-strong,2,high,strong,3,2,15731.8561343,98.57610517585246
"(3,2)-Isolated Two-layer MoM",isomom,aic,out of sample,no noise,2d-high-weak,2,high,weak,3,2,15715.2173356,105.6738145512167
"(3,2)-Isolated Two-layer MoM",isomom,aic,out of sample,no noise,2d-low-ind,2,low,ind,3,2,13807.655977,104.0619916630274
"(3,2)-Isolated Two-layer MoM",isomom,aic,out of sample,no noise,2d-low-strong,2,low,strong,3,2,13300.5376825,114.7207878320298
"(3,2)-Isolated Two-layer MoM",isomom,aic,out of sample,no noise,2d-low-weak,2,low,weak,3,2,13760.2172783,110.5600506815937
"(3,2)-Isolated Two-layer MoM",isomom,aic,out of sample,no noise,3d-high-ind,3,high,ind,3,2,22549.6175687,149.502565327618
"(3,2)-Isolated Two-layer MoM",isomom,aic,out of sample,no noise,3d-high-strong,3,high,strong,3,2,22751.9891108,157.0966622603581
"(3,2)-Isolated Two-layer MoM",isomom,aic,out of sample,no noise,3d-high-weak,3,high,weak,3,2,22680.8950029,146.5527473950685
"(3,2)-Isolated Two-layer MoM",isomom,aic,out of sample,no noise,3d-low-ind,3,low,ind,3,2,20418.893961,156.7070172310747
"(3,2)-Isolated Two-layer MoM",isomom,aic,out of sample,no noise,3d-low-strong,3,low,strong,3,2,19947.7555922,182.4182404382052
"(3,2)-Isolated Two-layer MoM",isomom,aic,out of sample,no noise,3d-low-weak,3,low,weak,3,2,20375.7396104,159.8440645405409
"(3,2)-Isolated Two-layer MoM",isomom,aic,out of sample,with noise,2d-high-ind,2,high,ind,3,2,15753.1599511,95.00896266873825
"(3,2)-Isolated Two-layer MoM",isomom,aic,out of sample,with noise,2d-high-strong,2,high,strong,3,2,15861.6636766,100.1550634149108
"(3,2)-Isolated Two-layer MoM",isomom,aic,out of sample,with noise,2d-high-weak,2,high,weak,3,2,15848.7154551,106.1186897702667
"(3,2)-Isolated Two-layer MoM",isomom,aic,out of sample,with noise,2d-low-ind,2,low,ind,3,2,13935.1814053,104.79859188656
"(3,2)-Isolated Two-layer MoM",isomom,aic,out of sample,with noise,2d-low-strong,2,low,strong,3,2,13447.3138053,116.0542129462897
"(3,2)-Isolated Two-layer MoM",isomom,aic,out of sample,with noise,2d-low-weak,2,low,weak,3,2,13888.9781948,110.2687112638092
"(3,2)-Isolated Two-layer MoM",isomom,aic,out of sample,with noise,3d-high-ind,3,high,ind,3,2,22805.6469182,145.7901301236841
"(3,2)-Isolated Two-layer MoM",isomom,aic,out of sample,with noise,3d-high-strong,3,high,strong,3,2,22991.2902897,157.1746739732727
"(3,2)-Isolated Two-layer MoM",isomom,aic,out of sample,with noise,3d-high-weak,3,high,weak,3,2,22930.1889852,142.6849798490616
"(3,2)-Isolated Two-layer MoM",isomom,aic,out of sample,with noise,3d-low-ind,3,low,ind,3,2,20633.04113,153.4962671076544
"(3,2)-Isolated Two-layer MoM",isomom,aic,out of sample,with noise,3d-low-strong,3,low,strong,3,2,20185.6792177,179.5060577957117
"(3,2)-Isolated Two-layer MoM",isomom,aic,out of sample,with noise,3d-low-weak,3,low,weak,3,2,20591.2922476,156.9254810968945
"(3,2)-Isolated Two-layer MoM",isomom,ari,in sample,no noise,2d-high-ind,2,high,ind,3,2,0.269495,0.01418245327184549
"(3,2)-Isolated Two-layer MoM",isomom,ari,in sample,no noise,2d-high-strong,2,high,strong,3,2,0.2695403,0.0145139887558886
"(3,2)-Isolated Two-layer MoM",isomom,ari,in sample,no noise,2d-high-weak,2,high,weak,3,2,0.2687353,0.01547565572475398
"(3,2)-Isolated Two-layer MoM",isomom,ari,in sample,no noise,2d-low-ind,2,low,ind,3,2,0.0121927,0.002532625840203137
"(3,2)-Isolated Two-layer MoM",isomom,ari,in sample,no noise,2d-low-strong,2,low,strong,3,2,0.0126361,0.002271770499416744
"(3,2)-Isolated Two-layer MoM",isomom,ari,in sample,no noise,2d-low-weak,2,low,weak,3,2,0.0125277,0.002272667571135051
"(3,2)-Isolated Two-layer MoM",isomom,ari,in sample,no noise,3d-high-ind,3,high,ind,3,2,0.3456547,0.02545361467275504
"(3,2)-Isolated Two-layer MoM",isomom,ari,in sample,no noise,3d-high-strong,3,high,strong,3,2,0.3401708,0.02255541793320209
"(3,2)-Isolated Two-layer MoM",isomom,ari,in sample,no noise,3d-high-weak,3,high,weak,3,2,0.3452935,0.0257176254215515
"(3,2)-Isolated Two-layer MoM",isomom,ari,in sample,no noise,3d-low-ind,3,low,ind,3,2,0.0105752,0.004314215983878828
"(3,2)-Isolated Two-layer MoM",isomom,ari,in sample,no noise,3d-low-strong,3,low,strong,3,2,0.0099118,0.00407073700422611
"(3,2)-Isolated Two-layer MoM",isomom,ari,in sample,no noise,3d-low-weak,3,low,weak,3,2,0.0103793,0.004054293958884889
"(3,2)-Isolated Two-layer MoM",isomom,ari,in sample,with noise,2d-high-ind,2,high,ind,3,2,0.2621068,0.01463153836440622
"(3,2)-Isolated Two-layer MoM",isomom,ari,in sample,with noise,2d-high-strong,2,high,strong,3,2,0.2629562,0.01444365470273078
"(3,2)-Isolated Two-layer MoM",isomom,ari,in sample,with noise,2d-high-weak,2,high,weak,3,2,0.2630068,0.01370417453762086
"(3,2)-Isolated Two-layer MoM",isomom,ari,in sample,with noise,2d-low-ind,2,low,ind,3,2,0.0120616,0.00240309847127126
"(3,2)-Isolated Two-layer MoM",isomom,ari,in sample,with noise,2d-low-strong,2,low,strong,3,2,0.0121367,0.002219054332663608
"(3,2)-Isolated Two-layer MoM",isomom,ari,in sample,with noise,2d-low-weak,2,low,weak,3,2,0.0120797,0.002248153206163637
"(3,2)-Isolated Two-layer MoM",isomom,ari,in sample,with noise,3d-high-ind,3,high,ind,3,2,0.3324411,0.02164419696856738
"(3,2)-Isolated Two-layer MoM",isomom,ari,in sample,with noise,3d-high-strong,3,high,strong,3,2,0.3284746,0.01992816561269171
"(3,2)-Isolated Two-layer MoM",isomom,ari,in sample,with noise,3d-high-weak,3,high,weak,3,2,0.3290794,0.02165611140654124
"(3,2)-Isolated Two-layer MoM",isomom,ari,in sample,with noise,3d-low-ind,3,low,ind,3,2,0.0102375,0.004258620816957793
"(3,2)-Isolated Two-layer MoM",isomom,ari,in sample,with noise,3d-low-strong,3,low,strong,3,2,0.0089224,0.003839444172735885
"(3,2)-Isolated Two-layer MoM",isomom,ari,in sample,with noise,3d-low-weak,3,low,weak,3,2,0.0098873,0.003774645840634883
"(3,2)-Isolated Two-layer MoM",isomom,ari,out of sample,no noise,2d-high-ind,2,high,ind,3,2,0.272393,0.01741998170568105
"(3,2)-Isolated Two-layer MoM",isomom,ari,out of sample,no noise,2d-high-strong,2,high,strong,3,2,0.2727363,0.01815454550616329
"(3,2)-Isolated Two-layer MoM",isomom,ari,out of sample,no noise,2d-high-weak,2,high,weak,3,2,0.2711409,0.01784305365760813
"(3,2)-Isolated Two-layer MoM",isomom,ari,out of sample,no noise,2d-low-ind,2,low,ind,3,2,0.01258,0.003920202014996655
"(3,2)-Isolated Two-layer MoM",isomom,ari,out of sample,no noise,2d-low-strong,2,low,strong,3,2,0.0124113,0.003706247974772472
"(3,2)-Isolated Two-layer MoM",isomom,ari,out of sample,no noise,2d-low-weak,2,low,weak,3,2,0.0123925,0.003609122945307271
"(3,2)-Isolated Two-layer MoM",isomom,ari,out of sample,no noise,3d-high-ind,3,high,ind,3,2,0.3484744,0.02556118092622941
"(3,2)-Isolated Two-layer MoM",isomom,ari,out of sample,no noise,3d-high-strong,3,high,strong,3,2,0.3425152,0.02786271696962256
"(3,2)-Isolated Two-layer MoM",isomom,ari,out of sample,no noise,3d-high-weak,3,high,weak,3,2,0.3464802,0.03000947978101706
"(3,2)-Isolated Two-layer MoM",isomom,ari,out of sample,no noise,3d-low-ind,3,low,ind,3,2,0.0104928,0.004734368021780368
"(3,2)-Isolated Two-layer MoM",isomom,ari,out of sample,no noise,3d-low-strong,3,low,strong,3,2,0.0098036,0.005294236340043994
"(3,2)-Isolated Two-layer MoM",isomom,ari,out of sample,no noise,3d-low-weak,3,low,weak,3,2,0.0108146,0.004982194644405963
"(3,2)-Isolated Two-layer MoM",isomom,ari,out of sample,with noise,2d-high-ind,2,high,ind,3,2,0.2654483,0.01790218140621443
"(3,2)-Isolated Two-layer MoM",isomom,ari,out of sample,with noise,2d-high-strong,2,high,strong,3,2,0.2649755,0.01629222181492342
"(3,2)-Isolated Two-layer MoM",isomom,ari,out of sample,with noise,2d-high-weak,2,high,weak,3,2,0.2651808,0.01722765727285957
"(3,2)-Isolated Two-layer MoM",isomom,ari,out of sample,with noise,2d-low-ind,2,low,ind,3,2,0.0123852,0.003659655136371693
"(3,2)-Isolated Two-layer MoM",isomom,ari,out of sample,with noise,2d-low-strong,2,low,strong,3,2,0.0119112,0.003682733745247386
"(3,2)-Isolated Two-layer MoM",isomom,ari,out of sample,with noise,2d-low-weak,2,low,weak,3,2,0.011844,0.003391234988536587
"(3,2)-Isolated Two-layer MoM",isomom,ari,out of sample,with noise,3d-high-ind,3,high,ind,3,2,0.3349951,0.02213883020893838
"(3,2)-Isolated Two-layer MoM",isomom,ari,out of sample,with noise,3d-high-strong,3,high,strong,3,2,0.331196,0.02736033935639266
"(3,2)-Isolated Two-layer MoM",isomom,ari,out of sample,with noise,3d-high-weak,3,high,weak,3,2,0.3307231,0.02535491690984317
"(3,2)-Isolated Two-layer MoM",isomom,ari,out of sample,with noise,3d-low-ind,3,low,ind,3,2,0.0100815,0.00473724600875601
"(3,2)-Isolated Two-layer MoM",isomom,ari,out of sample,with noise,3d-low-strong,3,low,strong,3,2,0.0089213,0.004346968444394974
"(3,2)-Isolated Two-layer MoM",isomom,ari,out of sample,with noise,3d-low-weak,3,low,weak,3,2,0.0101153,0.004128963832892379
"(3,2)-Isolated Two-layer MoM",isomom,avg_ll,in sample,no noise,2d-high-ind,2,high,ind,3,2,-3.880929,0.01433329270607354
"(3,2)-Isolated Two-layer MoM",isomom,avg_ll,in sample,no noise,2d-high-strong,2,high,strong,3,2,-3.9153582,0.01508545994584782
"(3,2)-Isolated Two-layer MoM",isomom,avg_ll,in sample,no noise,2d-high-weak,2,high,weak,3,2,-3.9093253,0.01412366989929472
"(3,2)-Isolated Two-layer MoM",isomom,avg_ll,in sample,no noise,2d-low-ind,2,low,ind,3,2,-3.4312879,0.01491996041475243
"(3,2)-Isolated Two-layer MoM",isomom,avg_ll,in sample,no noise,2d-low-strong,2,low,strong,3,2,-3.3088386,0.0200729620156271
"(3,2)-Isolated Two-layer MoM",isomom,avg_ll,in sample,no noise,2d-low-weak,2,low,weak,3,2,-3.4208784,0.01473059111461108
"(3,2)-Isolated Two-layer MoM",isomom,avg_ll,in sample,no noise,3d-high-ind,3,high,ind,3,2,-5.6089626,0.01606107526370094
"(3,2)-Isolated Two-layer MoM",isomom,avg_ll,in sample,no noise,3d-high-strong,3,high,strong,3,2,-5.6612844,0.01970422445194251
"(3,2)-Isolated Two-layer MoM",isomom,avg_ll,in sample,no noise,3d-high-weak,3,high,weak,3,2,-5.641018,0.01562076460576409
"(3,2)-Isolated Two-layer MoM",isomom,avg_ll,in sample,no noise,3d-low-ind,3,low,ind,3,2,-5.078632600000001,0.01576580134853976
"(3,2)-Isolated Two-layer MoM",isomom,avg_ll,in sample,no noise,3d-low-strong,3,low,strong,3,2,-4.960834,0.02388490106719929
"(3,2)-Isolated Two-layer MoM",isomom,avg_ll,in sample,no noise,3d-low-weak,3,low,weak,3,2,-5.0674641,0.01644382473480815
"(3,2)-Isolated Two-layer MoM",isomom,avg_ll,in sample,with noise,2d-high-ind,2,high,ind,3,2,-3.9152276,0.01409613372882825
"(3,2)-Isolated Two-layer MoM",isomom,avg_ll,in sample,with noise,2d-high-strong,2,high,strong,3,2,-3.9483544,0.01536243538142579
"(3,2)-Isolated Two-layer MoM",isomom,avg_ll,in sample,with noise,2d-high-weak,2,high,weak,3,2,-3.9427823,0.01426406566880715
"(3,2)-Isolated Two-layer MoM",isomom,avg_ll,in sample,with noise,2d-low-ind,2,low,ind,3,2,-3.4626915,0.01487912654755582
"(3,2)-Isolated Two-layer MoM",isomom,avg_ll,in sample,with noise,2d-low-strong,2,low,strong,3,2,-3.3460486,0.01999239992061623
"(3,2)-Isolated Two-layer MoM",isomom,avg_ll,in sample,with noise,2d-low-weak,2,low,weak,3,2,-3.4531567,0.01489340332957429
"(3,2)-Isolated Two-layer MoM",isomom,avg_ll,in sample,with noise,3d-high-ind,3,high,ind,3,2,-5.6726991,0.01647976016638034
"(3,2)-Isolated Two-layer MoM",isomom,avg_ll,in sample,with noise,3d-high-strong,3,high,strong,3,2,-5.7217558,0.01988790090441538
"(3,2)-Isolated Two-layer MoM",isomom,avg_ll,in sample,with noise,3d-high-weak,3,high,weak,3,2,-5.7032133,0.01605556475827216
"(3,2)-Isolated Two-layer MoM",isomom,avg_ll,in sample,with noise,3d-low-ind,3,low,ind,3,2,-5.131595999999999,0.01622732655962547
"(3,2)-Isolated Two-layer MoM",isomom,avg_ll,in sample,with noise,3d-low-strong,3,low,strong,3,2,-5.021154,0.02324163735778326
"(3,2)-Isolated Two-layer MoM",isomom,avg_ll,in sample,with noise,3d-low-weak,3,low,weak,3,2,-5.1209903,0.01664993253573265
"(3,2)-Isolated Two-layer MoM",isomom,avg_ll,out of sample,no noise,2d-high-ind,2,high,ind,3,2,-3.8874706,0.02419229678800245
"(3,2)-Isolated Two-layer MoM",isomom,avg_ll,out of sample,no noise,2d-high-strong,2,high,strong,3,2,-3.9169637,0.02464382634821163
"(3,2)-Isolated Two-layer MoM",isomom,avg_ll,out of sample,no noise,2d-high-weak,2,high,weak,3,2,-3.9128043,0.02641837569292501
"(3,2)-Isolated Two-layer MoM",isomom,avg_ll,out of sample,no noise,2d-low-ind,2,low,ind,3,2,-3.4359135,0.02601526872469668
"(3,2)-Isolated Two-layer MoM",isomom,avg_ll,out of sample,no noise,2d-low-strong,2,low,strong,3,2,-3.3091343,0.02868020410641911
"(3,2)-Isolated Two-layer MoM",isomom,avg_ll,out of sample,no noise,2d-low-weak,2,low,weak,3,2,-3.4240543,0.02763975903120421
"(3,2)-Isolated Two-layer MoM",isomom,avg_ll,out of sample,no noise,3d-high-ind,3,high,ind,3,2,-5.6124045,0.03737540495709803
"(3,2)-Isolated Two-layer MoM",isomom,avg_ll,out of sample,no noise,3d-high-strong,3,high,strong,3,2,-5.6629972,0.03927443638929757
"(3,2)-Isolated Two-layer MoM",isomom,avg_ll,out of sample,no noise,3d-high-weak,3,high,weak,3,2,-5.6452238,0.03663818218054708
"(3,2)-Isolated Two-layer MoM",isomom,avg_ll,out of sample,no noise,3d-low-ind,3,low,ind,3,2,-5.0797232,0.03917630421413931
"(3,2)-Isolated Two-layer MoM",isomom,avg_ll,out of sample,no noise,3d-low-strong,3,low,strong,3,2,-4.9619386,0.04560401446576751
"(3,2)-Isolated Two-layer MoM",isomom,avg_ll,out of sample,no noise,3d-low-weak,3,low,weak,3,2,-5.0689353,0.03996106103319818
"(3,2)-Isolated Two-layer MoM",isomom,avg_ll,out of sample,with noise,2d-high-ind,2,high,ind,3,2,-3.92229,0.02375221108261569
"(3,2)-Isolated Two-layer MoM",isomom,avg_ll,out of sample,with noise,2d-high-strong,2,high,strong,3,2,-3.9494163,0.0250384849904335
"(3,2)-Isolated Two-layer MoM",isomom,avg_ll,out of sample,with noise,2d-high-weak,2,high,weak,3,2,-3.9461791,0.02652972116782272
"(3,2)-Isolated Two-layer MoM",isomom,avg_ll,out of sample,with noise,2d-low-ind,2,low,ind,3,2,-3.4677957,0.02619940408201159
"(3,2)-Isolated Two-layer MoM",isomom,avg_ll,out of sample,with noise,2d-low-strong,2,low,strong,3,2,-3.3458291,0.02901367232892279
"(3,2)-Isolated Two-layer MoM",isomom,avg_ll,out of sample,with noise,2d-low-weak,2,low,weak,3,2,-3.4562445,0.0275669581302609
"(3,2)-Isolated Two-layer MoM",isomom,avg_ll,out of sample,with noise,3d-high-ind,3,high,ind,3,2,-5.6764117,0.03644767898154021
"(3,2)-Isolated Two-layer MoM",isomom,avg_ll,out of sample,with noise,3d-high-strong,3,high,strong,3,2,-5.722822499999999,0.03929336311129347
"(3,2)-Isolated Two-layer MoM",isomom,avg_ll,out of sample,with noise,3d-high-weak,3,high,weak,3,2,-5.7075471,0.03567097465614288
"(3,2)-Isolated Two-layer MoM",isomom,avg_ll,out of sample,with noise,3d-low-ind,3,low,ind,3,2,-5.1332601,0.03837393140011854
"(3,2)-Isolated Two-layer MoM",isomom,avg_ll,out of sample,with noise,3d-low-strong,3,low,strong,3,2,-5.02142,0.04487699102248644
"(3,2)-Isolated Two-layer MoM",isomom,avg_ll,out of sample,with noise,3d-low-weak,3,low,weak,3,2,-5.1228234,0.03923151413665478
"(3,2)-Isolated Two-layer MoM",isomom,bic,in sample,no noise,2d-high-ind,2,high,ind,3,2,62382.460119,229.3222644769193
"(3,2)-Isolated Two-layer MoM",isomom,bic,in sample,no noise,2d-high-strong,2,high,strong,3,2,62933.3150089,241.3622192618019
"(3,2)-Isolated Two-layer MoM",isomom,bic,in sample,no noise,2d-high-weak,2,high,weak,3,2,62836.788432,225.9747729762558
"(3,2)-Isolated Two-layer MoM",isomom,bic,in sample,no noise,2d-low-ind,2,low,ind,3,2,55188.1937839,238.7235216107591
"(3,2)-Isolated Two-layer MoM",isomom,bic,in sample,no noise,2d-low-strong,2,low,strong,3,2,53229.002596,321.1632017596558
"(3,2)-Isolated Two-layer MoM",isomom,bic,in sample,no noise,2d-low-weak,2,low,weak,3,2,55021.6406463,235.6929145909417
"(3,2)-Isolated Two-layer MoM",isomom,bic,in sample,no noise,3d-high-ind,3,high,ind,3,2,90192.7648583,256.9770178250293
"(3,2)-Isolated Two-layer MoM",isomom,bic,in sample,no noise,3d-high-strong,3,high,strong,3,2,91029.91035800001,315.261983279418
"(3,2)-Isolated Two-layer MoM",isomom,bic,in sample,no noise,3d-high-weak,3,high,weak,3,2,90705.6531832,249.9351199195228
"(3,2)-Isolated Two-layer MoM",isomom,bic,in sample,no noise,3d-low-ind,3,low,ind,3,2,81707.4824943,252.2550903395679
"(3,2)-Isolated Two-layer MoM",isomom,bic,in sample,no noise,3d-low-strong,3,low,strong,3,2,79822.69783389999,382.1567271840215
"(3,2)-Isolated Two-layer MoM",isomom,bic,in sample,no noise,3d-low-weak,3,low,weak,3,2,81528.7816182,263.0920666309624
"(3,2)-Isolated Two-layer MoM",isomom,bic,in sample,with noise,2d-high-ind,2,high,ind,3,2,62931.2326179,225.5321929381825
"(3,2)-Isolated Two-layer MoM",isomom,bic,in sample,with noise,2d-high-strong,2,high,strong,3,2,63461.2571156,245.7940975832204
"(3,2)-Isolated Two-layer MoM",isomom,bic,in sample,with noise,2d-high-weak,2,high,weak,3,2,63372.10607769999,228.2201107147526
"(3,2)-Isolated Two-layer MoM",isomom,bic,in sample,with noise,2d-low-ind,2,low,ind,3,2,55690.6562876,238.067646756857
"(3,2)-Isolated Two-layer MoM",isomom,bic,in sample,with noise,2d-low-strong,2,low,strong,3,2,53824.3617921,319.8785414915209
"(3,2)-Isolated Two-layer MoM",isomom,bic,in sample,with noise,2d-low-weak,2,low,weak,3,2,55538.10167139999,238.2954094853378
"(3,2)-Isolated Two-layer MoM",isomom,bic,in sample,with noise,3d-high-ind,3,high,ind,3,2,91212.54262390001,263.6742011608031
"(3,2)-Isolated Two-layer MoM",isomom,bic,in sample,with noise,3d-high-strong,3,high,strong,3,2,91997.4595842,318.2087016334848
"(3,2)-Isolated Two-layer MoM",isomom,bic,in sample,with noise,3d-high-weak,3,high,weak,3,2,91700.7710388,256.8885453662415
"(3,2)-Isolated Two-layer MoM",isomom,bic,in sample,with noise,3d-low-ind,3,low,ind,3,2,82554.8954743,259.6388656557443
"(3,2)-Isolated Two-layer MoM",isomom,bic,in sample,with noise,3d-low-strong,3,low,strong,3,2,80787.83196329999,371.8714364064573
"(3,2)-Isolated Two-layer MoM",isomom,bic,in sample,with noise,3d-low-weak,3,low,weak,3,2,82385.2016422,266.3983606528178
"(3,2)-Isolated Two-layer MoM",isomom,bic,out of sample,no noise,2d-high-ind,2,high,ind,3,2,15793.1112041,96.76872807175603
"(3,2)-Isolated Two-layer MoM",isomom,bic,out of sample,no noise,2d-high-strong,2,high,strong,3,2,15911.0850124,98.5761053695239
"(3,2)-Isolated Two-layer MoM",isomom,bic,out of sample,no noise,2d-high-weak,2,high,weak,3,2,15894.4462147,105.6738144910339
"(3,2)-Isolated Two-layer MoM",isomom,bic,out of sample,no noise,2d-low-ind,2,low,ind,3,2,13986.8848557,104.061991746223
"(3,2)-Isolated Two-layer MoM",isomom,bic,out of sample,no noise,2d-low-strong,2,low,strong,3,2,13479.7665612,114.7207876139867
"(3,2)-Isolated Two-layer MoM",isomom,bic,out of sample,no noise,2d-low-weak,2,low,weak,3,2,13939.4461569,110.5600504215878
"(3,2)-Isolated Two-layer MoM",isomom,bic,out of sample,no noise,3d-high-ind,3,high,ind,3,2,22829.6626907,149.5025653363072
"(3,2)-Isolated Two-layer MoM",isomom,bic,out of sample,no noise,3d-high-strong,3,high,strong,3,2,23032.0342338,157.0966626493464
"(3,2)-Isolated Two-layer MoM",isomom,bic,out of sample,no noise,3d-high-weak,3,high,weak,3,2,22960.9401255,146.5527467158747
"(3,2)-Isolated Two-layer MoM",isomom,bic,out of sample,no noise,3d-low-ind,3,low,ind,3,2,20698.9390846,156.7070173328991
"(3,2)-Isolated Two-layer MoM",isomom,bic,out of sample,no noise,3d-low-strong,3,low,strong,3,2,20227.8007149,182.4182403765168
"(3,2)-Isolated Two-layer MoM",isomom,bic,out of sample,no noise,3d-low-weak,3,low,weak,3,2,20655.7847333,159.8440653201141
"(3,2)-Isolated Two-layer MoM",isomom,bic,out of sample,with noise,2d-high-ind,2,high,ind,3,2,15932.3888295,95.00896250017172
"(3,2)-Isolated Two-layer MoM",isomom,bic,out of sample,with noise,2d-high-strong,2,high,strong,3,2,16040.8925554,100.1550632460683
"(3,2)-Isolated Two-layer MoM",isomom,bic,out of sample,with noise,2d-high-weak,2,high,weak,3,2,16027.9443341,106.1186900240515
"(3,2)-Isolated Two-layer MoM",isomom,bic,out of sample,with noise,2d-low-ind,2,low,ind,3,2,14114.410284,104.7985922123629
"(3,2)-Isolated Two-layer MoM",isomom,bic,out of sample,with noise,2d-low-strong,2,low,strong,3,2,13626.5426844,116.0542126657551
"(3,2)-Isolated Two-layer MoM",isomom,bic,out of sample,with noise,2d-low-weak,2,low,weak,3,2,14068.2070732,110.2687114633586
"(3,2)-Isolated Two-layer MoM",isomom,bic,out of sample,with noise,3d-high-ind,3,high,ind,3,2,23085.6920409,145.7901302164827
"(3,2)-Isolated Two-layer MoM",isomom,bic,out of sample,with noise,3d-high-strong,3,high,strong,3,2,23271.3354125,157.1746735275887
"(3,2)-Isolated Two-layer MoM",isomom,bic,out of sample,with noise,3d-high-weak,3,high,weak,3,2,23210.2341086,142.6849797295577
"(3,2)-Isolated Two-layer MoM",isomom,bic,out of sample,with noise,3d-low-ind,3,low,ind,3,2,20913.0862528,153.4962667661699
"(3,2)-Isolated Two-layer MoM",isomom,bic,out of sample,with noise,3d-low-strong,3,low,strong,3,2,20465.7243404,179.5060581288331
"(3,2)-Isolated Two-layer MoM",isomom,bic,out of sample,with noise,3d-low-weak,3,low,weak,3,2,20871.3373713,156.9254815151011
"(3,2)-Isolated Two-layer MoM",isomom,em_iters,training,no noise,2d-high-ind,2,high,ind,3,2,73.85,4.370181329016545
"(3,2)-Isolated Two-layer MoM",isomom,em_iters,training,no noise,2d-high-strong,2,high,strong,3,2,63.3,4.889692312312802
"(3,2)-Isolated Two-layer MoM",isomom,em_iters,training,no noise,2d-high-weak,2,high,weak,3,2,68.84,3.886573625374224
"(3,2)-Isolated Two-layer MoM",isomom,em_iters,training,no noise,2d-low-ind,2,low,ind,3,2,94.56,7.768519742518457
"(3,2)-Isolated Two-layer MoM",isomom,em_iters,training,no noise,2d-low-strong,2,low,strong,3,2,78.3,6.664393551865123
"(3,2)-Isolated Two-layer MoM",isomom,em_iters,training,no noise,2d-low-weak,2,low,weak,3,2,94.24,8.83875762557365
"(3,2)-Isolated Two-layer MoM",isomom,em_iters,training,no noise,3d-high-ind,3,high,ind,3,2,40.86,4.230767535494468
"(3,2)-Isolated Two-layer MoM",isomom,em_iters,training,no noise,3d-high-strong,3,high,strong,3,2,37.08,3.512402268671645
"(3,2)-Isolated Two-layer MoM",isomom,em_iters,training,no noise,3d-high-weak,3,high,weak,3,2,39.41,5.081348345675685
"(3,2)-Isolated Two-layer MoM",isomom,em_iters,training,no noise,3d-low-ind,3,low,ind,3,2,48.55,3.391537299297364
"(3,2)-Isolated Two-layer MoM",isomom,em_iters,training,no noise,3d-low-strong,3,low,strong,3,2,45.38,3.770646864634472
"(3,2)-Isolated Two-layer MoM",isomom,em_iters,training,no noise,3d-low-weak,3,low,weak,3,2,47.65,2.495956325699226
"(3,2)-Isolated Two-layer MoM",isomom,em_iters,training,with noise,2d-high-ind,2,high,ind,3,2,72.2,4.530480385704426
"(3,2)-Isolated Two-layer MoM",isomom,em_iters,training,with noise,2d-high-strong,2,high,strong,3,2,62.07,4.25987859645855
"(3,2)-Isolated Two-layer MoM",isomom,em_iters,training,with noise,2d-high-weak,2,high,weak,3,2,67.47,3.891080190706052
"(3,2)-Isolated Two-layer MoM",isomom,em_iters,training,with noise,2d-low-ind,2,low,ind,3,2,92.73,7.96945557878468
"(3,2)-Isolated Two-layer MoM",isomom,em_iters,training,with noise,2d-low-strong,2,low,strong,3,2,78.5,7.148497051899095
"(3,2)-Isolated Two-layer MoM",isomom,em_iters,training,with noise,2d-low-weak,2,low,weak,3,2,91.69,8.213926336325757
"(3,2)-Isolated Two-layer MoM",isomom,em_iters,training,with noise,3d-high-ind,3,high,ind,3,2,39.98,2.923191835143653
"(3,2)-Isolated Two-layer MoM",isomom,em_iters,training,with noise,3d-high-strong,3,high,strong,3,2,36.53,2.653204656541774
"(3,2)-Isolated Two-layer MoM",isomom,em_iters,training,with noise,3d-high-weak,3,high,weak,3,2,38.01,2.966121843060192
"(3,2)-Isolated Two-layer MoM",isomom,em_iters,training,with noise,3d-low-ind,3,low,ind,3,2,47.97,3.039986044625067
"(3,2)-Isolated Two-layer MoM",isomom,em_iters,training,with noise,3d-low-strong,3,low,strong,3,2,45.06,3.57550589766573
"(3,2)-Isolated Two-layer MoM",isomom,em_iters,training,with noise,3d-low-weak,3,low,weak,3,2,47.09,2.243261514452166
"(3,2)-Isolated Two-layer MoM",isomom,gmpd,in sample,no noise,2d-high-ind,2,high,ind,3,2,0.020634,0.0002955221367906865
"(3,2)-Isolated Two-layer MoM",isomom,gmpd,in sample,no noise,2d-high-strong,2,high,strong,3,2,0.0199356,0.0003005897234074732
"(3,2)-Isolated Two-layer MoM",isomom,gmpd,in sample,no noise,2d-high-weak,2,high,weak,3,2,0.0200561,0.0002828173376309281
"(3,2)-Isolated Two-layer MoM",isomom,gmpd,in sample,no noise,2d-low-ind,2,low,ind,3,2,0.0323488,0.0004817901802421645
"(3,2)-Isolated Two-layer MoM",isomom,gmpd,in sample,no noise,2d-low-strong,2,low,strong,3,2,0.0365659,0.000735196112090048
"(3,2)-Isolated Two-layer MoM",isomom,gmpd,in sample,no noise,2d-low-weak,2,low,weak,3,2,0.0326869,0.0004803822026325083
"(3,2)-Isolated Two-layer MoM",isomom,gmpd,in sample,no noise,3d-high-ind,3,high,ind,3,2,0.0036653,5.900616300631041e-05
"(3,2)-Isolated Two-layer MoM",isomom,gmpd,in sample,no noise,3d-high-strong,3,high,strong,3,2,0.0034786,6.809114509540903e-05
"(3,2)-Isolated Two-layer MoM",isomom,gmpd,in sample,no noise,3d-high-weak,3,high,weak,3,2,0.0035497,5.516650645403824e-05
"(3,2)-Isolated Two-layer MoM",isomom,gmpd,in sample,no noise,3d-low-ind,3,low,ind,3,2,0.0062295,9.847703931743319e-05
"(3,2)-Isolated Two-layer MoM",isomom,gmpd,in sample,no noise,3d-low-strong,3,low,strong,3,2,0.0070086,0.0001674045484097815
"(3,2)-Isolated Two-layer MoM",isomom,gmpd,in sample,no noise,3d-low-weak,3,low,weak,3,2,0.006299099999999999,0.0001036319731481837
"(3,2)-Isolated Two-layer MoM",isomom,gmpd,in sample,with noise,2d-high-ind,2,high,ind,3,2,0.0199382,0.0002799111691702606
"(3,2)-Isolated Two-layer MoM",isomom,gmpd,in sample,with noise,2d-high-strong,2,high,strong,3,2,0.0192885,0.0002963596470574908
"(3,2)-Isolated Two-layer MoM",isomom,gmpd,in sample,with noise,2d-high-weak,2,high,weak,3,2,0.0193961,0.0002764599264072297
"(3,2)-Isolated Two-layer MoM",isomom,gmpd,in sample,with noise,2d-low-ind,2,low,ind,3,2,0.0313493,0.0004650192892708215
"(3,2)-Isolated Two-layer MoM",isomom,gmpd,in sample,with noise,2d-low-strong,2,low,strong,3,2,0.0352302,0.0007045637377881868
"(3,2)-Isolated Two-layer MoM",isomom,gmpd,in sample,with noise,2d-low-weak,2,low,weak,3,2,0.0316494,0.0004708509811656393
"(3,2)-Isolated Two-layer MoM",isomom,gmpd,in sample,with noise,3d-high-ind,3,high,ind,3,2,0.0034392,5.661637697181042e-05
"(3,2)-Isolated Two-layer MoM",isomom,gmpd,in sample,with noise,3d-high-strong,3,high,strong,3,2,0.0032748,6.476811785831886e-05
"(3,2)-Isolated Two-layer MoM",isomom,gmpd,in sample,with noise,3d-high-weak,3,high,weak,3,2,0.0033352,5.387002689789376e-05
"(3,2)-Isolated Two-layer MoM",isomom,gmpd,in sample,with noise,3d-low-ind,3,low,ind,3,2,0.005908,9.575853470942924e-05
"(3,2)-Isolated Two-layer MoM",isomom,gmpd,in sample,with noise,3d-low-strong,3,low,strong,3,2,0.0065984,0.0001529159008320351
"(3,2)-Isolated Two-layer MoM",isomom,gmpd,in sample,with noise,3d-low-weak,3,low,weak,3,2,0.00597,9.960528159295634e-05
"(3,2)-Isolated Two-layer MoM",isomom,gmpd,out of sample,no noise,2d-high-ind,2,high,ind,3,2,0.0205033,0.0004969036550723321
"(3,2)-Isolated Two-layer MoM",isomom,gmpd,out of sample,no noise,2d-high-strong,2,high,strong,3,2,0.019907,0.0004908691528834597
"(3,2)-Isolated Two-layer MoM",isomom,gmpd,out of sample,no noise,2d-high-weak,2,high,weak,3,2,0.0199917,0.0005303763767458922
"(3,2)-Isolated Two-layer MoM",isomom,gmpd,out of sample,no noise,2d-low-ind,2,low,ind,3,2,0.0322067,0.0008413157744409841
"(3,2)-Isolated Two-layer MoM",isomom,gmpd,out of sample,no noise,2d-low-strong,2,low,strong,3,2,0.0365628,0.001045886681000839
"(3,2)-Isolated Two-layer MoM",isomom,gmpd,out of sample,no noise,2d-low-weak,2,low,weak,3,2,0.0325922,0.0009060097664869291
"(3,2)-Isolated Two-layer MoM",isomom,gmpd,out of sample,no noise,3d-high-ind,3,high,ind,3,2,0.0036546,0.0001371677436534913
"(3,2)-Isolated Two-layer MoM",isomom,gmpd,out of sample,no noise,3d-high-strong,3,high,strong,3,2,0.0034749,0.0001372787108201576
"(3,2)-Isolated Two-layer MoM",isomom,gmpd,out of sample,no noise,3d-high-weak,3,high,weak,3,2,0.0035366,0.0001306952658869193
"(3,2)-Isolated Two-layer MoM",isomom,gmpd,out of sample,no noise,3d-low-ind,3,low,ind,3,2,0.006226300000000001,0.0002443116696336708
"(3,2)-Isolated Two-layer MoM",isomom,gmpd,out of sample,no noise,3d-low-strong,3,low,strong,3,2,0.0070068,0.0003190797373508364
"(3,2)-Isolated Two-layer MoM",isomom,gmpd,out of sample,no noise,3d-low-weak,3,low,weak,3,2,0.0062937,0.0002525052454700675
"(3,2)-Isolated Two-layer MoM",isomom,gmpd,out of sample,with noise,2d-high-ind,2,high,ind,3,2,0.0198011,0.0004724252813563709
"(3,2)-Isolated Two-layer MoM",isomom,gmpd,out of sample,with noise,2d-high-strong,2,high,strong,3,2,0.019272,0.0004830751661611437
"(3,2)-Isolated Two-layer MoM",isomom,gmpd,out of sample,with noise,2d-high-weak,2,high,weak,3,2,0.0193359,0.0005146678736836212
"(3,2)-Isolated Two-layer MoM",isomom,gmpd,out of sample,with noise,2d-low-ind,2,low,ind,3,2,0.0311961,0.0008215898544218328
"(3,2)-Isolated Two-layer MoM",isomom,gmpd,out of sample,with noise,2d-low-strong,2,low,strong,3,2,0.0352452,0.00101943585111838
"(3,2)-Isolated Two-layer MoM",isomom,gmpd,out of sample,with noise,2d-low-weak,2,low,weak,3,2,0.0315599,0.0008736426643946058
"(3,2)-Isolated Two-layer MoM",isomom,gmpd,out of sample,with noise,3d-high-ind,3,high,ind,3,2,0.0034281,0.0001247194427262221
"(3,2)-Isolated Two-layer MoM",isomom,gmpd,out of sample,with noise,3d-high-strong,3,high,strong,3,2,0.0032732,0.0001301194478433979
"(3,2)-Isolated Two-layer MoM",isomom,gmpd,out of sample,with noise,3d-high-weak,3,high,weak,3,2,0.0033226,0.0001197693068723655
"(3,2)-Isolated Two-layer MoM",isomom,gmpd,out of sample,with noise,3d-low-ind,3,low,ind,3,2,0.0059015,0.0002275400952568468
"(3,2)-Isolated Two-layer MoM",isomom,gmpd,out of sample,with noise,3d-low-strong,3,low,strong,3,2,0.0066017,0.0002973793108900728
"(3,2)-Isolated Two-layer MoM",isomom,gmpd,out of sample,with noise,3d-low-weak,3,low,weak,3,2,0.005964000000000001,0.0002348608012410669
"(3,2)-Isolated Two-layer MoM",isomom,training_time,training,no noise,2d-high-ind,2,high,ind,3,2,760.6392999999999,69.33725735187981
"(3,2)-Isolated Two-layer MoM",isomom,training_time,training,no noise,2d-high-strong,2,high,strong,3,2,701.33,70.64697781750803
"(3,2)-Isolated Two-layer MoM",isomom,training_time,training,no noise,2d-high-weak,2,high,weak,3,2,780.5527000000001,59.09359102912241
"(3,2)-Isolated Two-layer MoM",isomom,training_time,training,no noise,2d-low-ind,2,low,ind,3,2,793.3552000000001,80.7782083760493
"(3,2)-Isolated Two-layer MoM",isomom,training_time,training,no noise,2d-low-strong,2,low,strong,3,2,739.1182000000001,69.37910939879305
"(3,2)-Isolated Two-layer MoM",isomom,training_time,training,no noise,2d-low-weak,2,low,weak,3,2,809.1536,88.08818878300715
"(3,2)-Isolated Two-layer MoM",isomom,training_time,training,no noise,3d-high-ind,3,high,ind,3,2,688.5288,64.8005572722016
"(3,2)-Isolated Two-layer MoM",isomom,training_time,training,no noise,3d-high-strong,3,high,strong,3,2,685.4739999999999,62.28137922348699
"(3,2)-Isolated Two-layer MoM",isomom,training_time,training,no noise,3d-high-weak,3,high,weak,3,2,689.829,74.84957180231494
"(3,2)-Isolated Two-layer MoM",isomom,training_time,training,no noise,3d-low-ind,3,low,ind,3,2,720.4064999999999,67.40589433170192
"(3,2)-Isolated Two-layer MoM",isomom,training_time,training,no noise,3d-low-strong,3,low,strong,3,2,705.4344,67.01887223006591
"(3,2)-Isolated Two-layer MoM",isomom,training_time,training,no noise,3d-low-weak,3,low,weak,3,2,710.3242,67.41810291282034
"(3,2)-Isolated Two-layer MoM",isomom,training_time,training,with noise,2d-high-ind,2,high,ind,3,2,744.3312,87.31761880686514
"(3,2)-Isolated Two-layer MoM",isomom,training_time,training,with noise,2d-high-strong,2,high,strong,3,2,709.1705000000001,71.4288689391712
"(3,2)-Isolated Two-layer MoM",isomom,training_time,training,with noise,2d-high-weak,2,high,weak,3,2,780.5052000000001,87.43545406316775
"(3,2)-Isolated Two-layer MoM",isomom,training_time,training,with noise,2d-low-ind,2,low,ind,3,2,803.8778,77.33937756656593
"(3,2)-Isolated Two-layer MoM",isomom,training_time,training,with noise,2d-low-strong,2,low,strong,3,2,748.212,63.79388259516466
"(3,2)-Isolated Two-layer MoM",isomom,training_time,training,with noise,2d-low-weak,2,low,weak,3,2,808.2016,82.70387226921865
"(3,2)-Isolated Two-layer MoM",isomom,training_time,training,with noise,3d-high-ind,3,high,ind,3,2,689.6676,65.84125782946174
"(3,2)-Isolated Two-layer MoM",isomom,training_time,training,with noise,3d-high-strong,3,high,strong,3,2,689.6386,82.20663184459222
"(3,2)-Isolated Two-layer MoM",isomom,training_time,training,with noise,3d-high-weak,3,high,weak,3,2,662.2739,68.21134534761288
"(3,2)-Isolated Two-layer MoM",isomom,training_time,training,with noise,3d-low-ind,3,low,ind,3,2,705.3133,69.68457832746617
"(3,2)-Isolated Two-layer MoM",isomom,training_time,training,with noise,3d-low-strong,3,low,strong,3,2,702.8272999999999,69.22192799148684
"(3,2)-Isolated Two-layer MoM",isomom,training_time,training,with noise,3d-low-weak,3,low,weak,3,2,712.2735,69.02583318745398
"(3,2)-Two-layer MoM",mom,aic,in sample,no noise,2d-high-ind,2,high,ind,3,2,61894.6226221,227.1024406295922
"(3,2)-Two-layer MoM",mom,aic,in sample,no noise,2d-high-strong,2,high,strong,3,2,61648.529415,225.2502373251498
"(3,2)-Two-layer MoM",mom,aic,in sample,no noise,2d-high-weak,2,high,weak,3,2,62447.53673209999,224.5676965162031
"(3,2)-Two-layer MoM",mom,aic,in sample,no noise,2d-low-ind,2,low,ind,3,2,54942.5360928,239.0271462995532
"(3,2)-Two-layer MoM",mom,aic,in sample,no noise,2d-low-strong,2,low,strong,3,2,48953.5406762,262.9929832338261
"(3,2)-Two-layer MoM",mom,aic,in sample,no noise,2d-low-weak,2,low,weak,3,2,54482.3564115,238.1777860956123
"(3,2)-Two-layer MoM",mom,aic,in sample,no noise,3d-high-ind,3,high,ind,3,2,89462.79473990001,247.3241007090437
"(3,2)-Two-layer MoM",mom,aic,in sample,no noise,3d-high-strong,3,high,strong,3,2,87285.58420770001,299.9263067428066
"(3,2)-Two-layer MoM",mom,aic,in sample,no noise,3d-high-weak,3,high,weak,3,2,90044.203226,250.4165791269875
"(3,2)-Two-layer MoM",mom,aic,in sample,no noise,3d-low-ind,3,low,ind,3,2,81270.9023532,254.9898927901329
"(3,2)-Two-layer MoM",mom,aic,in sample,no noise,3d-low-strong,3,low,strong,3,2,75621.8030873,329.3112345161403
"(3,2)-Two-layer MoM",mom,aic,in sample,no noise,3d-low-weak,3,low,weak,3,2,80703.0503836,258.0000696576206
"(3,2)-Two-layer MoM",mom,aic,in sample,with noise,2d-high-ind,2,high,ind,3,2,62448.244493,227.3024693034741
"(3,2)-Two-layer MoM",mom,aic,in sample,with noise,2d-high-strong,2,high,strong,3,2,62232.8970206,232.6068295321938
"(3,2)-Two-layer MoM",mom,aic,in sample,with noise,2d-high-weak,2,high,weak,3,2,62988.5423821,223.9223722957129
"(3,2)-Two-layer MoM",mom,aic,in sample,with noise,2d-low-ind,2,low,ind,3,2,55443.7230097,237.9792186384223
"(3,2)-Two-layer MoM",mom,aic,in sample,with noise,2d-low-strong,2,low,strong,3,2,49808.5871574,272.5981950739743
"(3,2)-Two-layer MoM",mom,aic,in sample,with noise,2d-low-weak,2,low,weak,3,2,55014.231408,237.5995957317613
"(3,2)-Two-layer MoM",mom,aic,in sample,with noise,3d-high-ind,3,high,ind,3,2,90480.0196023,251.5211202777942
"(3,2)-Two-layer MoM",mom,aic,in sample,with noise,3d-high-strong,3,high,strong,3,2,88463.23298350001,312.9291474817697
"(3,2)-Two-layer MoM",mom,aic,in sample,with noise,3d-high-weak,3,high,weak,3,2,91041.9717757,263.5261969376435
"(3,2)-Two-layer MoM",mom,aic,in sample,with noise,3d-low-ind,3,low,ind,3,2,82129.40653590001,261.5114043268571
"(3,2)-Two-layer MoM",mom,aic,in sample,with noise,3d-low-strong,3,low,strong,3,2,76780.455405,329.0119350818932
"(3,2)-Two-layer MoM",mom,aic,in sample,with noise,3d-low-weak,3,low,weak,3,2,81604.2587436,275.1859230681495
"(3,2)-Two-layer MoM",mom,aic,out of sample,no noise,2d-high-ind,2,high,ind,3,2,15551.7867493,96.29772001260424
"(3,2)-Two-layer MoM",mom,aic,out of sample,no noise,2d-high-strong,2,high,strong,3,2,15470.6930705,93.9700995018555
"(3,2)-Two-layer MoM",mom,aic,out of sample,no noise,2d-high-weak,2,high,weak,3,2,15674.2144958,104.6604891266167
"(3,2)-Two-layer MoM",mom,aic,out of sample,no noise,2d-low-ind,2,low,ind,3,2,13805.7151374,103.5138716977012
"(3,2)-Two-layer MoM",mom,aic,out of sample,no noise,2d-low-strong,2,low,strong,3,2,12286.6694422,109.5356562308465
"(3,2)-Two-layer MoM",mom,aic,out of sample,no noise,2d-low-weak,2,low,weak,3,2,13684.6395245,109.9236902365773
"(3,2)-Two-layer MoM",mom,aic,out of sample,no noise,3d-high-ind,3,high,ind,3,2,22459.7776045,148.0209951335188
"(3,2)-Two-layer MoM",mom,aic,out of sample,no noise,3d-high-strong,3,high,strong,3,2,21914.0865634,155.8975859739069
"(3,2)-Two-layer MoM",mom,aic,out of sample,no noise,3d-high-weak,3,high,weak,3,2,22609.2581181,149.821750947778
"(3,2)-Two-layer MoM",mom,aic,out of sample,no noise,3d-low-ind,3,low,ind,3,2,20403.722472,155.0879768300871
"(3,2)-Two-layer MoM",mom,aic,out of sample,no noise,3d-low-strong,3,low,strong,3,2,19000.2634544,180.9351084685736
"(3,2)-Two-layer MoM",mom,aic,out of sample,no noise,3d-low-weak,3,low,weak,3,2,20265.5733806,160.7167497837192
"(3,2)-Two-layer MoM",mom,aic,out of sample,with noise,2d-high-ind,2,high,ind,3,2,15692.032017,94.13015951125996
"(3,2)-Two-layer MoM",mom,aic,out of sample,with noise,2d-high-strong,2,high,strong,3,2,15613.3796914,95.2297751032431
"(3,2)-Two-layer MoM",mom,aic,out of sample,with noise,2d-high-weak,2,high,weak,3,2,15808.6779836,105.6039832078817
"(3,2)-Two-layer MoM",mom,aic,out of sample,with noise,2d-low-ind,2,low,ind,3,2,13932.750694,104.5707872237
"(3,2)-Two-layer MoM",mom,aic,out of sample,with noise,2d-low-strong,2,low,strong,3,2,12500.1096373,109.1331199162703
"(3,2)-Two-layer MoM",mom,aic,out of sample,with noise,2d-low-weak,2,low,weak,3,2,13816.0534929,110.9452222635291
"(3,2)-Two-layer MoM",mom,aic,out of sample,with noise,3d-high-ind,3,high,ind,3,2,22715.4285508,144.5022780111217
"(3,2)-Two-layer MoM",mom,aic,out of sample,with noise,3d-high-strong,3,high,strong,3,2,22206.6397151,152.5090162617203
"(3,2)-Two-layer MoM",mom,aic,out of sample,with noise,3d-high-weak,3,high,weak,3,2,22859.6700826,144.0741599802806
"(3,2)-Two-layer MoM",mom,aic,out of sample,with noise,3d-low-ind,3,low,ind,3,2,20620.9829337,153.03707479362
"(3,2)-Two-layer MoM",mom,aic,out of sample,with noise,3d-low-strong,3,low,strong,3,2,19285.3637842,171.466218939345
"(3,2)-Two-layer MoM",mom,aic,out of sample,with noise,3d-low-weak,3,low,weak,3,2,20491.8663308,158.8124714573839
"(3,2)-Two-layer MoM",mom,ari,in sample,no noise,2d-high-ind,2,high,ind,3,2,0.329778,0.02227519179933069
"(3,2)-Two-layer MoM",mom,ari,in sample,no noise,2d-high-strong,2,high,strong,3,2,0.1180166,0.03932964086982609
"(3,2)-Two-layer MoM",mom,ari,in sample,no noise,2d-high-weak,2,high,weak,3,2,0.2933354,0.01624142573604282
"(3,2)-Two-layer MoM",mom,ari,in sample,no noise,2d-low-ind,2,low,ind,3,2,0.0163128,0.003080480770558027
"(3,2)-Two-layer MoM",mom,ari,in sample,no noise,2d-low-strong,2,low,strong,3,2,0.0021689,0.0007210778898512444
"(3,2)-Two-layer MoM",mom,ari,in sample,no noise,2d-low-weak,2,low,weak,3,2,0.0012975,0.0009022344596622433
"(3,2)-Two-layer MoM",mom,ari,in sample,no noise,3d-high-ind,3,high,ind,3,2,0.4343673,0.02072955153344562
"(3,2)-Two-layer MoM",mom,ari,in sample,no noise,3d-high-strong,3,high,strong,3,2,0.0129806,0.003866868547498915
"(3,2)-Two-layer MoM",mom,ari,in sample,no noise,3d-high-weak,3,high,weak,3,2,0.3461348,0.02745354631026929
"(3,2)-Two-layer MoM",mom,ari,in sample,no noise,3d-low-ind,3,low,ind,3,2,0.0212342,0.00600567529235237
"(3,2)-Two-layer MoM",mom,ari,in sample,no noise,3d-low-strong,3,low,strong,3,2,0.0007978,0.0005725462885437757
"(3,2)-Two-layer MoM",mom,ari,in sample,no noise,3d-low-weak,3,low,weak,3,2,0.0015547,0.0009620857550135538
"(3,2)-Two-layer MoM",mom,ari,in sample,with noise,2d-high-ind,2,high,ind,3,2,0.3206861,0.02256746764144074
"(3,2)-Two-layer MoM",mom,ari,in sample,with noise,2d-high-strong,2,high,strong,3,2,0.1188545,0.04093150616233382
"(3,2)-Two-layer MoM",mom,ari,in sample,with noise,2d-high-weak,2,high,weak,3,2,0.2888024,0.01526809931877838
"(3,2)-Two-layer MoM",mom,ari,in sample,with noise,2d-low-ind,2,low,ind,3,2,0.0159475,0.002972258731957393
"(3,2)-Two-layer MoM",mom,ari,in sample,with noise,2d-low-strong,2,low,strong,3,2,0.0019916,0.0007379725433561028
"(3,2)-Two-layer MoM",mom,ari,in sample,with noise,2d-low-weak,2,low,weak,3,2,0.0013652,0.0009567521659608132
"(3,2)-Two-layer MoM",mom,ari,in sample,with noise,3d-high-ind,3,high,ind,3,2,0.4216164,0.01907631952728489
"(3,2)-Two-layer MoM",mom,ari,in sample,with noise,3d-high-strong,3,high,strong,3,2,0.0131385,0.003967971105863764
"(3,2)-Two-layer MoM",mom,ari,in sample,with noise,3d-high-weak,3,high,weak,3,2,0.3377547,0.02206991917140439
"(3,2)-Two-layer MoM",mom,ari,in sample,with noise,3d-low-ind,3,low,ind,3,2,0.0192197,0.006047387524269209
"(3,2)-Two-layer MoM",mom,ari,in sample,with noise,3d-low-strong,3,low,strong,3,2,0.0007205,0.0005582482974592593
"(3,2)-Two-layer MoM",mom,ari,in sample,with noise,3d-low-weak,3,low,weak,3,2,0.0015772,0.001087443559431704
"(3,2)-Two-layer MoM",mom,ari,out of sample,no noise,2d-high-ind,2,high,ind,3,2,0.3325809,0.026749350151457
"(3,2)-Two-layer MoM",mom,ari,out of sample,no noise,2d-high-strong,2,high,strong,3,2,0.1169223,0.03890974770380474
"(3,2)-Two-layer MoM",mom,ari,out of sample,no noise,2d-high-weak,2,high,weak,3,2,0.2957008,0.020752270786299
"(3,2)-Two-layer MoM",mom,ari,out of sample,no noise,2d-low-ind,2,low,ind,3,2,0.0169076,0.004482431951744521
"(3,2)-Two-layer MoM",mom,ari,out of sample,no noise,2d-low-strong,2,low,strong,3,2,0.0021403,0.00187201261273054
"(3,2)-Two-layer MoM",mom,ari,out of sample,no noise,2d-low-weak,2,low,weak,3,2,0.0012056,0.001594707990748643
"(3,2)-Two-layer MoM",mom,ari,out of sample,no noise,3d-high-ind,3,high,ind,3,2,0.4360464000000001,0.02288345772417581
"(3,2)-Two-layer MoM",mom,ari,out of sample,no noise,3d-high-strong,3,high,strong,3,2,0.0127101,0.004092871727747887
"(3,2)-Two-layer MoM",mom,ari,out of sample,no noise,3d-high-weak,3,high,weak,3,2,0.3480319,0.02982639400232314
"(3,2)-Two-layer MoM",mom,ari,out of sample,no noise,3d-low-ind,3,low,ind,3,2,0.0217557,0.006979332296361186
"(3,2)-Two-layer MoM",mom,ari,out of sample,no noise,3d-low-strong,3,low,strong,3,2,0.0007266,0.00102957696520111
"(3,2)-Two-layer MoM",mom,ari,out of sample,no noise,3d-low-weak,3,low,weak,3,2,0.0014579,0.001656312866921982
"(3,2)-Two-layer MoM",mom,ari,out of sample,with noise,2d-high-ind,2,high,ind,3,2,0.3228667,0.02608734849742807
"(3,2)-Two-layer MoM",mom,ari,out of sample,with noise,2d-high-strong,2,high,strong,3,2,0.118149,0.0407761968468484
"(3,2)-Two-layer MoM",mom,ari,out of sample,with noise,2d-high-weak,2,high,weak,3,2,0.2909564,0.01939054541666004
"(3,2)-Two-layer MoM",mom,ari,out of sample,with noise,2d-low-ind,2,low,ind,3,2,0.0164136,0.00435712710464827
"(3,2)-Two-layer MoM",mom,ari,out of sample,with noise,2d-low-strong,2,low,strong,3,2,0.0020096,0.001692021634649277
"(3,2)-Two-layer MoM",mom,ari,out of sample,with noise,2d-low-weak,2,low,weak,3,2,0.0012666,0.001661832516570582
"(3,2)-Two-layer MoM",mom,ari,out of sample,with noise,3d-high-ind,3,high,ind,3,2,0.4228642,0.02237234797465366
"(3,2)-Two-layer MoM",mom,ari,out of sample,with noise,3d-high-strong,3,high,strong,3,2,0.012578,0.004085167058883872
"(3,2)-Two-layer MoM",mom,ari,out of sample,with noise,3d-high-weak,3,high,weak,3,2,0.3391521,0.02348521173617409
"(3,2)-Two-layer MoM",mom,ari,out of sample,with noise,3d-low-ind,3,low,ind,3,2,0.0195933,0.006773883307277004
"(3,2)-Two-layer MoM",mom,ari,out of sample,with noise,3d-low-strong,3,low,strong,3,2,0.0007034,0.001042578602031588
"(3,2)-Two-layer MoM",mom,ari,out of sample,with noise,3d-low-weak,3,low,weak,3,2,0.0014544,0.001498147219371011
"(3,2)-Two-layer MoM",mom,avg_ll,in sample,no noise,2d-high-ind,2,high,ind,3,2,-3.8644142,0.01419398664679143
"(3,2)-Two-layer MoM",mom,avg_ll,in sample,no noise,2d-high-strong,2,high,strong,3,2,-3.8490328,0.01407833359916198
"(3,2)-Two-layer MoM",mom,avg_ll,in sample,no noise,2d-high-weak,2,high,weak,3,2,-3.8989706,0.01403580377161043
"(3,2)-Two-layer MoM",mom,avg_ll,in sample,no noise,2d-low-ind,2,low,ind,3,2,-3.4299085,0.01493957691279555
"(3,2)-Two-layer MoM",mom,avg_ll,in sample,no noise,2d-low-strong,2,low,strong,3,2,-3.0555963,0.01643731033412105
"(3,2)-Two-layer MoM",mom,avg_ll,in sample,no noise,2d-low-weak,2,low,weak,3,2,-3.4011473,0.0148862343607927
"(3,2)-Two-layer MoM",mom,avg_ll,in sample,no noise,3d-high-ind,3,high,ind,3,2,-5.585174500000001,0.01545742143843054
"(3,2)-Two-layer MoM",mom,avg_ll,in sample,no noise,3d-high-strong,3,high,strong,3,2,-5.4490994,0.01874485512282652
"(3,2)-Two-layer MoM",mom,avg_ll,in sample,no noise,3d-high-weak,3,high,weak,3,2,-5.621513,0.01565067484910225
"(3,2)-Two-layer MoM",mom,avg_ll,in sample,no noise,3d-low-ind,3,low,ind,3,2,-5.073181399999999,0.01593696972704684
"(3,2)-Two-layer MoM",mom,avg_ll,in sample,no noise,3d-low-strong,3,low,strong,3,2,-4.7201127,0.02058200144654192
"(3,2)-Two-layer MoM",mom,avg_ll,in sample,no noise,3d-low-weak,3,low,weak,3,2,-5.0376911,0.01612540312830988
"(3,2)-Two-layer MoM",mom,avg_ll,in sample,with noise,2d-high-ind,2,high,ind,3,2,-3.8990155,0.01420640034838474
"(3,2)-Two-layer MoM",mom,avg_ll,in sample,with noise,2d-high-strong,2,high,strong,3,2,-3.8855561,0.01453797089581894
"(3,2)-Two-layer MoM",mom,avg_ll,in sample,with noise,2d-high-weak,2,high,weak,3,2,-3.932784,0.0139954575603383
"(3,2)-Two-layer MoM",mom,avg_ll,in sample,with noise,2d-low-ind,2,low,ind,3,2,-3.4612331,0.01487333093564496
"(3,2)-Two-layer MoM",mom,avg_ll,in sample,with noise,2d-low-strong,2,low,strong,3,2,-3.1090372,0.0170375056907288
"(3,2)-Two-layer MoM",mom,avg_ll,in sample,with noise,2d-low-weak,2,low,weak,3,2,-3.4343897,0.01485014270277993
"(3,2)-Two-layer MoM",mom,avg_ll,in sample,with noise,3d-high-ind,3,high,ind,3,2,-5.648751,0.01572003453744909
"(3,2)-Two-layer MoM",mom,avg_ll,in sample,with noise,3d-high-strong,3,high,strong,3,2,-5.5227022,0.01955784632025884
"(3,2)-Two-layer MoM",mom,avg_ll,in sample,with noise,3d-high-weak,3,high,weak,3,2,-5.6838734,0.01647065392898793
"(3,2)-Two-layer MoM",mom,avg_ll,in sample,with noise,3d-low-ind,3,low,ind,3,2,-5.126838299999999,0.01634390672329594
"(3,2)-Two-layer MoM",mom,avg_ll,in sample,with noise,3d-low-strong,3,low,strong,3,2,-4.7925284,0.02056337612888937
"(3,2)-Two-layer MoM",mom,avg_ll,in sample,with noise,3d-low-weak,3,low,weak,3,2,-5.0940166,0.01719888064363299
"(3,2)-Two-layer MoM",mom,avg_ll,out of sample,no noise,2d-high-ind,2,high,ind,3,2,-3.871947,0.02407404589716049
"(3,2)-Two-layer MoM",mom,avg_ll,out of sample,no noise,2d-high-strong,2,high,strong,3,2,-3.8516734,0.02349334662831115
"(3,2)-Two-layer MoM",mom,avg_ll,out of sample,no noise,2d-high-weak,2,high,weak,3,2,-3.9025533,0.02616539503009284
"(3,2)-Two-layer MoM",mom,avg_ll,out of sample,no noise,2d-low-ind,2,low,ind,3,2,-3.4354287,0.02587827506838807
"(3,2)-Two-layer MoM",mom,avg_ll,out of sample,no noise,2d-low-strong,2,low,strong,3,2,-3.0556677,0.02738390144396757
"(3,2)-Two-layer MoM",mom,avg_ll,out of sample,no noise,2d-low-weak,2,low,weak,3,2,-3.4051599,0.02748090255141574
"(3,2)-Two-layer MoM",mom,avg_ll,out of sample,no noise,3d-high-ind,3,high,ind,3,2,-5.5899448,0.03700486635975099
"(3,2)-Two-layer MoM",mom,avg_ll,out of sample,no noise,3d-high-strong,3,high,strong,3,2,-5.4535216,0.0389743979348476
"(3,2)-Two-layer MoM",mom,avg_ll,out of sample,no noise,3d-high-weak,3,high,weak,3,2,-5.6273142,0.03745555899133703
"(3,2)-Two-layer MoM",mom,avg_ll,out of sample,no noise,3d-low-ind,3,low,ind,3,2,-5.0759306,0.03877185990958502
"(3,2)-Two-layer MoM",mom,avg_ll,out of sample,no noise,3d-low-strong,3,low,strong,3,2,-4.7250661,0.04523342732164602
"(3,2)-Two-layer MoM",mom,avg_ll,out of sample,no noise,3d-low-weak,3,low,weak,3,2,-5.041393,0.04017838077645961
"(3,2)-Two-layer MoM",mom,avg_ll,out of sample,with noise,2d-high-ind,2,high,ind,3,2,-3.9070077,0.02353261982157253
"(3,2)-Two-layer MoM",mom,avg_ll,out of sample,with noise,2d-high-strong,2,high,strong,3,2,-3.8873451,0.02380736744023465
"(3,2)-Two-layer MoM",mom,avg_ll,out of sample,with noise,2d-high-weak,2,high,weak,3,2,-3.9361694,0.02640110553317298
"(3,2)-Two-layer MoM",mom,avg_ll,out of sample,with noise,2d-low-ind,2,low,ind,3,2,-3.4671879,0.02614282261603235
"(3,2)-Two-layer MoM",mom,avg_ll,out of sample,with noise,2d-low-strong,2,low,strong,3,2,-3.1090269,0.02728334659465445
"(3,2)-Two-layer MoM",mom,avg_ll,out of sample,with noise,2d-low-weak,2,low,weak,3,2,-3.438013,0.02773583221915088
"(3,2)-Two-layer MoM",mom,avg_ll,out of sample,with noise,3d-high-ind,3,high,ind,3,2,-5.6538572,0.03612513322697471
"(3,2)-Two-layer MoM",mom,avg_ll,out of sample,with noise,3d-high-strong,3,high,strong,3,2,-5.5266602,0.03812740616629598
"(3,2)-Two-layer MoM",mom,avg_ll,out of sample,with noise,3d-high-weak,3,high,weak,3,2,-5.689918199999999,0.03601799943911321
"(3,2)-Two-layer MoM",mom,avg_ll,out of sample,with noise,3d-low-ind,3,low,ind,3,2,-5.130245599999999,0.03825925995577583
"(3,2)-Two-layer MoM",mom,avg_ll,out of sample,with noise,3d-low-strong,3,low,strong,3,2,-4.7963411,0.0428664847042418
"(3,2)-Two-layer MoM",mom,avg_ll,out of sample,with noise,3d-low-weak,3,low,weak,3,2,-5.097966400000001,0.03970362997729229
"(3,2)-Two-layer MoM",mom,bic,in sample,no noise,2d-high-ind,2,high,ind,3,2,62118.21292019999,227.1024410918576
"(3,2)-Two-layer MoM",mom,bic,in sample,no noise,2d-high-strong,2,high,strong,3,2,61872.1197134,225.2502369378068
"(3,2)-Two-layer MoM",mom,bic,in sample,no noise,2d-high-weak,2,high,weak,3,2,62671.1270307,224.5676962967617
"(3,2)-Two-layer MoM",mom,bic,in sample,no noise,2d-low-ind,2,low,ind,3,2,55166.1263908,239.0271464198755
"(3,2)-Two-layer MoM",mom,bic,in sample,no noise,2d-low-strong,2,low,strong,3,2,49177.130974,262.9929835468093
"(3,2)-Two-layer MoM",mom,bic,in sample,no noise,2d-low-weak,2,low,weak,3,2,54705.94671020001,238.1777864108563
"(3,2)-Two-layer MoM",mom,bic,in sample,no noise,3d-high-ind,3,high,ind,3,2,89812.1545809,247.3241006402093
"(3,2)-Two-layer MoM",mom,bic,in sample,no noise,3d-high-strong,3,high,strong,3,2,87634.9440491,299.9263067303612
"(3,2)-Two-layer MoM",mom,bic,in sample,no noise,3d-high-weak,3,high,weak,3,2,90393.5630671,250.4165783000501
"(3,2)-Two-layer MoM",mom,bic,in sample,no noise,3d-low-ind,3,low,ind,3,2,81620.262194,254.9898925887749
"(3,2)-Two-layer MoM",mom,bic,in sample,no noise,3d-low-strong,3,low,strong,3,2,75971.16292860001,329.311234717686
"(3,2)-Two-layer MoM",mom,bic,in sample,no noise,3d-low-weak,3,low,weak,3,2,81052.4102253,258.0000696240668
"(3,2)-Two-layer MoM",mom,bic,in sample,with noise,2d-high-ind,2,high,ind,3,2,62671.8347918,227.3024696482528
"(3,2)-Two-layer MoM",mom,bic,in sample,with noise,2d-high-strong,2,high,strong,3,2,62456.48731890001,232.6068291875337
"(3,2)-Two-layer MoM",mom,bic,in sample,with noise,2d-high-weak,2,high,weak,3,2,63212.1326805,223.9223722433186
"(3,2)-Two-layer MoM",mom,bic,in sample,with noise,2d-low-ind,2,low,ind,3,2,55667.3133079,237.9792188088765
"(3,2)-Two-layer MoM",mom,bic,in sample,with noise,2d-low-strong,2,low,strong,3,2,50032.1774559,272.598194665414
"(3,2)-Two-layer MoM",mom,bic,in sample,with noise,2d-low-weak,2,low,weak,3,2,55237.8217059,237.5995959130619
"(3,2)-Two-layer MoM",mom,bic,in sample,with noise,3d-high-ind,3,high,ind,3,2,90829.37944280001,251.5211204397307
"(3,2)-Two-layer MoM",mom,bic,in sample,with noise,3d-high-strong,3,high,strong,3,2,88812.59282430001,312.9291472526987
"(3,2)-Two-layer MoM",mom,bic,in sample,with noise,3d-high-weak,3,high,weak,3,2,91391.33161699999,263.52619659501
"(3,2)-Two-layer MoM",mom,bic,in sample,with noise,3d-low-ind,3,low,ind,3,2,82478.7663764,261.5114045951745
"(3,2)-Two-layer MoM",mom,bic,in sample,with noise,3d-low-strong,3,low,strong,3,2,77129.8152458,329.0119347330823
"(3,2)-Two-layer MoM",mom,bic,in sample,with noise,3d-low-weak,3,low,weak,3,2,81953.6185845,275.1859232790369
"(3,2)-Two-layer MoM",mom,bic,out of sample,no noise,2d-high-ind,2,high,ind,3,2,15731.0156281,96.2977195480523
"(3,2)-Two-layer MoM",mom,bic,out of sample,no noise,2d-high-strong,2,high,strong,3,2,15649.9219493,93.97009965452679
"(3,2)-Two-layer MoM",mom,bic,out of sample,no noise,2d-high-weak,2,high,weak,3,2,15853.4433744,104.6604890142571
"(3,2)-Two-layer MoM",mom,bic,out of sample,no noise,2d-low-ind,2,low,ind,3,2,13984.9440161,103.5138714123244
"(3,2)-Two-layer MoM",mom,bic,out of sample,no noise,2d-low-strong,2,low,strong,3,2,12465.8983211,109.5356559299552
"(3,2)-Two-layer MoM",mom,bic,out of sample,no noise,2d-low-weak,2,low,weak,3,2,13863.8684035,109.9236900556405
"(3,2)-Two-layer MoM",mom,bic,out of sample,no noise,3d-high-ind,3,high,ind,3,2,22739.8227278,148.0209962867214
"(3,2)-Two-layer MoM",mom,bic,out of sample,no noise,3d-high-strong,3,high,strong,3,2,22194.1316863,155.8975856620918
"(3,2)-Two-layer MoM",mom,bic,out of sample,no noise,3d-high-weak,3,high,weak,3,2,22889.303241,149.8217517083553
"(3,2)-Two-layer MoM",mom,bic,out of sample,no noise,3d-low-ind,3,low,ind,3,2,20683.7675944,155.0879764579748
"(3,2)-Two-layer MoM",mom,bic,out of sample,no noise,3d-low-strong,3,low,strong,3,2,19280.3085768,180.9351092010146
"(3,2)-Two-layer MoM",mom,bic,out of sample,no noise,3d-low-weak,3,low,weak,3,2,20545.6185039,160.7167503874327
"(3,2)-Two-layer MoM",mom,bic,out of sample,with noise,2d-high-ind,2,high,ind,3,2,15871.2608962,94.1301594695001
"(3,2)-Two-layer MoM",mom,bic,out of sample,with noise,2d-high-strong,2,high,strong,3,2,15792.6085702,95.22977516172871
"(3,2)-Two-layer MoM",mom,bic,out of sample,with noise,2d-high-weak,2,high,weak,3,2,15987.9068624,105.603983690387
"(3,2)-Two-layer MoM",mom,bic,out of sample,with noise,2d-low-ind,2,low,ind,3,2,14111.9795723,104.5707870890232
"(3,2)-Two-layer MoM",mom,bic,out of sample,with noise,2d-low-strong,2,low,strong,3,2,12679.3385158,109.1331199266249
"(3,2)-Two-layer MoM",mom,bic,out of sample,with noise,2d-low-weak,2,low,weak,3,2,13995.2823713,110.9452225359354
"(3,2)-Two-layer MoM",mom,bic,out of sample,with noise,3d-high-ind,3,high,ind,3,2,22995.4736739,144.5022783318845
"(3,2)-Two-layer MoM",mom,bic,out of sample,with noise,3d-high-strong,3,high,strong,3,2,22486.6848381,152.5090156590808
"(3,2)-Two-layer MoM",mom,bic,out of sample,with noise,3d-high-weak,3,high,weak,3,2,23139.7152058,144.0741605554335
"(3,2)-Two-layer MoM",mom,bic,out of sample,with noise,3d-low-ind,3,low,ind,3,2,20901.0280563,153.0370751646834
"(3,2)-Two-layer MoM",mom,bic,out of sample,with noise,3d-low-strong,3,low,strong,3,2,19565.4089068,171.4662189404254
"(3,2)-Two-layer MoM",mom,bic,out of sample,with noise,3d-low-weak,3,low,weak,3,2,20771.911454,158.8124718827832
"(3,2)-Two-layer MoM",mom,em_iters,training,no noise,2d-high-ind,2,high,ind,3,2,30.37,5.821685340347778
"(3,2)-Two-layer MoM",mom,em_iters,training,no noise,2d-high-strong,2,high,strong,3,2,45.33,11.96632902368267
"(3,2)-Two-layer MoM",mom,em_iters,training,no noise,2d-high-weak,2,high,weak,3,2,25.46,7.912935324804915
"(3,2)-Two-layer MoM",mom,em_iters,training,no noise,2d-low-ind,2,low,ind,3,2,23.67,1.764149149653232
"(3,2)-Two-layer MoM",mom,em_iters,training,no noise,2d-low-strong,2,low,strong,3,2,48.86,16.41385224298505
"(3,2)-Two-layer MoM",mom,em_iters,training,no noise,2d-low-weak,2,low,weak,3,2,28.95,5.437198848040349
"(3,2)-Two-layer MoM",mom,em_iters,training,no noise,3d-high-ind,3,high,ind,3,2,28.6,6.440089089038088
"(3,2)-Two-layer MoM",mom,em_iters,training,no noise,3d-high-strong,3,high,strong,3,2,49.84,16.47999705795796
"(3,2)-Two-layer MoM",mom,em_iters,training,no noise,3d-high-weak,3,high,weak,3,2,35.96,18.02799170314001
"(3,2)-Two-layer MoM",mom,em_iters,training,no noise,3d-low-ind,3,low,ind,3,2,30.81,7.334290571133527
"(3,2)-Two-layer MoM",mom,em_iters,training,no noise,3d-low-strong,3,low,strong,3,2,63.49,23.68074485246773
"(3,2)-Two-layer MoM",mom,em_iters,training,no noise,3d-low-weak,3,low,weak,3,2,57.02,17.21050888735182
"(3,2)-Two-layer MoM",mom,em_iters,training,with noise,2d-high-ind,2,high,ind,3,2,29.77,5.854903841217119
"(3,2)-Two-layer MoM",mom,em_iters,training,with noise,2d-high-strong,2,high,strong,3,2,44.81,9.329755807862467
"(3,2)-Two-layer MoM",mom,em_iters,training,with noise,2d-high-weak,2,high,weak,3,2,24.49,7.26065222325589
"(3,2)-Two-layer MoM",mom,em_iters,training,with noise,2d-low-ind,2,low,ind,3,2,23.67,2.030350519571247
"(3,2)-Two-layer MoM",mom,em_iters,training,with noise,2d-low-strong,2,low,strong,3,2,47.64,17.30622588970381
"(3,2)-Two-layer MoM",mom,em_iters,training,with noise,2d-low-weak,2,low,weak,3,2,28.19,4.044437506931557
"(3,2)-Two-layer MoM",mom,em_iters,training,with noise,3d-high-ind,3,high,ind,3,2,29.94,6.263280839040101
"(3,2)-Two-layer MoM",mom,em_iters,training,with noise,3d-high-strong,3,high,strong,3,2,50.09,17.66643510425715
"(3,2)-Two-layer MoM",mom,em_iters,training,with noise,3d-high-weak,3,high,weak,3,2,35.52,17.7988082679031
"(3,2)-Two-layer MoM",mom,em_iters,training,with noise,3d-low-ind,3,low,ind,3,2,28.54,6.094243019423986
"(3,2)-Two-layer MoM",mom,em_iters,training,with noise,3d-low-strong,3,low,strong,3,2,63.37,23.06628787567771
"(3,2)-Two-layer MoM",mom,em_iters,training,with noise,3d-low-weak,3,low,weak,3,2,51.38,17.08669516071354
"(3,2)-Two-layer MoM",mom,gmpd,in sample,no noise,2d-high-ind,2,high,ind,3,2,0.0209779,0.0002979061441244044
"(3,2)-Two-layer MoM",mom,gmpd,in sample,no noise,2d-high-strong,2,high,strong,3,2,0.0213027,0.0002990282409554133
"(3,2)-Two-layer MoM",mom,gmpd,in sample,no noise,2d-high-weak,2,high,weak,3,2,0.0202647,0.0002833010855088721
"(3,2)-Two-layer MoM",mom,gmpd,in sample,no noise,2d-low-ind,2,low,ind,3,2,0.0323939,0.000482949471393428
"(3,2)-Two-layer MoM",mom,gmpd,in sample,no noise,2d-low-strong,2,low,strong,3,2,0.0471008,0.0007730441988226372
"(3,2)-Two-layer MoM",mom,gmpd,in sample,no noise,2d-low-weak,2,low,weak,3,2,0.0333389,0.0004950949199880552
"(3,2)-Two-layer MoM",mom,gmpd,in sample,no noise,3d-high-ind,3,high,ind,3,2,0.003753,5.77787490205857e-05
"(3,2)-Two-layer MoM",mom,gmpd,in sample,no noise,3d-high-strong,3,high,strong,3,2,0.0043008,8.043668694110048e-05
"(3,2)-Two-layer MoM",mom,gmpd,in sample,no noise,3d-high-weak,3,high,weak,3,2,0.0036195,5.648589705100351e-05
"(3,2)-Two-layer MoM",mom,gmpd,in sample,no noise,3d-low-ind,3,low,ind,3,2,0.0062633,9.962611924773366e-05
"(3,2)-Two-layer MoM",mom,gmpd,in sample,no noise,3d-low-strong,3,low,strong,3,2,0.0089154,0.0001842287774052753
"(3,2)-Two-layer MoM",mom,gmpd,in sample,no noise,3d-low-weak,3,low,weak,3,2,0.0064896,0.0001042328395875544
"(3,2)-Two-layer MoM",mom,gmpd,in sample,with noise,2d-high-ind,2,high,ind,3,2,0.0202636,0.0002865733463326324
"(3,2)-Two-layer MoM",mom,gmpd,in sample,with noise,2d-high-strong,2,high,strong,3,2,0.0205386,0.0002976847359543346
"(3,2)-Two-layer MoM",mom,gmpd,in sample,with noise,2d-high-weak,2,high,weak,3,2,0.0195911,0.0002736616468738302
"(3,2)-Two-layer MoM",mom,gmpd,in sample,with noise,2d-low-ind,2,low,ind,3,2,0.0313943,0.0004653493420012653
"(3,2)-Two-layer MoM",mom,gmpd,in sample,with noise,2d-low-strong,2,low,strong,3,2,0.0446503,0.0007606768052334727
"(3,2)-Two-layer MoM",mom,gmpd,in sample,with noise,2d-low-weak,2,low,weak,3,2,0.0322487,0.000478152283337229
"(3,2)-Two-layer MoM",mom,gmpd,in sample,with noise,3d-high-ind,3,high,ind,3,2,0.0035228,5.567002348797343e-05
"(3,2)-Two-layer MoM",mom,gmpd,in sample,with noise,3d-high-strong,3,high,strong,3,2,0.0039959,7.790300884997176e-05
"(3,2)-Two-layer MoM",mom,gmpd,in sample,with noise,3d-high-weak,3,high,weak,3,2,0.0034008,5.622250169611529e-05
"(3,2)-Two-layer MoM",mom,gmpd,in sample,with noise,3d-low-ind,3,low,ind,3,2,0.005936,9.679719505077063e-05
"(3,2)-Two-layer MoM",mom,gmpd,in sample,with noise,3d-low-strong,3,low,strong,3,2,0.0082931,0.0001708841831194569
"(3,2)-Two-layer MoM",mom,gmpd,in sample,with noise,3d-low-weak,3,low,weak,3,2,0.0061337,0.0001053963658737527
"(3,2)-Two-layer MoM",mom,gmpd,out of sample,no noise,2d-high-ind,2,high,ind,3,2,0.0208235,0.000501892126926402
"(3,2)-Two-layer MoM",mom,gmpd,out of sample,no noise,2d-high-strong,2,high,strong,3,2,0.0212503,0.0004983821401051182
"(3,2)-Two-layer MoM",mom,gmpd,out of sample,no noise,2d-high-weak,2,high,weak,3,2,0.0201973,0.0005316067791862391
"(3,2)-Two-layer MoM",mom,gmpd,out of sample,no noise,2d-low-ind,2,low,ind,3,2,0.03222240000000001,0.0008375193288889673
"(3,2)-Two-layer MoM",mom,gmpd,out of sample,no noise,2d-low-strong,2,low,strong,3,2,0.0471089,0.001293187194961395
"(3,2)-Two-layer MoM",mom,gmpd,out of sample,no noise,2d-low-weak,2,low,weak,3,2,0.033214,0.0009182977224575418
"(3,2)-Two-layer MoM",mom,gmpd,out of sample,no noise,3d-high-ind,3,high,ind,3,2,0.0037376,0.0001393572547248418
"(3,2)-Two-layer MoM",mom,gmpd,out of sample,no noise,3d-high-strong,3,high,strong,3,2,0.004285,0.0001676245202766582
"(3,2)-Two-layer MoM",mom,gmpd,out of sample,no noise,3d-high-weak,3,high,weak,3,2,0.0036011,0.0001356085796278645
"(3,2)-Two-layer MoM",mom,gmpd,out of sample,no noise,3d-low-ind,3,low,ind,3,2,0.0062498,0.000243314569637701
"(3,2)-Two-layer MoM",mom,gmpd,out of sample,no noise,3d-low-strong,3,low,strong,3,2,0.0088789,0.0004045845730717827
"(3,2)-Two-layer MoM",mom,gmpd,out of sample,no noise,3d-low-weak,3,low,weak,3,2,0.006470200000000001,0.000261336811974374
"(3,2)-Two-layer MoM",mom,gmpd,out of sample,with noise,2d-high-ind,2,high,ind,3,2,0.0201062,0.0004752155916906125
"(3,2)-Two-layer MoM",mom,gmpd,out of sample,with noise,2d-high-strong,2,high,strong,3,2,0.0205058,0.000488345340632192
"(3,2)-Two-layer MoM",mom,gmpd,out of sample,with noise,2d-high-weak,2,high,weak,3,2,0.0195295,0.0005172194013094531
"(3,2)-Two-layer MoM",mom,gmpd,out of sample,with noise,2d-low-ind,2,low,ind,3,2,0.031215,0.000820168127627353
"(3,2)-Two-layer MoM",mom,gmpd,out of sample,with noise,2d-low-strong,2,low,strong,3,2,0.0446611,0.001220208539057106
"(3,2)-Two-layer MoM",mom,gmpd,out of sample,with noise,2d-low-weak,2,low,weak,3,2,0.0321407,0.000894117989863743
"(3,2)-Two-layer MoM",mom,gmpd,out of sample,with noise,3d-high-ind,3,high,ind,3,2,0.003506,0.0001273744182488871
"(3,2)-Two-layer MoM",mom,gmpd,out of sample,with noise,3d-high-strong,3,high,strong,3,2,0.0039817,0.0001528784755380177
"(3,2)-Two-layer MoM",mom,gmpd,out of sample,with noise,3d-high-weak,3,high,weak,3,2,0.0033825,0.0001226506494812882
"(3,2)-Two-layer MoM",mom,gmpd,out of sample,with noise,3d-low-ind,3,low,ind,3,2,0.005919600000000001,0.0002268355876805574
"(3,2)-Two-layer MoM",mom,gmpd,out of sample,with noise,3d-low-strong,3,low,strong,3,2,0.0082679,0.0003566066078009111
"(3,2)-Two-layer MoM",mom,gmpd,out of sample,with noise,3d-low-weak,3,low,weak,3,2,0.0061139,0.000243633666877884
"(3,2)-Two-layer MoM",mom,training_time,training,no noise,2d-high-ind,2,high,ind,3,2,1340.2089,182.0522041396673
"(3,2)-Two-layer MoM",mom,training_time,training,no noise,2d-high-strong,2,high,strong,3,2,1717.8987,344.9530014588432
"(3,2)-Two-layer MoM",mom,training_time,training,no noise,2d-high-weak,2,high,weak,3,2,1255.01,236.8969191718864
"(3,2)-Two-layer MoM",mom,training_time,training,no noise,2d-low-ind,2,low,ind,3,2,1147.0585,85.75355305387426
"(3,2)-Two-layer MoM",mom,training_time,training,no noise,2d-low-strong,2,low,strong,3,2,1837.6242,443.423117404639
"(3,2)-Two-layer MoM",mom,training_time,training,no noise,2d-low-weak,2,low,weak,3,2,1306.7899,197.3752766158461
"(3,2)-Two-layer MoM",mom,training_time,training,no noise,3d-high-ind,3,high,ind,3,2,1374.8186,208.8362612241002
"(3,2)-Two-layer MoM",mom,training_time,training,no noise,3d-high-strong,3,high,strong,3,2,2028.4799,492.3709434650635
"(3,2)-Two-layer MoM",mom,training_time,training,no noise,3d-high-weak,3,high,weak,3,2,1610.8104,570.0193845151855
"(3,2)-Two-layer MoM",mom,training_time,training,no noise,3d-low-ind,3,low,ind,3,2,1448.8243,226.6516189267822
"(3,2)-Two-layer MoM",mom,training_time,training,no noise,3d-low-strong,3,low,strong,3,2,2390.3063,696.0013087684416
"(3,2)-Two-layer MoM",mom,training_time,training,no noise,3d-low-weak,3,low,weak,3,2,2225.6777,507.2735613434736
"(3,2)-Two-layer MoM",mom,training_time,training,with noise,2d-high-ind,2,high,ind,3,2,1322.2927,216.7347825648768
"(3,2)-Two-layer MoM",mom,training_time,training,with noise,2d-high-strong,2,high,strong,3,2,1710.6813,267.8885525270921
"(3,2)-Two-layer MoM",mom,training_time,training,with noise,2d-high-weak,2,high,weak,3,2,1231.0645,216.1893652921069
"(3,2)-Two-layer MoM",mom,training_time,training,with noise,2d-low-ind,2,low,ind,3,2,1130.7047,95.3648508237514
"(3,2)-Two-layer MoM",mom,training_time,training,with noise,2d-low-strong,2,low,strong,3,2,1789.9735,471.672682440221
"(3,2)-Two-layer MoM",mom,training_time,training,with noise,2d-low-weak,2,low,weak,3,2,1274.0093,145.3064786785837
"(3,2)-Two-layer MoM",mom,training_time,training,with noise,3d-high-ind,3,high,ind,3,2,1409.1157,204.6313701982227
"(3,2)-Two-layer MoM",mom,training_time,training,with noise,3d-high-strong,3,high,strong,3,2,2020.6403,532.685680343806
"(3,2)-Two-layer MoM",mom,training_time,training,with noise,3d-high-weak,3,high,weak,3,2,1580.432,525.6902696301677
"(3,2)-Two-layer MoM",mom,training_time,training,with noise,3d-low-ind,3,low,ind,3,2,1368.0611,185.7632268515298
"(3,2)-Two-layer MoM",mom,training_time,training,with noise,3d-low-strong,3,low,strong,3,2,2395.3067,704.0290445484388
"(3,2)-Two-layer MoM",mom,training_time,training,with noise,3d-low-weak,3,low,weak,3,2,2051.222,494.1399032396973
"(4,1)-Isolated Two-layer MoM",isomom,aic,in sample,no noise,2d-high-ind,2,high,ind,4,1,62094.0661376,226.430339263382
"(4,1)-Isolated Two-layer MoM",isomom,aic,in sample,no noise,2d-high-strong,2,high,strong,4,1,62439.9113413,230.3429350503995
"(4,1)-Isolated Two-layer MoM",isomom,aic,in sample,no noise,2d-high-weak,2,high,weak,4,1,62537.1823376,223.8361487783318
"(4,1)-Isolated Two-layer MoM",isomom,aic,in sample,no noise,2d-low-ind,2,low,ind,4,1,54986.2946401,239.5008445635895
"(4,1)-Isolated Two-layer MoM",isomom,aic,in sample,no noise,2d-low-strong,2,low,strong,4,1,52534.8628621,282.9719625200296
"(4,1)-Isolated Two-layer MoM",isomom,aic,in sample,no noise,2d-low-weak,2,low,weak,4,1,54757.8848886,233.9599616183027
"(4,1)-Isolated Two-layer MoM",isomom,aic,in sample,no noise,3d-high-ind,3,high,ind,4,1,89887.3305375,247.4259647858343
"(4,1)-Isolated Two-layer MoM",isomom,aic,in sample,no noise,3d-high-strong,3,high,strong,4,1,90620.6132982,309.1440786107739
"(4,1)-Isolated Two-layer MoM",isomom,aic,in sample,no noise,3d-high-weak,3,high,weak,4,1,90481.8865511,245.4597532541803
"(4,1)-Isolated Two-layer MoM",isomom,aic,in sample,no noise,3d-low-ind,3,low,ind,4,1,81433.88558609999,255.6317927893791
"(4,1)-Isolated Two-layer MoM",isomom,aic,in sample,no noise,3d-low-strong,3,low,strong,4,1,78591.3613591,414.0042436756357
"(4,1)-Isolated Two-layer MoM",isomom,aic,in sample,no noise,3d-low-weak,3,low,weak,4,1,81172.7896453,261.2905311146822
"(4,1)-Isolated Two-layer MoM",isomom,aic,in sample,with noise,2d-high-ind,2,high,ind,4,1,62640.1978459,226.40371539324
"(4,1)-Isolated Two-layer MoM",isomom,aic,in sample,with noise,2d-high-strong,2,high,strong,4,1,62994.3686522,237.4529994387873
"(4,1)-Isolated Two-layer MoM",isomom,aic,in sample,with noise,2d-high-weak,2,high,weak,4,1,63077.4027921,228.2303558587897
"(4,1)-Isolated Two-layer MoM",isomom,aic,in sample,with noise,2d-low-ind,2,low,ind,4,1,55483.47743870001,238.5053582371657
"(4,1)-Isolated Two-layer MoM",isomom,aic,in sample,with noise,2d-low-strong,2,low,strong,4,1,53156.3527471,294.8114767996752
"(4,1)-Isolated Two-layer MoM",isomom,aic,in sample,with noise,2d-low-weak,2,low,weak,4,1,55271.8625201,238.3161265856367
"(4,1)-Isolated Two-layer MoM",isomom,aic,in sample,with noise,3d-high-ind,3,high,ind,4,1,90899.5191145,249.1404345825546
"(4,1)-Isolated Two-layer MoM",isomom,aic,in sample,with noise,3d-high-strong,3,high,strong,4,1,91602.4027933,324.9748046014788
"(4,1)-Isolated Two-layer MoM",isomom,aic,in sample,with noise,3d-high-weak,3,high,weak,4,1,91469.072613,251.4857697129098
"(4,1)-Isolated Two-layer MoM",isomom,aic,in sample,with noise,3d-low-ind,3,low,ind,4,1,82279.05749630001,262.9820756310995
"(4,1)-Isolated Two-layer MoM",isomom,aic,in sample,with noise,3d-low-strong,3,low,strong,4,1,79552.9987476,405.3570676819263
"(4,1)-Isolated Two-layer MoM",isomom,aic,in sample,with noise,3d-low-weak,3,low,weak,4,1,82033.25428349999,266.3541520574751
"(4,1)-Isolated Two-layer MoM",isomom,aic,out of sample,no noise,2d-high-ind,2,high,ind,4,1,15596.2806331,96.12007739257618
"(4,1)-Isolated Two-layer MoM",isomom,aic,out of sample,no noise,2d-high-strong,2,high,strong,4,1,15661.5008118,97.63418134111228
"(4,1)-Isolated Two-layer MoM",isomom,aic,out of sample,no noise,2d-high-weak,2,high,weak,4,1,15693.6459699,104.3371066184097
"(4,1)-Isolated Two-layer MoM",isomom,aic,out of sample,no noise,2d-low-ind,2,low,ind,4,1,13810.4740231,105.1392556426019
"(4,1)-Isolated Two-layer MoM",isomom,aic,out of sample,no noise,2d-low-strong,2,low,strong,4,1,13183.9295534,116.1127753076829
"(4,1)-Isolated Two-layer MoM",isomom,aic,out of sample,no noise,2d-low-weak,2,low,weak,4,1,13748.4896115,110.4834144940884
"(4,1)-Isolated Two-layer MoM",isomom,aic,out of sample,no noise,3d-high-ind,3,high,ind,4,1,22562.003705,149.6347247643442
"(4,1)-Isolated Two-layer MoM",isomom,aic,out of sample,no noise,3d-high-strong,3,high,strong,4,1,22737.72652,158.8247013250932
"(4,1)-Isolated Two-layer MoM",isomom,aic,out of sample,no noise,3d-high-weak,3,high,weak,4,1,22713.6054564,145.0001407674129
"(4,1)-Isolated Two-layer MoM",isomom,aic,out of sample,no noise,3d-low-ind,3,low,ind,4,1,20440.68736,156.5302929218434
"(4,1)-Isolated Two-layer MoM",isomom,aic,out of sample,no noise,3d-low-strong,3,low,strong,4,1,19728.203756,185.8446002635462
"(4,1)-Isolated Two-layer MoM",isomom,aic,out of sample,no noise,3d-low-weak,3,low,weak,4,1,20377.038296,159.3635568993031
"(4,1)-Isolated Two-layer MoM",isomom,aic,out of sample,with noise,2d-high-ind,2,high,ind,4,1,15734.7237635,94.65569819914988
"(4,1)-Isolated Two-layer MoM",isomom,aic,out of sample,with noise,2d-high-strong,2,high,strong,4,1,15798.4381078,97.49449663543265
"(4,1)-Isolated Two-layer MoM",isomom,aic,out of sample,with noise,2d-high-weak,2,high,weak,4,1,15827.9048173,104.8132783562664
"(4,1)-Isolated Two-layer MoM",isomom,aic,out of sample,with noise,2d-low-ind,2,low,ind,4,1,13936.991697,105.7572638491118
"(4,1)-Isolated Two-layer MoM",isomom,aic,out of sample,with noise,2d-low-strong,2,low,strong,4,1,13337.6948027,111.6772289693464
"(4,1)-Isolated Two-layer MoM",isomom,aic,out of sample,with noise,2d-low-weak,2,low,weak,4,1,13876.951056,110.5091488056434
"(4,1)-Isolated Two-layer MoM",isomom,aic,out of sample,with noise,3d-high-ind,3,high,ind,4,1,22817.0402983,146.3229676530766
"(4,1)-Isolated Two-layer MoM",isomom,aic,out of sample,with noise,3d-high-strong,3,high,strong,4,1,22981.6482093,155.8515447748274
"(4,1)-Isolated Two-layer MoM",isomom,aic,out of sample,with noise,3d-high-weak,3,high,weak,4,1,22961.5082107,141.1699408234641
"(4,1)-Isolated Two-layer MoM",isomom,aic,out of sample,with noise,3d-low-ind,3,low,ind,4,1,20654.2687338,152.6700631204211
"(4,1)-Isolated Two-layer MoM",isomom,aic,out of sample,with noise,3d-low-strong,3,low,strong,4,1,19967.6192129,177.0221114226249
"(4,1)-Isolated Two-layer MoM",isomom,aic,out of sample,with noise,3d-low-weak,3,low,weak,4,1,20593.4039262,157.4002780790985
"(4,1)-Isolated Two-layer MoM",isomom,ari,in sample,no noise,2d-high-ind,2,high,ind,4,1,0.2215665,0.01784539435673739
"(4,1)-Isolated Two-layer MoM",isomom,ari,in sample,no noise,2d-high-strong,2,high,strong,4,1,0.224679,0.01798843907636347
"(4,1)-Isolated Two-layer MoM",isomom,ari,in sample,no noise,2d-high-weak,2,high,weak,4,1,0.2237215,0.01833779831992441
"(4,1)-Isolated Two-layer MoM",isomom,ari,in sample,no noise,2d-low-ind,2,low,ind,4,1,0.0101329,0.001765347303226791
"(4,1)-Isolated Two-layer MoM",isomom,ari,in sample,no noise,2d-low-strong,2,low,strong,4,1,0.0101211,0.001635690256791186
"(4,1)-Isolated Two-layer MoM",isomom,ari,in sample,no noise,2d-low-weak,2,low,weak,4,1,0.0101435,0.001728443203895028
"(4,1)-Isolated Two-layer MoM",isomom,ari,in sample,no noise,3d-high-ind,3,high,ind,4,1,0.3016551,0.03050819765624189
"(4,1)-Isolated Two-layer MoM",isomom,ari,in sample,no noise,3d-high-strong,3,high,strong,4,1,0.3059123,0.02920809631961935
"(4,1)-Isolated Two-layer MoM",isomom,ari,in sample,no noise,3d-high-weak,3,high,weak,4,1,0.3026574,0.03062294332389006
"(4,1)-Isolated Two-layer MoM",isomom,ari,in sample,no noise,3d-low-ind,3,low,ind,4,1,0.01248,0.002590621391079598
"(4,1)-Isolated Two-layer MoM",isomom,ari,in sample,no noise,3d-low-strong,3,low,strong,4,1,0.0118884,0.002235250520386672
"(4,1)-Isolated Two-layer MoM",isomom,ari,in sample,no noise,3d-low-weak,3,low,weak,4,1,0.0119867,0.002658250375831076
"(4,1)-Isolated Two-layer MoM",isomom,ari,in sample,with noise,2d-high-ind,2,high,ind,4,1,0.2171363,0.01604138446221668
"(4,1)-Isolated Two-layer MoM",isomom,ari,in sample,with noise,2d-high-strong,2,high,strong,4,1,0.2192328,0.0183034341360226
"(4,1)-Isolated Two-layer MoM",isomom,ari,in sample,with noise,2d-high-weak,2,high,weak,4,1,0.217288,0.01724922806060807
"(4,1)-Isolated Two-layer MoM",isomom,ari,in sample,with noise,2d-low-ind,2,low,ind,4,1,0.0099758,0.001643209584129102
"(4,1)-Isolated Two-layer MoM",isomom,ari,in sample,with noise,2d-low-strong,2,low,strong,4,1,0.009748,0.001661921730522782
"(4,1)-Isolated Two-layer MoM",isomom,ari,in sample,with noise,2d-low-weak,2,low,weak,4,1,0.009754800000000001,0.001700042471246058
"(4,1)-Isolated Two-layer MoM",isomom,ari,in sample,with noise,3d-high-ind,3,high,ind,4,1,0.2900003,0.028677367152125
"(4,1)-Isolated Two-layer MoM",isomom,ari,in sample,with noise,3d-high-strong,3,high,strong,4,1,0.291407,0.0273560355647192
"(4,1)-Isolated Two-layer MoM",isomom,ari,in sample,with noise,3d-high-weak,3,high,weak,4,1,0.2904806,0.02801087948161095
"(4,1)-Isolated Two-layer MoM",isomom,ari,in sample,with noise,3d-low-ind,3,low,ind,4,1,0.0118953,0.002417492421096829
"(4,1)-Isolated Two-layer MoM",isomom,ari,in sample,with noise,3d-low-strong,3,low,strong,4,1,0.0116059,0.002328111514129472
"(4,1)-Isolated Two-layer MoM",isomom,ari,in sample,with noise,3d-low-weak,3,low,weak,4,1,0.0118401,0.002508014827256285
"(4,1)-Isolated Two-layer MoM",isomom,ari,out of sample,no noise,2d-high-ind,2,high,ind,4,1,0.2236526,0.02149690203755232
"(4,1)-Isolated Two-layer MoM",isomom,ari,out of sample,no noise,2d-high-strong,2,high,strong,4,1,0.2267869,0.0209517699980337
"(4,1)-Isolated Two-layer MoM",isomom,ari,out of sample,no noise,2d-high-weak,2,high,weak,4,1,0.2252801,0.02097302512319532
"(4,1)-Isolated Two-layer MoM",isomom,ari,out of sample,no noise,2d-low-ind,2,low,ind,4,1,0.0103599,0.002810896724168179
"(4,1)-Isolated Two-layer MoM",isomom,ari,out of sample,no noise,2d-low-strong,2,low,strong,4,1,0.0102362,0.003345713005496963
"(4,1)-Isolated Two-layer MoM",isomom,ari,out of sample,no noise,2d-low-weak,2,low,weak,4,1,0.0102612,0.003398946741197183
"(4,1)-Isolated Two-layer MoM",isomom,ari,out of sample,no noise,3d-high-ind,3,high,ind,4,1,0.3045203,0.03424620272262593
"(4,1)-Isolated Two-layer MoM",isomom,ari,out of sample,no noise,3d-high-strong,3,high,strong,4,1,0.3098262,0.03242860838796197
"(4,1)-Isolated Two-layer MoM",isomom,ari,out of sample,no noise,3d-high-weak,3,high,weak,4,1,0.3058907,0.03361687470842011
"(4,1)-Isolated Two-layer MoM",isomom,ari,out of sample,no noise,3d-low-ind,3,low,ind,4,1,0.0121888,0.003514390123391816
"(4,1)-Isolated Two-layer MoM",isomom,ari,out of sample,no noise,3d-low-strong,3,low,strong,4,1,0.0118299,0.0036264205840643
"(4,1)-Isolated Two-layer MoM",isomom,ari,out of sample,no noise,3d-low-weak,3,low,weak,4,1,0.0120492,0.003579044700712325
"(4,1)-Isolated Two-layer MoM",isomom,ari,out of sample,with noise,2d-high-ind,2,high,ind,4,1,0.2185171,0.01949464973454838
"(4,1)-Isolated Two-layer MoM",isomom,ari,out of sample,with noise,2d-high-strong,2,high,strong,4,1,0.2205526,0.02144746692773209
"(4,1)-Isolated Two-layer MoM",isomom,ari,out of sample,with noise,2d-high-weak,2,high,weak,4,1,0.2188036,0.02127105742267619
"(4,1)-Isolated Two-layer MoM",isomom,ari,out of sample,with noise,2d-low-ind,2,low,ind,4,1,0.0100851,0.00268205917236
"(4,1)-Isolated Two-layer MoM",isomom,ari,out of sample,with noise,2d-low-strong,2,low,strong,4,1,0.009944999999999999,0.003276138556041828
"(4,1)-Isolated Two-layer MoM",isomom,ari,out of sample,with noise,2d-low-weak,2,low,weak,4,1,0.009809,0.003213309285714117
"(4,1)-Isolated Two-layer MoM",isomom,ari,out of sample,with noise,3d-high-ind,3,high,ind,4,1,0.2915826,0.03041219281734871
"(4,1)-Isolated Two-layer MoM",isomom,ari,out of sample,with noise,3d-high-strong,3,high,strong,4,1,0.2950998,0.0316061398900194
"(4,1)-Isolated Two-layer MoM",isomom,ari,out of sample,with noise,3d-high-weak,3,high,weak,4,1,0.2945342,0.03155974517506679
"(4,1)-Isolated Two-layer MoM",isomom,ari,out of sample,with noise,3d-low-ind,3,low,ind,4,1,0.011534,0.003588600357416876
"(4,1)-Isolated Two-layer MoM",isomom,ari,out of sample,with noise,3d-low-strong,3,low,strong,4,1,0.0115263,0.003397052392824691
"(4,1)-Isolated Two-layer MoM",isomom,ari,out of sample,with noise,3d-low-weak,3,low,weak,4,1,0.0121643,0.003512939790218012
"(4,1)-Isolated Two-layer MoM",isomom,avg_ll,in sample,no noise,2d-high-ind,2,high,ind,4,1,-3.8770041,0.01415199654651341
"(4,1)-Isolated Two-layer MoM",isomom,avg_ll,in sample,no noise,2d-high-strong,2,high,strong,4,1,-3.8986198,0.01439626705122207
"(4,1)-Isolated Two-layer MoM",isomom,avg_ll,in sample,no noise,2d-high-weak,2,high,weak,4,1,-3.9046989,0.0139898390179257
"(4,1)-Isolated Two-layer MoM",isomom,avg_ll,in sample,no noise,2d-low-ind,2,low,ind,4,1,-3.4327683,0.01496922925048367
"(4,1)-Isolated Two-layer MoM",isomom,avg_ll,in sample,no noise,2d-low-strong,2,low,strong,4,1,-3.2795539,0.0176854718036922
"(4,1)-Isolated Two-layer MoM",isomom,avg_ll,in sample,no noise,2d-low-weak,2,low,weak,4,1,-3.4184926,0.0146224438408492
"(4,1)-Isolated Two-layer MoM",isomom,avg_ll,in sample,no noise,3d-high-ind,3,high,ind,4,1,-5.6115832,0.01546396285666537
"(4,1)-Isolated Two-layer MoM",isomom,avg_ll,in sample,no noise,3d-high-strong,3,high,strong,4,1,-5.6574139,0.01932145585491779
"(4,1)-Isolated Two-layer MoM",isomom,avg_ll,in sample,no noise,3d-high-weak,3,high,weak,4,1,-5.6487428,0.01534091446841641
"(4,1)-Isolated Two-layer MoM",isomom,avg_ll,in sample,no noise,3d-low-ind,3,low,ind,4,1,-5.083243299999999,0.01597694633691077
"(4,1)-Isolated Two-layer MoM",isomom,avg_ll,in sample,no noise,3d-low-strong,3,low,strong,4,1,-4.9055854,0.02587564278887337
"(4,1)-Isolated Two-layer MoM",isomom,avg_ll,in sample,no noise,3d-low-weak,3,low,weak,4,1,-5.0669243,0.01633076122326546
"(4,1)-Isolated Two-layer MoM",isomom,avg_ll,in sample,with noise,2d-high-ind,2,high,ind,4,1,-3.9111372,0.01415017093661252
"(4,1)-Isolated Two-layer MoM",isomom,avg_ll,in sample,with noise,2d-high-strong,2,high,strong,4,1,-3.9332729,0.01484088355989582
"(4,1)-Isolated Two-layer MoM",isomom,avg_ll,in sample,with noise,2d-high-weak,2,high,weak,4,1,-3.9384625,0.01426437041666537
"(4,1)-Isolated Two-layer MoM",isomom,avg_ll,in sample,with noise,2d-low-ind,2,low,ind,4,1,-3.4638423,0.0149066690285004
"(4,1)-Isolated Two-layer MoM",isomom,avg_ll,in sample,with noise,2d-low-strong,2,low,strong,4,1,-3.3183975,0.01842544942779304
"(4,1)-Isolated Two-layer MoM",isomom,avg_ll,in sample,with noise,2d-low-weak,2,low,weak,4,1,-3.4506161,0.01489524186077253
"(4,1)-Isolated Two-layer MoM",isomom,avg_ll,in sample,with noise,3d-high-ind,3,high,ind,4,1,-5.6748448,0.01557131339899424
"(4,1)-Isolated Two-layer MoM",isomom,avg_ll,in sample,with noise,3d-high-strong,3,high,strong,4,1,-5.7187748,0.02031084963980864
"(4,1)-Isolated Two-layer MoM",isomom,avg_ll,in sample,with noise,3d-high-weak,3,high,weak,4,1,-5.7104422,0.01571806061365531
"(4,1)-Isolated Two-layer MoM",isomom,avg_ll,in sample,with noise,3d-low-ind,3,low,ind,4,1,-5.1360664,0.01643668885282072
"(4,1)-Isolated Two-layer MoM",isomom,avg_ll,in sample,with noise,3d-low-strong,3,low,strong,4,1,-4.9656875,0.02533490096325982
"(4,1)-Isolated Two-layer MoM",isomom,avg_ll,in sample,with noise,3d-low-weak,3,low,weak,4,1,-5.1207033,0.01664774605152183
"(4,1)-Isolated Two-layer MoM",isomom,avg_ll,out of sample,no noise,2d-high-ind,2,high,ind,4,1,-3.8835704,0.02403086848706111
"(4,1)-Isolated Two-layer MoM",isomom,avg_ll,out of sample,no noise,2d-high-strong,2,high,strong,4,1,-3.8998752,0.02440879140677372
"(4,1)-Isolated Two-layer MoM",isomom,avg_ll,out of sample,no noise,2d-high-weak,2,high,weak,4,1,-3.9079118,0.02608450441286249
"(4,1)-Isolated Two-layer MoM",isomom,avg_ll,out of sample,no noise,2d-low-ind,2,low,ind,4,1,-3.437119,0.02628511294680434
"(4,1)-Isolated Two-layer MoM",isomom,avg_ll,out of sample,no noise,2d-low-strong,2,low,strong,4,1,-3.2804832,0.02902823887670126
"(4,1)-Isolated Two-layer MoM",isomom,avg_ll,out of sample,no noise,2d-low-weak,2,low,weak,4,1,-3.4216225,0.02762090784627706
"(4,1)-Isolated Two-layer MoM",isomom,avg_ll,out of sample,no noise,3d-high-ind,3,high,ind,4,1,-5.6150009,0.03740839178512609
"(4,1)-Isolated Two-layer MoM",isomom,avg_ll,out of sample,no noise,3d-high-strong,3,high,strong,4,1,-5.658932200000001,0.03970618290351864
"(4,1)-Isolated Two-layer MoM",isomom,avg_ll,out of sample,no noise,3d-high-weak,3,high,weak,4,1,-5.6529012,0.03625011128593152
"(4,1)-Isolated Two-layer MoM",isomom,avg_ll,out of sample,no noise,3d-low-ind,3,low,ind,4,1,-5.0846717,0.03913299747042377
"(4,1)-Isolated Two-layer MoM",isomom,avg_ll,out of sample,no noise,3d-low-strong,3,low,strong,4,1,-4.9065512,0.04646103881574754
"(4,1)-Isolated Two-layer MoM",isomom,avg_ll,out of sample,no noise,3d-low-weak,3,low,weak,4,1,-5.0687596,0.03984144643940325
"(4,1)-Isolated Two-layer MoM",isomom,avg_ll,out of sample,with noise,2d-high-ind,2,high,ind,4,1,-3.9181812,0.02366422293316021
"(4,1)-Isolated Two-layer MoM",isomom,avg_ll,out of sample,with noise,2d-high-strong,2,high,strong,4,1,-3.9341095,0.02437349054119282
"(4,1)-Isolated Two-layer MoM",isomom,avg_ll,out of sample,with noise,2d-high-weak,2,high,weak,4,1,-3.9414767,0.02620304157898277
"(4,1)-Isolated Two-layer MoM",isomom,avg_ll,out of sample,with noise,2d-low-ind,2,low,ind,4,1,-3.4687481,0.02643885408720355
"(4,1)-Isolated Two-layer MoM",isomom,avg_ll,out of sample,with noise,2d-low-strong,2,low,strong,4,1,-3.3189235,0.02791957259864327
"(4,1)-Isolated Two-layer MoM",isomom,avg_ll,out of sample,with noise,2d-low-weak,2,low,weak,4,1,-3.4537375,0.02762764255380484
"(4,1)-Isolated Two-layer MoM",isomom,avg_ll,out of sample,with noise,3d-high-ind,3,high,ind,4,1,-5.6787604,0.03658057540291126
"(4,1)-Isolated Two-layer MoM",isomom,avg_ll,out of sample,with noise,3d-high-strong,3,high,strong,4,1,-5.7199119,0.03896289059898243
"(4,1)-Isolated Two-layer MoM",isomom,avg_ll,out of sample,with noise,3d-high-weak,3,high,weak,4,1,-5.7148768,0.03529219070857027
"(4,1)-Isolated Two-layer MoM",isomom,avg_ll,out of sample,with noise,3d-low-ind,3,low,ind,4,1,-5.1380675,0.03816784148979207
"(4,1)-Isolated Two-layer MoM",isomom,avg_ll,out of sample,with noise,3d-low-strong,3,low,strong,4,1,-4.966404600000001,0.04425538760604861
"(4,1)-Isolated Two-layer MoM",isomom,avg_ll,out of sample,with noise,3d-low-weak,3,low,weak,4,1,-5.1228511,0.03935029133400051
"(4,1)-Isolated Two-layer MoM",isomom,bic,in sample,no noise,2d-high-ind,2,high,ind,4,1,62310.6692399,226.43033983402
"(4,1)-Isolated Two-layer MoM",isomom,bic,in sample,no noise,2d-high-strong,2,high,strong,4,1,62656.5144424,230.3429354050872
"(4,1)-Isolated Two-layer MoM",isomom,bic,in sample,no noise,2d-high-weak,2,high,weak,4,1,62753.78544,223.8361490804093
"(4,1)-Isolated Two-layer MoM",isomom,bic,in sample,no noise,2d-low-ind,2,low,ind,4,1,55202.8977412,239.5008441340538
"(4,1)-Isolated Two-layer MoM",isomom,bic,in sample,no noise,2d-low-strong,2,low,strong,4,1,52751.4659636,282.9719626467718
"(4,1)-Isolated Two-layer MoM",isomom,bic,in sample,no noise,2d-low-weak,2,low,weak,4,1,54974.4879904,233.9599619706635
"(4,1)-Isolated Two-layer MoM",isomom,bic,in sample,no noise,3d-high-ind,3,high,ind,4,1,90243.6775744,247.4259653418802
"(4,1)-Isolated Two-layer MoM",isomom,bic,in sample,no noise,3d-high-strong,3,high,strong,4,1,90976.96033639999,309.1440781476749
"(4,1)-Isolated Two-layer MoM",isomom,bic,in sample,no noise,3d-high-weak,3,high,weak,4,1,90838.23358880001,245.459753471356
"(4,1)-Isolated Two-layer MoM",isomom,bic,in sample,no noise,3d-low-ind,3,low,ind,4,1,81790.2326238,255.6317925437344
"(4,1)-Isolated Two-layer MoM",isomom,bic,in sample,no noise,3d-low-strong,3,low,strong,4,1,78947.7083976,414.0042437585953
"(4,1)-Isolated Two-layer MoM",isomom,bic,in sample,no noise,3d-low-weak,3,low,weak,4,1,81529.1366835,261.2905309537746
"(4,1)-Isolated Two-layer MoM",isomom,bic,in sample,with noise,2d-high-ind,2,high,ind,4,1,62856.8009473,226.4037156682867
"(4,1)-Isolated Two-layer MoM",isomom,bic,in sample,with noise,2d-high-strong,2,high,strong,4,1,63210.9717535,237.4529991872295
"(4,1)-Isolated Two-layer MoM",isomom,bic,in sample,with noise,2d-high-weak,2,high,weak,4,1,63294.0058935,228.230356217986
"(4,1)-Isolated Two-layer MoM",isomom,bic,in sample,with noise,2d-low-ind,2,low,ind,4,1,55700.0805404,238.5053578880169
"(4,1)-Isolated Two-layer MoM",isomom,bic,in sample,with noise,2d-low-strong,2,low,strong,4,1,53372.95584839999,294.8114765216015
"(4,1)-Isolated Two-layer MoM",isomom,bic,in sample,with noise,2d-low-weak,2,low,weak,4,1,55488.4656211,238.3161267425425
"(4,1)-Isolated Two-layer MoM",isomom,bic,in sample,with noise,3d-high-ind,3,high,ind,4,1,91255.86615189999,249.1404349181017
"(4,1)-Isolated Two-layer MoM",isomom,bic,in sample,with noise,3d-high-strong,3,high,strong,4,1,91958.7498312,324.9748052269489
"(4,1)-Isolated Two-layer MoM",isomom,bic,in sample,with noise,3d-high-weak,3,high,weak,4,1,91825.4196506,251.4857696226238
"(4,1)-Isolated Two-layer MoM",isomom,bic,in sample,with noise,3d-low-ind,3,low,ind,4,1,82635.4045331,262.982074834454
"(4,1)-Isolated Two-layer MoM",isomom,bic,in sample,with noise,3d-low-strong,3,low,strong,4,1,79909.345785,405.3570685664641
"(4,1)-Isolated Two-layer MoM",isomom,bic,in sample,with noise,3d-low-weak,3,low,weak,4,1,82389.6013215,266.3541527578403
"(4,1)-Isolated Two-layer MoM",isomom,bic,out of sample,no noise,2d-high-ind,2,high,ind,4,1,15769.90861,96.12007692966927
"(4,1)-Isolated Two-layer MoM",isomom,bic,out of sample,no noise,2d-high-strong,2,high,strong,4,1,15835.1287883,97.63418157313852
"(4,1)-Isolated Two-layer MoM",isomom,bic,out of sample,no noise,2d-high-weak,2,high,weak,4,1,15867.2739466,104.3371069416964
"(4,1)-Isolated Two-layer MoM",isomom,bic,out of sample,no noise,2d-low-ind,2,low,ind,4,1,13984.102,105.1392558431898
"(4,1)-Isolated Two-layer MoM",isomom,bic,out of sample,no noise,2d-low-strong,2,low,strong,4,1,13357.5575289,116.1127747722581
"(4,1)-Isolated Two-layer MoM",isomom,bic,out of sample,no noise,2d-low-weak,2,low,weak,4,1,13922.117588,110.4834146319157
"(4,1)-Isolated Two-layer MoM",isomom,bic,out of sample,no noise,3d-high-ind,3,high,ind,4,1,22847.6497306,149.6347248985113
"(4,1)-Isolated Two-layer MoM",isomom,bic,out of sample,no noise,3d-high-strong,3,high,strong,4,1,23023.3725446,158.8247017415178
"(4,1)-Isolated Two-layer MoM",isomom,bic,out of sample,no noise,3d-high-weak,3,high,weak,4,1,22999.2514822,145.0001400881479
"(4,1)-Isolated Two-layer MoM",isomom,bic,out of sample,no noise,3d-low-ind,3,low,ind,4,1,20726.3333847,156.5302930021467
"(4,1)-Isolated Two-layer MoM",isomom,bic,out of sample,no noise,3d-low-strong,3,low,strong,4,1,20013.8497812,185.8446008143033
"(4,1)-Isolated Two-layer MoM",isomom,bic,out of sample,no noise,3d-low-weak,3,low,weak,4,1,20662.6843223,159.3635567541555
"(4,1)-Isolated Two-layer MoM",isomom,bic,out of sample,with noise,2d-high-ind,2,high,ind,4,1,15908.3517393,94.65569852145758
"(4,1)-Isolated Two-layer MoM",isomom,bic,out of sample,with noise,2d-high-strong,2,high,strong,4,1,15972.0660839,97.49449658212897
"(4,1)-Isolated Two-layer MoM",isomom,bic,out of sample,with noise,2d-high-weak,2,high,weak,4,1,16001.5327939,104.8132788484982
"(4,1)-Isolated Two-layer MoM",isomom,bic,out of sample,with noise,2d-low-ind,2,low,ind,4,1,14110.6196732,105.7572635639843
"(4,1)-Isolated Two-layer MoM",isomom,bic,out of sample,with noise,2d-low-strong,2,low,strong,4,1,13511.3227789,111.677228911634
"(4,1)-Isolated Two-layer MoM",isomom,bic,out of sample,with noise,2d-low-weak,2,low,weak,4,1,14050.5790322,110.509149058555
"(4,1)-Isolated Two-layer MoM",isomom,bic,out of sample,with noise,3d-high-ind,3,high,ind,4,1,23102.6863226,146.3229672553632
"(4,1)-Isolated Two-layer MoM",isomom,bic,out of sample,with noise,3d-high-strong,3,high,strong,4,1,23267.2942351,155.8515450574481
"(4,1)-Isolated Two-layer MoM",isomom,bic,out of sample,with noise,3d-high-weak,3,high,weak,4,1,23247.1542362,141.1699410040088
"(4,1)-Isolated Two-layer MoM",isomom,bic,out of sample,with noise,3d-low-ind,3,low,ind,4,1,20939.9147585,152.6700631503987
"(4,1)-Isolated Two-layer MoM",isomom,bic,out of sample,with noise,3d-low-strong,3,low,strong,4,1,20253.2652386,177.0221122444696
"(4,1)-Isolated Two-layer MoM",isomom,bic,out of sample,with noise,3d-low-weak,3,low,weak,4,1,20879.0499521,157.400278269577
"(4,1)-Isolated Two-layer MoM",isomom,em_iters,training,no noise,2d-high-ind,2,high,ind,4,1,40.52,1.058682237882585
"(4,1)-Isolated Two-layer MoM",isomom,em_iters,training,no noise,2d-high-strong,2,high,strong,4,1,40.42,1.147504978972937
"(4,1)-Isolated Two-layer MoM",isomom,em_iters,training,no noise,2d-high-weak,2,high,weak,4,1,40.48,1.10535884753241
"(4,1)-Isolated Two-layer MoM",isomom,em_iters,training,no noise,2d-low-ind,2,low,ind,4,1,43.08,1.375690827375561
"(4,1)-Isolated Two-layer MoM",isomom,em_iters,training,no noise,2d-low-strong,2,low,strong,4,1,43.22,1.185603882271211
"(4,1)-Isolated Two-layer MoM",isomom,em_iters,training,no noise,2d-low-weak,2,low,weak,4,1,43.13,1.203152424913717
"(4,1)-Isolated Two-layer MoM",isomom,em_iters,training,no noise,3d-high-ind,3,high,ind,4,1,40.73,1.270130829179548
"(4,1)-Isolated Two-layer MoM",isomom,em_iters,training,no noise,3d-high-strong,3,high,strong,4,1,40.67,1.33374993491617
"(4,1)-Isolated Two-layer MoM",isomom,em_iters,training,no noise,3d-high-weak,3,high,weak,4,1,40.8,1.449486150678959
"(4,1)-Isolated Two-layer MoM",isomom,em_iters,training,no noise,3d-low-ind,3,low,ind,4,1,43.61,1.30186346628534
"(4,1)-Isolated Two-layer MoM",isomom,em_iters,training,no noise,3d-low-strong,3,low,strong,4,1,43.85,1.431076447287075
"(4,1)-Isolated Two-layer MoM",isomom,em_iters,training,no noise,3d-low-weak,3,low,weak,4,1,43.8,1.370688833684684
"(4,1)-Isolated Two-layer MoM",isomom,em_iters,training,with noise,2d-high-ind,2,high,ind,4,1,40.6,1.015038437845105
"(4,1)-Isolated Two-layer MoM",isomom,em_iters,training,with noise,2d-high-strong,2,high,strong,4,1,40.57,1.174260996920568
"(4,1)-Isolated Two-layer MoM",isomom,em_iters,training,with noise,2d-high-weak,2,high,weak,4,1,40.63,1.177696776326444
"(4,1)-Isolated Two-layer MoM",isomom,em_iters,training,with noise,2d-low-ind,2,low,ind,4,1,42.94,1.237625618560464
"(4,1)-Isolated Two-layer MoM",isomom,em_iters,training,with noise,2d-low-strong,2,low,strong,4,1,43.04,1.246571054508886
"(4,1)-Isolated Two-layer MoM",isomom,em_iters,training,with noise,2d-low-weak,2,low,weak,4,1,43.04,1.162720599249533
"(4,1)-Isolated Two-layer MoM",isomom,em_iters,training,with noise,3d-high-ind,3,high,ind,4,1,40.86,1.154875479754149
"(4,1)-Isolated Two-layer MoM",isomom,em_iters,training,with noise,3d-high-strong,3,high,strong,4,1,40.73,1.482933211271131
"(4,1)-Isolated Two-layer MoM",isomom,em_iters,training,with noise,3d-high-weak,3,high,weak,4,1,40.75,1.424000624219589
"(4,1)-Isolated Two-layer MoM",isomom,em_iters,training,with noise,3d-low-ind,3,low,ind,4,1,43.7,1.366999220441207
"(4,1)-Isolated Two-layer MoM",isomom,em_iters,training,with noise,3d-low-strong,3,low,strong,4,1,43.72,1.318707662444524
"(4,1)-Isolated Two-layer MoM",isomom,em_iters,training,with noise,3d-low-weak,3,low,weak,4,1,43.82,1.395374755064283
"(4,1)-Isolated Two-layer MoM",isomom,gmpd,in sample,no noise,2d-high-ind,2,high,ind,4,1,0.0207149,0.0002930904469630666
"(4,1)-Isolated Two-layer MoM",isomom,gmpd,in sample,no noise,2d-high-strong,2,high,strong,4,1,0.0202722,0.0002912445603601787
"(4,1)-Isolated Two-layer MoM",isomom,gmpd,in sample,no noise,2d-high-weak,2,high,weak,4,1,0.0201492,0.000281660588064228
"(4,1)-Isolated Two-layer MoM",isomom,gmpd,in sample,no noise,2d-low-ind,2,low,ind,4,1,0.0323015,0.0004828709909897193
"(4,1)-Isolated Two-layer MoM",isomom,gmpd,in sample,no noise,2d-low-strong,2,low,strong,4,1,0.0376511,0.0006663997874907198
"(4,1)-Isolated Two-layer MoM",isomom,gmpd,in sample,no noise,2d-low-weak,2,low,weak,4,1,0.0327652,0.0004779110267559741
"(4,1)-Isolated Two-layer MoM",isomom,gmpd,in sample,no noise,3d-high-ind,3,high,ind,4,1,0.0036555,5.677129378462153e-05
"(4,1)-Isolated Two-layer MoM",isomom,gmpd,in sample,no noise,3d-high-strong,3,high,strong,4,1,0.0034922,6.780214829289196e-05
"(4,1)-Isolated Two-layer MoM",isomom,gmpd,in sample,no noise,3d-high-weak,3,high,weak,4,1,0.0035225,5.44276927434347e-05
"(4,1)-Isolated Two-layer MoM",isomom,gmpd,in sample,no noise,3d-low-ind,3,low,ind,4,1,0.006200799999999999,9.879761989526713e-05
"(4,1)-Isolated Two-layer MoM",isomom,gmpd,in sample,no noise,3d-low-strong,3,low,strong,4,1,0.0074074,0.0001902078607813838
"(4,1)-Isolated Two-layer MoM",isomom,gmpd,in sample,no noise,3d-low-weak,3,low,weak,4,1,0.0063032,0.0001027783729166498
"(4,1)-Isolated Two-layer MoM",isomom,gmpd,in sample,with noise,2d-high-ind,2,high,ind,4,1,0.0200194,0.0002825991200026338
"(4,1)-Isolated Two-layer MoM",isomom,gmpd,in sample,with noise,2d-high-strong,2,high,strong,4,1,0.0195818,0.0002903894285300687
"(4,1)-Isolated Two-layer MoM",isomom,gmpd,in sample,with noise,2d-high-weak,2,high,weak,4,1,0.0194799,0.0002774031635571507
"(4,1)-Isolated Two-layer MoM",isomom,gmpd,in sample,with noise,2d-low-ind,2,low,ind,4,1,0.0313121,0.0004654123728132673
"(4,1)-Isolated Two-layer MoM",isomom,gmpd,in sample,with noise,2d-low-strong,2,low,strong,4,1,0.0362166,0.00066888301282697
"(4,1)-Isolated Two-layer MoM",isomom,gmpd,in sample,with noise,2d-low-weak,2,low,weak,4,1,0.0317297,0.0004717824678490055
"(4,1)-Isolated Two-layer MoM",isomom,gmpd,in sample,with noise,3d-high-ind,3,high,ind,4,1,0.0034312,5.318692024218438e-05
"(4,1)-Isolated Two-layer MoM",isomom,gmpd,in sample,with noise,3d-high-strong,3,high,strong,4,1,0.0032845,6.673292162256068e-05
"(4,1)-Isolated Two-layer MoM",isomom,gmpd,in sample,with noise,3d-high-weak,3,high,weak,4,1,0.0033115,5.263510753721842e-05
"(4,1)-Isolated Two-layer MoM",isomom,gmpd,in sample,with noise,3d-low-ind,3,low,ind,4,1,0.0058814,9.643147983428591e-05
"(4,1)-Isolated Two-layer MoM",isomom,gmpd,in sample,with noise,3d-low-strong,3,low,strong,4,1,0.006975400000000001,0.000175973023644265
"(4,1)-Isolated Two-layer MoM",isomom,gmpd,in sample,with noise,3d-low-weak,3,low,weak,4,1,0.0059725,9.942638513295167e-05
"(4,1)-Isolated Two-layer MoM",isomom,gmpd,out of sample,no noise,2d-high-ind,2,high,ind,4,1,0.0205832,0.0004966409999469266
"(4,1)-Isolated Two-layer MoM",isomom,gmpd,out of sample,no noise,2d-high-strong,2,high,strong,4,1,0.0202505,0.0004943486174306097
"(4,1)-Isolated Two-layer MoM",isomom,gmpd,out of sample,no noise,2d-high-weak,2,high,weak,4,1,0.0200896,0.0005263115795684904
"(4,1)-Isolated Two-layer MoM",isomom,gmpd,out of sample,no noise,2d-low-ind,2,low,ind,4,1,0.0321684,0.0008490740292051742
"(4,1)-Isolated Two-layer MoM",isomom,gmpd,out of sample,no noise,2d-low-strong,2,low,strong,4,1,0.0376259,0.00109299985213525
"(4,1)-Isolated Two-layer MoM",isomom,gmpd,out of sample,no noise,2d-low-weak,2,low,weak,4,1,0.0326717,0.0009070365277243591
"(4,1)-Isolated Two-layer MoM",isomom,gmpd,out of sample,no noise,3d-high-ind,3,high,ind,4,1,0.0036454,0.0001367473523832852
"(4,1)-Isolated Two-layer MoM",isomom,gmpd,out of sample,no noise,3d-high-strong,3,high,strong,4,1,0.0034893,0.0001393364868426665
"(4,1)-Isolated Two-layer MoM",isomom,gmpd,out of sample,no noise,3d-high-weak,3,high,weak,4,1,0.0035099,0.0001278216481562248
"(4,1)-Isolated Two-layer MoM",isomom,gmpd,out of sample,no noise,3d-low-ind,3,low,ind,4,1,0.0061954,0.0002435487630845208
"(4,1)-Isolated Two-layer MoM",isomom,gmpd,out of sample,no noise,3d-low-strong,3,low,strong,4,1,0.007406,0.0003445037420447395
"(4,1)-Isolated Two-layer MoM",isomom,gmpd,out of sample,no noise,3d-low-weak,3,low,weak,4,1,0.006295100000000001,0.0002513297765201262
"(4,1)-Isolated Two-layer MoM",isomom,gmpd,out of sample,with noise,2d-high-ind,2,high,ind,4,1,0.0198826,0.0004729247489631078
"(4,1)-Isolated Two-layer MoM",isomom,gmpd,out of sample,with noise,2d-high-strong,2,high,strong,4,1,0.0195689,0.0004776222568118239
"(4,1)-Isolated Two-layer MoM",isomom,gmpd,out of sample,with noise,2d-high-weak,2,high,weak,4,1,0.0194267,0.0005110398490066373
"(4,1)-Isolated Two-layer MoM",isomom,gmpd,out of sample,with noise,2d-low-ind,2,low,ind,4,1,0.0311671,0.0008276708160844974
"(4,1)-Isolated Two-layer MoM",isomom,gmpd,out of sample,with noise,2d-low-strong,2,low,strong,4,1,0.036206,0.001010337477371703
"(4,1)-Isolated Two-layer MoM",isomom,gmpd,out of sample,with noise,2d-low-weak,2,low,weak,4,1,0.0316392,0.0008770562332961532
"(4,1)-Isolated Two-layer MoM",isomom,gmpd,out of sample,with noise,3d-high-ind,3,high,ind,4,1,0.0034203,0.0001255569813095057
"(4,1)-Isolated Two-layer MoM",isomom,gmpd,out of sample,with noise,3d-high-strong,3,high,strong,4,1,0.0032828,0.0001285904940169185
"(4,1)-Isolated Two-layer MoM",isomom,gmpd,out of sample,with noise,3d-high-weak,3,high,weak,4,1,0.0032992,0.0001172382534875374
"(4,1)-Isolated Two-layer MoM",isomom,gmpd,out of sample,with noise,3d-low-ind,3,low,ind,4,1,0.0058738,0.0002250332410910877
"(4,1)-Isolated Two-layer MoM",isomom,gmpd,out of sample,with noise,3d-low-strong,3,low,strong,4,1,0.0069746,0.0003104197874563482
"(4,1)-Isolated Two-layer MoM",isomom,gmpd,out of sample,with noise,3d-low-weak,3,low,weak,4,1,0.0059635,0.0002354508891725007
"(4,1)-Isolated Two-layer MoM",isomom,training_time,training,no noise,2d-high-ind,2,high,ind,4,1,439.7106,69.52527664501349
"(4,1)-Isolated Two-layer MoM",isomom,training_time,training,no noise,2d-high-strong,2,high,strong,4,1,427.7251,65.20367569571768
"(4,1)-Isolated Two-layer MoM",isomom,training_time,training,no noise,2d-high-weak,2,high,weak,4,1,450.6728,72.85314737875024
"(4,1)-Isolated Two-layer MoM",isomom,training_time,training,no noise,2d-low-ind,2,low,ind,4,1,439.7388,68.47413444092845
"(4,1)-Isolated Two-layer MoM",isomom,training_time,training,no noise,2d-low-strong,2,low,strong,4,1,434.9463,68.9553017080374
"(4,1)-Isolated Two-layer MoM",isomom,training_time,training,no noise,2d-low-weak,2,low,weak,4,1,441.5906,68.6722009805653
"(4,1)-Isolated Two-layer MoM",isomom,training_time,training,no noise,3d-high-ind,3,high,ind,4,1,453.643,65.0231498402801
"(4,1)-Isolated Two-layer MoM",isomom,training_time,training,no noise,3d-high-strong,3,high,strong,4,1,451.4936,66.76660142389285
"(4,1)-Isolated Two-layer MoM",isomom,training_time,training,no noise,3d-high-weak,3,high,weak,4,1,449.7518,61.29888787990474
"(4,1)-Isolated Two-layer MoM",isomom,training_time,training,no noise,3d-low-ind,3,low,ind,4,1,458.485,67.07916091673277
"(4,1)-Isolated Two-layer MoM",isomom,training_time,training,no noise,3d-low-strong,3,low,strong,4,1,467.2296,58.95185619921849
"(4,1)-Isolated Two-layer MoM",isomom,training_time,training,no noise,3d-low-weak,3,low,weak,4,1,465.2663,53.53658753939811
"(4,1)-Isolated Two-layer MoM",isomom,training_time,training,with noise,2d-high-ind,2,high,ind,4,1,433.6097,65.86877286926659
"(4,1)-Isolated Two-layer MoM",isomom,training_time,training,with noise,2d-high-strong,2,high,strong,4,1,433.0966,94.57430684702881
"(4,1)-Isolated Two-layer MoM",isomom,training_time,training,with noise,2d-high-weak,2,high,weak,4,1,470.7901,59.23424218697023
"(4,1)-Isolated Two-layer MoM",isomom,training_time,training,with noise,2d-low-ind,2,low,ind,4,1,435.1936,67.3422598271417
"(4,1)-Isolated Two-layer MoM",isomom,training_time,training,with noise,2d-low-strong,2,low,strong,4,1,436.5581,66.96385167914903
"(4,1)-Isolated Two-layer MoM",isomom,training_time,training,with noise,2d-low-weak,2,low,weak,4,1,439.759,66.80400841569342
"(4,1)-Isolated Two-layer MoM",isomom,training_time,training,with noise,3d-high-ind,3,high,ind,4,1,444.5248,66.4328567922211
"(4,1)-Isolated Two-layer MoM",isomom,training_time,training,with noise,3d-high-strong,3,high,strong,4,1,453.1777,69.72599507791955
"(4,1)-Isolated Two-layer MoM",isomom,training_time,training,with noise,3d-high-weak,3,high,weak,4,1,456.6572,61.76187582329507
"(4,1)-Isolated Two-layer MoM",isomom,training_time,training,with noise,3d-low-ind,3,low,ind,4,1,453.3788,64.21696819849143
"(4,1)-Isolated Two-layer MoM",isomom,training_time,training,with noise,3d-low-strong,3,low,strong,4,1,465.2215,61.63712124936637
"(4,1)-Isolated Two-layer MoM",isomom,training_time,training,with noise,3d-low-weak,3,low,weak,4,1,466.835,56.22168941437158
"(4,1)-Two-layer MoM",mom,aic,in sample,no noise,2d-high-ind,2,high,ind,4,1,61915.0082855,226.0983833523485
"(4,1)-Two-layer MoM",mom,aic,in sample,no noise,2d-high-strong,2,high,strong,4,1,61822.5195068,268.9425952463694
"(4,1)-Two-layer MoM",mom,aic,in sample,no noise,2d-high-weak,2,high,weak,4,1,62407.51064,221.490646745503
"(4,1)-Two-layer MoM",mom,aic,in sample,no noise,2d-low-ind,2,low,ind,4,1,54970.5726977,239.781441727843
"(4,1)-Two-layer MoM",mom,aic,in sample,no noise,2d-low-strong,2,low,strong,4,1,48413.7490171,267.610175408943
"(4,1)-Two-layer MoM",mom,aic,in sample,no noise,2d-low-weak,2,low,weak,4,1,54445.3015879,237.7699285759571
"(4,1)-Two-layer MoM",mom,aic,in sample,no noise,3d-high-ind,3,high,ind,4,1,89544.47017829999,241.8769172321277
"(4,1)-Two-layer MoM",mom,aic,in sample,no noise,3d-high-strong,3,high,strong,4,1,87961.9607171,303.9232914983892
"(4,1)-Two-layer MoM",mom,aic,in sample,no noise,3d-high-weak,3,high,weak,4,1,90016.7896853,274.8381242082665
"(4,1)-Two-layer MoM",mom,aic,in sample,no noise,3d-low-ind,3,low,ind,4,1,81347.1821013,255.3771049977238
"(4,1)-Two-layer MoM",mom,aic,in sample,no noise,3d-low-strong,3,low,strong,4,1,74752.575335,319.3283946359013
"(4,1)-Two-layer MoM",mom,aic,in sample,no noise,3d-low-weak,3,low,weak,4,1,80615.35166829999,255.5913899368331
"(4,1)-Two-layer MoM",mom,aic,in sample,with noise,2d-high-ind,2,high,ind,4,1,62465.6893046,226.758086813826
"(4,1)-Two-layer MoM",mom,aic,in sample,with noise,2d-high-strong,2,high,strong,4,1,62401.3403361,253.9284713377525
"(4,1)-Two-layer MoM",mom,aic,in sample,with noise,2d-high-weak,2,high,weak,4,1,62953.65468190001,224.6682891378419
"(4,1)-Two-layer MoM",mom,aic,in sample,with noise,2d-low-ind,2,low,ind,4,1,55469.3558946,238.845234374178
"(4,1)-Two-layer MoM",mom,aic,in sample,with noise,2d-low-strong,2,low,strong,4,1,49306.24087740001,272.8581531192154
"(4,1)-Two-layer MoM",mom,aic,in sample,with noise,2d-low-weak,2,low,weak,4,1,54979.09234160001,240.097297265824
"(4,1)-Two-layer MoM",mom,aic,in sample,with noise,3d-high-ind,3,high,ind,4,1,90561.3771321,249.1578273084407
"(4,1)-Two-layer MoM",mom,aic,in sample,with noise,3d-high-strong,3,high,strong,4,1,89100.136358,346.052565577843
"(4,1)-Two-layer MoM",mom,aic,in sample,with noise,3d-high-weak,3,high,weak,4,1,91018.30707210001,281.8830636338746
"(4,1)-Two-layer MoM",mom,aic,in sample,with noise,3d-low-ind,3,low,ind,4,1,82199.7405987,258.7751771096855
"(4,1)-Two-layer MoM",mom,aic,in sample,with noise,3d-low-strong,3,low,strong,4,1,75927.98784799999,322.9359435951519
"(4,1)-Two-layer MoM",mom,aic,in sample,with noise,3d-low-weak,3,low,weak,4,1,81504.61090839999,259.9439674375754
"(4,1)-Two-layer MoM",mom,aic,out of sample,no noise,2d-high-ind,2,high,ind,4,1,15554.9656457,96.24144686857291
"(4,1)-Two-layer MoM",mom,aic,out of sample,no noise,2d-high-strong,2,high,strong,4,1,15522.4774315,98.96006103280172
"(4,1)-Two-layer MoM",mom,aic,out of sample,no noise,2d-high-weak,2,high,weak,4,1,15661.9864669,103.0035760276145
"(4,1)-Two-layer MoM",mom,aic,out of sample,no noise,2d-low-ind,2,low,ind,4,1,13809.4902433,105.3010865827045
"(4,1)-Two-layer MoM",mom,aic,out of sample,no noise,2d-low-strong,2,low,strong,4,1,12157.7820528,103.0898934158059
"(4,1)-Two-layer MoM",mom,aic,out of sample,no noise,2d-low-weak,2,low,weak,4,1,13675.892091,110.0539845084273
"(4,1)-Two-layer MoM",mom,aic,out of sample,no noise,3d-high-ind,3,high,ind,4,1,22482.1807502,149.8140181832555
"(4,1)-Two-layer MoM",mom,aic,out of sample,no noise,3d-high-strong,3,high,strong,4,1,22087.7573319,152.3712742395722
"(4,1)-Two-layer MoM",mom,aic,out of sample,no noise,3d-high-weak,3,high,weak,4,1,22608.6732481,149.070455663746
"(4,1)-Two-layer MoM",mom,aic,out of sample,no noise,3d-low-ind,3,low,ind,4,1,20426.164389,155.5639067974806
"(4,1)-Two-layer MoM",mom,aic,out of sample,no noise,3d-low-strong,3,low,strong,4,1,18792.107052,177.4454627584282
"(4,1)-Two-layer MoM",mom,aic,out of sample,no noise,3d-low-weak,3,low,weak,4,1,20245.3820604,158.6656614450091
"(4,1)-Two-layer MoM",mom,aic,out of sample,with noise,2d-high-ind,2,high,ind,4,1,15694.0687229,94.29639979391773
"(4,1)-Two-layer MoM",mom,aic,out of sample,with noise,2d-high-strong,2,high,strong,4,1,15663.0690496,99.05824044630754
"(4,1)-Two-layer MoM",mom,aic,out of sample,with noise,2d-high-weak,2,high,weak,4,1,15797.4887114,104.1012425526245
"(4,1)-Two-layer MoM",mom,aic,out of sample,with noise,2d-low-ind,2,low,ind,4,1,13936.2540156,105.5784068342097
"(4,1)-Two-layer MoM",mom,aic,out of sample,with noise,2d-low-strong,2,low,strong,4,1,12381.2528991,105.2909363043443
"(4,1)-Two-layer MoM",mom,aic,out of sample,with noise,2d-low-weak,2,low,weak,4,1,13809.440155,110.5719990989904
"(4,1)-Two-layer MoM",mom,aic,out of sample,with noise,3d-high-ind,3,high,ind,4,1,22737.6470984,147.4886764176313
"(4,1)-Two-layer MoM",mom,aic,out of sample,with noise,3d-high-strong,3,high,strong,4,1,22369.8885957,155.8147534514098
"(4,1)-Two-layer MoM",mom,aic,out of sample,with noise,3d-high-weak,3,high,weak,4,1,22859.9338134,147.6807127312909
"(4,1)-Two-layer MoM",mom,aic,out of sample,with noise,3d-low-ind,3,low,ind,4,1,20641.7555725,153.2809916526716
"(4,1)-Two-layer MoM",mom,aic,out of sample,with noise,3d-low-strong,3,low,strong,4,1,19077.9907518,174.7219441804833
"(4,1)-Two-layer MoM",mom,aic,out of sample,with noise,3d-low-weak,3,low,weak,4,1,20469.5481979,159.5113026487013
"(4,1)-Two-layer MoM",mom,ari,in sample,no noise,2d-high-ind,2,high,ind,4,1,0.2586775,0.02439769194974696
"(4,1)-Two-layer MoM",mom,ari,in sample,no noise,2d-high-strong,2,high,strong,4,1,0.126983,0.04121771923321181
"(4,1)-Two-layer MoM",mom,ari,in sample,no noise,2d-high-weak,2,high,weak,4,1,0.2473672,0.0169101724259319
"(4,1)-Two-layer MoM",mom,ari,in sample,no noise,2d-low-ind,2,low,ind,4,1,0.0125599,0.001850969440235811
"(4,1)-Two-layer MoM",mom,ari,in sample,no noise,2d-low-strong,2,low,strong,4,1,0.0011848,0.0005579552858519229
"(4,1)-Two-layer MoM",mom,ari,in sample,no noise,2d-low-weak,2,low,weak,4,1,0.0018046,0.001089030168117811
"(4,1)-Two-layer MoM",mom,ari,in sample,no noise,3d-high-ind,3,high,ind,4,1,0.380285,0.02345793998809037
"(4,1)-Two-layer MoM",mom,ari,in sample,no noise,3d-high-strong,3,high,strong,4,1,0.0774701,0.03279209468343357
"(4,1)-Two-layer MoM",mom,ari,in sample,no noise,3d-high-weak,3,high,weak,4,1,0.2839096,0.03251103349369691
"(4,1)-Two-layer MoM",mom,ari,in sample,no noise,3d-low-ind,3,low,ind,4,1,0.0210178,0.003778076197957865
"(4,1)-Two-layer MoM",mom,ari,in sample,no noise,3d-low-strong,3,low,strong,4,1,0.0011319,0.0006721902914196156
"(4,1)-Two-layer MoM",mom,ari,in sample,no noise,3d-low-weak,3,low,weak,4,1,0.0026866,0.001396366294452436
"(4,1)-Two-layer MoM",mom,ari,in sample,with noise,2d-high-ind,2,high,ind,4,1,0.2528689,0.02107602428798846
"(4,1)-Two-layer MoM",mom,ari,in sample,with noise,2d-high-strong,2,high,strong,4,1,0.1289093,0.04347182601502734
"(4,1)-Two-layer MoM",mom,ari,in sample,with noise,2d-high-weak,2,high,weak,4,1,0.2413195,0.01701334475485273
"(4,1)-Two-layer MoM",mom,ari,in sample,with noise,2d-low-ind,2,low,ind,4,1,0.012388,0.001926304883721813
"(4,1)-Two-layer MoM",mom,ari,in sample,with noise,2d-low-strong,2,low,strong,4,1,0.0011752,0.0005533889712809187
"(4,1)-Two-layer MoM",mom,ari,in sample,with noise,2d-low-weak,2,low,weak,4,1,0.0018662,0.001112790450111154
"(4,1)-Two-layer MoM",mom,ari,in sample,with noise,3d-high-ind,3,high,ind,4,1,0.3651218999999999,0.02415758160244497
"(4,1)-Two-layer MoM",mom,ari,in sample,with noise,3d-high-strong,3,high,strong,4,1,0.07462640000000001,0.02997864932234138
"(4,1)-Two-layer MoM",mom,ari,in sample,with noise,3d-high-weak,3,high,weak,4,1,0.2723634,0.0269191532286113
"(4,1)-Two-layer MoM",mom,ari,in sample,with noise,3d-low-ind,3,low,ind,4,1,0.0200852,0.003873840648986142
"(4,1)-Two-layer MoM",mom,ari,in sample,with noise,3d-low-strong,3,low,strong,4,1,0.0011109,0.000655220057104728
"(4,1)-Two-layer MoM",mom,ari,in sample,with noise,3d-low-weak,3,low,weak,4,1,0.0025636,0.001325301200756746
"(4,1)-Two-layer MoM",mom,ari,out of sample,no noise,2d-high-ind,2,high,ind,4,1,0.2595416,0.02648203746929703
"(4,1)-Two-layer MoM",mom,ari,out of sample,no noise,2d-high-strong,2,high,strong,4,1,0.1287382,0.04260368707380652
"(4,1)-Two-layer MoM",mom,ari,out of sample,no noise,2d-high-weak,2,high,weak,4,1,0.2485054,0.01940388570999285
"(4,1)-Two-layer MoM",mom,ari,out of sample,no noise,2d-low-ind,2,low,ind,4,1,0.0128489,0.003070244584407047
"(4,1)-Two-layer MoM",mom,ari,out of sample,no noise,2d-low-strong,2,low,strong,4,1,0.0011455,0.001301130336098253
"(4,1)-Two-layer MoM",mom,ari,out of sample,no noise,2d-low-weak,2,low,weak,4,1,0.0015921,0.001438679455527733
"(4,1)-Two-layer MoM",mom,ari,out of sample,no noise,3d-high-ind,3,high,ind,4,1,0.3847209,0.02778328980000588
"(4,1)-Two-layer MoM",mom,ari,out of sample,no noise,3d-high-strong,3,high,strong,4,1,0.0750236,0.0334231138953965
"(4,1)-Two-layer MoM",mom,ari,out of sample,no noise,3d-high-weak,3,high,weak,4,1,0.2846845,0.03348095995555465
"(4,1)-Two-layer MoM",mom,ari,out of sample,no noise,3d-low-ind,3,low,ind,4,1,0.0213654,0.005350693039223983
"(4,1)-Two-layer MoM",mom,ari,out of sample,no noise,3d-low-strong,3,low,strong,4,1,0.0010084,0.001197793189683647
"(4,1)-Two-layer MoM",mom,ari,out of sample,no noise,3d-low-weak,3,low,weak,4,1,0.0023532,0.001999972161422415
"(4,1)-Two-layer MoM",mom,ari,out of sample,with noise,2d-high-ind,2,high,ind,4,1,0.2529086,0.02456171332901199
"(4,1)-Two-layer MoM",mom,ari,out of sample,with noise,2d-high-strong,2,high,strong,4,1,0.1295454,0.04268892114738053
"(4,1)-Two-layer MoM",mom,ari,out of sample,with noise,2d-high-weak,2,high,weak,4,1,0.2418672,0.02007075947791219
"(4,1)-Two-layer MoM",mom,ari,out of sample,with noise,2d-low-ind,2,low,ind,4,1,0.0125485,0.00309312250293806
"(4,1)-Two-layer MoM",mom,ari,out of sample,with noise,2d-low-strong,2,low,strong,4,1,0.0011588,0.001278149135320762
"(4,1)-Two-layer MoM",mom,ari,out of sample,with noise,2d-low-weak,2,low,weak,4,1,0.001676,0.00149250315127495
"(4,1)-Two-layer MoM",mom,ari,out of sample,with noise,3d-high-ind,3,high,ind,4,1,0.368663,0.02663962558886951
"(4,1)-Two-layer MoM",mom,ari,out of sample,with noise,3d-high-strong,3,high,strong,4,1,0.0730827,0.03119070156879347
"(4,1)-Two-layer MoM",mom,ari,out of sample,with noise,3d-high-weak,3,high,weak,4,1,0.2726147,0.03066983993644689
"(4,1)-Two-layer MoM",mom,ari,out of sample,with noise,3d-low-ind,3,low,ind,4,1,0.0198583,0.005235047211155817
"(4,1)-Two-layer MoM",mom,ari,out of sample,with noise,3d-low-strong,3,low,strong,4,1,0.0010014,0.001170653810242098
"(4,1)-Two-layer MoM",mom,ari,out of sample,with noise,3d-low-weak,3,low,weak,4,1,0.0024365,0.002087540902641676
"(4,1)-Two-layer MoM",mom,avg_ll,in sample,no noise,2d-high-ind,2,high,ind,4,1,-3.8658129,0.0141310572992235
"(4,1)-Two-layer MoM",mom,avg_ll,in sample,no noise,2d-high-strong,2,high,strong,4,1,-3.8600326,0.0168091101213215
"(4,1)-Two-layer MoM",mom,avg_ll,in sample,no noise,2d-high-weak,2,high,weak,4,1,-3.8965948,0.01384335069791474
"(4,1)-Two-layer MoM",mom,avg_ll,in sample,no noise,2d-low-ind,2,low,ind,4,1,-3.4317855,0.01498632928385202
"(4,1)-Two-layer MoM",mom,avg_ll,in sample,no noise,2d-low-strong,2,low,strong,4,1,-3.0219844,0.01672613187545615
"(4,1)-Two-layer MoM",mom,avg_ll,in sample,no noise,2d-low-weak,2,low,weak,4,1,-3.3989563,0.01486097429103455
"(4,1)-Two-layer MoM",mom,avg_ll,in sample,no noise,3d-high-ind,3,high,ind,4,1,-5.5901547,0.01511745164879115
"(4,1)-Two-layer MoM",mom,avg_ll,in sample,no noise,3d-high-strong,3,high,strong,4,1,-5.4912477,0.01899509920075349
"(4,1)-Two-layer MoM",mom,avg_ll,in sample,no noise,3d-high-weak,3,high,weak,4,1,-5.619674700000001,0.0171775907257511
"(4,1)-Two-layer MoM",mom,avg_ll,in sample,no noise,3d-low-ind,3,low,ind,4,1,-5.0778239,0.01596112460880424
"(4,1)-Two-layer MoM",mom,avg_ll,in sample,no noise,3d-low-strong,3,low,strong,4,1,-4.6656606,0.01995815672446703
"(4,1)-Two-layer MoM",mom,avg_ll,in sample,no noise,3d-low-weak,3,low,weak,4,1,-5.0320847,0.01597443414878081
"(4,1)-Two-layer MoM",mom,avg_ll,in sample,with noise,2d-high-ind,2,high,ind,4,1,-3.9002304,0.01417273730324058
"(4,1)-Two-layer MoM",mom,avg_ll,in sample,with noise,2d-high-strong,2,high,strong,4,1,-3.8962091,0.01587049483325974
"(4,1)-Two-layer MoM",mom,avg_ll,in sample,with noise,2d-high-weak,2,high,weak,4,1,-3.9307283,0.01404201078114443
"(4,1)-Two-layer MoM",mom,avg_ll,in sample,with noise,2d-low-ind,2,low,ind,4,1,-3.4629599,0.01492742933175525
"(4,1)-Two-layer MoM",mom,avg_ll,in sample,with noise,2d-low-strong,2,low,strong,4,1,-3.0777651,0.01705326802976342
"(4,1)-Two-layer MoM",mom,avg_ll,in sample,with noise,2d-low-weak,2,low,weak,4,1,-3.4323186,0.01500589648549309
"(4,1)-Two-layer MoM",mom,avg_ll,in sample,with noise,3d-high-ind,3,high,ind,4,1,-5.653711100000001,0.01557272790275779
"(4,1)-Two-layer MoM",mom,avg_ll,in sample,with noise,3d-high-strong,3,high,strong,4,1,-5.562383899999999,0.02162790499644742
"(4,1)-Two-layer MoM",mom,avg_ll,in sample,with noise,3d-high-weak,3,high,weak,4,1,-5.6822689,0.01761775292055416
"(4,1)-Two-layer MoM",mom,avg_ll,in sample,with noise,3d-low-ind,3,low,ind,4,1,-5.1311085,0.0161733752013623
"(4,1)-Two-layer MoM",mom,avg_ll,in sample,with noise,3d-low-strong,3,low,strong,4,1,-4.739124100000001,0.02018336319067928
"(4,1)-Two-layer MoM",mom,avg_ll,in sample,with noise,3d-low-weak,3,low,weak,4,1,-5.087663099999999,0.0162468394872121
"(4,1)-Two-layer MoM",mom,avg_ll,out of sample,no noise,2d-high-ind,2,high,ind,4,1,-3.8732412,0.02406013368393633
"(4,1)-Two-layer MoM",mom,avg_ll,out of sample,no noise,2d-high-strong,2,high,strong,4,1,-3.8651198,0.02474001183949152
"(4,1)-Two-layer MoM",mom,avg_ll,out of sample,no noise,2d-high-weak,2,high,weak,4,1,-3.8999966,0.0257502735189945
"(4,1)-Two-layer MoM",mom,avg_ll,out of sample,no noise,2d-low-ind,2,low,ind,4,1,-3.4368728,0.02632513248136873
"(4,1)-Two-layer MoM",mom,avg_ll,out of sample,no noise,2d-low-strong,2,low,strong,4,1,-3.0239453,0.02577250031790401
"(4,1)-Two-layer MoM",mom,avg_ll,out of sample,no noise,2d-low-weak,2,low,weak,4,1,-3.4034728,0.027513316595071
"(4,1)-Two-layer MoM",mom,avg_ll,out of sample,no noise,3d-high-ind,3,high,ind,4,1,-5.595045,0.03745377947510358
"(4,1)-Two-layer MoM",mom,avg_ll,out of sample,no noise,3d-high-strong,3,high,strong,4,1,-5.4964397,0.03809273446605018
"(4,1)-Two-layer MoM",mom,avg_ll,out of sample,no noise,3d-high-weak,3,high,weak,4,1,-5.6266679,0.03726835062317246
"(4,1)-Two-layer MoM",mom,avg_ll,out of sample,no noise,3d-low-ind,3,low,ind,4,1,-5.0810414,0.03889089454908792
"(4,1)-Two-layer MoM",mom,avg_ll,out of sample,no noise,3d-low-strong,3,low,strong,4,1,-4.6725261,0.04436059198207354
"(4,1)-Two-layer MoM",mom,avg_ll,out of sample,no noise,3d-low-weak,3,low,weak,4,1,-5.035845800000001,0.03966625207779269
"(4,1)-Two-layer MoM",mom,avg_ll,out of sample,with noise,2d-high-ind,2,high,ind,4,1,-3.908017,0.02357374556149228
"(4,1)-Two-layer MoM",mom,avg_ll,out of sample,with noise,2d-high-strong,2,high,strong,4,1,-3.900267,0.02476466721812034
"(4,1)-Two-layer MoM",mom,avg_ll,out of sample,with noise,2d-high-weak,2,high,weak,4,1,-3.9338725,0.02602532156138971
"(4,1)-Two-layer MoM",mom,avg_ll,out of sample,with noise,2d-low-ind,2,low,ind,4,1,-3.4685636,0.02639470024551342
"(4,1)-Two-layer MoM",mom,avg_ll,out of sample,with noise,2d-low-strong,2,low,strong,4,1,-3.0798131,0.02632295003174488
"(4,1)-Two-layer MoM",mom,avg_ll,out of sample,with noise,2d-low-weak,2,low,weak,4,1,-3.4368603,0.02764291625536295
"(4,1)-Two-layer MoM",mom,avg_ll,out of sample,with noise,3d-high-ind,3,high,ind,4,1,-5.658911399999999,0.03687187170829173
"(4,1)-Two-layer MoM",mom,avg_ll,out of sample,with noise,3d-high-strong,3,high,strong,4,1,-5.5669721,0.03895343107500469
"(4,1)-Two-layer MoM",mom,avg_ll,out of sample,with noise,3d-high-weak,3,high,weak,4,1,-5.6894835,0.03692018517674111
"(4,1)-Two-layer MoM",mom,avg_ll,out of sample,with noise,3d-low-ind,3,low,ind,4,1,-5.1349389,0.03832066267259295
"(4,1)-Two-layer MoM",mom,avg_ll,out of sample,with noise,3d-low-strong,3,low,strong,4,1,-4.7439979,0.04368007157870975
"(4,1)-Two-layer MoM",mom,avg_ll,out of sample,with noise,3d-low-weak,3,low,weak,4,1,-5.0918873,0.03987802351299534
"(4,1)-Two-layer MoM",mom,bic,in sample,no noise,2d-high-ind,2,high,ind,4,1,62131.61138659999,226.0983839119731
"(4,1)-Two-layer MoM",mom,bic,in sample,no noise,2d-high-strong,2,high,strong,4,1,62039.1226086,268.942595026183
"(4,1)-Two-layer MoM",mom,bic,in sample,no noise,2d-high-weak,2,high,weak,4,1,62624.1137413,221.4906464894393
"(4,1)-Two-layer MoM",mom,bic,in sample,no noise,2d-low-ind,2,low,ind,4,1,55187.1757988,239.781441702256
"(4,1)-Two-layer MoM",mom,bic,in sample,no noise,2d-low-strong,2,low,strong,4,1,48630.3521188,267.6101754576566
"(4,1)-Two-layer MoM",mom,bic,in sample,no noise,2d-low-weak,2,low,weak,4,1,54661.9046896,237.7699290491312
"(4,1)-Two-layer MoM",mom,bic,in sample,no noise,3d-high-ind,3,high,ind,4,1,89900.8172163,241.8769165944631
"(4,1)-Two-layer MoM",mom,bic,in sample,no noise,3d-high-strong,3,high,strong,4,1,88318.30775450001,303.9232921871115
"(4,1)-Two-layer MoM",mom,bic,in sample,no noise,3d-high-weak,3,high,weak,4,1,90373.13672250001,274.8381250092949
"(4,1)-Two-layer MoM",mom,bic,in sample,no noise,3d-low-ind,3,low,ind,4,1,81703.5291389,255.3771054902524
"(4,1)-Two-layer MoM",mom,bic,in sample,no noise,3d-low-strong,3,low,strong,4,1,75108.9223722,319.3283943579666
"(4,1)-Two-layer MoM",mom,bic,in sample,no noise,3d-low-weak,3,low,weak,4,1,80971.6987058,255.5913896008114
"(4,1)-Two-layer MoM",mom,bic,in sample,with noise,2d-high-ind,2,high,ind,4,1,62682.292406,226.7580868580276
"(4,1)-Two-layer MoM",mom,bic,in sample,with noise,2d-high-strong,2,high,strong,4,1,62617.9434368,253.928471586811
"(4,1)-Two-layer MoM",mom,bic,in sample,with noise,2d-high-weak,2,high,weak,4,1,63170.2577835,224.6682885187932
"(4,1)-Two-layer MoM",mom,bic,in sample,with noise,2d-low-ind,2,low,ind,4,1,55685.9589964,238.8452348682006
"(4,1)-Two-layer MoM",mom,bic,in sample,with noise,2d-low-strong,2,low,strong,4,1,49522.8439788,272.8581535079208
"(4,1)-Two-layer MoM",mom,bic,in sample,with noise,2d-low-weak,2,low,weak,4,1,55195.69544339999,240.0972967308689
"(4,1)-Two-layer MoM",mom,bic,in sample,with noise,3d-high-ind,3,high,ind,4,1,90917.7241698,249.1578274307302
"(4,1)-Two-layer MoM",mom,bic,in sample,with noise,3d-high-strong,3,high,strong,4,1,89456.48339549999,346.0525664715983
"(4,1)-Two-layer MoM",mom,bic,in sample,with noise,3d-high-weak,3,high,weak,4,1,91374.65411,281.8830634413969
"(4,1)-Two-layer MoM",mom,bic,in sample,with noise,3d-low-ind,3,low,ind,4,1,82556.0876366,258.7751766295069
"(4,1)-Two-layer MoM",mom,bic,in sample,with noise,3d-low-strong,3,low,strong,4,1,76284.3348861,322.9359435249938
"(4,1)-Two-layer MoM",mom,bic,in sample,with noise,3d-low-weak,3,low,weak,4,1,81860.957946,259.9439671942842
"(4,1)-Two-layer MoM",mom,bic,out of sample,no noise,2d-high-ind,2,high,ind,4,1,15728.5936222,96.24144633096441
"(4,1)-Two-layer MoM",mom,bic,out of sample,no noise,2d-high-strong,2,high,strong,4,1,15696.1054085,98.96006025994443
"(4,1)-Two-layer MoM",mom,bic,out of sample,no noise,2d-high-weak,2,high,weak,4,1,15835.6144429,103.003575767528
"(4,1)-Two-layer MoM",mom,bic,out of sample,no noise,2d-low-ind,2,low,ind,4,1,13983.1182201,105.3010872910612
"(4,1)-Two-layer MoM",mom,bic,out of sample,no noise,2d-low-strong,2,low,strong,4,1,12331.4100296,103.0898939737577
"(4,1)-Two-layer MoM",mom,bic,out of sample,no noise,2d-low-weak,2,low,weak,4,1,13849.5200677,110.0539837716715
"(4,1)-Two-layer MoM",mom,bic,out of sample,no noise,3d-high-ind,3,high,ind,4,1,22767.8267748,149.8140180307642
"(4,1)-Two-layer MoM",mom,bic,out of sample,no noise,3d-high-strong,3,high,strong,4,1,22373.4033563,152.3712741908364
"(4,1)-Two-layer MoM",mom,bic,out of sample,no noise,3d-high-weak,3,high,weak,4,1,22894.319273,149.0704548702342
"(4,1)-Two-layer MoM",mom,bic,out of sample,no noise,3d-low-ind,3,low,ind,4,1,20711.8104143,155.563905832196
"(4,1)-Two-layer MoM",mom,bic,out of sample,no noise,3d-low-strong,3,low,strong,4,1,19077.7530772,177.4454620272769
"(4,1)-Two-layer MoM",mom,bic,out of sample,no noise,3d-low-weak,3,low,weak,4,1,20531.0280858,158.6656615383803
"(4,1)-Two-layer MoM",mom,bic,out of sample,with noise,2d-high-ind,2,high,ind,4,1,15867.6966984,94.29639907594387
"(4,1)-Two-layer MoM",mom,bic,out of sample,with noise,2d-high-strong,2,high,strong,4,1,15836.6970255,99.05824063999403
"(4,1)-Two-layer MoM",mom,bic,out of sample,with noise,2d-high-weak,2,high,weak,4,1,15971.1166881,104.1012436453082
"(4,1)-Two-layer MoM",mom,bic,out of sample,with noise,2d-low-ind,2,low,ind,4,1,14109.8819914,105.5784063297855
"(4,1)-Two-layer MoM",mom,bic,out of sample,with noise,2d-low-strong,2,low,strong,4,1,12554.8808749,105.2909362831542
"(4,1)-Two-layer MoM",mom,bic,out of sample,with noise,2d-low-weak,2,low,weak,4,1,13983.0681312,110.5719983497076
"(4,1)-Two-layer MoM",mom,bic,out of sample,with noise,3d-high-ind,3,high,ind,4,1,23023.2931245,147.4886757662829
"(4,1)-Two-layer MoM",mom,bic,out of sample,with noise,3d-high-strong,3,high,strong,4,1,22655.5346202,155.8147533585483
"(4,1)-Two-layer MoM",mom,bic,out of sample,with noise,3d-high-weak,3,high,weak,4,1,23145.5798389,147.6807124205579
"(4,1)-Two-layer MoM",mom,bic,out of sample,with noise,3d-low-ind,3,low,ind,4,1,20927.4015981,153.2809914162412
"(4,1)-Two-layer MoM",mom,bic,out of sample,with noise,3d-low-strong,3,low,strong,4,1,19363.6367773,174.7219449276661
"(4,1)-Two-layer MoM",mom,bic,out of sample,with noise,3d-low-weak,3,low,weak,4,1,20755.1942232,159.5113027467297
"(4,1)-Two-layer MoM",mom,em_iters,training,no noise,2d-high-ind,2,high,ind,4,1,20.63,3.978870963152003
"(4,1)-Two-layer MoM",mom,em_iters,training,no noise,2d-high-strong,2,high,strong,4,1,61.52,17.72943680134621
"(4,1)-Two-layer MoM",mom,em_iters,training,no noise,2d-high-weak,2,high,weak,4,1,17.94,1.905971477417034
"(4,1)-Two-layer MoM",mom,em_iters,training,no noise,2d-low-ind,2,low,ind,4,1,20.61,3.36618658443232
"(4,1)-Two-layer MoM",mom,em_iters,training,no noise,2d-low-strong,2,low,strong,4,1,33.14,14.78671257199749
"(4,1)-Two-layer MoM",mom,em_iters,training,no noise,2d-low-weak,2,low,weak,4,1,38.23,6.003122083339198
"(4,1)-Two-layer MoM",mom,em_iters,training,no noise,3d-high-ind,3,high,ind,4,1,33.01,13.1882217117848
"(4,1)-Two-layer MoM",mom,em_iters,training,no noise,3d-high-strong,3,high,strong,4,1,67.65,23.40351998043772
"(4,1)-Two-layer MoM",mom,em_iters,training,no noise,3d-high-weak,3,high,weak,4,1,54.8,18.77834557745336
"(4,1)-Two-layer MoM",mom,em_iters,training,no noise,3d-low-ind,3,low,ind,4,1,37.94,18.0883466029453
"(4,1)-Two-layer MoM",mom,em_iters,training,no noise,3d-low-strong,3,low,strong,4,1,37.26,22.16860096367989
"(4,1)-Two-layer MoM",mom,em_iters,training,no noise,3d-low-weak,3,low,weak,4,1,32.32,6.432053570308097
"(4,1)-Two-layer MoM",mom,em_iters,training,with noise,2d-high-ind,2,high,ind,4,1,20.16,3.702906311468757
"(4,1)-Two-layer MoM",mom,em_iters,training,with noise,2d-high-strong,2,high,strong,4,1,61.14,17.39732941307575
"(4,1)-Two-layer MoM",mom,em_iters,training,with noise,2d-high-weak,2,high,weak,4,1,18.11,2.098075115890561
"(4,1)-Two-layer MoM",mom,em_iters,training,with noise,2d-low-ind,2,low,ind,4,1,20.09,2.530999722631276
"(4,1)-Two-layer MoM",mom,em_iters,training,with noise,2d-low-strong,2,low,strong,4,1,32.59,14.92817483955771
"(4,1)-Two-layer MoM",mom,em_iters,training,with noise,2d-low-weak,2,low,weak,4,1,37.65,6.4485140407177
"(4,1)-Two-layer MoM",mom,em_iters,training,with noise,3d-high-ind,3,high,ind,4,1,31.93,12.52654151888071
"(4,1)-Two-layer MoM",mom,em_iters,training,with noise,3d-high-strong,3,high,strong,4,1,68.05,22.51346398504816
"(4,1)-Two-layer MoM",mom,em_iters,training,with noise,3d-high-weak,3,high,weak,4,1,53.39,19.93367537965375
"(4,1)-Two-layer MoM",mom,em_iters,training,with noise,3d-low-ind,3,low,ind,4,1,36.43,17.37655159847734
"(4,1)-Two-layer MoM",mom,em_iters,training,with noise,3d-low-strong,3,low,strong,4,1,35.45,19.1292124165311
"(4,1)-Two-layer MoM",mom,em_iters,training,with noise,3d-low-weak,3,low,weak,4,1,31.83,5.796298017447922
"(4,1)-Two-layer MoM",mom,gmpd,in sample,no noise,2d-high-ind,2,high,ind,4,1,0.0209476,0.0002957719569280532
"(4,1)-Two-layer MoM",mom,gmpd,in sample,no noise,2d-high-strong,2,high,strong,4,1,0.0210709,0.0003536764914523734
"(4,1)-Two-layer MoM",mom,gmpd,in sample,no noise,2d-high-weak,2,high,weak,4,1,0.0203128,0.0002802815323451363
"(4,1)-Two-layer MoM",mom,gmpd,in sample,no noise,2d-low-ind,2,low,ind,4,1,0.0323325,0.0004834459116539821
"(4,1)-Two-layer MoM",mom,gmpd,in sample,no noise,2d-low-strong,2,low,strong,4,1,0.04871139999999999,0.000814281637923012
"(4,1)-Two-layer MoM",mom,gmpd,in sample,no noise,2d-low-weak,2,low,weak,4,1,0.0334116,0.0004954005011762263
"(4,1)-Two-layer MoM",mom,gmpd,in sample,no noise,3d-high-ind,3,high,ind,4,1,0.0037344,5.635959581476818e-05
"(4,1)-Two-layer MoM",mom,gmpd,in sample,no noise,3d-high-strong,3,high,strong,4,1,0.0041239,7.848174207026668e-05
"(4,1)-Two-layer MoM",mom,gmpd,in sample,no noise,3d-high-weak,3,high,weak,4,1,0.0036266,6.236451982764988e-05
"(4,1)-Two-layer MoM",mom,gmpd,in sample,no noise,3d-low-ind,3,low,ind,4,1,0.0062341,9.935239800779345e-05
"(4,1)-Two-layer MoM",mom,gmpd,in sample,no noise,3d-low-strong,3,low,strong,4,1,0.009415,0.0001884519604942899
"(4,1)-Two-layer MoM",mom,gmpd,in sample,no noise,3d-low-weak,3,low,weak,4,1,0.0065264,0.0001045386207691839
"(4,1)-Two-layer MoM",mom,gmpd,in sample,with noise,2d-high-ind,2,high,ind,4,1,0.0202393,0.000285965509681277
"(4,1)-Two-layer MoM",mom,gmpd,in sample,with noise,2d-high-strong,2,high,strong,4,1,0.0203212,0.0003219269005425443
"(4,1)-Two-layer MoM",mom,gmpd,in sample,with noise,2d-high-weak,2,high,weak,4,1,0.0196312,0.0002751759033378064
"(4,1)-Two-layer MoM",mom,gmpd,in sample,with noise,2d-low-ind,2,low,ind,4,1,0.0313402,0.0004665627156950784
"(4,1)-Two-layer MoM",mom,gmpd,in sample,with noise,2d-low-strong,2,low,strong,4,1,0.04606830000000001,0.0007848361535242811
"(4,1)-Two-layer MoM",mom,gmpd,in sample,with noise,2d-low-weak,2,low,weak,4,1,0.0323159,0.0004844930600664217
"(4,1)-Two-layer MoM",mom,gmpd,in sample,with noise,3d-high-ind,3,high,ind,4,1,0.003505,5.452272253590505e-05
"(4,1)-Two-layer MoM",mom,gmpd,in sample,with noise,3d-high-strong,3,high,strong,4,1,0.0038409,8.268346603496719e-05
"(4,1)-Two-layer MoM",mom,gmpd,in sample,with noise,3d-high-weak,3,high,weak,4,1,0.003406,5.994947367524919e-05
"(4,1)-Two-layer MoM",mom,gmpd,in sample,with noise,3d-low-ind,3,low,ind,4,1,0.0059106,9.612512888959056e-05
"(4,1)-Two-layer MoM",mom,gmpd,in sample,with noise,3d-low-strong,3,low,strong,4,1,0.008748200000000001,0.0001762767566909915
"(4,1)-Two-layer MoM",mom,gmpd,in sample,with noise,3d-low-weak,3,low,weak,4,1,0.006173499999999999,9.965977476931553e-05
"(4,1)-Two-layer MoM",mom,gmpd,out of sample,no noise,2d-high-ind,2,high,ind,4,1,0.0207969,0.00050165724344316
"(4,1)-Two-layer MoM",mom,gmpd,out of sample,no noise,2d-high-strong,2,high,strong,4,1,0.020967,0.0005184056755519218
"(4,1)-Two-layer MoM",mom,gmpd,out of sample,no noise,2d-high-weak,2,high,weak,4,1,0.020249,0.00052334105379366
"(4,1)-Two-layer MoM",mom,gmpd,out of sample,no noise,2d-low-ind,2,low,ind,4,1,0.0321761,0.0008505279346833758
"(4,1)-Two-layer MoM",mom,gmpd,out of sample,no noise,2d-low-strong,2,low,strong,4,1,0.048625,0.001258554967437102
"(4,1)-Two-layer MoM",mom,gmpd,out of sample,no noise,2d-low-weak,2,low,weak,4,1,0.0332703,0.0009196359128052865
"(4,1)-Two-layer MoM",mom,gmpd,out of sample,no noise,3d-high-ind,3,high,ind,4,1,0.0037188,0.0001398143068646425
"(4,1)-Two-layer MoM",mom,gmpd,out of sample,no noise,3d-high-strong,3,high,strong,4,1,0.0041048,0.0001563696733624354
"(4,1)-Two-layer MoM",mom,gmpd,out of sample,no noise,3d-high-weak,3,high,weak,4,1,0.0036029,0.000134954500375931
"(4,1)-Two-layer MoM",mom,gmpd,out of sample,no noise,3d-low-ind,3,low,ind,4,1,0.0062183,0.0002420996330505941
"(4,1)-Two-layer MoM",mom,gmpd,out of sample,no noise,3d-low-strong,3,low,strong,4,1,0.0093574,0.0004162861777890085
"(4,1)-Two-layer MoM",mom,gmpd,out of sample,no noise,3d-low-weak,3,low,weak,4,1,0.006505800000000001,0.0002585826948985762
"(4,1)-Two-layer MoM",mom,gmpd,out of sample,with noise,2d-high-ind,2,high,ind,4,1,0.0200857,0.0004753568675375913
"(4,1)-Two-layer MoM",mom,gmpd,out of sample,with noise,2d-high-strong,2,high,strong,4,1,0.0202425,0.000500755741985365
"(4,1)-Two-layer MoM",mom,gmpd,out of sample,with noise,2d-high-weak,2,high,weak,4,1,0.0195747,0.0005107381368611941
"(4,1)-Two-layer MoM",mom,gmpd,out of sample,with noise,2d-low-ind,2,low,ind,4,1,0.0311727,0.0008257091901309245
"(4,1)-Two-layer MoM",mom,gmpd,out of sample,with noise,2d-low-strong,2,low,strong,4,1,0.0459839,0.001213009359844642
"(4,1)-Two-layer MoM",mom,gmpd,out of sample,with noise,2d-low-weak,2,low,weak,4,1,0.0321777,0.0008913227657404875
"(4,1)-Two-layer MoM",mom,gmpd,out of sample,with noise,3d-high-ind,3,high,ind,4,1,0.0034888,0.0001288039776034291
"(4,1)-Two-layer MoM",mom,gmpd,out of sample,with noise,3d-high-strong,3,high,strong,4,1,0.0038243,0.0001492422273495087
"(4,1)-Two-layer MoM",mom,gmpd,out of sample,with noise,3d-high-weak,3,high,weak,4,1,0.0033833,0.0001261076580313084
"(4,1)-Two-layer MoM",mom,gmpd,out of sample,with noise,3d-low-ind,3,low,ind,4,1,0.0058917,0.0002261940482743689
"(4,1)-Two-layer MoM",mom,gmpd,out of sample,with noise,3d-low-strong,3,low,strong,4,1,0.0087117,0.0003821524763121588
"(4,1)-Two-layer MoM",mom,gmpd,out of sample,with noise,3d-low-weak,3,low,weak,4,1,0.0061516,0.0002466696150519943
"(4,1)-Two-layer MoM",mom,training_time,training,no noise,2d-high-ind,2,high,ind,4,1,787.8163000000001,114.7089255169031
"(4,1)-Two-layer MoM",mom,training_time,training,no noise,2d-high-strong,2,high,strong,4,1,1611.3468,384.9973675782496
"(4,1)-Two-layer MoM",mom,training_time,training,no noise,2d-high-weak,2,high,weak,4,1,757.1612,78.28096742613572
"(4,1)-Two-layer MoM",mom,training_time,training,no noise,2d-low-ind,2,low,ind,4,1,773.2782000000001,104.2849639488751
"(4,1)-Two-layer MoM",mom,training_time,training,no noise,2d-low-strong,2,low,strong,4,1,1035.7989,333.3268849312485
"(4,1)-Two-layer MoM",mom,training_time,training,no noise,2d-low-weak,2,low,weak,4,1,1146.1424,149.5275783158749
"(4,1)-Two-layer MoM",mom,training_time,training,no noise,3d-high-ind,3,high,ind,4,1,1091.5695,329.7638895991885
"(4,1)-Two-layer MoM",mom,training_time,training,no noise,3d-high-strong,3,high,strong,4,1,1949.4349,572.6927653761057
"(4,1)-Two-layer MoM",mom,training_time,training,no noise,3d-high-weak,3,high,weak,4,1,1621.1564,451.1132202965272
"(4,1)-Two-layer MoM",mom,training_time,training,no noise,3d-low-ind,3,low,ind,4,1,1195.5029,423.3914289516109
"(4,1)-Two-layer MoM",mom,training_time,training,no noise,3d-low-strong,3,low,strong,4,1,1210.098,537.4508176173666
"(4,1)-Two-layer MoM",mom,training_time,training,no noise,3d-low-weak,3,low,weak,4,1,1083.6709,162.4669251940533
"(4,1)-Two-layer MoM",mom,training_time,training,with noise,2d-high-ind,2,high,ind,4,1,769.577,114.7278464035826
"(4,1)-Two-layer MoM",mom,training_time,training,with noise,2d-high-strong,2,high,strong,4,1,1620.0383,380.576143378959
"(4,1)-Two-layer MoM",mom,training_time,training,with noise,2d-high-weak,2,high,weak,4,1,751.6985000000001,90.10591848603579
"(4,1)-Two-layer MoM",mom,training_time,training,with noise,2d-low-ind,2,low,ind,4,1,755.2661,114.8852398137402
"(4,1)-Two-layer MoM",mom,training_time,training,with noise,2d-low-strong,2,low,strong,4,1,1027.1256,323.731239610323
"(4,1)-Two-layer MoM",mom,training_time,training,with noise,2d-low-weak,2,low,weak,4,1,1137.6248,159.1290782681301
"(4,1)-Two-layer MoM",mom,training_time,training,with noise,3d-high-ind,3,high,ind,4,1,1061.2623,298.0928686044643
"(4,1)-Two-layer MoM",mom,training_time,training,with noise,3d-high-strong,3,high,strong,4,1,1948.8939,554.2655924186363
"(4,1)-Two-layer MoM",mom,training_time,training,with noise,3d-high-weak,3,high,weak,4,1,1586.7805,481.820075572822
"(4,1)-Two-layer MoM",mom,training_time,training,with noise,3d-low-ind,3,low,ind,4,1,1165.5269,425.2444687725004
"(4,1)-Two-layer MoM",mom,training_time,training,with noise,3d-low-strong,3,low,strong,4,1,1157.9275,458.4066349238105
"(4,1)-Two-layer MoM",mom,training_time,training,with noise,3d-low-weak,3,low,weak,4,1,1094.2094,145.4478754203128
"(4,2)-Isolated Two-layer MoM",isomom,aic,in sample,no noise,2d-high-ind,2,high,ind,4,2,62111.2434946,227.5645707168289
"(4,2)-Isolated Two-layer MoM",isomom,aic,in sample,no noise,2d-high-strong,2,high,strong,4,2,62382.4026752,231.7188851308524
"(4,2)-Isolated Two-layer MoM",isomom,aic,in sample,no noise,2d-high-weak,2,high,weak,4,2,62548.6293025,225.0597484277827
"(4,2)-Isolated Two-layer MoM",isomom,aic,in sample,no noise,2d-low-ind,2,low,ind,4,2,54983.6735388,238.8990347129067
"(4,2)-Isolated Two-layer MoM",isomom,aic,in sample,no noise,2d-low-strong,2,low,strong,4,2,52491.7451405,285.8622350936094
"(4,2)-Isolated Two-layer MoM",isomom,aic,in sample,no noise,2d-low-weak,2,low,weak,4,2,54765.6912249,234.1333013641694
"(4,2)-Isolated Two-layer MoM",isomom,aic,in sample,no noise,3d-high-ind,3,high,ind,4,2,89810.95137,247.8059584891755
"(4,2)-Isolated Two-layer MoM",isomom,aic,in sample,no noise,3d-high-strong,3,high,strong,4,2,90161.43221999999,316.3788712950219
"(4,2)-Isolated Two-layer MoM",isomom,aic,in sample,no noise,3d-high-weak,3,high,weak,4,2,90285.2630029,247.6980693908288
"(4,2)-Isolated Two-layer MoM",isomom,aic,in sample,no noise,3d-low-ind,3,low,ind,4,2,81374.23624320001,253.7119945388686
"(4,2)-Isolated Two-layer MoM",isomom,aic,in sample,no noise,3d-low-strong,3,low,strong,4,2,78510.6400595,408.4664324718207
"(4,2)-Isolated Two-layer MoM",isomom,aic,in sample,no noise,3d-low-weak,3,low,weak,4,2,81106.356454,264.0908697148868
"(4,2)-Isolated Two-layer MoM",isomom,aic,in sample,with noise,2d-high-ind,2,high,ind,4,2,62659.6309175,227.961935167161
"(4,2)-Isolated Two-layer MoM",isomom,aic,in sample,with noise,2d-high-strong,2,high,strong,4,2,62940.8921583,238.9431149178851
"(4,2)-Isolated Two-layer MoM",isomom,aic,in sample,with noise,2d-high-weak,2,high,weak,4,2,63089.4520739,228.982222375324
"(4,2)-Isolated Two-layer MoM",isomom,aic,in sample,with noise,2d-low-ind,2,low,ind,4,2,55485.7200473,237.4496899498256
"(4,2)-Isolated Two-layer MoM",isomom,aic,in sample,with noise,2d-low-strong,2,low,strong,4,2,53119.3269233,296.631402851409
"(4,2)-Isolated Two-layer MoM",isomom,aic,in sample,with noise,2d-low-weak,2,low,weak,4,2,55282.5513079,238.5600495226324
"(4,2)-Isolated Two-layer MoM",isomom,aic,in sample,with noise,3d-high-ind,3,high,ind,4,2,90825.6500677,249.6427783880451
"(4,2)-Isolated Two-layer MoM",isomom,aic,in sample,with noise,3d-high-strong,3,high,strong,4,2,91168.6307509,328.9258756880814
"(4,2)-Isolated Two-layer MoM",isomom,aic,in sample,with noise,3d-high-weak,3,high,weak,4,2,91279.7841915,253.8371065770231
"(4,2)-Isolated Two-layer MoM",isomom,aic,in sample,with noise,3d-low-ind,3,low,ind,4,2,82223.1059616,260.9772067048055
"(4,2)-Isolated Two-layer MoM",isomom,aic,in sample,with noise,3d-low-strong,3,low,strong,4,2,79486.5644305,400.8224073979738
"(4,2)-Isolated Two-layer MoM",isomom,aic,in sample,with noise,3d-low-weak,3,low,weak,4,2,81970.60040129999,268.2624840077666
"(4,2)-Isolated Two-layer MoM",isomom,aic,out of sample,no noise,2d-high-ind,2,high,ind,4,2,15621.3413174,96.38388206188061
"(4,2)-Isolated Two-layer MoM",isomom,aic,out of sample,no noise,2d-high-strong,2,high,strong,4,2,15667.378637,96.98939124800606
"(4,2)-Isolated Two-layer MoM",isomom,aic,out of sample,no noise,2d-high-weak,2,high,weak,4,2,15717.2379766,104.1842648698656
"(4,2)-Isolated Two-layer MoM",isomom,aic,out of sample,no noise,2d-low-ind,2,low,ind,4,2,13831.4493772,104.1312113903564
"(4,2)-Isolated Two-layer MoM",isomom,aic,out of sample,no noise,2d-low-strong,2,low,strong,4,2,13192.5521931,116.7002774779922
"(4,2)-Isolated Two-layer MoM",isomom,aic,out of sample,no noise,2d-low-weak,2,low,weak,4,2,13770.9166789,110.1129348636957
"(4,2)-Isolated Two-layer MoM",isomom,aic,out of sample,no noise,3d-high-ind,3,high,ind,4,2,22570.7172649,149.5754057907886
"(4,2)-Isolated Two-layer MoM",isomom,aic,out of sample,no noise,3d-high-strong,3,high,strong,4,2,22651.1262904,158.3266311821088
"(4,2)-Isolated Two-layer MoM",isomom,aic,out of sample,no noise,3d-high-weak,3,high,weak,4,2,22693.4569135,145.660244461553
"(4,2)-Isolated Two-layer MoM",isomom,aic,out of sample,no noise,3d-low-ind,3,low,ind,4,2,20452.6967632,156.3769663939722
"(4,2)-Isolated Two-layer MoM",isomom,aic,out of sample,no noise,3d-low-strong,3,low,strong,4,2,19735.7032257,184.0633778689487
"(4,2)-Isolated Two-layer MoM",isomom,aic,out of sample,no noise,3d-low-weak,3,low,weak,4,2,20387.752455,159.2533259929897
"(4,2)-Isolated Two-layer MoM",isomom,aic,out of sample,with noise,2d-high-ind,2,high,ind,4,2,15760.4583929,94.87147540649731
"(4,2)-Isolated Two-layer MoM",isomom,aic,out of sample,with noise,2d-high-strong,2,high,strong,4,2,15804.8799189,97.02437749276261
"(4,2)-Isolated Two-layer MoM",isomom,aic,out of sample,with noise,2d-high-weak,2,high,weak,4,2,15851.7679253,104.5033080507923
"(4,2)-Isolated Two-layer MoM",isomom,aic,out of sample,with noise,2d-low-ind,2,low,ind,4,2,13959.2125559,104.5172906196018
"(4,2)-Isolated Two-layer MoM",isomom,aic,out of sample,with noise,2d-low-strong,2,low,strong,4,2,13347.7938283,111.8540294952356
"(4,2)-Isolated Two-layer MoM",isomom,aic,out of sample,with noise,2d-low-weak,2,low,weak,4,2,13900.1088193,110.0310943178838
"(4,2)-Isolated Two-layer MoM",isomom,aic,out of sample,with noise,3d-high-ind,3,high,ind,4,2,22826.392048,145.9105234718387
"(4,2)-Isolated Two-layer MoM",isomom,aic,out of sample,with noise,3d-high-strong,3,high,strong,4,2,22901.1754344,154.3915616961257
"(4,2)-Isolated Two-layer MoM",isomom,aic,out of sample,with noise,3d-high-weak,3,high,weak,4,2,22943.1290531,141.5028894194436
"(4,2)-Isolated Two-layer MoM",isomom,aic,out of sample,with noise,3d-low-ind,3,low,ind,4,2,20667.1941555,152.5071377531729
"(4,2)-Isolated Two-layer MoM",isomom,aic,out of sample,with noise,3d-low-strong,3,low,strong,4,2,19978.1537796,176.4307231135951
"(4,2)-Isolated Two-layer MoM",isomom,aic,out of sample,with noise,3d-low-weak,3,low,weak,4,2,20605.2692318,157.2668774861521
"(4,2)-Isolated Two-layer MoM",isomom,ari,in sample,no noise,2d-high-ind,2,high,ind,4,2,0.2215665,0.01784539435673739
"(4,2)-Isolated Two-layer MoM",isomom,ari,in sample,no noise,2d-high-strong,2,high,strong,4,2,0.224679,0.01798843907636347
"(4,2)-Isolated Two-layer MoM",isomom,ari,in sample,no noise,2d-high-weak,2,high,weak,4,2,0.2237215,0.01833779831992441
"(4,2)-Isolated Two-layer MoM",isomom,ari,in sample,no noise,2d-low-ind,2,low,ind,4,2,0.0101329,0.001765347303226791
"(4,2)-Isolated Two-layer MoM",isomom,ari,in sample,no noise,2d-low-strong,2,low,strong,4,2,0.0101211,0.001635690256791186
"(4,2)-Isolated Two-layer MoM",isomom,ari,in sample,no noise,2d-low-weak,2,low,weak,4,2,0.0101435,0.001728443203895028
"(4,2)-Isolated Two-layer MoM",isomom,ari,in sample,no noise,3d-high-ind,3,high,ind,4,2,0.3016551,0.03050819765624189
"(4,2)-Isolated Two-layer MoM",isomom,ari,in sample,no noise,3d-high-strong,3,high,strong,4,2,0.3059123,0.02920809631961935
"(4,2)-Isolated Two-layer MoM",isomom,ari,in sample,no noise,3d-high-weak,3,high,weak,4,2,0.3026574,0.03062294332389006
"(4,2)-Isolated Two-layer MoM",isomom,ari,in sample,no noise,3d-low-ind,3,low,ind,4,2,0.01248,0.002590621391079598
"(4,2)-Isolated Two-layer MoM",isomom,ari,in sample,no noise,3d-low-strong,3,low,strong,4,2,0.0118884,0.002235250520386672
"(4,2)-Isolated Two-layer MoM",isomom,ari,in sample,no noise,3d-low-weak,3,low,weak,4,2,0.0119867,0.002658250375831076
"(4,2)-Isolated Two-layer MoM",isomom,ari,in sample,with noise,2d-high-ind,2,high,ind,4,2,0.2171363,0.01604138446221668
"(4,2)-Isolated Two-layer MoM",isomom,ari,in sample,with noise,2d-high-strong,2,high,strong,4,2,0.2192328,0.0183034341360226
"(4,2)-Isolated Two-layer MoM",isomom,ari,in sample,with noise,2d-high-weak,2,high,weak,4,2,0.217288,0.01724922806060807
"(4,2)-Isolated Two-layer MoM",isomom,ari,in sample,with noise,2d-low-ind,2,low,ind,4,2,0.0099758,0.001643209584129102
"(4,2)-Isolated Two-layer MoM",isomom,ari,in sample,with noise,2d-low-strong,2,low,strong,4,2,0.009748,0.001661921730522782
"(4,2)-Isolated Two-layer MoM",isomom,ari,in sample,with noise,2d-low-weak,2,low,weak,4,2,0.009754800000000001,0.001700042471246058
"(4,2)-Isolated Two-layer MoM",isomom,ari,in sample,with noise,3d-high-ind,3,high,ind,4,2,0.2900003,0.028677367152125
"(4,2)-Isolated Two-layer MoM",isomom,ari,in sample,with noise,3d-high-strong,3,high,strong,4,2,0.291407,0.0273560355647192
"(4,2)-Isolated Two-layer MoM",isomom,ari,in sample,with noise,3d-high-weak,3,high,weak,4,2,0.2904806,0.02801087948161095
"(4,2)-Isolated Two-layer MoM",isomom,ari,in sample,with noise,3d-low-ind,3,low,ind,4,2,0.0118953,0.002417492421096829
"(4,2)-Isolated Two-layer MoM",isomom,ari,in sample,with noise,3d-low-strong,3,low,strong,4,2,0.0116059,0.002328111514129472
"(4,2)-Isolated Two-layer MoM",isomom,ari,in sample,with noise,3d-low-weak,3,low,weak,4,2,0.0118401,0.002508014827256285
"(4,2)-Isolated Two-layer MoM",isomom,ari,out of sample,no noise,2d-high-ind,2,high,ind,4,2,0.2236526,0.02149690203755232
"(4,2)-Isolated Two-layer MoM",isomom,ari,out of sample,no noise,2d-high-strong,2,high,strong,4,2,0.2267869,0.0209517699980337
"(4,2)-Isolated Two-layer MoM",isomom,ari,out of sample,no noise,2d-high-weak,2,high,weak,4,2,0.2252801,0.02097302512319532
"(4,2)-Isolated Two-layer MoM",isomom,ari,out of sample,no noise,2d-low-ind,2,low,ind,4,2,0.0103599,0.002810896724168179
"(4,2)-Isolated Two-layer MoM",isomom,ari,out of sample,no noise,2d-low-strong,2,low,strong,4,2,0.0102362,0.003345713005496963
"(4,2)-Isolated Two-layer MoM",isomom,ari,out of sample,no noise,2d-low-weak,2,low,weak,4,2,0.0102612,0.003398946741197183
"(4,2)-Isolated Two-layer MoM",isomom,ari,out of sample,no noise,3d-high-ind,3,high,ind,4,2,0.3045203,0.03424620272262593
"(4,2)-Isolated Two-layer MoM",isomom,ari,out of sample,no noise,3d-high-strong,3,high,strong,4,2,0.3098262,0.03242860838796197
"(4,2)-Isolated Two-layer MoM",isomom,ari,out of sample,no noise,3d-high-weak,3,high,weak,4,2,0.3058907,0.03361687470842011
"(4,2)-Isolated Two-layer MoM",isomom,ari,out of sample,no noise,3d-low-ind,3,low,ind,4,2,0.0121888,0.003514390123391816
"(4,2)-Isolated Two-layer MoM",isomom,ari,out of sample,no noise,3d-low-strong,3,low,strong,4,2,0.0118299,0.0036264205840643
"(4,2)-Isolated Two-layer MoM",isomom,ari,out of sample,no noise,3d-low-weak,3,low,weak,4,2,0.0120492,0.003579044700712325
"(4,2)-Isolated Two-layer MoM",isomom,ari,out of sample,with noise,2d-high-ind,2,high,ind,4,2,0.2185171,0.01949464973454838
"(4,2)-Isolated Two-layer MoM",isomom,ari,out of sample,with noise,2d-high-strong,2,high,strong,4,2,0.2205526,0.02144746692773209
"(4,2)-Isolated Two-layer MoM",isomom,ari,out of sample,with noise,2d-high-weak,2,high,weak,4,2,0.2188036,0.02127105742267619
"(4,2)-Isolated Two-layer MoM",isomom,ari,out of sample,with noise,2d-low-ind,2,low,ind,4,2,0.0100851,0.00268205917236
"(4,2)-Isolated Two-layer MoM",isomom,ari,out of sample,with noise,2d-low-strong,2,low,strong,4,2,0.009944999999999999,0.003276138556041828
"(4,2)-Isolated Two-layer MoM",isomom,ari,out of sample,with noise,2d-low-weak,2,low,weak,4,2,0.009809,0.003213309285714117
"(4,2)-Isolated Two-layer MoM",isomom,ari,out of sample,with noise,3d-high-ind,3,high,ind,4,2,0.2915826,0.03041219281734871
"(4,2)-Isolated Two-layer MoM",isomom,ari,out of sample,with noise,3d-high-strong,3,high,strong,4,2,0.2950998,0.0316061398900194
"(4,2)-Isolated Two-layer MoM",isomom,ari,out of sample,with noise,3d-high-weak,3,high,weak,4,2,0.2945342,0.03155974517506679
"(4,2)-Isolated Two-layer MoM",isomom,ari,out of sample,with noise,3d-low-ind,3,low,ind,4,2,0.011534,0.003588600357416876
"(4,2)-Isolated Two-layer MoM",isomom,ari,out of sample,with noise,3d-low-strong,3,low,strong,4,2,0.0115263,0.003397052392824691
"(4,2)-Isolated Two-layer MoM",isomom,ari,out of sample,with noise,3d-low-weak,3,low,weak,4,2,0.0121643,0.003512939790218012
"(4,2)-Isolated Two-layer MoM",isomom,avg_ll,in sample,no noise,2d-high-ind,2,high,ind,4,2,-3.8765781,0.01422257145447957
"(4,2)-Isolated Two-layer MoM",isomom,avg_ll,in sample,no noise,2d-high-strong,2,high,strong,4,2,-3.8935251,0.01448229385641083
"(4,2)-Isolated Two-layer MoM",isomom,avg_ll,in sample,no noise,2d-high-weak,2,high,weak,4,2,-3.9039141,0.01406612724048287
"(4,2)-Isolated Two-layer MoM",isomom,avg_ll,in sample,no noise,2d-low-ind,2,low,ind,4,2,-3.4311043,0.01493129174728107
"(4,2)-Isolated Two-layer MoM",isomom,avg_ll,in sample,no noise,2d-low-strong,2,low,strong,4,2,-3.2753593,0.01786717532377476
"(4,2)-Isolated Two-layer MoM",isomom,avg_ll,in sample,no noise,2d-low-weak,2,low,weak,4,2,-3.4174812,0.01463302189770062
"(4,2)-Isolated Two-layer MoM",isomom,avg_ll,in sample,no noise,3d-high-ind,3,high,ind,4,2,-5.604809299999999,0.01548804852070765
"(4,2)-Isolated Two-layer MoM",isomom,avg_ll,in sample,no noise,3d-high-strong,3,high,strong,4,2,-5.6267147,0.01977315788224946
"(4,2)-Isolated Two-layer MoM",isomom,avg_ll,in sample,no noise,3d-high-weak,3,high,weak,4,2,-5.6344538,0.01548048290818804
"(4,2)-Isolated Two-layer MoM",isomom,avg_ll,in sample,no noise,3d-low-ind,3,low,ind,4,2,-5.0775151,0.01585689987756975
"(4,2)-Isolated Two-layer MoM",isomom,avg_ll,in sample,no noise,3d-low-strong,3,low,strong,4,2,-4.8985399,0.02552948651673365
"(4,2)-Isolated Two-layer MoM",isomom,avg_ll,in sample,no noise,3d-low-weak,3,low,weak,4,2,-5.0607726,0.01650542424584562
"(4,2)-Isolated Two-layer MoM",isomom,avg_ll,in sample,with noise,2d-high-ind,2,high,ind,4,2,-3.9108518,0.01424747933616134
"(4,2)-Isolated Two-layer MoM",isomom,avg_ll,in sample,with noise,2d-high-strong,2,high,strong,4,2,-3.928431,0.01493349922121057
"(4,2)-Isolated Two-layer MoM",isomom,avg_ll,in sample,with noise,2d-high-weak,2,high,weak,4,2,-3.9377154,0.01431119703045294
"(4,2)-Isolated Two-layer MoM",isomom,avg_ll,in sample,with noise,2d-low-ind,2,low,ind,4,2,-3.4624823,0.01484049318893776
"(4,2)-Isolated Two-layer MoM",isomom,avg_ll,in sample,with noise,2d-low-strong,2,low,strong,4,2,-3.3145832,0.01853957028693603
"(4,2)-Isolated Two-layer MoM",isomom,avg_ll,in sample,with noise,2d-low-weak,2,low,weak,4,2,-3.449785,0.01490945361409018
"(4,2)-Isolated Two-layer MoM",isomom,avg_ll,in sample,with noise,3d-high-ind,3,high,ind,4,2,-5.668228,0.01560283320555619
"(4,2)-Isolated Two-layer MoM",isomom,avg_ll,in sample,with noise,3d-high-strong,3,high,strong,4,2,-5.6896649,0.02055759883076974
"(4,2)-Isolated Two-layer MoM",isomom,avg_ll,in sample,with noise,3d-high-weak,3,high,weak,4,2,-5.6966115,0.01586471412578653
"(4,2)-Isolated Two-layer MoM",isomom,avg_ll,in sample,with noise,3d-low-ind,3,low,ind,4,2,-5.130569,0.016311483808667
"(4,2)-Isolated Two-layer MoM",isomom,avg_ll,in sample,with noise,3d-low-strong,3,low,strong,4,2,-4.959535,0.02505162913309658
"(4,2)-Isolated Two-layer MoM",isomom,avg_ll,in sample,with noise,3d-low-weak,3,low,weak,4,2,-5.114788,0.01676602950774403
"(4,2)-Isolated Two-layer MoM",isomom,avg_ll,out of sample,no noise,2d-high-ind,2,high,ind,4,2,-3.8838352,0.02409615755780383
"(4,2)-Isolated Two-layer MoM",isomom,avg_ll,out of sample,no noise,2d-high-strong,2,high,strong,4,2,-3.8953447,0.02424729906670646
"(4,2)-Isolated Two-layer MoM",isomom,avg_ll,out of sample,no noise,2d-high-weak,2,high,weak,4,2,-3.9078099,0.02604579000064261
"(4,2)-Isolated Two-layer MoM",isomom,avg_ll,out of sample,no noise,2d-low-ind,2,low,ind,4,2,-3.4363624,0.02603237894964231
"(4,2)-Isolated Two-layer MoM",isomom,avg_ll,out of sample,no noise,2d-low-strong,2,low,strong,4,2,-3.2766383,0.0291754731312852
"(4,2)-Isolated Two-layer MoM",isomom,avg_ll,out of sample,no noise,2d-low-weak,2,low,weak,4,2,-3.4212293,0.0275283335490889
"(4,2)-Isolated Two-layer MoM",isomom,avg_ll,out of sample,no noise,3d-high-ind,3,high,ind,4,2,-5.6091794,0.03739390931932392
"(4,2)-Isolated Two-layer MoM",isomom,avg_ll,out of sample,no noise,3d-high-strong,3,high,strong,4,2,-5.629281,0.03958142140199149
"(4,2)-Isolated Two-layer MoM",isomom,avg_ll,out of sample,no noise,3d-high-weak,3,high,weak,4,2,-5.6398636,0.03641483734452586
"(4,2)-Isolated Two-layer MoM",isomom,avg_ll,out of sample,no noise,3d-low-ind,3,low,ind,4,2,-5.079674499999999,0.03909449069597649
"(4,2)-Isolated Two-layer MoM",isomom,avg_ll,out of sample,no noise,3d-low-strong,3,low,strong,4,2,-4.9004259,0.0460160436689139
"(4,2)-Isolated Two-layer MoM",isomom,avg_ll,out of sample,no noise,3d-low-weak,3,low,weak,4,2,-5.0634381,0.03981365824967891
"(4,2)-Isolated Two-layer MoM",isomom,avg_ll,out of sample,with noise,2d-high-ind,2,high,ind,4,2,-3.9186152,0.02371774162175568
"(4,2)-Isolated Two-layer MoM",isomom,avg_ll,out of sample,with noise,2d-high-strong,2,high,strong,4,2,-3.9297202,0.02425573417490462
"(4,2)-Isolated Two-layer MoM",isomom,avg_ll,out of sample,with noise,2d-high-weak,2,high,weak,4,2,-3.9414417,0.02612591874775194
"(4,2)-Isolated Two-layer MoM",isomom,avg_ll,out of sample,with noise,2d-low-ind,2,low,ind,4,2,-3.4683032,0.02612930267618016
"(4,2)-Isolated Two-layer MoM",isomom,avg_ll,out of sample,with noise,2d-low-strong,2,low,strong,4,2,-3.3154486,0.02796375579968187
"(4,2)-Isolated Two-layer MoM",isomom,avg_ll,out of sample,with noise,2d-low-weak,2,low,weak,4,2,-3.4535268,0.0275081465575255
"(4,2)-Isolated Two-layer MoM",isomom,avg_ll,out of sample,with noise,3d-high-ind,3,high,ind,4,2,-5.673098,0.03647809327375667
"(4,2)-Isolated Two-layer MoM",isomom,avg_ll,out of sample,with noise,3d-high-strong,3,high,strong,4,2,-5.6917944,0.03859784913984479
"(4,2)-Isolated Two-layer MoM",isomom,avg_ll,out of sample,with noise,3d-high-weak,3,high,weak,4,2,-5.702282400000001,0.03537559893828541
"(4,2)-Isolated Two-layer MoM",isomom,avg_ll,out of sample,with noise,3d-low-ind,3,low,ind,4,2,-5.1332979,0.03812720318641521
"(4,2)-Isolated Two-layer MoM",isomom,avg_ll,out of sample,with noise,3d-low-strong,3,low,strong,4,2,-4.961039,0.04410723558910865
"(4,2)-Isolated Two-layer MoM",isomom,avg_ll,out of sample,with noise,3d-low-weak,3,low,weak,4,2,-5.1178177,0.03931661161903485
"(4,2)-Isolated Two-layer MoM",isomom,bic,in sample,no noise,2d-high-ind,2,high,ind,4,2,62411.6929575,227.5645711281871
"(4,2)-Isolated Two-layer MoM",isomom,bic,in sample,no noise,2d-high-strong,2,high,strong,4,2,62682.8521389,231.7188850857535
"(4,2)-Isolated Two-layer MoM",isomom,bic,in sample,no noise,2d-high-weak,2,high,weak,4,2,62849.0787656,225.0597488393532
"(4,2)-Isolated Two-layer MoM",isomom,bic,in sample,no noise,2d-low-ind,2,low,ind,4,2,55284.1230024,238.8990353981172
"(4,2)-Isolated Two-layer MoM",isomom,bic,in sample,no noise,2d-low-strong,2,low,strong,4,2,52792.1946039,285.8622357537865
"(4,2)-Isolated Two-layer MoM",isomom,bic,in sample,no noise,2d-low-weak,2,low,weak,4,2,55066.14068780001,234.1333015685383
"(4,2)-Isolated Two-layer MoM",isomom,bic,in sample,no noise,3d-high-ind,3,high,ind,4,2,90279.0935564,247.8059586798084
"(4,2)-Isolated Two-layer MoM",isomom,bic,in sample,no noise,3d-high-strong,3,high,strong,4,2,90629.5744072,316.3788715744417
"(4,2)-Isolated Two-layer MoM",isomom,bic,in sample,no noise,3d-high-weak,3,high,weak,4,2,90753.4051898,247.6980694299265
"(4,2)-Isolated Two-layer MoM",isomom,bic,in sample,no noise,3d-low-ind,3,low,ind,4,2,81842.3784303,253.711995162784
"(4,2)-Isolated Two-layer MoM",isomom,bic,in sample,no noise,3d-low-strong,3,low,strong,4,2,78978.7822459,408.4664322364599
"(4,2)-Isolated Two-layer MoM",isomom,bic,in sample,no noise,3d-low-weak,3,low,weak,4,2,81574.4986412,264.0908691089903
"(4,2)-Isolated Two-layer MoM",isomom,bic,in sample,with noise,2d-high-ind,2,high,ind,4,2,62960.08038119999,227.9619353201313
"(4,2)-Isolated Two-layer MoM",isomom,bic,in sample,with noise,2d-high-strong,2,high,strong,4,2,63241.3416215,238.9431158020351
"(4,2)-Isolated Two-layer MoM",isomom,bic,in sample,with noise,2d-high-weak,2,high,weak,4,2,63389.9015374,228.9822228623956
"(4,2)-Isolated Two-layer MoM",isomom,bic,in sample,with noise,2d-low-ind,2,low,ind,4,2,55786.1695105,237.4496891980731
"(4,2)-Isolated Two-layer MoM",isomom,bic,in sample,with noise,2d-low-strong,2,low,strong,4,2,53419.7763873,296.6314029279298
"(4,2)-Isolated Two-layer MoM",isomom,bic,in sample,with noise,2d-low-weak,2,low,weak,4,2,55583.0007713,238.5600489214388
"(4,2)-Isolated Two-layer MoM",isomom,bic,in sample,with noise,3d-high-ind,3,high,ind,4,2,91293.7922546,249.6427784486485
"(4,2)-Isolated Two-layer MoM",isomom,bic,in sample,with noise,3d-high-strong,3,high,strong,4,2,91636.7729377,328.925875911597
"(4,2)-Isolated Two-layer MoM",isomom,bic,in sample,with noise,3d-high-weak,3,high,weak,4,2,91747.92637900001,253.8371065798439
"(4,2)-Isolated Two-layer MoM",isomom,bic,in sample,with noise,3d-low-ind,3,low,ind,4,2,82691.2481488,260.9772066695974
"(4,2)-Isolated Two-layer MoM",isomom,bic,in sample,with noise,3d-low-strong,3,low,strong,4,2,79954.7066178,400.822406837415
"(4,2)-Isolated Two-layer MoM",isomom,bic,in sample,with noise,3d-low-weak,3,low,weak,4,2,82438.7425889,268.2624836546163
"(4,2)-Isolated Two-layer MoM",isomom,bic,out of sample,no noise,2d-high-ind,2,high,ind,4,2,15862.180123,96.38388209090937
"(4,2)-Isolated Two-layer MoM",isomom,bic,out of sample,no noise,2d-high-strong,2,high,strong,4,2,15908.2174431,96.9893909898463
"(4,2)-Isolated Two-layer MoM",isomom,bic,out of sample,no noise,2d-high-weak,2,high,weak,4,2,15958.076782,104.184263275029
"(4,2)-Isolated Two-layer MoM",isomom,bic,out of sample,no noise,2d-low-ind,2,low,ind,4,2,14072.288182,104.1312111356439
"(4,2)-Isolated Two-layer MoM",isomom,bic,out of sample,no noise,2d-low-strong,2,low,strong,4,2,13433.3909991,116.7002777923814
"(4,2)-Isolated Two-layer MoM",isomom,bic,out of sample,no noise,2d-low-weak,2,low,weak,4,2,14011.7554846,110.1129338273797
"(4,2)-Isolated Two-layer MoM",isomom,bic,out of sample,no noise,3d-high-ind,3,high,ind,4,2,22945.9777293,149.5754062728909
"(4,2)-Isolated Two-layer MoM",isomom,bic,out of sample,no noise,3d-high-strong,3,high,strong,4,2,23026.3867551,158.3266310747747
"(4,2)-Isolated Two-layer MoM",isomom,bic,out of sample,no noise,3d-high-weak,3,high,weak,4,2,23068.717379,145.6602450782789
"(4,2)-Isolated Two-layer MoM",isomom,bic,out of sample,no noise,3d-low-ind,3,low,ind,4,2,20827.9572282,156.3769663305798
"(4,2)-Isolated Two-layer MoM",isomom,bic,out of sample,no noise,3d-low-strong,3,low,strong,4,2,20110.9636903,184.0633779077754
"(4,2)-Isolated Two-layer MoM",isomom,bic,out of sample,no noise,3d-low-weak,3,low,weak,4,2,20763.01292,159.2533258721791
"(4,2)-Isolated Two-layer MoM",isomom,bic,out of sample,with noise,2d-high-ind,2,high,ind,4,2,16001.2971991,94.87147527419096
"(4,2)-Isolated Two-layer MoM",isomom,bic,out of sample,with noise,2d-high-strong,2,high,strong,4,2,16045.7187245,97.02437690743542
"(4,2)-Isolated Two-layer MoM",isomom,bic,out of sample,with noise,2d-high-weak,2,high,weak,4,2,16092.6067309,104.5033077810201
"(4,2)-Isolated Two-layer MoM",isomom,bic,out of sample,with noise,2d-low-ind,2,low,ind,4,2,14200.0513618,104.5172900895781
"(4,2)-Isolated Two-layer MoM",isomom,bic,out of sample,with noise,2d-low-strong,2,low,strong,4,2,13588.6326345,111.8540291580799
"(4,2)-Isolated Two-layer MoM",isomom,bic,out of sample,with noise,2d-low-weak,2,low,weak,4,2,14140.9476242,110.0310944903259
"(4,2)-Isolated Two-layer MoM",isomom,bic,out of sample,with noise,3d-high-ind,3,high,ind,4,2,23201.6525132,145.9105228756044
"(4,2)-Isolated Two-layer MoM",isomom,bic,out of sample,with noise,3d-high-strong,3,high,strong,4,2,23276.4358993,154.3915611364076
"(4,2)-Isolated Two-layer MoM",isomom,bic,out of sample,with noise,3d-high-weak,3,high,weak,4,2,23318.3895182,141.5028901237567
"(4,2)-Isolated Two-layer MoM",isomom,bic,out of sample,with noise,3d-low-ind,3,low,ind,4,2,21042.4546195,152.507138059124
"(4,2)-Isolated Two-layer MoM",isomom,bic,out of sample,with noise,3d-low-strong,3,low,strong,4,2,20353.4142437,176.4307223660618
"(4,2)-Isolated Two-layer MoM",isomom,bic,out of sample,with noise,3d-low-weak,3,low,weak,4,2,20980.529696,157.2668771522536
"(4,2)-Isolated Two-layer MoM",isomom,em_iters,training,no noise,2d-high-ind,2,high,ind,4,2,97.29,5.954872379027536
"(4,2)-Isolated Two-layer MoM",isomom,em_iters,training,no noise,2d-high-strong,2,high,strong,4,2,70.21,3.682596251493659
"(4,2)-Isolated Two-layer MoM",isomom,em_iters,training,no noise,2d-high-weak,2,high,weak,4,2,88.31,4.516401088021166
"(4,2)-Isolated Two-layer MoM",isomom,em_iters,training,no noise,2d-low-ind,2,low,ind,4,2,120.15,10.54607495562671
"(4,2)-Isolated Two-layer MoM",isomom,em_iters,training,no noise,2d-low-strong,2,low,strong,4,2,85.15,5.105700913506571
"(4,2)-Isolated Two-layer MoM",isomom,em_iters,training,no noise,2d-low-weak,2,low,weak,4,2,117.08,10.28746417694464
"(4,2)-Isolated Two-layer MoM",isomom,em_iters,training,no noise,3d-high-ind,3,high,ind,4,2,49.99,2.805099973010918
"(4,2)-Isolated Two-layer MoM",isomom,em_iters,training,no noise,3d-high-strong,3,high,strong,4,2,44.51,1.623657176334531
"(4,2)-Isolated Two-layer MoM",isomom,em_iters,training,no noise,3d-high-weak,3,high,weak,4,2,46.83,2.160504056413174
"(4,2)-Isolated Two-layer MoM",isomom,em_iters,training,no noise,3d-low-ind,3,low,ind,4,2,60.08,4.556447313556047
"(4,2)-Isolated Two-layer MoM",isomom,em_iters,training,no noise,3d-low-strong,3,low,strong,4,2,62.07,7.760629725568262
"(4,2)-Isolated Two-layer MoM",isomom,em_iters,training,no noise,3d-low-weak,3,low,weak,4,2,59.78,3.639236239108476
"(4,2)-Isolated Two-layer MoM",isomom,em_iters,training,with noise,2d-high-ind,2,high,ind,4,2,94.94,6.264893366122755
"(4,2)-Isolated Two-layer MoM",isomom,em_iters,training,with noise,2d-high-strong,2,high,strong,4,2,70.61,3.481248469887048
"(4,2)-Isolated Two-layer MoM",isomom,em_iters,training,with noise,2d-high-weak,2,high,weak,4,2,87.0,4.541614539595211
"(4,2)-Isolated Two-layer MoM",isomom,em_iters,training,with noise,2d-low-ind,2,low,ind,4,2,117.88,10.49317238334845
"(4,2)-Isolated Two-layer MoM",isomom,em_iters,training,with noise,2d-low-strong,2,low,strong,4,2,84.28,4.690588040066636
"(4,2)-Isolated Two-layer MoM",isomom,em_iters,training,with noise,2d-low-weak,2,low,weak,4,2,114.7,10.22227711886884
"(4,2)-Isolated Two-layer MoM",isomom,em_iters,training,with noise,3d-high-ind,3,high,ind,4,2,49.72,2.225109235770486
"(4,2)-Isolated Two-layer MoM",isomom,em_iters,training,with noise,3d-high-strong,3,high,strong,4,2,44.61,1.728518954995222
"(4,2)-Isolated Two-layer MoM",isomom,em_iters,training,with noise,3d-high-weak,3,high,weak,4,2,46.87,1.90509683202559
"(4,2)-Isolated Two-layer MoM",isomom,em_iters,training,with noise,3d-low-ind,3,low,ind,4,2,59.77,4.55683524770728
"(4,2)-Isolated Two-layer MoM",isomom,em_iters,training,with noise,3d-low-strong,3,low,strong,4,2,61.43,6.108869193908381
"(4,2)-Isolated Two-layer MoM",isomom,em_iters,training,with noise,3d-low-weak,3,low,weak,4,2,59.3,3.365001088147271
"(4,2)-Isolated Two-layer MoM",isomom,gmpd,in sample,no noise,2d-high-ind,2,high,ind,4,2,0.0207238,0.0002948575413601797
"(4,2)-Isolated Two-layer MoM",isomom,gmpd,in sample,no noise,2d-high-strong,2,high,strong,4,2,0.0203757,0.0002945609813216475
"(4,2)-Isolated Two-layer MoM",isomom,gmpd,in sample,no noise,2d-high-weak,2,high,weak,4,2,0.0201648,0.0002833332620320766
"(4,2)-Isolated Two-layer MoM",isomom,gmpd,in sample,no noise,2d-low-ind,2,low,ind,4,2,0.0323546,0.0004825634830273788
"(4,2)-Isolated Two-layer MoM",isomom,gmpd,in sample,no noise,2d-low-strong,2,low,strong,4,2,0.0378089,0.0006752820510607762
"(4,2)-Isolated Two-layer MoM",isomom,gmpd,in sample,no noise,2d-low-weak,2,low,weak,4,2,0.0327988,0.0004793077499810733
"(4,2)-Isolated Two-layer MoM",isomom,gmpd,in sample,no noise,3d-high-ind,3,high,ind,4,2,0.0036807,5.682251296623535e-05
"(4,2)-Isolated Two-layer MoM",isomom,gmpd,in sample,no noise,3d-high-strong,3,high,strong,4,2,0.0036008,7.060603459487102e-05
"(4,2)-Isolated Two-layer MoM",isomom,gmpd,in sample,no noise,3d-high-weak,3,high,weak,4,2,0.0035734,5.518051185780069e-05
"(4,2)-Isolated Two-layer MoM",isomom,gmpd,in sample,no noise,3d-low-ind,3,low,ind,4,2,0.0062363,9.963220241255229e-05
"(4,2)-Isolated Two-layer MoM",isomom,gmpd,in sample,no noise,3d-low-strong,3,low,strong,4,2,0.007459400000000001,0.0001899325770856171
"(4,2)-Isolated Two-layer MoM",isomom,gmpd,in sample,no noise,3d-low-weak,3,low,weak,4,2,0.006341400000000001,0.0001046496801502784
"(4,2)-Isolated Two-layer MoM",isomom,gmpd,in sample,with noise,2d-high-ind,2,high,ind,4,2,0.0200253,0.0002842088256294247
"(4,2)-Isolated Two-layer MoM",isomom,gmpd,in sample,with noise,2d-high-strong,2,high,strong,4,2,0.0196771,0.0002932448041338763
"(4,2)-Isolated Two-layer MoM",isomom,gmpd,in sample,with noise,2d-high-weak,2,high,weak,4,2,0.0194951,0.0002785441770812281
"(4,2)-Isolated Two-layer MoM",isomom,gmpd,in sample,with noise,2d-low-ind,2,low,ind,4,2,0.0313548,0.0004637211805959839
"(4,2)-Isolated Two-layer MoM",isomom,gmpd,in sample,with noise,2d-low-strong,2,low,strong,4,2,0.0363552,0.0006749971642289849
"(4,2)-Isolated Two-layer MoM",isomom,gmpd,in sample,with noise,2d-low-weak,2,low,weak,4,2,0.031756,0.0004738366935149833
"(4,2)-Isolated Two-layer MoM",isomom,gmpd,in sample,with noise,3d-high-ind,3,high,ind,4,2,0.0034541,5.399392034612266e-05
"(4,2)-Isolated Two-layer MoM",isomom,gmpd,in sample,with noise,3d-high-strong,3,high,strong,4,2,0.0033812,6.953351056080144e-05
"(4,2)-Isolated Two-layer MoM",isomom,gmpd,in sample,with noise,3d-high-weak,3,high,weak,4,2,0.003358,5.325752187591556e-05
"(4,2)-Isolated Two-layer MoM",isomom,gmpd,in sample,with noise,3d-low-ind,3,low,ind,4,2,0.0059138,9.615622809792506e-05
"(4,2)-Isolated Two-layer MoM",isomom,gmpd,in sample,with noise,3d-low-strong,3,low,strong,4,2,0.007019,0.0001747176654670691
"(4,2)-Isolated Two-layer MoM",isomom,gmpd,in sample,with noise,3d-low-weak,3,low,weak,4,2,0.006008400000000001,0.0001006616494836423
"(4,2)-Isolated Two-layer MoM",isomom,gmpd,out of sample,no noise,2d-high-ind,2,high,ind,4,2,0.0205781,0.0004969964229694658
"(4,2)-Isolated Two-layer MoM",isomom,gmpd,out of sample,no noise,2d-high-strong,2,high,strong,4,2,0.0203423,0.0004930176201084239
"(4,2)-Isolated Two-layer MoM",isomom,gmpd,out of sample,no noise,2d-high-weak,2,high,weak,4,2,0.0200912,0.0005251998753721371
"(4,2)-Isolated Two-layer MoM",isomom,gmpd,out of sample,no noise,2d-low-ind,2,low,ind,4,2,0.0321925,0.0008425183209949336
"(4,2)-Isolated Two-layer MoM",isomom,gmpd,out of sample,no noise,2d-low-strong,2,low,strong,4,2,0.0377706,0.001102874865837902
"(4,2)-Isolated Two-layer MoM",isomom,gmpd,out of sample,no noise,2d-low-weak,2,low,weak,4,2,0.0326844,0.0009041155285077722
"(4,2)-Isolated Two-layer MoM",isomom,gmpd,out of sample,no noise,3d-high-ind,3,high,ind,4,2,0.0036665,0.0001379311422413372
"(4,2)-Isolated Two-layer MoM",isomom,gmpd,out of sample,no noise,3d-high-strong,3,high,strong,4,2,0.003594,0.0001436114285989887
"(4,2)-Isolated Two-layer MoM",isomom,gmpd,out of sample,no noise,3d-high-weak,3,high,weak,4,2,0.0035556,0.000130433000719786
"(4,2)-Isolated Two-layer MoM",isomom,gmpd,out of sample,no noise,3d-low-ind,3,low,ind,4,2,0.0062264,0.0002439428646468699
"(4,2)-Isolated Two-layer MoM",isomom,gmpd,out of sample,no noise,3d-low-strong,3,low,strong,4,2,0.0074512,0.0003429323342273019
"(4,2)-Isolated Two-layer MoM",isomom,gmpd,out of sample,no noise,3d-low-weak,3,low,weak,4,2,0.0063288,0.0002527756221464308
"(4,2)-Isolated Two-layer MoM",isomom,gmpd,out of sample,with noise,2d-high-ind,2,high,ind,4,2,0.0198739,0.0004729531016534685
"(4,2)-Isolated Two-layer MoM",isomom,gmpd,out of sample,with noise,2d-high-strong,2,high,strong,4,2,0.0196549,0.0004774098783217541
"(4,2)-Isolated Two-layer MoM",isomom,gmpd,out of sample,with noise,2d-high-weak,2,high,weak,4,2,0.0194267,0.0005090554830747677
"(4,2)-Isolated Two-layer MoM",isomom,gmpd,out of sample,with noise,2d-low-ind,2,low,ind,4,2,0.0311799,0.000818234728367765
"(4,2)-Isolated Two-layer MoM",isomom,gmpd,out of sample,with noise,2d-low-strong,2,low,strong,4,2,0.0363319,0.001015895579418884
"(4,2)-Isolated Two-layer MoM",isomom,gmpd,out of sample,with noise,2d-low-weak,2,low,weak,4,2,0.0316461,0.0008737483341987858
"(4,2)-Isolated Two-layer MoM",isomom,gmpd,out of sample,with noise,3d-high-ind,3,high,ind,4,2,0.0034397,0.0001261509037028689
"(4,2)-Isolated Two-layer MoM",isomom,gmpd,out of sample,with noise,3d-high-strong,3,high,strong,4,2,0.0033761,0.0001312172614291646
"(4,2)-Isolated Two-layer MoM",isomom,gmpd,out of sample,with noise,3d-high-weak,3,high,weak,4,2,0.0033403,0.0001189724949114481
"(4,2)-Isolated Two-layer MoM",isomom,gmpd,out of sample,with noise,3d-low-ind,3,low,ind,4,2,0.0059016,0.0002259557478799775
"(4,2)-Isolated Two-layer MoM",isomom,gmpd,out of sample,with noise,3d-low-strong,3,low,strong,4,2,0.007012500000000001,0.0003111411872186618
"(4,2)-Isolated Two-layer MoM",isomom,gmpd,out of sample,with noise,3d-low-weak,3,low,weak,4,2,0.005993800000000001,0.0002363988241096051
"(4,2)-Isolated Two-layer MoM",isomom,training_time,training,no noise,2d-high-ind,2,high,ind,4,2,939.4749,70.23151130936868
"(4,2)-Isolated Two-layer MoM",isomom,training_time,training,no noise,2d-high-strong,2,high,strong,4,2,842.8497,72.9628114276324
"(4,2)-Isolated Two-layer MoM",isomom,training_time,training,no noise,2d-high-weak,2,high,weak,4,2,958.2907,64.01095099262159
"(4,2)-Isolated Two-layer MoM",isomom,training_time,training,no noise,2d-low-ind,2,low,ind,4,2,992.6899000000001,84.12656839602403
"(4,2)-Isolated Two-layer MoM",isomom,training_time,training,no noise,2d-low-strong,2,low,strong,4,2,890.1456999999999,75.76567643575603
"(4,2)-Isolated Two-layer MoM",isomom,training_time,training,no noise,2d-low-weak,2,low,weak,4,2,992.2247,88.10122205844777
"(4,2)-Isolated Two-layer MoM",isomom,training_time,training,no noise,3d-high-ind,3,high,ind,4,2,845.3155,77.85981356537108
"(4,2)-Isolated Two-layer MoM",isomom,training_time,training,no noise,3d-high-strong,3,high,strong,4,2,816.845,81.00099413905457
"(4,2)-Isolated Two-layer MoM",isomom,training_time,training,no noise,3d-high-weak,3,high,weak,4,2,835.0609,69.7085291376554
"(4,2)-Isolated Two-layer MoM",isomom,training_time,training,no noise,3d-low-ind,3,low,ind,4,2,874.8825,71.17240587709068
"(4,2)-Isolated Two-layer MoM",isomom,training_time,training,no noise,3d-low-strong,3,low,strong,4,2,881.6850999999999,71.96326674488836
"(4,2)-Isolated Two-layer MoM",isomom,training_time,training,no noise,3d-low-weak,3,low,weak,4,2,888.0638,75.35690989048337
"(4,2)-Isolated Two-layer MoM",isomom,training_time,training,with noise,2d-high-ind,2,high,ind,4,2,938.2313,74.28338957653855
"(4,2)-Isolated Two-layer MoM",isomom,training_time,training,with noise,2d-high-strong,2,high,strong,4,2,842.0848,79.93503918719618
"(4,2)-Isolated Two-layer MoM",isomom,training_time,training,with noise,2d-high-weak,2,high,weak,4,2,975.3656,94.40368793429612
"(4,2)-Isolated Two-layer MoM",isomom,training_time,training,with noise,2d-low-ind,2,low,ind,4,2,985.8901,84.3203590749906
"(4,2)-Isolated Two-layer MoM",isomom,training_time,training,with noise,2d-low-strong,2,low,strong,4,2,888.6899000000001,83.2567335523565
"(4,2)-Isolated Two-layer MoM",isomom,training_time,training,with noise,2d-low-weak,2,low,weak,4,2,984.1839,82.90162003138589
"(4,2)-Isolated Two-layer MoM",isomom,training_time,training,with noise,3d-high-ind,3,high,ind,4,2,826.1882,101.4196543657923
"(4,2)-Isolated Two-layer MoM",isomom,training_time,training,with noise,3d-high-strong,3,high,strong,4,2,832.8317,69.4562848499804
"(4,2)-Isolated Two-layer MoM",isomom,training_time,training,with noise,3d-high-weak,3,high,weak,4,2,831.8306,63.60510744087818
"(4,2)-Isolated Two-layer MoM",isomom,training_time,training,with noise,3d-low-ind,3,low,ind,4,2,886.9114,71.5125853728354
"(4,2)-Isolated Two-layer MoM",isomom,training_time,training,with noise,3d-low-strong,3,low,strong,4,2,887.3114999999999,84.40012866062051
"(4,2)-Isolated Two-layer MoM",isomom,training_time,training,with noise,3d-low-weak,3,low,weak,4,2,872.1600999999999,86.19202089315735
"(4,2)-Two-layer MoM",mom,aic,in sample,no noise,2d-high-ind,2,high,ind,4,2,61900.5702355,225.8777325623261
"(4,2)-Two-layer MoM",mom,aic,in sample,no noise,2d-high-strong,2,high,strong,4,2,61301.1075842,232.6641229479192
"(4,2)-Two-layer MoM",mom,aic,in sample,no noise,2d-high-weak,2,high,weak,4,2,62391.5968874,222.0015791250306
"(4,2)-Two-layer MoM",mom,aic,in sample,no noise,2d-low-ind,2,low,ind,4,2,54960.170007,238.7130444009648
"(4,2)-Two-layer MoM",mom,aic,in sample,no noise,2d-low-strong,2,low,strong,4,2,48100.6372965,271.0172894941342
"(4,2)-Two-layer MoM",mom,aic,in sample,no noise,2d-low-weak,2,low,weak,4,2,54461.9199107,238.3964159037119
"(4,2)-Two-layer MoM",mom,aic,in sample,no noise,3d-high-ind,3,high,ind,4,2,89469.9616697,243.2637944864116
"(4,2)-Two-layer MoM",mom,aic,in sample,no noise,3d-high-strong,3,high,strong,4,2,86506.9207454,336.5653372575778
"(4,2)-Two-layer MoM",mom,aic,in sample,no noise,3d-high-weak,3,high,weak,4,2,89935.02189719999,244.9972925665083
"(4,2)-Two-layer MoM",mom,aic,in sample,no noise,3d-low-ind,3,low,ind,4,2,81283.0676203,253.6561899687383
"(4,2)-Two-layer MoM",mom,aic,in sample,no noise,3d-low-strong,3,low,strong,4,2,74213.6874148,328.8678767477963
"(4,2)-Two-layer MoM",mom,aic,in sample,no noise,3d-low-weak,3,low,weak,4,2,80581.5034335,256.108450992194
"(4,2)-Two-layer MoM",mom,aic,in sample,with noise,2d-high-ind,2,high,ind,4,2,62455.051225,227.3230755458606
"(4,2)-Two-layer MoM",mom,aic,in sample,with noise,2d-high-strong,2,high,strong,4,2,61923.6767818,237.4627784670326
"(4,2)-Two-layer MoM",mom,aic,in sample,with noise,2d-high-weak,2,high,weak,4,2,62938.3466536,224.7443472090675
"(4,2)-Two-layer MoM",mom,aic,in sample,with noise,2d-low-ind,2,low,ind,4,2,55461.72564210001,237.4694787504979
"(4,2)-Two-layer MoM",mom,aic,in sample,with noise,2d-low-strong,2,low,strong,4,2,49038.705071,277.8118834260692
"(4,2)-Two-layer MoM",mom,aic,in sample,with noise,2d-low-weak,2,low,weak,4,2,54995.4521871,240.7363097345064
"(4,2)-Two-layer MoM",mom,aic,in sample,with noise,3d-high-ind,3,high,ind,4,2,90492.150255,247.6613951924284
"(4,2)-Two-layer MoM",mom,aic,in sample,with noise,3d-high-strong,3,high,strong,4,2,87750.4170209,310.8575529691934
"(4,2)-Two-layer MoM",mom,aic,in sample,with noise,3d-high-weak,3,high,weak,4,2,90936.1898692,260.7284680060895
"(4,2)-Two-layer MoM",mom,aic,in sample,with noise,3d-low-ind,3,low,ind,4,2,82140.8827834,260.321897905151
"(4,2)-Two-layer MoM",mom,aic,in sample,with noise,3d-low-strong,3,low,strong,4,2,75453.0719428,341.0155905805744
"(4,2)-Two-layer MoM",mom,aic,in sample,with noise,3d-low-weak,3,low,weak,4,2,81475.3449871,259.7832062977704
"(4,2)-Two-layer MoM",mom,aic,out of sample,no noise,2d-high-ind,2,high,ind,4,2,15574.0496489,96.90718986814144
"(4,2)-Two-layer MoM",mom,aic,out of sample,no noise,2d-high-strong,2,high,strong,4,2,15410.0808583,90.0122630006068
"(4,2)-Two-layer MoM",mom,aic,out of sample,no noise,2d-high-weak,2,high,weak,4,2,15679.6112224,102.2501739029103
"(4,2)-Two-layer MoM",mom,aic,out of sample,no noise,2d-low-ind,2,low,ind,4,2,13830.1352308,103.9065246355342
"(4,2)-Two-layer MoM",mom,aic,out of sample,no noise,2d-low-strong,2,low,strong,4,2,12103.6893081,105.0012294428826
"(4,2)-Two-layer MoM",mom,aic,out of sample,no noise,2d-low-weak,2,low,weak,4,2,13701.0678026,110.3712541198519
"(4,2)-Two-layer MoM",mom,aic,out of sample,no noise,3d-high-ind,3,high,ind,4,2,22494.2431277,148.109426127215
"(4,2)-Two-layer MoM",mom,aic,out of sample,no noise,3d-high-strong,3,high,strong,4,2,21755.9669238,155.3142075237613
"(4,2)-Two-layer MoM",mom,aic,out of sample,no noise,3d-high-weak,3,high,weak,4,2,22617.3067422,147.5198758047418
"(4,2)-Two-layer MoM",mom,aic,out of sample,no noise,3d-low-ind,3,low,ind,4,2,20439.2325333,153.7450687567529
"(4,2)-Two-layer MoM",mom,aic,out of sample,no noise,3d-low-strong,3,low,strong,4,2,18697.2152267,178.2013589601668
"(4,2)-Two-layer MoM",mom,aic,out of sample,no noise,3d-low-weak,3,low,weak,4,2,20265.6066189,157.7925931302198
"(4,2)-Two-layer MoM",mom,aic,out of sample,with noise,2d-high-ind,2,high,ind,4,2,15714.436104,94.46047520369326
"(4,2)-Two-layer MoM",mom,aic,out of sample,with noise,2d-high-strong,2,high,strong,4,2,15561.6754111,93.79344097593534
"(4,2)-Two-layer MoM",mom,aic,out of sample,with noise,2d-high-weak,2,high,weak,4,2,15815.5329784,103.2692447465381
"(4,2)-Two-layer MoM",mom,aic,out of sample,with noise,2d-low-ind,2,low,ind,4,2,13957.2884547,103.8799963628289
"(4,2)-Two-layer MoM",mom,aic,out of sample,with noise,2d-low-strong,2,low,strong,4,2,12337.7497472,106.694757083
"(4,2)-Two-layer MoM",mom,aic,out of sample,with noise,2d-low-weak,2,low,weak,4,2,13834.3343227,110.4881074641224
"(4,2)-Two-layer MoM",mom,aic,out of sample,with noise,3d-high-ind,3,high,ind,4,2,22750.9892868,145.3325554643567
"(4,2)-Two-layer MoM",mom,aic,out of sample,with noise,3d-high-strong,3,high,strong,4,2,22063.7475063,153.0464391069538
"(4,2)-Two-layer MoM",mom,aic,out of sample,with noise,3d-high-weak,3,high,weak,4,2,22869.3317748,142.3469280093487
"(4,2)-Two-layer MoM",mom,aic,out of sample,with noise,3d-low-ind,3,low,ind,4,2,20655.1171468,150.4131905289432
"(4,2)-Two-layer MoM",mom,aic,out of sample,with noise,3d-low-strong,3,low,strong,4,2,19001.7116492,174.2903063821378
"(4,2)-Two-layer MoM",mom,aic,out of sample,with noise,3d-low-weak,3,low,weak,4,2,20491.0748895,157.8162359335903
"(4,2)-Two-layer MoM",mom,ari,in sample,no noise,2d-high-ind,2,high,ind,4,2,0.2647319,0.02632752397351027
"(4,2)-Two-layer MoM",mom,ari,in sample,no noise,2d-high-strong,2,high,strong,4,2,0.1504538,0.0269455406171692
"(4,2)-Two-layer MoM",mom,ari,in sample,no noise,2d-high-weak,2,high,weak,4,2,0.2502291,0.01677183582556173
"(4,2)-Two-layer MoM",mom,ari,in sample,no noise,2d-low-ind,2,low,ind,4,2,0.0133845,0.00206789717765989
"(4,2)-Two-layer MoM",mom,ari,in sample,no noise,2d-low-strong,2,low,strong,4,2,0.0015858,0.0006754215743003056
"(4,2)-Two-layer MoM",mom,ari,in sample,no noise,2d-low-weak,2,low,weak,4,2,0.0023062,0.001260560866031346
"(4,2)-Two-layer MoM",mom,ari,in sample,no noise,3d-high-ind,3,high,ind,4,2,0.3849226,0.02243560403745021
"(4,2)-Two-layer MoM",mom,ari,in sample,no noise,3d-high-strong,3,high,strong,4,2,0.0448995,0.04308900976320688
"(4,2)-Two-layer MoM",mom,ari,in sample,no noise,3d-high-weak,3,high,weak,4,2,0.309816,0.04042236229783427
"(4,2)-Two-layer MoM",mom,ari,in sample,no noise,3d-low-ind,3,low,ind,4,2,0.0201998,0.003565055988623489
"(4,2)-Two-layer MoM",mom,ari,in sample,no noise,3d-low-strong,3,low,strong,4,2,0.0014168,0.0007679921085453149
"(4,2)-Two-layer MoM",mom,ari,in sample,no noise,3d-low-weak,3,low,weak,4,2,0.0017157,0.001121184668378078
"(4,2)-Two-layer MoM",mom,ari,in sample,with noise,2d-high-ind,2,high,ind,4,2,0.2586327,0.02323397768138271
"(4,2)-Two-layer MoM",mom,ari,in sample,with noise,2d-high-strong,2,high,strong,4,2,0.145848,0.02934293820022497
"(4,2)-Two-layer MoM",mom,ari,in sample,with noise,2d-high-weak,2,high,weak,4,2,0.2433743,0.01639988520870147
"(4,2)-Two-layer MoM",mom,ari,in sample,with noise,2d-low-ind,2,low,ind,4,2,0.0130943,0.002074398174863926
"(4,2)-Two-layer MoM",mom,ari,in sample,with noise,2d-low-strong,2,low,strong,4,2,0.0014691,0.0006584126841322716
"(4,2)-Two-layer MoM",mom,ari,in sample,with noise,2d-low-weak,2,low,weak,4,2,0.0024359,0.001251212821726394
"(4,2)-Two-layer MoM",mom,ari,in sample,with noise,3d-high-ind,3,high,ind,4,2,0.3688424,0.02466788875432916
"(4,2)-Two-layer MoM",mom,ari,in sample,with noise,3d-high-strong,3,high,strong,4,2,0.04377329999999999,0.0424185043730024
"(4,2)-Two-layer MoM",mom,ari,in sample,with noise,3d-high-weak,3,high,weak,4,2,0.2945844,0.03146389228652715
"(4,2)-Two-layer MoM",mom,ari,in sample,with noise,3d-low-ind,3,low,ind,4,2,0.0191324,0.003367500682774222
"(4,2)-Two-layer MoM",mom,ari,in sample,with noise,3d-low-strong,3,low,strong,4,2,0.0013492,0.0007555099689159059
"(4,2)-Two-layer MoM",mom,ari,in sample,with noise,3d-low-weak,3,low,weak,4,2,0.0017894,0.0009694201328316808
"(4,2)-Two-layer MoM",mom,ari,out of sample,no noise,2d-high-ind,2,high,ind,4,2,0.265583,0.02857076108347288
"(4,2)-Two-layer MoM",mom,ari,out of sample,no noise,2d-high-strong,2,high,strong,4,2,0.1521888,0.02867093041864367
"(4,2)-Two-layer MoM",mom,ari,out of sample,no noise,2d-high-weak,2,high,weak,4,2,0.2508197,0.01918861217709161
"(4,2)-Two-layer MoM",mom,ari,out of sample,no noise,2d-low-ind,2,low,ind,4,2,0.0140304,0.003382817521510491
"(4,2)-Two-layer MoM",mom,ari,out of sample,no noise,2d-low-strong,2,low,strong,4,2,0.0015646,0.001363782188835834
"(4,2)-Two-layer MoM",mom,ari,out of sample,no noise,2d-low-weak,2,low,weak,4,2,0.0020786,0.001600709451298001
"(4,2)-Two-layer MoM",mom,ari,out of sample,no noise,3d-high-ind,3,high,ind,4,2,0.3888865,0.02564757882817547
"(4,2)-Two-layer MoM",mom,ari,out of sample,no noise,3d-high-strong,3,high,strong,4,2,0.0454885,0.04544058099053725
"(4,2)-Two-layer MoM",mom,ari,out of sample,no noise,3d-high-weak,3,high,weak,4,2,0.3118475,0.04022155837773236
"(4,2)-Two-layer MoM",mom,ari,out of sample,no noise,3d-low-ind,3,low,ind,4,2,0.0203094,0.004768748606576706
"(4,2)-Two-layer MoM",mom,ari,out of sample,no noise,3d-low-strong,3,low,strong,4,2,0.0013659,0.001263548070819914
"(4,2)-Two-layer MoM",mom,ari,out of sample,no noise,3d-low-weak,3,low,weak,4,2,0.0014662,0.001315183115107028
"(4,2)-Two-layer MoM",mom,ari,out of sample,with noise,2d-high-ind,2,high,ind,4,2,0.2590433,0.0268686289626645
"(4,2)-Two-layer MoM",mom,ari,out of sample,with noise,2d-high-strong,2,high,strong,4,2,0.147102,0.03029641629638794
"(4,2)-Two-layer MoM",mom,ari,out of sample,with noise,2d-high-weak,2,high,weak,4,2,0.2441109,0.01978583347378941
"(4,2)-Two-layer MoM",mom,ari,out of sample,with noise,2d-low-ind,2,low,ind,4,2,0.0134024,0.003160112873575464
"(4,2)-Two-layer MoM",mom,ari,out of sample,with noise,2d-low-strong,2,low,strong,4,2,0.0015123,0.001350442392908952
"(4,2)-Two-layer MoM",mom,ari,out of sample,with noise,2d-low-weak,2,low,weak,4,2,0.0023232,0.001689726461635585
"(4,2)-Two-layer MoM",mom,ari,out of sample,with noise,3d-high-ind,3,high,ind,4,2,0.372309,0.02599571885887942
"(4,2)-Two-layer MoM",mom,ari,out of sample,with noise,3d-high-strong,3,high,strong,4,2,0.0438726,0.04447007711740877
"(4,2)-Two-layer MoM",mom,ari,out of sample,with noise,3d-high-weak,3,high,weak,4,2,0.2968385,0.03601442240213767
"(4,2)-Two-layer MoM",mom,ari,out of sample,with noise,3d-low-ind,3,low,ind,4,2,0.0188679,0.004818960719298447
"(4,2)-Two-layer MoM",mom,ari,out of sample,with noise,3d-low-strong,3,low,strong,4,2,0.0012203,0.001304897886790187
"(4,2)-Two-layer MoM",mom,ari,out of sample,with noise,3d-low-weak,3,low,weak,4,2,0.0015344,0.001379092308715988
"(4,2)-Two-layer MoM",mom,avg_ll,in sample,no noise,2d-high-ind,2,high,ind,4,2,-3.863411,0.014116911593167
"(4,2)-Two-layer MoM",mom,avg_ll,in sample,no noise,2d-high-strong,2,high,strong,4,2,-3.825944,0.01454201804733067
"(4,2)-Two-layer MoM",mom,avg_ll,in sample,no noise,2d-high-weak,2,high,weak,4,2,-3.8940999,0.01387511437717901
"(4,2)-Two-layer MoM",mom,avg_ll,in sample,no noise,2d-low-ind,2,low,ind,4,2,-3.429636,0.01492006533145708
"(4,2)-Two-layer MoM",mom,avg_ll,in sample,no noise,2d-low-strong,2,low,strong,4,2,-3.0009145,0.01693867735853562
"(4,2)-Two-layer MoM",mom,avg_ll,in sample,no noise,2d-low-weak,2,low,weak,4,2,-3.398495,0.01489959029332994
"(4,2)-Two-layer MoM",mom,avg_ll,in sample,no noise,3d-high-ind,3,high,ind,4,2,-5.5834979,0.01520427659767419
"(4,2)-Two-layer MoM",mom,avg_ll,in sample,no noise,3d-high-strong,3,high,strong,4,2,-5.3983077,0.02103490196595125
"(4,2)-Two-layer MoM",mom,avg_ll,in sample,no noise,3d-high-weak,3,high,weak,4,2,-5.612563699999999,0.01531279603910903
"(4,2)-Two-layer MoM",mom,avg_ll,in sample,no noise,3d-low-ind,3,low,ind,4,2,-5.0718169,0.01585328043005409
"(4,2)-Two-layer MoM",mom,avg_ll,in sample,no noise,3d-low-strong,3,low,strong,4,2,-4.6299801,0.0205544350688604
"(4,2)-Two-layer MoM",mom,avg_ll,in sample,no noise,3d-low-weak,3,low,weak,4,2,-5.0279689,0.01600673569678295
"(4,2)-Two-layer MoM",mom,avg_ll,in sample,with noise,2d-high-ind,2,high,ind,4,2,-3.8980662,0.01420795102338228
"(4,2)-Two-layer MoM",mom,avg_ll,in sample,with noise,2d-high-strong,2,high,strong,4,2,-3.8648546,0.01484117425858677
"(4,2)-Two-layer MoM",mom,avg_ll,in sample,with noise,2d-high-weak,2,high,weak,4,2,-3.9282717,0.01404669586620196
"(4,2)-Two-layer MoM",mom,avg_ll,in sample,with noise,2d-low-ind,2,low,ind,4,2,-3.4609824,0.01484212739794972
"(4,2)-Two-layer MoM",mom,avg_ll,in sample,with noise,2d-low-strong,2,low,strong,4,2,-3.0595438,0.0173627330960785
"(4,2)-Two-layer MoM",mom,avg_ll,in sample,with noise,2d-low-weak,2,low,weak,4,2,-3.431842,0.01504583294101357
"(4,2)-Two-layer MoM",mom,avg_ll,in sample,with noise,3d-high-ind,3,high,ind,4,2,-5.6473843,0.01547878491139842
"(4,2)-Two-layer MoM",mom,avg_ll,in sample,with noise,3d-high-strong,3,high,strong,4,2,-5.4760254,0.01942885225221461
"(4,2)-Two-layer MoM",mom,avg_ll,in sample,with noise,3d-high-weak,3,high,weak,4,2,-5.6751367,0.01629536669942378
"(4,2)-Two-layer MoM",mom,avg_ll,in sample,with noise,3d-low-ind,3,low,ind,4,2,-5.12543,0.01627025835906444
"(4,2)-Two-layer MoM",mom,avg_ll,in sample,with noise,3d-low-strong,3,low,strong,4,2,-4.7074422,0.02131355980296924
"(4,2)-Two-layer MoM",mom,avg_ll,in sample,with noise,3d-low-weak,3,low,weak,4,2,-5.0838338,0.01623624295870643
"(4,2)-Two-layer MoM",mom,avg_ll,out of sample,no noise,2d-high-ind,2,high,ind,4,2,-3.8720123,0.02422692912146657
"(4,2)-Two-layer MoM",mom,avg_ll,out of sample,no noise,2d-high-strong,2,high,strong,4,2,-3.8310204,0.02250294983671111
"(4,2)-Two-layer MoM",mom,avg_ll,out of sample,no noise,2d-high-weak,2,high,weak,4,2,-3.8984033,0.02556262937010069
"(4,2)-Two-layer MoM",mom,avg_ll,out of sample,no noise,2d-low-ind,2,low,ind,4,2,-3.4360336,0.02597660985649137
"(4,2)-Two-layer MoM",mom,avg_ll,out of sample,no noise,2d-low-strong,2,low,strong,4,2,-3.004422,0.02625011465102428
"(4,2)-Two-layer MoM",mom,avg_ll,out of sample,no noise,2d-low-weak,2,low,weak,4,2,-3.4037668,0.02759332681294628
"(4,2)-Two-layer MoM",mom,avg_ll,out of sample,no noise,3d-high-ind,3,high,ind,4,2,-5.590061299999999,0.03702758067462909
"(4,2)-Two-layer MoM",mom,avg_ll,out of sample,no noise,3d-high-strong,3,high,strong,4,2,-5.405492000000001,0.03882856519043003
"(4,2)-Two-layer MoM",mom,avg_ll,out of sample,no noise,3d-high-weak,3,high,weak,4,2,-5.6208268,0.03688018906150177
"(4,2)-Two-layer MoM",mom,avg_ll,out of sample,no noise,3d-low-ind,3,low,ind,4,2,-5.0763081,0.03843558708982337
"(4,2)-Two-layer MoM",mom,avg_ll,out of sample,no noise,3d-low-strong,3,low,strong,4,2,-4.640804,0.04455011079354541
"(4,2)-Two-layer MoM",mom,avg_ll,out of sample,no noise,3d-low-weak,3,low,weak,4,2,-5.032901,0.03944808063336639
"(4,2)-Two-layer MoM",mom,avg_ll,out of sample,with noise,2d-high-ind,2,high,ind,4,2,-3.9071094,0.02361534922096808
"(4,2)-Two-layer MoM",mom,avg_ll,out of sample,with noise,2d-high-strong,2,high,strong,4,2,-3.8689186,0.0234482706398574
"(4,2)-Two-layer MoM",mom,avg_ll,out of sample,with noise,2d-high-weak,2,high,weak,4,2,-3.9323832,0.02581764762813415
"(4,2)-Two-layer MoM",mom,avg_ll,out of sample,with noise,2d-low-ind,2,low,ind,4,2,-3.467822,0.0259697230861578
"(4,2)-Two-layer MoM",mom,avg_ll,out of sample,with noise,2d-low-strong,2,low,strong,4,2,-3.0629376,0.02667353404452137
"(4,2)-Two-layer MoM",mom,avg_ll,out of sample,with noise,2d-low-weak,2,low,weak,4,2,-3.4370838,0.02762220413311946
"(4,2)-Two-layer MoM",mom,avg_ll,out of sample,with noise,3d-high-ind,3,high,ind,4,2,-5.6542475,0.03633363114626352
"(4,2)-Two-layer MoM",mom,avg_ll,out of sample,with noise,3d-high-strong,3,high,strong,4,2,-5.4824375,0.03826180500145925
"(4,2)-Two-layer MoM",mom,avg_ll,out of sample,with noise,3d-high-weak,3,high,weak,4,2,-5.683833,0.0355867976171848
"(4,2)-Two-layer MoM",mom,avg_ll,out of sample,with noise,3d-low-ind,3,low,ind,4,2,-5.1302792,0.03760352451458775
"(4,2)-Two-layer MoM",mom,avg_ll,out of sample,with noise,3d-low-strong,3,low,strong,4,2,-4.7169277,0.04357257020712174
"(4,2)-Two-layer MoM",mom,avg_ll,out of sample,with noise,3d-low-weak,3,low,weak,4,2,-5.0892683,0.03945423895892924
"(4,2)-Two-layer MoM",mom,bic,in sample,no noise,2d-high-ind,2,high,ind,4,2,62201.0196989,225.8777325095568
"(4,2)-Two-layer MoM",mom,bic,in sample,no noise,2d-high-strong,2,high,strong,4,2,61601.5570467,232.664123501764
"(4,2)-Two-layer MoM",mom,bic,in sample,no noise,2d-high-weak,2,high,weak,4,2,62692.0463498,222.0015785376261
"(4,2)-Two-layer MoM",mom,bic,in sample,no noise,2d-low-ind,2,low,ind,4,2,55260.6194707,238.713043734294
"(4,2)-Two-layer MoM",mom,bic,in sample,no noise,2d-low-strong,2,low,strong,4,2,48401.0867595,271.0172888915804
"(4,2)-Two-layer MoM",mom,bic,in sample,no noise,2d-low-weak,2,low,weak,4,2,54762.3693736,238.3964162107777
"(4,2)-Two-layer MoM",mom,bic,in sample,no noise,3d-high-ind,3,high,ind,4,2,89938.1038563,243.2637947261972
"(4,2)-Two-layer MoM",mom,bic,in sample,no noise,3d-high-strong,3,high,strong,4,2,86975.06293269999,336.5653368255562
"(4,2)-Two-layer MoM",mom,bic,in sample,no noise,3d-high-weak,3,high,weak,4,2,90403.1640849,244.9972927097686
"(4,2)-Two-layer MoM",mom,bic,in sample,no noise,3d-low-ind,3,low,ind,4,2,81751.2098068,253.6561912950443
"(4,2)-Two-layer MoM",mom,bic,in sample,no noise,3d-low-strong,3,low,strong,4,2,74681.82960129999,328.867876541605
"(4,2)-Two-layer MoM",mom,bic,in sample,no noise,3d-low-weak,3,low,weak,4,2,81049.6456202,256.1084514713402
"(4,2)-Two-layer MoM",mom,bic,in sample,with noise,2d-high-ind,2,high,ind,4,2,62755.5006883,227.3230756932424
"(4,2)-Two-layer MoM",mom,bic,in sample,with noise,2d-high-strong,2,high,strong,4,2,62224.1262452,237.4627787613638
"(4,2)-Two-layer MoM",mom,bic,in sample,with noise,2d-high-weak,2,high,weak,4,2,63238.7961168,224.7443471848594
"(4,2)-Two-layer MoM",mom,bic,in sample,with noise,2d-low-ind,2,low,ind,4,2,55762.17510540001,237.4694792622832
"(4,2)-Two-layer MoM",mom,bic,in sample,with noise,2d-low-strong,2,low,strong,4,2,49339.1545343,277.8118833005045
"(4,2)-Two-layer MoM",mom,bic,in sample,with noise,2d-low-weak,2,low,weak,4,2,55295.9016506,240.7363095184091
"(4,2)-Two-layer MoM",mom,bic,in sample,with noise,3d-high-ind,3,high,ind,4,2,90960.2924416,247.6613955088431
"(4,2)-Two-layer MoM",mom,bic,in sample,with noise,3d-high-strong,3,high,strong,4,2,88218.5592079,310.8575525460448
"(4,2)-Two-layer MoM",mom,bic,in sample,with noise,3d-high-weak,3,high,weak,4,2,91404.33205599998,260.728468577145
"(4,2)-Two-layer MoM",mom,bic,in sample,with noise,3d-low-ind,3,low,ind,4,2,82609.0249704,260.3218976439778
"(4,2)-Two-layer MoM",mom,bic,in sample,with noise,3d-low-strong,3,low,strong,4,2,75921.2141295,341.0155904636024
"(4,2)-Two-layer MoM",mom,bic,in sample,with noise,3d-low-weak,3,low,weak,4,2,81943.4871749,259.7832068231252
"(4,2)-Two-layer MoM",mom,bic,out of sample,no noise,2d-high-ind,2,high,ind,4,2,15814.8884552,96.90719024218558
"(4,2)-Two-layer MoM",mom,bic,out of sample,no noise,2d-high-strong,2,high,strong,4,2,15650.9196644,90.01226290054359
"(4,2)-Two-layer MoM",mom,bic,out of sample,no noise,2d-high-weak,2,high,weak,4,2,15920.4500277,102.2501740658576
"(4,2)-Two-layer MoM",mom,bic,out of sample,no noise,2d-low-ind,2,low,ind,4,2,14070.974036,103.9065244366554
"(4,2)-Two-layer MoM",mom,bic,out of sample,no noise,2d-low-strong,2,low,strong,4,2,12344.5281137,105.0012290062542
"(4,2)-Two-layer MoM",mom,bic,out of sample,no noise,2d-low-weak,2,low,weak,4,2,13941.9066091,110.3712543515573
"(4,2)-Two-layer MoM",mom,bic,out of sample,no noise,3d-high-ind,3,high,ind,4,2,22869.503593,148.1094251507768
"(4,2)-Two-layer MoM",mom,bic,out of sample,no noise,3d-high-strong,3,high,strong,4,2,22131.2273885,155.3142069667576
"(4,2)-Two-layer MoM",mom,bic,out of sample,no noise,3d-high-weak,3,high,weak,4,2,22992.567207,147.5198753619061
"(4,2)-Two-layer MoM",mom,bic,out of sample,no noise,3d-low-ind,3,low,ind,4,2,20814.4929987,153.7450685159044
"(4,2)-Two-layer MoM",mom,bic,out of sample,no noise,3d-low-strong,3,low,strong,4,2,19072.4756914,178.2013590617098
"(4,2)-Two-layer MoM",mom,bic,out of sample,no noise,3d-low-weak,3,low,weak,4,2,20640.8670836,157.792593481372
"(4,2)-Two-layer MoM",mom,bic,out of sample,with noise,2d-high-ind,2,high,ind,4,2,15955.2749093,94.46047548842579
"(4,2)-Two-layer MoM",mom,bic,out of sample,with noise,2d-high-strong,2,high,strong,4,2,15802.5142166,93.79344148934723
"(4,2)-Two-layer MoM",mom,bic,out of sample,with noise,2d-high-weak,2,high,weak,4,2,16056.3717842,103.2692448120723
"(4,2)-Two-layer MoM",mom,bic,out of sample,with noise,2d-low-ind,2,low,ind,4,2,14198.12726,103.879996417417
"(4,2)-Two-layer MoM",mom,bic,out of sample,with noise,2d-low-strong,2,low,strong,4,2,12578.5885533,106.694757313406
"(4,2)-Two-layer MoM",mom,bic,out of sample,with noise,2d-low-weak,2,low,weak,4,2,14075.1731284,110.4881069665046
"(4,2)-Two-layer MoM",mom,bic,out of sample,with noise,3d-high-ind,3,high,ind,4,2,23126.2497521,145.3325551734207
"(4,2)-Two-layer MoM",mom,bic,out of sample,with noise,3d-high-strong,3,high,strong,4,2,22439.0079713,153.0464394402138
"(4,2)-Two-layer MoM",mom,bic,out of sample,with noise,3d-high-weak,3,high,weak,4,2,23244.5922395,142.3469277319451
"(4,2)-Two-layer MoM",mom,bic,out of sample,with noise,3d-low-ind,3,low,ind,4,2,21030.3776122,150.4131907454114
"(4,2)-Two-layer MoM",mom,bic,out of sample,with noise,3d-low-strong,3,low,strong,4,2,19376.9721144,174.2903066842275
"(4,2)-Two-layer MoM",mom,bic,out of sample,with noise,3d-low-weak,3,low,weak,4,2,20866.3353544,157.8162362687775
"(4,2)-Two-layer MoM",mom,em_iters,training,no noise,2d-high-ind,2,high,ind,4,2,26.61,2.715072036174393
"(4,2)-Two-layer MoM",mom,em_iters,training,no noise,2d-high-strong,2,high,strong,4,2,58.97,13.1275444864005
"(4,2)-Two-layer MoM",mom,em_iters,training,no noise,2d-high-weak,2,high,weak,4,2,20.33,2.069767956544741
"(4,2)-Two-layer MoM",mom,em_iters,training,no noise,2d-low-ind,2,low,ind,4,2,24.93,2.18929904376499
"(4,2)-Two-layer MoM",mom,em_iters,training,no noise,2d-low-strong,2,low,strong,4,2,52.78,21.57981660831446
"(4,2)-Two-layer MoM",mom,em_iters,training,no noise,2d-low-weak,2,low,weak,4,2,34.5,4.489043901713942
"(4,2)-Two-layer MoM",mom,em_iters,training,no noise,3d-high-ind,3,high,ind,4,2,29.64,6.94061389303001
"(4,2)-Two-layer MoM",mom,em_iters,training,no noise,3d-high-strong,3,high,strong,4,2,62.91,19.65464193250413
"(4,2)-Two-layer MoM",mom,em_iters,training,no noise,3d-high-weak,3,high,weak,4,2,36.21,18.89807590013525
"(4,2)-Two-layer MoM",mom,em_iters,training,no noise,3d-low-ind,3,low,ind,4,2,27.83,4.002663254798376
"(4,2)-Two-layer MoM",mom,em_iters,training,no noise,3d-low-strong,3,low,strong,4,2,62.71,31.15950979243817
"(4,2)-Two-layer MoM",mom,em_iters,training,no noise,3d-low-weak,3,low,weak,4,2,34.1,7.707401663598465
"(4,2)-Two-layer MoM",mom,em_iters,training,with noise,2d-high-ind,2,high,ind,4,2,25.89,2.360855006906686
"(4,2)-Two-layer MoM",mom,em_iters,training,with noise,2d-high-strong,2,high,strong,4,2,61.24,15.6696451069505
"(4,2)-Two-layer MoM",mom,em_iters,training,with noise,2d-high-weak,2,high,weak,4,2,20.44,2.011683048312702
"(4,2)-Two-layer MoM",mom,em_iters,training,with noise,2d-low-ind,2,low,ind,4,2,24.95,2.066446713613013
"(4,2)-Two-layer MoM",mom,em_iters,training,with noise,2d-low-strong,2,low,strong,4,2,49.23,23.26303479511622
"(4,2)-Two-layer MoM",mom,em_iters,training,with noise,2d-low-weak,2,low,weak,4,2,33.71,4.548937049776386
"(4,2)-Two-layer MoM",mom,em_iters,training,with noise,3d-high-ind,3,high,ind,4,2,28.62,5.865116875186373
"(4,2)-Two-layer MoM",mom,em_iters,training,with noise,3d-high-strong,3,high,strong,4,2,69.96,24.46309114324738
"(4,2)-Two-layer MoM",mom,em_iters,training,with noise,3d-high-weak,3,high,weak,4,2,38.95,21.40583088692415
"(4,2)-Two-layer MoM",mom,em_iters,training,with noise,3d-low-ind,3,low,ind,4,2,27.33,3.959530122107772
"(4,2)-Two-layer MoM",mom,em_iters,training,with noise,3d-low-strong,3,low,strong,4,2,55.98,21.49887476501075
"(4,2)-Two-layer MoM",mom,em_iters,training,with noise,3d-low-weak,3,low,weak,4,2,32.62,7.163008227601507
"(4,2)-Two-layer MoM",mom,gmpd,in sample,no noise,2d-high-ind,2,high,ind,4,2,0.0209987,0.0002965105309251172
"(4,2)-Two-layer MoM",mom,gmpd,in sample,no noise,2d-high-strong,2,high,strong,4,2,0.0218,0.0003169743321985675
"(4,2)-Two-layer MoM",mom,gmpd,in sample,no noise,2d-high-weak,2,high,weak,4,2,0.020364,0.0002817800560721072
"(4,2)-Two-layer MoM",mom,gmpd,in sample,no noise,2d-low-ind,2,low,ind,4,2,0.0324023,0.0004821476679787776
"(4,2)-Two-layer MoM",mom,gmpd,in sample,no noise,2d-low-strong,2,low,strong,4,2,0.0497483,0.0008422469406836159
"(4,2)-Two-layer MoM",mom,gmpd,in sample,no noise,2d-low-weak,2,low,weak,4,2,0.0334274,0.0004971629003605855
"(4,2)-Two-layer MoM",mom,gmpd,in sample,no noise,3d-high-ind,3,high,ind,4,2,0.0037598,5.754190392288656e-05
"(4,2)-Two-layer MoM",mom,gmpd,in sample,no noise,3d-high-strong,3,high,strong,4,2,0.004525,9.458575287253717e-05
"(4,2)-Two-layer MoM",mom,gmpd,in sample,no noise,3d-high-weak,3,high,weak,4,2,0.0036522,5.547917982396099e-05
"(4,2)-Two-layer MoM",mom,gmpd,in sample,no noise,3d-low-ind,3,low,ind,4,2,0.006271799999999999,9.920267998986573e-05
"(4,2)-Two-layer MoM",mom,gmpd,in sample,no noise,3d-low-strong,3,low,strong,4,2,0.0097568,0.0002002719363386905
"(4,2)-Two-layer MoM",mom,gmpd,in sample,no noise,3d-low-weak,3,low,weak,4,2,0.0065528,0.0001051029317508615
"(4,2)-Two-layer MoM",mom,gmpd,in sample,with noise,2d-high-ind,2,high,ind,4,2,0.0202833,0.0002872441505413154
"(4,2)-Two-layer MoM",mom,gmpd,in sample,with noise,2d-high-strong,2,high,strong,4,2,0.0209685,0.0003108228733311919
"(4,2)-Two-layer MoM",mom,gmpd,in sample,with noise,2d-high-weak,2,high,weak,4,2,0.0196797,0.0002758108523293205
"(4,2)-Two-layer MoM",mom,gmpd,in sample,with noise,2d-low-ind,2,low,ind,4,2,0.0314027,0.0004638744496633819
"(4,2)-Two-layer MoM",mom,gmpd,in sample,with noise,2d-low-strong,2,low,strong,4,2,0.0469164,0.0008136034325484028
"(4,2)-Two-layer MoM",mom,gmpd,in sample,with noise,2d-low-weak,2,low,weak,4,2,0.0323307,0.000485563829298715
"(4,2)-Two-layer MoM",mom,gmpd,in sample,with noise,3d-high-ind,3,high,ind,4,2,0.0035269,5.461888155411303e-05
"(4,2)-Two-layer MoM",mom,gmpd,in sample,with noise,3d-high-strong,3,high,strong,4,2,0.0041868,8.135071845988459e-05
"(4,2)-Two-layer MoM",mom,gmpd,in sample,with noise,3d-high-weak,3,high,weak,4,2,0.0034307,5.587241960688006e-05
"(4,2)-Two-layer MoM",mom,gmpd,in sample,with noise,3d-low-ind,3,low,ind,4,2,0.0059445,9.63199109869047e-05
"(4,2)-Two-layer MoM",mom,gmpd,in sample,with noise,3d-low-strong,3,low,strong,4,2,0.0090296,0.0001919907405174647
"(4,2)-Two-layer MoM",mom,gmpd,in sample,with noise,3d-low-weak,3,low,weak,4,2,0.0061963,0.0001004299343680544
"(4,2)-Two-layer MoM",mom,gmpd,out of sample,no noise,2d-high-ind,2,high,ind,4,2,0.0208225,0.0005052919448150255
"(4,2)-Two-layer MoM",mom,gmpd,out of sample,no noise,2d-high-strong,2,high,strong,4,2,0.0216928,0.0004877345693110234
"(4,2)-Two-layer MoM",mom,gmpd,out of sample,no noise,2d-high-weak,2,high,weak,4,2,0.0202807,0.0005206935060788908
"(4,2)-Two-layer MoM",mom,gmpd,out of sample,no noise,2d-low-ind,2,low,ind,4,2,0.0322026,0.0008404070923118625
"(4,2)-Two-layer MoM",mom,gmpd,out of sample,no noise,2d-low-strong,2,low,strong,4,2,0.0495852,0.001304240542974874
"(4,2)-Two-layer MoM",mom,gmpd,out of sample,no noise,2d-low-weak,2,low,weak,4,2,0.0332604,0.0009220847262720727
"(4,2)-Two-layer MoM",mom,gmpd,out of sample,no noise,3d-high-ind,3,high,ind,4,2,0.0037379,0.0001381720125441656
"(4,2)-Two-layer MoM",mom,gmpd,out of sample,no noise,3d-high-strong,3,high,strong,4,2,0.0044957,0.0001749993073579366
"(4,2)-Two-layer MoM",mom,gmpd,out of sample,no noise,3d-high-weak,3,high,weak,4,2,0.0036241,0.0001347432650441106
"(4,2)-Two-layer MoM",mom,gmpd,out of sample,no noise,3d-low-ind,3,low,ind,4,2,0.0062476,0.000240966572139973
"(4,2)-Two-layer MoM",mom,gmpd,out of sample,no noise,3d-low-strong,3,low,strong,4,2,0.0096596,0.0004317287775603307
"(4,2)-Two-layer MoM",mom,gmpd,out of sample,no noise,3d-low-weak,3,low,weak,4,2,0.006525800000000001,0.0002580391482318177
"(4,2)-Two-layer MoM",mom,gmpd,out of sample,with noise,2d-high-ind,2,high,ind,4,2,0.0201043,0.0004764796306074775
"(4,2)-Two-layer MoM",mom,gmpd,out of sample,with noise,2d-high-strong,2,high,strong,4,2,0.0208864,0.0004896659756168155
"(4,2)-Two-layer MoM",mom,gmpd,out of sample,with noise,2d-high-weak,2,high,weak,4,2,0.019603,0.0005080652546969762
"(4,2)-Two-layer MoM",mom,gmpd,out of sample,with noise,2d-low-ind,2,low,ind,4,2,0.0311951,0.0008134941408342882
"(4,2)-Two-layer MoM",mom,gmpd,out of sample,with noise,2d-low-strong,2,low,strong,4,2,0.0467666,0.00124990037582799
"(4,2)-Two-layer MoM",mom,gmpd,out of sample,with noise,2d-low-weak,2,low,weak,4,2,0.0321709,0.0008902571357067396
"(4,2)-Two-layer MoM",mom,gmpd,out of sample,with noise,3d-high-ind,3,high,ind,4,2,0.0035048,0.0001279005295319197
"(4,2)-Two-layer MoM",mom,gmpd,out of sample,with noise,3d-high-strong,3,high,strong,4,2,0.0041621,0.0001598186788238787
"(4,2)-Two-layer MoM",mom,gmpd,out of sample,with noise,3d-high-weak,3,high,weak,4,2,0.0034026,0.0001225702849285859
"(4,2)-Two-layer MoM",mom,gmpd,out of sample,with noise,3d-low-ind,3,low,ind,4,2,0.005918400000000001,0.0002228362627581069
"(4,2)-Two-layer MoM",mom,gmpd,out of sample,with noise,3d-low-strong,3,low,strong,4,2,0.0089514,0.0003920189131697962
"(4,2)-Two-layer MoM",mom,gmpd,out of sample,with noise,3d-low-weak,3,low,weak,4,2,0.006167000000000001,0.0002441249059333556
"(4,2)-Two-layer MoM",mom,training_time,training,no noise,2d-high-ind,2,high,ind,4,2,1570.7841,134.8818479831272
"(4,2)-Two-layer MoM",mom,training_time,training,no noise,2d-high-strong,2,high,strong,4,2,2664.8034,487.6124554164016
"(4,2)-Two-layer MoM",mom,training_time,training,no noise,2d-high-weak,2,high,weak,4,2,1378.6693,115.0032185342758
"(4,2)-Two-layer MoM",mom,training_time,training,no noise,2d-low-ind,2,low,ind,4,2,1459.5367,115.7604107764888
"(4,2)-Two-layer MoM",mom,training_time,training,no noise,2d-low-strong,2,low,strong,4,2,2456.0062,766.7810782677507
"(4,2)-Two-layer MoM",mom,training_time,training,no noise,2d-low-weak,2,low,weak,4,2,1827.1424,196.049657665984
"(4,2)-Two-layer MoM",mom,training_time,training,no noise,3d-high-ind,3,high,ind,4,2,1775.1012,277.6200084640075
"(4,2)-Two-layer MoM",mom,training_time,training,no noise,3d-high-strong,3,high,strong,4,2,3075.7252,772.66266810412
"(4,2)-Two-layer MoM",mom,training_time,training,no noise,3d-high-weak,3,high,weak,4,2,2015.5552,724.4251721938163
"(4,2)-Two-layer MoM",mom,training_time,training,no noise,3d-low-ind,3,low,ind,4,2,1709.6599,188.5120411795672
"(4,2)-Two-layer MoM",mom,training_time,training,no noise,3d-low-strong,3,low,strong,4,2,3016.7836,1163.388698700343
"(4,2)-Two-layer MoM",mom,training_time,training,no noise,3d-low-weak,3,low,weak,4,2,1955.7934,331.1204903715243
"(4,2)-Two-layer MoM",mom,training_time,training,with noise,2d-high-ind,2,high,ind,4,2,1545.3689,118.6538707681833
"(4,2)-Two-layer MoM",mom,training_time,training,with noise,2d-high-strong,2,high,strong,4,2,2733.3314,540.3558178187271
"(4,2)-Two-layer MoM",mom,training_time,training,with noise,2d-high-weak,2,high,weak,4,2,1388.5636,108.3450056417699
"(4,2)-Two-layer MoM",mom,training_time,training,with noise,2d-low-ind,2,low,ind,4,2,1470.0917,128.837453844922
"(4,2)-Two-layer MoM",mom,training_time,training,with noise,2d-low-strong,2,low,strong,4,2,2334.4471,827.2007777960891
"(4,2)-Two-layer MoM",mom,training_time,training,with noise,2d-low-weak,2,low,weak,4,2,1809.4059,187.5609062241549
"(4,2)-Two-layer MoM",mom,training_time,training,with noise,3d-high-ind,3,high,ind,4,2,1727.836,253.9977669988538
"(4,2)-Two-layer MoM",mom,training_time,training,with noise,3d-high-strong,3,high,strong,4,2,3319.6501,956.0138803147868
"(4,2)-Two-layer MoM",mom,training_time,training,with noise,3d-high-weak,3,high,weak,4,2,2133.7085,825.6890643508829
"(4,2)-Two-layer MoM",mom,training_time,training,with noise,3d-low-ind,3,low,ind,4,2,1700.6316,190.5806433445331
"(4,2)-Two-layer MoM",mom,training_time,training,with noise,3d-low-strong,3,low,strong,4,2,2748.4382,816.135829631838
"(4,2)-Two-layer MoM",mom,training_time,training,with noise,3d-low-weak,3,low,weak,4,2,1894.3729,288.0990463568164
2-Cylindrical Mixture,cylmix,aic,in sample,no noise,2d-high-ind,2,high,ind,2,0,61881.7455277,225.5219126263708
2-Cylindrical Mixture,cylmix,aic,in sample,no noise,2d-high-strong,2,high,strong,2,0,60394.7181434,252.0926543702126
2-Cylindrical Mixture,cylmix,aic,in sample,no noise,2d-high-weak,2,high,weak,2,0,62322.9431707,221.6871985072382
2-Cylindrical Mixture,cylmix,aic,in sample,no noise,2d-low-ind,2,low,ind,2,0,54926.8505896,238.8062486525202
2-Cylindrical Mixture,cylmix,aic,in sample,no noise,2d-low-strong,2,low,strong,2,0,47256.19374230001,259.9355883848704
2-Cylindrical Mixture,cylmix,aic,in sample,no noise,2d-low-weak,2,low,weak,2,0,54423.96356069999,236.5282797310645
2-Cylindrical Mixture,cylmix,aic,in sample,no noise,3d-high-ind,3,high,ind,2,0,89596.6000571,246.8244162260144
2-Cylindrical Mixture,cylmix,aic,in sample,no noise,3d-high-strong,3,high,strong,2,0,84520.03594049999,312.2257546291579
2-Cylindrical Mixture,cylmix,aic,in sample,no noise,3d-high-weak,3,high,weak,2,0,89675.0152843,242.3338061796264
2-Cylindrical Mixture,cylmix,aic,in sample,no noise,3d-low-ind,3,low,ind,2,0,81302.8629214,254.9057888523283
2-Cylindrical Mixture,cylmix,aic,in sample,no noise,3d-low-strong,3,low,strong,2,0,69510.0210851,320.6572922848533
2-Cylindrical Mixture,cylmix,aic,in sample,no noise,3d-low-weak,3,low,weak,2,0,80476.9688931,257.4028732968794
2-Cylindrical Mixture,cylmix,aic,in sample,with noise,2d-high-ind,2,high,ind,2,0,62432.5377536,225.2099852415798
2-Cylindrical Mixture,cylmix,aic,in sample,with noise,2d-high-strong,2,high,strong,2,0,61172.64325450001,221.2271019463738
2-Cylindrical Mixture,cylmix,aic,in sample,with noise,2d-high-weak,2,high,weak,2,0,62868.6672276,223.3459467092728
2-Cylindrical Mixture,cylmix,aic,in sample,with noise,2d-low-ind,2,low,ind,2,0,55429.2684836,238.1744196824201
2-Cylindrical Mixture,cylmix,aic,in sample,with noise,2d-low-strong,2,low,strong,2,0,48278.3056406,265.3901416141618
2-Cylindrical Mixture,cylmix,aic,in sample,with noise,2d-low-weak,2,low,weak,2,0,54956.1004435,238.6856642114798
2-Cylindrical Mixture,cylmix,aic,in sample,with noise,3d-high-ind,3,high,ind,2,0,90600.3853016,251.162201028012
2-Cylindrical Mixture,cylmix,aic,in sample,with noise,3d-high-strong,3,high,strong,2,0,85990.4579974,330.0338909248437
2-Cylindrical Mixture,cylmix,aic,in sample,with noise,3d-high-weak,3,high,weak,2,0,90697.79559800001,250.4000395867129
2-Cylindrical Mixture,cylmix,aic,in sample,with noise,3d-low-ind,3,low,ind,2,0,82152.4902566,262.1340169387635
2-Cylindrical Mixture,cylmix,aic,in sample,with noise,3d-low-strong,3,low,strong,2,0,71242.0679591,319.6689663483098
2-Cylindrical Mixture,cylmix,aic,in sample,with noise,3d-low-weak,3,low,weak,2,0,81370.8187486,260.8835762171344
2-Cylindrical Mixture,cylmix,aic,out of sample,no noise,2d-high-ind,2,high,ind,2,0,15531.9015845,96.0902970173354
2-Cylindrical Mixture,cylmix,aic,out of sample,no noise,2d-high-strong,2,high,strong,2,0,15147.1236007,92.37946309011944
2-Cylindrical Mixture,cylmix,aic,out of sample,no noise,2d-high-weak,2,high,weak,2,0,15629.7373456,105.5882996131255
2-Cylindrical Mixture,cylmix,aic,out of sample,no noise,2d-low-ind,2,low,ind,2,0,13784.4378053,103.8114773053486
2-Cylindrical Mixture,cylmix,aic,out of sample,no noise,2d-low-strong,2,low,strong,2,0,11855.9198131,100.647214150005
2-Cylindrical Mixture,cylmix,aic,out of sample,no noise,2d-low-weak,2,low,weak,2,0,13655.6065763,110.0269922061152
2-Cylindrical Mixture,cylmix,aic,out of sample,no noise,3d-high-ind,3,high,ind,2,0,22477.9327891,148.1557057302259
2-Cylindrical Mixture,cylmix,aic,out of sample,no noise,3d-high-strong,3,high,strong,2,0,21199.5570199,152.9540714594458
2-Cylindrical Mixture,cylmix,aic,out of sample,no noise,3d-high-weak,3,high,weak,2,0,22498.9363192,151.1212682667684
2-Cylindrical Mixture,cylmix,aic,out of sample,no noise,3d-low-ind,3,low,ind,2,0,20397.6795912,154.7857169599815
2-Cylindrical Mixture,cylmix,aic,out of sample,no noise,3d-low-strong,3,low,strong,2,0,17449.5446452,169.7596910945217
2-Cylindrical Mixture,cylmix,aic,out of sample,no noise,3d-low-weak,3,low,weak,2,0,20192.685239,163.8249719151062
2-Cylindrical Mixture,cylmix,aic,out of sample,with noise,2d-high-ind,2,high,ind,2,0,15671.6729703,94.2998151356944
2-Cylindrical Mixture,cylmix,aic,out of sample,with noise,2d-high-strong,2,high,strong,2,0,15336.2730654,90.89549329074188
2-Cylindrical Mixture,cylmix,aic,out of sample,with noise,2d-high-weak,2,high,weak,2,0,15765.3943692,106.5358375956968
2-Cylindrical Mixture,cylmix,aic,out of sample,with noise,2d-low-ind,2,low,ind,2,0,13912.4562188,104.3226511871904
2-Cylindrical Mixture,cylmix,aic,out of sample,with noise,2d-low-strong,2,low,strong,2,0,12110.7934047,102.3342049414071
2-Cylindrical Mixture,cylmix,aic,out of sample,with noise,2d-low-weak,2,low,weak,2,0,13788.4940629,110.3068722652976
2-Cylindrical Mixture,cylmix,aic,out of sample,with noise,3d-high-ind,3,high,ind,2,0,22730.8837621,145.1979370936172
2-Cylindrical Mixture,cylmix,aic,out of sample,with noise,3d-high-strong,3,high,strong,2,0,21564.9269135,145.6067828079578
2-Cylindrical Mixture,cylmix,aic,out of sample,with noise,3d-high-weak,3,high,weak,2,0,22756.4219677,149.1111711387474
2-Cylindrical Mixture,cylmix,aic,out of sample,with noise,3d-low-ind,3,low,ind,2,0,20611.9938118,151.5336542281688
2-Cylindrical Mixture,cylmix,aic,out of sample,with noise,3d-low-strong,3,low,strong,2,0,17876.2307135,162.2927685701432
2-Cylindrical Mixture,cylmix,aic,out of sample,with noise,3d-low-weak,3,low,weak,2,0,20416.8640275,162.9936775703576
2-Cylindrical Mixture,cylmix,ari,in sample,no noise,2d-high-ind,2,high,ind,2,0,0.3308359,0.007681198887773655
2-Cylindrical Mixture,cylmix,ari,in sample,no noise,2d-high-strong,2,high,strong,2,0,0.4566829,0.02500897678410451
2-Cylindrical Mixture,cylmix,ari,in sample,no noise,2d-high-weak,2,high,weak,2,0,0.3590073,0.007474279784228655
2-Cylindrical Mixture,cylmix,ari,in sample,no noise,2d-low-ind,2,low,ind,2,0,0.0211839,0.008834305023170994
2-Cylindrical Mixture,cylmix,ari,in sample,no noise,2d-low-strong,2,low,strong,2,0,0.0543319,0.01429490936408037
2-Cylindrical Mixture,cylmix,ari,in sample,no noise,2d-low-weak,2,low,weak,2,0,0.005575600000000001,0.004237508873683387
2-Cylindrical Mixture,cylmix,ari,in sample,no noise,3d-high-ind,3,high,ind,2,0,0.3544119,0.00781828298789368
2-Cylindrical Mixture,cylmix,ari,in sample,no noise,3d-high-strong,3,high,strong,2,0,0.0320748,0.05063356676946608
2-Cylindrical Mixture,cylmix,ari,in sample,no noise,3d-high-weak,3,high,weak,2,0,0.3755241,0.008019760455754072
2-Cylindrical Mixture,cylmix,ari,in sample,no noise,3d-low-ind,3,low,ind,2,0,0.0336732,0.006129459231012673
2-Cylindrical Mixture,cylmix,ari,in sample,no noise,3d-low-strong,3,low,strong,2,0,0.0090926,0.0139522443522412
2-Cylindrical Mixture,cylmix,ari,in sample,no noise,3d-low-weak,3,low,weak,2,0,0.0018648,0.001410222047133791
2-Cylindrical Mixture,cylmix,ari,in sample,with noise,2d-high-ind,2,high,ind,2,0,0.324889,0.007989049007260137
2-Cylindrical Mixture,cylmix,ari,in sample,with noise,2d-high-strong,2,high,strong,2,0,0.4399062,0.01889596626186914
2-Cylindrical Mixture,cylmix,ari,in sample,with noise,2d-high-weak,2,high,weak,2,0,0.3535181,0.007384229126176862
2-Cylindrical Mixture,cylmix,ari,in sample,with noise,2d-low-ind,2,low,ind,2,0,0.0223293,0.008689184413262085
2-Cylindrical Mixture,cylmix,ari,in sample,with noise,2d-low-strong,2,low,strong,2,0,0.0433011,0.01756492521383671
2-Cylindrical Mixture,cylmix,ari,in sample,with noise,2d-low-weak,2,low,weak,2,0,0.0045895,0.003699375425035088
2-Cylindrical Mixture,cylmix,ari,in sample,with noise,3d-high-ind,3,high,ind,2,0,0.3492844,0.008161413068380204
2-Cylindrical Mixture,cylmix,ari,in sample,with noise,3d-high-strong,3,high,strong,2,0,0.0368246,0.06263097236861634
2-Cylindrical Mixture,cylmix,ari,in sample,with noise,3d-high-weak,3,high,weak,2,0,0.3718131,0.008315559796993449
2-Cylindrical Mixture,cylmix,ari,in sample,with noise,3d-low-ind,3,low,ind,2,0,0.0327818,0.005365514346455539
2-Cylindrical Mixture,cylmix,ari,in sample,with noise,3d-low-strong,3,low,strong,2,0,0.0046969,0.008812822922803274
2-Cylindrical Mixture,cylmix,ari,in sample,with noise,3d-low-weak,3,low,weak,2,0,0.0019695,0.001503023468031869
2-Cylindrical Mixture,cylmix,ari,out of sample,no noise,2d-high-ind,2,high,ind,2,0,0.332501,0.01457574438038841
2-Cylindrical Mixture,cylmix,ari,out of sample,no noise,2d-high-strong,2,high,strong,2,0,0.4584537,0.02534603731126107
2-Cylindrical Mixture,cylmix,ari,out of sample,no noise,2d-high-weak,2,high,weak,2,0,0.3598646,0.01377140570130367
2-Cylindrical Mixture,cylmix,ari,out of sample,no noise,2d-low-ind,2,low,ind,2,0,0.0207387,0.00952719803160055
2-Cylindrical Mixture,cylmix,ari,out of sample,no noise,2d-low-strong,2,low,strong,2,0,0.0544896,0.01583938295400539
2-Cylindrical Mixture,cylmix,ari,out of sample,no noise,2d-low-weak,2,low,weak,2,0,0.006129799999999999,0.005480808386146751
2-Cylindrical Mixture,cylmix,ari,out of sample,no noise,3d-high-ind,3,high,ind,2,0,0.3572132,0.01457883327140946
2-Cylindrical Mixture,cylmix,ari,out of sample,no noise,3d-high-strong,3,high,strong,2,0,0.0304096,0.04810907467936845
2-Cylindrical Mixture,cylmix,ari,out of sample,no noise,3d-high-weak,3,high,weak,2,0,0.3771474,0.01522418713691466
2-Cylindrical Mixture,cylmix,ari,out of sample,no noise,3d-low-ind,3,low,ind,2,0,0.0344537,0.007322149137370735
2-Cylindrical Mixture,cylmix,ari,out of sample,no noise,3d-low-strong,3,low,strong,2,0,0.0084678,0.0125468199182345
2-Cylindrical Mixture,cylmix,ari,out of sample,no noise,3d-low-weak,3,low,weak,2,0,0.0014485,0.00196493420096995
2-Cylindrical Mixture,cylmix,ari,out of sample,with noise,2d-high-ind,2,high,ind,2,0,0.3267545,0.0143150213098343
2-Cylindrical Mixture,cylmix,ari,out of sample,with noise,2d-high-strong,2,high,strong,2,0,0.4408423,0.01927936259136419
2-Cylindrical Mixture,cylmix,ari,out of sample,with noise,2d-high-weak,2,high,weak,2,0,0.3546892,0.01429719465878223
2-Cylindrical Mixture,cylmix,ari,out of sample,with noise,2d-low-ind,2,low,ind,2,0,0.0218383,0.009518913024164903
2-Cylindrical Mixture,cylmix,ari,out of sample,with noise,2d-low-strong,2,low,strong,2,0,0.04381649999999999,0.01765593255234425
2-Cylindrical Mixture,cylmix,ari,out of sample,with noise,2d-low-weak,2,low,weak,2,0,0.0050004,0.004952339906090307
2-Cylindrical Mixture,cylmix,ari,out of sample,with noise,3d-high-ind,3,high,ind,2,0,0.3525232,0.01512776775778017
2-Cylindrical Mixture,cylmix,ari,out of sample,with noise,3d-high-strong,3,high,strong,2,0,0.0358028,0.06204959878397704
2-Cylindrical Mixture,cylmix,ari,out of sample,with noise,3d-high-weak,3,high,weak,2,0,0.3729255,0.01516997681992862
2-Cylindrical Mixture,cylmix,ari,out of sample,with noise,3d-low-ind,3,low,ind,2,0,0.0331436,0.007585328677883058
2-Cylindrical Mixture,cylmix,ari,out of sample,with noise,3d-low-strong,3,low,strong,2,0,0.004053299999999999,0.007081893408723776
2-Cylindrical Mixture,cylmix,ari,out of sample,with noise,3d-low-weak,3,low,weak,2,0,0.001809,0.002244502374489925
2-Cylindrical Mixture,cylmix,avg_ll,in sample,no noise,2d-high-ind,2,high,ind,2,0,-3.8647341,0.01409508540290373
2-Cylindrical Mixture,cylmix,avg_ll,in sample,no noise,2d-high-strong,2,high,strong,2,0,-3.7717949,0.01575601789761282
2-Cylindrical Mixture,cylmix,avg_ll,in sample,no noise,2d-high-weak,2,high,weak,2,0,-3.8923091,0.01385600501368968
2-Cylindrical Mixture,cylmix,avg_ll,in sample,no noise,2d-low-ind,2,low,ind,2,0,-3.4300532,0.01492547939300819
2-Cylindrical Mixture,cylmix,avg_ll,in sample,no noise,2d-low-strong,2,low,strong,2,0,-2.950637,0.0162460530404754
2-Cylindrical Mixture,cylmix,avg_ll,in sample,no noise,2d-low-weak,2,low,weak,2,0,-3.3986223,0.01478293097433378
2-Cylindrical Mixture,cylmix,avg_ll,in sample,no noise,3d-high-ind,3,high,ind,2,0,-5.5944125,0.01542641663026469
2-Cylindrical Mixture,cylmix,avg_ll,in sample,no noise,3d-high-strong,3,high,strong,2,0,-5.2771271,0.01951406870346718
2-Cylindrical Mixture,cylmix,avg_ll,in sample,no noise,3d-high-weak,3,high,weak,2,0,-5.599313499999999,0.01514545365494684
2-Cylindrical Mixture,cylmix,avg_ll,in sample,no noise,3d-low-ind,3,low,ind,2,0,-5.0760538,0.01593138138037206
2-Cylindrical Mixture,cylmix,avg_ll,in sample,no noise,3d-low-strong,3,low,strong,2,0,-4.3390011,0.02004121278488133
2-Cylindrical Mixture,cylmix,avg_ll,in sample,no noise,3d-low-weak,3,low,weak,2,0,-5.0244356,0.01608782118701783
2-Cylindrical Mixture,cylmix,avg_ll,in sample,with noise,2d-high-ind,2,high,ind,2,0,-3.8991581,0.01407571464680147
2-Cylindrical Mixture,cylmix,avg_ll,in sample,with noise,2d-high-strong,2,high,strong,2,0,-3.8204147,0.01382693553806265
2-Cylindrical Mixture,cylmix,avg_ll,in sample,with noise,2d-high-weak,2,high,weak,2,0,-3.9264167,0.01395886562024433
2-Cylindrical Mixture,cylmix,avg_ll,in sample,with noise,2d-low-ind,2,low,ind,2,0,-3.4614543,0.01488604269716497
2-Cylindrical Mixture,cylmix,avg_ll,in sample,with noise,2d-low-strong,2,low,strong,2,0,-3.014519,0.01658683453218188
2-Cylindrical Mixture,cylmix,avg_ll,in sample,with noise,2d-low-weak,2,low,weak,2,0,-3.4318807,0.01491793735945445
2-Cylindrical Mixture,cylmix,avg_ll,in sample,with noise,3d-high-ind,3,high,ind,2,0,-5.6571487,0.01569759761938763
2-Cylindrical Mixture,cylmix,avg_ll,in sample,with noise,3d-high-strong,3,high,strong,2,0,-5.3690285,0.02062740578561557
2-Cylindrical Mixture,cylmix,avg_ll,in sample,with noise,3d-high-weak,3,high,weak,2,0,-5.6632368,0.01564942996864209
2-Cylindrical Mixture,cylmix,avg_ll,in sample,with noise,3d-low-ind,3,low,ind,2,0,-5.129156,0.01638333176115166
2-Cylindrical Mixture,cylmix,avg_ll,in sample,with noise,3d-low-strong,3,low,strong,2,0,-4.4472542,0.01997909312205657
2-Cylindrical Mixture,cylmix,avg_ll,in sample,with noise,3d-low-weak,3,low,weak,2,0,-5.0803011,0.01630463111350498
2-Cylindrical Mixture,cylmix,avg_ll,out of sample,no noise,2d-high-ind,2,high,ind,2,0,-3.8714755,0.02402287152513476
2-Cylindrical Mixture,cylmix,avg_ll,out of sample,no noise,2d-high-strong,2,high,strong,2,0,-3.7752811,0.02309450863475586
2-Cylindrical Mixture,cylmix,avg_ll,out of sample,no noise,2d-high-weak,2,high,weak,2,0,-3.8959342,0.02639723777177833
2-Cylindrical Mixture,cylmix,avg_ll,out of sample,no noise,2d-low-ind,2,low,ind,2,0,-3.4346095,0.02595304171951616
2-Cylindrical Mixture,cylmix,avg_ll,out of sample,no noise,2d-low-strong,2,low,strong,2,0,-2.9524799,0.02516210091014111
2-Cylindrical Mixture,cylmix,avg_ll,out of sample,no noise,2d-low-weak,2,low,weak,2,0,-3.4024012,0.0275062911547688
2-Cylindrical Mixture,cylmix,avg_ll,out of sample,no noise,3d-high-ind,3,high,ind,2,0,-5.5979834,0.03703913391061509
2-Cylindrical Mixture,cylmix,avg_ll,out of sample,no noise,3d-high-strong,3,high,strong,2,0,-5.278389099999999,0.03823826858044584
2-Cylindrical Mixture,cylmix,avg_ll,out of sample,no noise,3d-high-weak,3,high,weak,2,0,-5.603234,0.03778007697400337
2-Cylindrical Mixture,cylmix,avg_ll,out of sample,no noise,3d-low-ind,3,low,ind,2,0,-5.077920199999999,0.03869716373027463
2-Cylindrical Mixture,cylmix,avg_ll,out of sample,no noise,3d-low-strong,3,low,strong,2,0,-4.3408864,0.04243975288915956
2-Cylindrical Mixture,cylmix,avg_ll,out of sample,no noise,3d-low-weak,3,low,weak,2,0,-5.0266708,0.0409562477980708
2-Cylindrical Mixture,cylmix,avg_ll,out of sample,with noise,2d-high-ind,2,high,ind,2,0,-3.9064185,0.0235753867701812
2-Cylindrical Mixture,cylmix,avg_ll,out of sample,with noise,2d-high-strong,2,high,strong,2,0,-3.8225681,0.02272378834964794
2-Cylindrical Mixture,cylmix,avg_ll,out of sample,with noise,2d-high-weak,2,high,weak,2,0,-3.9298486,0.0266339125745788
2-Cylindrical Mixture,cylmix,avg_ll,out of sample,with noise,2d-low-ind,2,low,ind,2,0,-3.4666143,0.02608026229398841
2-Cylindrical Mixture,cylmix,avg_ll,out of sample,with noise,2d-low-strong,2,low,strong,2,0,-3.0161981,0.02558409412332417
2-Cylindrical Mixture,cylmix,avg_ll,out of sample,with noise,2d-low-weak,2,low,weak,2,0,-3.4356236,0.02757702881425454
2-Cylindrical Mixture,cylmix,avg_ll,out of sample,with noise,3d-high-ind,3,high,ind,2,0,-5.6612209,0.03629942941630756
2-Cylindrical Mixture,cylmix,avg_ll,out of sample,with noise,3d-high-strong,3,high,strong,2,0,-5.3697317,0.03640173750029504
2-Cylindrical Mixture,cylmix,avg_ll,out of sample,with noise,3d-high-weak,3,high,weak,2,0,-5.6676055,0.03727839936670341
2-Cylindrical Mixture,cylmix,avg_ll,out of sample,with noise,3d-low-ind,3,low,ind,2,0,-5.131498400000001,0.037883400931028
2-Cylindrical Mixture,cylmix,avg_ll,out of sample,with noise,3d-low-strong,3,low,strong,2,0,-4.4475583,0.0405727800242846
2-Cylindrical Mixture,cylmix,avg_ll,out of sample,with noise,3d-low-weak,3,low,weak,2,0,-5.0827159,0.04074846155849131
2-Cylindrical Mixture,cylmix,bic,in sample,no noise,2d-high-ind,2,high,ind,2,0,62042.45105429999,225.5219123405086
2-Cylindrical Mixture,cylmix,bic,in sample,no noise,2d-high-strong,2,high,strong,2,0,60555.42367030001,252.092654507635
2-Cylindrical Mixture,cylmix,bic,in sample,no noise,2d-high-weak,2,high,weak,2,0,62483.648697,221.6871984098651
2-Cylindrical Mixture,cylmix,bic,in sample,no noise,2d-low-ind,2,low,ind,2,0,55087.5561164,238.8062484505019
2-Cylindrical Mixture,cylmix,bic,in sample,no noise,2d-low-strong,2,low,strong,2,0,47416.8992694,259.935588662041
2-Cylindrical Mixture,cylmix,bic,in sample,no noise,2d-low-weak,2,low,weak,2,0,54584.6690869,236.5282793474986
2-Cylindrical Mixture,cylmix,bic,in sample,no noise,3d-high-ind,3,high,ind,2,0,89897.0495202,246.8244158908697
2-Cylindrical Mixture,cylmix,bic,in sample,no noise,3d-high-strong,3,high,strong,2,0,84820.48540349999,312.2257548150182
2-Cylindrical Mixture,cylmix,bic,in sample,no noise,3d-high-weak,3,high,weak,2,0,89975.46474719999,242.3338061975574
2-Cylindrical Mixture,cylmix,bic,in sample,no noise,3d-low-ind,3,low,ind,2,0,81603.31238429999,254.9057887419822
2-Cylindrical Mixture,cylmix,bic,in sample,no noise,3d-low-strong,3,low,strong,2,0,69810.4705495,320.6572922244383
2-Cylindrical Mixture,cylmix,bic,in sample,no noise,3d-low-weak,3,low,weak,2,0,80777.4183567,257.4028732889926
2-Cylindrical Mixture,cylmix,bic,in sample,with noise,2d-high-ind,2,high,ind,2,0,62593.243281,225.2099851906046
2-Cylindrical Mixture,cylmix,bic,in sample,with noise,2d-high-strong,2,high,strong,2,0,61333.3487824,221.2271016549877
2-Cylindrical Mixture,cylmix,bic,in sample,with noise,2d-high-weak,2,high,weak,2,0,63029.3727542,223.3459466835097
2-Cylindrical Mixture,cylmix,bic,in sample,with noise,2d-low-ind,2,low,ind,2,0,55589.9740104,238.1744204523374
2-Cylindrical Mixture,cylmix,bic,in sample,with noise,2d-low-strong,2,low,strong,2,0,48439.0111678,265.3901420147532
2-Cylindrical Mixture,cylmix,bic,in sample,with noise,2d-low-weak,2,low,weak,2,0,55116.8059704,238.6856637986427
2-Cylindrical Mixture,cylmix,bic,in sample,with noise,3d-high-ind,3,high,ind,2,0,90900.83476400001,251.162201383453
2-Cylindrical Mixture,cylmix,bic,in sample,with noise,3d-high-strong,3,high,strong,2,0,86290.9074602,330.0338912721209
2-Cylindrical Mixture,cylmix,bic,in sample,with noise,3d-high-weak,3,high,weak,2,0,90998.2450615,250.4000398585453
2-Cylindrical Mixture,cylmix,bic,in sample,with noise,3d-low-ind,3,low,ind,2,0,82452.9397197,262.1340161609172
2-Cylindrical Mixture,cylmix,bic,in sample,with noise,3d-low-strong,3,low,strong,2,0,71542.5174224,319.6689663204351
2-Cylindrical Mixture,cylmix,bic,in sample,with noise,3d-low-weak,3,low,weak,2,0,81671.2682124,260.8835761247387
2-Cylindrical Mixture,cylmix,bic,out of sample,no noise,2d-high-ind,2,high,ind,2,0,15660.7223412,96.09029719231172
2-Cylindrical Mixture,cylmix,bic,out of sample,no noise,2d-high-strong,2,high,strong,2,0,15275.9443574,92.37946374310835
2-Cylindrical Mixture,cylmix,bic,out of sample,no noise,2d-high-weak,2,high,weak,2,0,15758.5581017,105.5882998919744
2-Cylindrical Mixture,cylmix,bic,out of sample,no noise,2d-low-ind,2,low,ind,2,0,13913.2585619,103.8114772674517
2-Cylindrical Mixture,cylmix,bic,out of sample,no noise,2d-low-strong,2,low,strong,2,0,11984.7405694,100.6472150651639
2-Cylindrical Mixture,cylmix,bic,out of sample,no noise,2d-low-weak,2,low,weak,2,0,13784.427333,110.0269931271806
2-Cylindrical Mixture,cylmix,bic,out of sample,no noise,3d-high-ind,3,high,ind,2,0,22718.7715947,148.155705407641
2-Cylindrical Mixture,cylmix,bic,out of sample,no noise,3d-high-strong,3,high,strong,2,0,21440.3958262,152.9540713287741
2-Cylindrical Mixture,cylmix,bic,out of sample,no noise,3d-high-weak,3,high,weak,2,0,22739.7751242,151.1212689135803
2-Cylindrical Mixture,cylmix,bic,out of sample,no noise,3d-low-ind,3,low,ind,2,0,20638.5183976,154.7857166448278
2-Cylindrical Mixture,cylmix,bic,out of sample,no noise,3d-low-strong,3,low,strong,2,0,17690.3834514,169.7596912737723
2-Cylindrical Mixture,cylmix,bic,out of sample,no noise,3d-low-weak,3,low,weak,2,0,20433.5240447,163.8249717001676
2-Cylindrical Mixture,cylmix,bic,out of sample,with noise,2d-high-ind,2,high,ind,2,0,15800.4937273,94.2998146313865
2-Cylindrical Mixture,cylmix,bic,out of sample,with noise,2d-high-strong,2,high,strong,2,0,15465.0938228,90.89549325117827
2-Cylindrical Mixture,cylmix,bic,out of sample,with noise,2d-high-weak,2,high,weak,2,0,15894.2151264,106.5358377184921
2-Cylindrical Mixture,cylmix,bic,out of sample,with noise,2d-low-ind,2,low,ind,2,0,14041.2769755,104.3226522103971
2-Cylindrical Mixture,cylmix,bic,out of sample,with noise,2d-low-strong,2,low,strong,2,0,12239.6141615,102.3342044789529
2-Cylindrical Mixture,cylmix,bic,out of sample,with noise,2d-low-weak,2,low,weak,2,0,13917.3148198,110.3068718551335
2-Cylindrical Mixture,cylmix,bic,out of sample,with noise,3d-high-ind,3,high,ind,2,0,22971.7225683,145.1979365456636
2-Cylindrical Mixture,cylmix,bic,out of sample,with noise,3d-high-strong,3,high,strong,2,0,21805.7657199,145.606782268047
2-Cylindrical Mixture,cylmix,bic,out of sample,with noise,3d-high-weak,3,high,weak,2,0,22997.2607731,149.1111705407581
2-Cylindrical Mixture,cylmix,bic,out of sample,with noise,3d-low-ind,3,low,ind,2,0,20852.8326174,151.5336543483693
2-Cylindrical Mixture,cylmix,bic,out of sample,with noise,3d-low-strong,3,low,strong,2,0,18117.0695191,162.2927686362757
2-Cylindrical Mixture,cylmix,bic,out of sample,with noise,3d-low-weak,3,low,weak,2,0,20657.7028334,162.9936780303969
2-Cylindrical Mixture,cylmix,em_iters,training,no noise,2d-high-ind,2,high,ind,2,0,19.56,1.526334488143726
2-Cylindrical Mixture,cylmix,em_iters,training,no noise,2d-high-strong,2,high,strong,2,0,72.84,20.68021061573385
2-Cylindrical Mixture,cylmix,em_iters,training,no noise,2d-high-weak,2,high,weak,2,0,20.3,1.480513151552256
2-Cylindrical Mixture,cylmix,em_iters,training,no noise,2d-low-ind,2,low,ind,2,0,26.39,3.498614444362658
2-Cylindrical Mixture,cylmix,em_iters,training,no noise,2d-low-strong,2,low,strong,2,0,28.09,6.630348041506958
2-Cylindrical Mixture,cylmix,em_iters,training,no noise,2d-low-weak,2,low,weak,2,0,29.06,4.644579767010274
2-Cylindrical Mixture,cylmix,em_iters,training,no noise,3d-high-ind,3,high,ind,2,0,13.11,1.023906166786703
2-Cylindrical Mixture,cylmix,em_iters,training,no noise,3d-high-strong,3,high,strong,2,0,14.91,7.841993922904346
2-Cylindrical Mixture,cylmix,em_iters,training,no noise,3d-high-weak,3,high,weak,2,0,14.66,1.248999599679679
2-Cylindrical Mixture,cylmix,em_iters,training,no noise,3d-low-ind,3,low,ind,2,0,10.93,1.753812585728186
2-Cylindrical Mixture,cylmix,em_iters,training,no noise,3d-low-strong,3,low,strong,2,0,37.39,20.51257067155542
2-Cylindrical Mixture,cylmix,em_iters,training,no noise,3d-low-weak,3,low,weak,2,0,11.66,1.28880180827391
2-Cylindrical Mixture,cylmix,em_iters,training,with noise,2d-high-ind,2,high,ind,2,0,19.98,1.60164057305393
2-Cylindrical Mixture,cylmix,em_iters,training,with noise,2d-high-strong,2,high,strong,2,0,57.38,11.54418827065302
2-Cylindrical Mixture,cylmix,em_iters,training,with noise,2d-high-weak,2,high,weak,2,0,20.95,1.533300394903132
2-Cylindrical Mixture,cylmix,em_iters,training,with noise,2d-low-ind,2,low,ind,2,0,25.58,3.009010038890102
2-Cylindrical Mixture,cylmix,em_iters,training,with noise,2d-low-strong,2,low,strong,2,0,30.53,9.763315176328337
2-Cylindrical Mixture,cylmix,em_iters,training,with noise,2d-low-weak,2,low,weak,2,0,28.74,5.237047514264755
2-Cylindrical Mixture,cylmix,em_iters,training,with noise,3d-high-ind,3,high,ind,2,0,13.23,1.052702150744368
2-Cylindrical Mixture,cylmix,em_iters,training,with noise,3d-high-strong,3,high,strong,2,0,15.78,9.336125123584855
2-Cylindrical Mixture,cylmix,em_iters,training,with noise,3d-high-weak,3,high,weak,2,0,14.98,1.355721135772323
2-Cylindrical Mixture,cylmix,em_iters,training,with noise,3d-low-ind,3,low,ind,2,0,10.67,1.310832875801804
2-Cylindrical Mixture,cylmix,em_iters,training,with noise,3d-low-strong,3,low,strong,2,0,31.89,20.87814332470367
2-Cylindrical Mixture,cylmix,em_iters,training,with noise,3d-low-weak,3,low,weak,2,0,11.44,1.289585322121148
2-Cylindrical Mixture,cylmix,gmpd,in sample,no noise,2d-high-ind,2,high,ind,2,0,0.0209703,0.0002954997649933262
2-Cylindrical Mixture,cylmix,gmpd,in sample,no noise,2d-high-strong,2,high,strong,2,0,0.0230133,0.0003616657729356374
2-Cylindrical Mixture,cylmix,gmpd,in sample,no noise,2d-high-weak,2,high,weak,2,0,0.0203996,0.0002820270063721419
2-Cylindrical Mixture,cylmix,gmpd,in sample,no noise,2d-low-ind,2,low,ind,2,0,0.0323893,0.0004819431522702663
2-Cylindrical Mixture,cylmix,gmpd,in sample,no noise,2d-low-strong,2,low,strong,2,0,0.0523132,0.0008490028375581658
2-Cylindrical Mixture,cylmix,gmpd,in sample,no noise,2d-low-weak,2,low,weak,2,0,0.03342290000000001,0.0004936859816572167
2-Cylindrical Mixture,cylmix,gmpd,in sample,no noise,3d-high-ind,3,high,ind,2,0,0.0037189,5.782060378638595e-05
2-Cylindrical Mixture,cylmix,gmpd,in sample,no noise,3d-high-strong,3,high,strong,2,0,0.0051082,0.0001003668020288331
2-Cylindrical Mixture,cylmix,gmpd,in sample,no noise,3d-high-weak,3,high,weak,2,0,0.0037011,5.595624192260419e-05
2-Cylindrical Mixture,cylmix,gmpd,in sample,no noise,3d-low-ind,3,low,ind,2,0,0.0062451,9.970152425812733e-05
2-Cylindrical Mixture,cylmix,gmpd,in sample,no noise,3d-low-strong,3,low,strong,2,0,0.0130525,0.0002622835808198388
2-Cylindrical Mixture,cylmix,gmpd,in sample,no noise,3d-low-weak,3,low,weak,2,0,0.0065759,0.0001054772223963279
2-Cylindrical Mixture,cylmix,gmpd,in sample,with noise,2d-high-ind,2,high,ind,2,0,0.0202606,0.0002844445943812741
2-Cylindrical Mixture,cylmix,gmpd,in sample,with noise,2d-high-strong,2,high,strong,2,0,0.0219213,0.0003023465634738453
2-Cylindrical Mixture,cylmix,gmpd,in sample,with noise,2d-high-weak,2,high,weak,2,0,0.0197161,0.0002751010649917518
2-Cylindrical Mixture,cylmix,gmpd,in sample,with noise,2d-low-ind,2,low,ind,2,0,0.0313874,0.0004655107328776023
2-Cylindrical Mixture,cylmix,gmpd,in sample,with noise,2d-low-strong,2,low,strong,2,0,0.0490761,0.00081363493538614
2-Cylindrical Mixture,cylmix,gmpd,in sample,with noise,2d-low-weak,2,low,weak,2,0,0.0323295,0.0004812701524050285
2-Cylindrical Mixture,cylmix,gmpd,in sample,with noise,3d-high-ind,3,high,ind,2,0,0.0034927,5.51921345589363e-05
2-Cylindrical Mixture,cylmix,gmpd,in sample,with noise,3d-high-strong,3,high,strong,2,0,0.0046594,9.67953166911155e-05
2-Cylindrical Mixture,cylmix,gmpd,in sample,with noise,3d-high-weak,3,high,weak,2,0,0.0034721,5.474080338792577e-05
2-Cylindrical Mixture,cylmix,gmpd,in sample,with noise,3d-low-ind,3,low,ind,2,0,0.0059219,9.689831179273869e-05
2-Cylindrical Mixture,cylmix,gmpd,in sample,with noise,3d-low-strong,3,low,strong,2,0,0.0117129,0.0002347028854625449
2-Cylindrical Mixture,cylmix,gmpd,in sample,with noise,3d-low-weak,3,low,weak,2,0,0.0062184,0.0001014512870118641
2-Cylindrical Mixture,cylmix,gmpd,out of sample,no noise,2d-high-ind,2,high,ind,2,0,0.0208334,0.0005012393125891544
2-Cylindrical Mixture,cylmix,gmpd,out of sample,no noise,2d-high-strong,2,high,strong,2,0,0.0229367,0.0005287627162546643
2-Cylindrical Mixture,cylmix,gmpd,out of sample,no noise,2d-high-weak,2,high,weak,2,0,0.0203313,0.0005392094006763776
2-Cylindrical Mixture,cylmix,gmpd,out of sample,no noise,2d-low-ind,2,low,ind,2,0,0.032249,0.0008403420419536023
2-Cylindrical Mixture,cylmix,gmpd,out of sample,no noise,2d-low-strong,2,low,strong,2,0,0.05222590000000001,0.001316341804955971
2-Cylindrical Mixture,cylmix,gmpd,out of sample,no noise,2d-low-weak,2,low,weak,2,0,0.0333057,0.0009202571610285045
2-Cylindrical Mixture,cylmix,gmpd,out of sample,no noise,3d-high-ind,3,high,ind,2,0,0.0037081,0.0001377649513417031
2-Cylindrical Mixture,cylmix,gmpd,out of sample,no noise,3d-high-strong,3,high,strong,2,0,0.0051041,0.0001964847386573638
2-Cylindrical Mixture,cylmix,gmpd,out of sample,no noise,3d-high-weak,3,high,weak,2,0,0.0036882,0.000139286638543572
2-Cylindrical Mixture,cylmix,gmpd,out of sample,no noise,3d-low-ind,3,low,ind,2,0,0.006237599999999999,0.0002419580062070209
2-Cylindrical Mixture,cylmix,gmpd,out of sample,no noise,3d-low-strong,3,low,strong,2,0,0.013037,0.0005546907410276633
2-Cylindrical Mixture,cylmix,gmpd,out of sample,no noise,3d-low-weak,3,low,weak,2,0,0.006566,0.0002692225994986453
2-Cylindrical Mixture,cylmix,gmpd,out of sample,with noise,2d-high-ind,2,high,ind,2,0,0.0201182,0.0004755186004710431
2-Cylindrical Mixture,cylmix,gmpd,out of sample,with noise,2d-high-strong,2,high,strong,2,0,0.0218766,0.0004965074383769455
2-Cylindrical Mixture,cylmix,gmpd,out of sample,with noise,2d-high-weak,2,high,weak,2,0,0.0196534,0.00052526130101449
2-Cylindrical Mixture,cylmix,gmpd,out of sample,with noise,2d-low-ind,2,low,ind,2,0,0.0312335,0.0008183703626751467
2-Cylindrical Mixture,cylmix,gmpd,out of sample,with noise,2d-low-strong,2,low,strong,2,0,0.0490029,0.001254369570821144
2-Cylindrical Mixture,cylmix,gmpd,out of sample,with noise,2d-low-weak,2,low,weak,2,0,0.0322178,0.0008912465223698568
2-Cylindrical Mixture,cylmix,gmpd,out of sample,with noise,3d-high-ind,3,high,ind,2,0,0.0034803,0.0001272034479553018
2-Cylindrical Mixture,cylmix,gmpd,out of sample,with noise,3d-high-strong,3,high,strong,2,0,0.0046584,0.0001701972711623518
2-Cylindrical Mixture,cylmix,gmpd,out of sample,with noise,3d-high-weak,3,high,weak,2,0,0.0034588,0.0001294922485102581
2-Cylindrical Mixture,cylmix,gmpd,out of sample,with noise,3d-low-ind,3,low,ind,2,0,0.0059118,0.0002246270983949475
2-Cylindrical Mixture,cylmix,gmpd,out of sample,with noise,3d-low-strong,3,low,strong,2,0,0.0117165,0.0004775640525023049
2-Cylindrical Mixture,cylmix,gmpd,out of sample,with noise,3d-low-weak,3,low,weak,2,0,0.0062083,0.0002533614617557893
2-Cylindrical Mixture,cylmix,training_time,training,no noise,2d-high-ind,2,high,ind,2,0,332.4614,23.43648498225005
2-Cylindrical Mixture,cylmix,training_time,training,no noise,2d-high-strong,2,high,strong,2,0,638.4372,133.6362214105475
2-Cylindrical Mixture,cylmix,training_time,training,no noise,2d-high-weak,2,high,weak,2,0,338.5484,21.13745250554669
2-Cylindrical Mixture,cylmix,training_time,training,no noise,2d-low-ind,2,low,ind,2,0,373.0398,33.87805734773713
2-Cylindrical Mixture,cylmix,training_time,training,no noise,2d-low-strong,2,low,strong,2,0,378.5461,47.00699193414707
2-Cylindrical Mixture,cylmix,training_time,training,no noise,2d-low-weak,2,low,weak,2,0,390.4806,35.49162171213899
2-Cylindrical Mixture,cylmix,training_time,training,no noise,3d-high-ind,3,high,ind,2,0,326.3599,27.20667511286467
2-Cylindrical Mixture,cylmix,training_time,training,no noise,3d-high-strong,3,high,strong,2,0,339.0033999999999,57.75836026275698
2-Cylindrical Mixture,cylmix,training_time,training,no noise,3d-high-weak,3,high,weak,2,0,335.8522,21.74574443820484
2-Cylindrical Mixture,cylmix,training_time,training,no noise,3d-low-ind,3,low,ind,2,0,313.732,26.71513058212897
2-Cylindrical Mixture,cylmix,training_time,training,no noise,3d-low-strong,3,low,strong,2,0,492.325,140.213998288907
2-Cylindrical Mixture,cylmix,training_time,training,no noise,3d-low-weak,3,low,weak,2,0,316.6184,20.66544608907839
2-Cylindrical Mixture,cylmix,training_time,training,with noise,2d-high-ind,2,high,ind,2,0,335.5281,33.37279112184994
2-Cylindrical Mixture,cylmix,training_time,training,with noise,2d-high-strong,2,high,strong,2,0,551.3269,83.30954129084441
2-Cylindrical Mixture,cylmix,training_time,training,with noise,2d-high-weak,2,high,weak,2,0,346.7431,25.63864612535955
2-Cylindrical Mixture,cylmix,training_time,training,with noise,2d-low-ind,2,low,ind,2,0,370.8783,28.66017946524058
2-Cylindrical Mixture,cylmix,training_time,training,with noise,2d-low-strong,2,low,strong,2,0,388.5386,55.15025873397369
2-Cylindrical Mixture,cylmix,training_time,training,with noise,2d-low-weak,2,low,weak,2,0,386.7777,39.3109908772022
2-Cylindrical Mixture,cylmix,training_time,training,with noise,3d-high-ind,3,high,ind,2,0,326.2311,19.43908012616633
2-Cylindrical Mixture,cylmix,training_time,training,with noise,3d-high-strong,3,high,strong,2,0,347.9511,64.77826390491917
2-Cylindrical Mixture,cylmix,training_time,training,with noise,3d-high-weak,3,high,weak,2,0,341.3604,21.81650097953151
2-Cylindrical Mixture,cylmix,training_time,training,with noise,3d-low-ind,3,low,ind,2,0,310.1031,19.06478639250697
2-Cylindrical Mixture,cylmix,training_time,training,with noise,3d-low-strong,3,low,strong,2,0,452.6252000000001,139.960452722268
2-Cylindrical Mixture,cylmix,training_time,training,with noise,3d-low-weak,3,low,weak,2,0,313.5213,21.98806823614972
2-Independent Cylindrical Mixture,indcylmix,aic,in sample,no noise,2d-high-ind,2,high,ind,2,0,61916.0584189,226.0320008752334
2-Independent Cylindrical Mixture,indcylmix,aic,in sample,no noise,2d-high-strong,2,high,strong,2,0,62416.954915,226.6999648251175
2-Independent Cylindrical Mixture,indcylmix,aic,in sample,no noise,2d-high-weak,2,high,weak,2,0,62508.40962419999,224.6311693790956
2-Independent Cylindrical Mixture,indcylmix,aic,in sample,no noise,2d-low-ind,2,low,ind,2,0,54928.7456444,238.2664370470838
2-Independent Cylindrical Mixture,indcylmix,aic,in sample,no noise,2d-low-strong,2,low,strong,2,0,51552.6280828,284.4965299702723
2-Independent Cylindrical Mixture,indcylmix,aic,in sample,no noise,2d-low-weak,2,low,weak,2,0,54658.1292312,239.7641506727416
2-Independent Cylindrical Mixture,indcylmix,aic,in sample,no noise,3d-high-ind,3,high,ind,2,0,89662.61255240001,244.8881200039832
2-Independent Cylindrical Mixture,indcylmix,aic,in sample,no noise,3d-high-strong,3,high,strong,2,0,89888.87215010001,301.2515808417219
2-Independent Cylindrical Mixture,indcylmix,aic,in sample,no noise,3d-high-weak,3,high,weak,2,0,90358.9916848,246.3932990458856
2-Independent Cylindrical Mixture,indcylmix,aic,in sample,no noise,3d-low-ind,3,low,ind,2,0,81291.4398019,256.0565215113244
2-Independent Cylindrical Mixture,indcylmix,aic,in sample,no noise,3d-low-strong,3,low,strong,2,0,77898.254514,321.8262120146276
2-Independent Cylindrical Mixture,indcylmix,aic,in sample,no noise,3d-low-weak,3,low,weak,2,0,80974.0251752,265.7550680624692
2-Independent Cylindrical Mixture,indcylmix,aic,in sample,with noise,2d-high-ind,2,high,ind,2,0,62462.018099,225.6902592574641
2-Independent Cylindrical Mixture,indcylmix,aic,in sample,with noise,2d-high-strong,2,high,strong,2,0,62956.91067529999,231.7041572303458
2-Independent Cylindrical Mixture,indcylmix,aic,in sample,with noise,2d-high-weak,2,high,weak,2,0,63042.9654983,227.9440035102516
2-Independent Cylindrical Mixture,indcylmix,aic,in sample,with noise,2d-low-ind,2,low,ind,2,0,55428.94518849999,238.0164690340154
2-Independent Cylindrical Mixture,indcylmix,aic,in sample,with noise,2d-low-strong,2,low,strong,2,0,52200.3965459,293.3812673276557
2-Independent Cylindrical Mixture,indcylmix,aic,in sample,with noise,2d-low-weak,2,low,weak,2,0,55174.6848903,243.3276340698704
2-Independent Cylindrical Mixture,indcylmix,aic,in sample,with noise,3d-high-ind,3,high,ind,2,0,90659.99520060001,250.2124802652788
2-Independent Cylindrical Mixture,indcylmix,aic,in sample,with noise,3d-high-strong,3,high,strong,2,0,90898.1256457,312.4298810888426
2-Independent Cylindrical Mixture,indcylmix,aic,in sample,with noise,3d-high-weak,3,high,weak,2,0,91336.6698477,254.4682026786312
2-Independent Cylindrical Mixture,indcylmix,aic,in sample,with noise,3d-low-ind,3,low,ind,2,0,82140.28624320001,263.2823041785098
2-Independent Cylindrical Mixture,indcylmix,aic,in sample,with noise,3d-low-strong,3,low,strong,2,0,78899.6086546,329.7611343005833
2-Independent Cylindrical Mixture,indcylmix,aic,in sample,with noise,3d-low-weak,3,low,weak,2,0,81838.2520594,270.6970236277262
2-Independent Cylindrical Mixture,indcylmix,aic,out of sample,no noise,2d-high-ind,2,high,ind,2,0,15526.2811231,96.71733443013873
2-Independent Cylindrical Mixture,indcylmix,aic,out of sample,no noise,2d-high-strong,2,high,strong,2,0,15630.4165377,97.77405108413113
2-Independent Cylindrical Mixture,indcylmix,aic,out of sample,no noise,2d-high-weak,2,high,weak,2,0,15661.0821326,107.5225251930245
2-Independent Cylindrical Mixture,indcylmix,aic,out of sample,no noise,2d-low-ind,2,low,ind,2,0,13769.9564982,104.3959660614885
2-Independent Cylindrical Mixture,indcylmix,aic,out of sample,no noise,2d-low-strong,2,low,strong,2,0,12902.2718087,118.7759533827392
2-Independent Cylindrical Mixture,indcylmix,aic,out of sample,no noise,2d-low-weak,2,low,weak,2,0,13700.6231418,113.7079963069144
2-Independent Cylindrical Mixture,indcylmix,aic,out of sample,no noise,3d-high-ind,3,high,ind,2,0,22458.4808972,147.468755661215
2-Independent Cylindrical Mixture,indcylmix,aic,out of sample,no noise,3d-high-strong,3,high,strong,2,0,22506.5412306,154.4227335248606
2-Independent Cylindrical Mixture,indcylmix,aic,out of sample,no noise,3d-high-weak,3,high,weak,2,0,22635.2161757,149.0100171752285
2-Independent Cylindrical Mixture,indcylmix,aic,out of sample,no noise,3d-low-ind,3,low,ind,2,0,20359.4050316,155.4962255338623
2-Independent Cylindrical Mixture,indcylmix,aic,out of sample,no noise,3d-low-strong,3,low,strong,2,0,19499.7023781,181.7147365869692
2-Independent Cylindrical Mixture,indcylmix,aic,out of sample,no noise,3d-low-weak,3,low,weak,2,0,20280.8487032,163.6251327553636
2-Independent Cylindrical Mixture,indcylmix,aic,out of sample,with noise,2d-high-ind,2,high,ind,2,0,15664.4172433,94.95522211259221
2-Independent Cylindrical Mixture,indcylmix,aic,out of sample,with noise,2d-high-strong,2,high,strong,2,0,15763.9564312,98.22000603775203
2-Independent Cylindrical Mixture,indcylmix,aic,out of sample,with noise,2d-high-weak,2,high,weak,2,0,15793.9823731,107.8016074269182
2-Independent Cylindrical Mixture,indcylmix,aic,out of sample,with noise,2d-low-ind,2,low,ind,2,0,13897.3460756,104.7230258046323
2-Independent Cylindrical Mixture,indcylmix,aic,out of sample,with noise,2d-low-strong,2,low,strong,2,0,13061.4172498,119.9070466261097
2-Independent Cylindrical Mixture,indcylmix,aic,out of sample,with noise,2d-low-weak,2,low,weak,2,0,13829.5566837,112.944084440848
2-Independent Cylindrical Mixture,indcylmix,aic,out of sample,with noise,3d-high-ind,3,high,ind,2,0,22710.0388012,145.0670888950048
2-Independent Cylindrical Mixture,indcylmix,aic,out of sample,with noise,3d-high-strong,3,high,strong,2,0,22756.0122049,151.9124484116699
2-Independent Cylindrical Mixture,indcylmix,aic,out of sample,with noise,3d-high-weak,3,high,weak,2,0,22881.7377729,145.93927456583
2-Independent Cylindrical Mixture,indcylmix,aic,out of sample,with noise,3d-low-ind,3,low,ind,2,0,20573.6595035,152.4099782442158
2-Independent Cylindrical Mixture,indcylmix,aic,out of sample,with noise,3d-low-strong,3,low,strong,2,0,19748.3126841,179.4440951465691
2-Independent Cylindrical Mixture,indcylmix,aic,out of sample,with noise,3d-low-weak,3,low,weak,2,0,20497.5652262,161.5928146901453
2-Independent Cylindrical Mixture,indcylmix,ari,in sample,no noise,2d-high-ind,2,high,ind,2,0,0.3287941,0.007889824682795716
2-Independent Cylindrical Mixture,indcylmix,ari,in sample,no noise,2d-high-strong,2,high,strong,2,0,0.0036827,0.002072829937427321
2-Independent Cylindrical Mixture,indcylmix,ari,in sample,no noise,2d-high-weak,2,high,weak,2,0,0.3435295,0.009312063032931686
2-Independent Cylindrical Mixture,indcylmix,ari,in sample,no noise,2d-low-ind,2,low,ind,2,0,0.0256941,0.007849493980345148
2-Independent Cylindrical Mixture,indcylmix,ari,in sample,no noise,2d-low-strong,2,low,strong,2,0,1.86e-05,0.0002035791856956031
2-Independent Cylindrical Mixture,indcylmix,ari,in sample,no noise,2d-low-weak,2,low,weak,2,0,0.0001334,0.0003006935417673716
2-Independent Cylindrical Mixture,indcylmix,ari,in sample,no noise,3d-high-ind,3,high,ind,2,0,0.3557642,0.007612185231587579
2-Independent Cylindrical Mixture,indcylmix,ari,in sample,no noise,3d-high-strong,3,high,strong,2,0,0.0007047,0.0008448028339694581
2-Independent Cylindrical Mixture,indcylmix,ari,in sample,no noise,3d-high-weak,3,high,weak,2,0,0.3774699,0.008103637853121614
2-Independent Cylindrical Mixture,indcylmix,ari,in sample,no noise,3d-low-ind,3,low,ind,2,0,0.0334022,0.004960697771870242
2-Independent Cylindrical Mixture,indcylmix,ari,in sample,no noise,3d-low-strong,3,low,strong,2,0,0.000163,0.0002926524466760095
2-Independent Cylindrical Mixture,indcylmix,ari,in sample,no noise,3d-low-weak,3,low,weak,2,0,0.0009699000000000001,0.0009158641059710011
2-Independent Cylindrical Mixture,indcylmix,ari,in sample,with noise,2d-high-ind,2,high,ind,2,0,0.3231583,0.007892684767452945
2-Independent Cylindrical Mixture,indcylmix,ari,in sample,with noise,2d-high-strong,2,high,strong,2,0,0.0032897,0.001952910521516668
2-Independent Cylindrical Mixture,indcylmix,ari,in sample,with noise,2d-high-weak,2,high,weak,2,0,0.336845,0.009428220640420128
2-Independent Cylindrical Mixture,indcylmix,ari,in sample,with noise,2d-low-ind,2,low,ind,2,0,0.0260619,0.007278537939404696
2-Independent Cylindrical Mixture,indcylmix,ari,in sample,with noise,2d-low-strong,2,low,strong,2,0,2.8e-06,0.0001865750857597622
2-Independent Cylindrical Mixture,indcylmix,ari,in sample,with noise,2d-low-weak,2,low,weak,2,0,0.0001226,0.0002927253340797841
2-Independent Cylindrical Mixture,indcylmix,ari,in sample,with noise,3d-high-ind,3,high,ind,2,0,0.3516705000000001,0.007996465301821321
2-Independent Cylindrical Mixture,indcylmix,ari,in sample,with noise,3d-high-strong,3,high,strong,2,0,0.000793,0.0009359751572288094
2-Independent Cylindrical Mixture,indcylmix,ari,in sample,with noise,3d-high-weak,3,high,weak,2,0,0.3734497000000001,0.00803103921159534
2-Independent Cylindrical Mixture,indcylmix,ari,in sample,with noise,3d-low-ind,3,low,ind,2,0,0.0324666,0.004820605649530237
2-Independent Cylindrical Mixture,indcylmix,ari,in sample,with noise,3d-low-strong,3,low,strong,2,0,0.000175,0.0003197679082577161
2-Independent Cylindrical Mixture,indcylmix,ari,in sample,with noise,3d-low-weak,3,low,weak,2,0,0.0011125,0.001011466956474804
2-Independent Cylindrical Mixture,indcylmix,ari,out of sample,no noise,2d-high-ind,2,high,ind,2,0,0.3305635,0.01351565006639235
2-Independent Cylindrical Mixture,indcylmix,ari,out of sample,no noise,2d-high-strong,2,high,strong,2,0,0.0032355,0.002684879989041513
2-Independent Cylindrical Mixture,indcylmix,ari,out of sample,no noise,2d-high-weak,2,high,weak,2,0,0.3449202,0.01580642082678857
2-Independent Cylindrical Mixture,indcylmix,ari,out of sample,no noise,2d-low-ind,2,low,ind,2,0,0.0249515,0.008807691241182332
2-Independent Cylindrical Mixture,indcylmix,ari,out of sample,no noise,2d-low-strong,2,low,strong,2,0,4.45e-05,0.0007213740746350366
2-Independent Cylindrical Mixture,indcylmix,ari,out of sample,no noise,2d-low-weak,2,low,weak,2,0,0.0001663,0.0007777845447036074
2-Independent Cylindrical Mixture,indcylmix,ari,out of sample,no noise,3d-high-ind,3,high,ind,2,0,0.3591824,0.01479351148512774
2-Independent Cylindrical Mixture,indcylmix,ari,out of sample,no noise,3d-high-strong,3,high,strong,2,0,0.0005281,0.001007919845097523
2-Independent Cylindrical Mixture,indcylmix,ari,out of sample,no noise,3d-high-weak,3,high,weak,2,0,0.3789144,0.0148933201296705
2-Independent Cylindrical Mixture,indcylmix,ari,out of sample,no noise,3d-low-ind,3,low,ind,2,0,0.0340676,0.007261849406871559
2-Independent Cylindrical Mixture,indcylmix,ari,out of sample,no noise,3d-low-strong,3,low,strong,2,0,0.0001904,0.0007902830588664503
2-Independent Cylindrical Mixture,indcylmix,ari,out of sample,no noise,3d-low-weak,3,low,weak,2,0,0.0006544999999999999,0.001229494743068194
2-Independent Cylindrical Mixture,indcylmix,ari,out of sample,with noise,2d-high-ind,2,high,ind,2,0,0.3242726,0.0139843619457701
2-Independent Cylindrical Mixture,indcylmix,ari,out of sample,with noise,2d-high-strong,2,high,strong,2,0,0.0029736,0.002806623306366279
2-Independent Cylindrical Mixture,indcylmix,ari,out of sample,with noise,2d-high-weak,2,high,weak,2,0,0.3386623,0.01488088617806226
2-Independent Cylindrical Mixture,indcylmix,ari,out of sample,with noise,2d-low-ind,2,low,ind,2,0,0.025886,0.008480637840505756
2-Independent Cylindrical Mixture,indcylmix,ari,out of sample,with noise,2d-low-strong,2,low,strong,2,0,7.14e-05,0.0007236454011922323
2-Independent Cylindrical Mixture,indcylmix,ari,out of sample,with noise,2d-low-weak,2,low,weak,2,0,0.0001163,0.0007197343154584785
2-Independent Cylindrical Mixture,indcylmix,ari,out of sample,with noise,3d-high-ind,3,high,ind,2,0,0.3554191,0.01436036204876872
2-Independent Cylindrical Mixture,indcylmix,ari,out of sample,with noise,3d-high-strong,3,high,strong,2,0,0.0005308,0.001017435556244773
2-Independent Cylindrical Mixture,indcylmix,ari,out of sample,with noise,3d-high-weak,3,high,weak,2,0,0.3748426,0.0151296478371695
2-Independent Cylindrical Mixture,indcylmix,ari,out of sample,with noise,3d-low-ind,3,low,ind,2,0,0.0329053,0.007378460524192747
2-Independent Cylindrical Mixture,indcylmix,ari,out of sample,with noise,3d-low-strong,3,low,strong,2,0,0.0001863,0.0007300776975394087
2-Independent Cylindrical Mixture,indcylmix,ari,out of sample,with noise,3d-low-weak,3,low,weak,2,0,0.0008502,0.001425438426264252
2-Independent Cylindrical Mixture,indcylmix,avg_ll,in sample,no noise,2d-high-ind,2,high,ind,2,0,-3.8678787,0.01412730157560455
2-Independent Cylindrical Mixture,indcylmix,avg_ll,in sample,no noise,2d-high-strong,2,high,strong,2,0,-3.8991842,0.01416905906216323
2-Independent Cylindrical Mixture,indcylmix,avg_ll,in sample,no noise,2d-high-weak,2,high,weak,2,0,-3.904900599999999,0.01403946535716914
2-Independent Cylindrical Mixture,indcylmix,avg_ll,in sample,no noise,2d-low-ind,2,low,ind,2,0,-3.4311717,0.01489169961028047
2-Independent Cylindrical Mixture,indcylmix,avg_ll,in sample,no noise,2d-low-strong,2,low,strong,2,0,-3.2201642,0.0177806129344078
2-Independent Cylindrical Mixture,indcylmix,avg_ll,in sample,no noise,2d-low-weak,2,low,weak,2,0,-3.4142579,0.01498549010634198
2-Independent Cylindrical Mixture,indcylmix,avg_ll,in sample,no noise,3d-high-ind,3,high,ind,2,0,-5.6007877,0.0153056895643551
2-Independent Cylindrical Mixture,indcylmix,avg_ll,in sample,no noise,3d-high-strong,3,high,strong,2,0,-5.6149298,0.01882818304370525
2-Independent Cylindrical Mixture,indcylmix,avg_ll,in sample,no noise,3d-high-weak,3,high,weak,2,0,-5.644312,0.01539963071838509
2-Independent Cylindrical Mixture,indcylmix,avg_ll,in sample,no noise,3d-low-ind,3,low,ind,2,0,-5.0775896,0.01600373245101391
2-Independent Cylindrical Mixture,indcylmix,avg_ll,in sample,no noise,3d-low-strong,3,low,strong,2,0,-4.8655158,0.02011402441435861
2-Independent Cylindrical Mixture,indcylmix,avg_ll,in sample,no noise,3d-low-weak,3,low,weak,2,0,-5.0577515,0.01660992209098784
2-Independent Cylindrical Mixture,indcylmix,avg_ll,in sample,with noise,2d-high-ind,2,high,ind,2,0,-3.9020015,0.0141056581078858
2-Independent Cylindrical Mixture,indcylmix,avg_ll,in sample,with noise,2d-high-strong,2,high,strong,2,0,-3.9329317,0.01448147057484515
2-Independent Cylindrical Mixture,indcylmix,avg_ll,in sample,with noise,2d-high-weak,2,high,weak,2,0,-3.9383101,0.01424627489818822
2-Independent Cylindrical Mixture,indcylmix,avg_ll,in sample,with noise,2d-low-ind,2,low,ind,2,0,-3.4624345,0.01487614607247781
2-Independent Cylindrical Mixture,indcylmix,avg_ll,in sample,with noise,2d-low-strong,2,low,strong,2,0,-3.2606496,0.01833600514525642
2-Independent Cylindrical Mixture,indcylmix,avg_ll,in sample,with noise,2d-low-weak,2,low,weak,2,0,-3.4465422,0.0152078844901803
2-Independent Cylindrical Mixture,indcylmix,avg_ll,in sample,with noise,3d-high-ind,3,high,ind,2,0,-5.6631244,0.01563775148010528
2-Independent Cylindrical Mixture,indcylmix,avg_ll,in sample,with noise,3d-high-strong,3,high,strong,2,0,-5.678007300000001,0.01952672081967925
2-Independent Cylindrical Mixture,indcylmix,avg_ll,in sample,with noise,3d-high-weak,3,high,weak,2,0,-5.705416,0.01590448631199657
2-Independent Cylindrical Mixture,indcylmix,avg_ll,in sample,with noise,3d-low-ind,3,low,ind,2,0,-5.1306426,0.0164550281910325
2-Independent Cylindrical Mixture,indcylmix,avg_ll,in sample,with noise,3d-low-strong,3,low,strong,2,0,-4.928101,0.02060972509974029
2-Independent Cylindrical Mixture,indcylmix,avg_ll,in sample,with noise,3d-low-weak,3,low,weak,2,0,-5.1117656,0.01691857901237517
2-Independent Cylindrical Mixture,indcylmix,avg_ll,out of sample,no noise,2d-high-ind,2,high,ind,2,0,-3.8740699,0.02417999162405548
2-Independent Cylindrical Mixture,indcylmix,avg_ll,out of sample,no noise,2d-high-strong,2,high,strong,2,0,-3.9001047,0.02444305790417949
2-Independent Cylindrical Mixture,indcylmix,avg_ll,out of sample,no noise,2d-high-weak,2,high,weak,2,0,-3.9077703,0.02688080068308303
2-Independent Cylindrical Mixture,indcylmix,avg_ll,out of sample,no noise,2d-low-ind,2,low,ind,2,0,-3.4349892,0.02609844233441587
2-Independent Cylindrical Mixture,indcylmix,avg_ll,out of sample,no noise,2d-low-strong,2,low,strong,2,0,-3.2180679,0.02969437760253648
2-Independent Cylindrical Mixture,indcylmix,avg_ll,out of sample,no noise,2d-low-weak,2,low,weak,2,0,-3.4176561,0.02842705976812597
2-Independent Cylindrical Mixture,indcylmix,avg_ll,out of sample,no noise,3d-high-ind,3,high,ind,2,0,-5.6021204,0.0368668716340403
2-Independent Cylindrical Mixture,indcylmix,avg_ll,out of sample,no noise,3d-high-strong,3,high,strong,2,0,-5.6141353,0.03860573667150389
2-Independent Cylindrical Mixture,indcylmix,avg_ll,out of sample,no noise,3d-high-weak,3,high,weak,2,0,-5.646304199999999,0.03725237133472981
2-Independent Cylindrical Mixture,indcylmix,avg_ll,out of sample,no noise,3d-low-ind,3,low,ind,2,0,-5.0773511,0.03887341588301885
2-Independent Cylindrical Mixture,indcylmix,avg_ll,out of sample,no noise,3d-low-strong,3,low,strong,2,0,-4.8624259,0.04542831180357924
2-Independent Cylindrical Mixture,indcylmix,avg_ll,out of sample,no noise,3d-low-weak,3,low,weak,2,0,-5.0577117,0.04090597914002358
2-Independent Cylindrical Mixture,indcylmix,avg_ll,out of sample,with noise,2d-high-ind,2,high,ind,2,0,-3.9086046,0.02373909614321843
2-Independent Cylindrical Mixture,indcylmix,avg_ll,out of sample,with noise,2d-high-strong,2,high,strong,2,0,-3.9334894,0.02455509866287314
2-Independent Cylindrical Mixture,indcylmix,avg_ll,out of sample,with noise,2d-high-weak,2,high,weak,2,0,-3.9409958,0.02695053115722523
2-Independent Cylindrical Mixture,indcylmix,avg_ll,out of sample,with noise,2d-low-ind,2,low,ind,2,0,-3.4668362,0.02618110903423732
2-Independent Cylindrical Mixture,indcylmix,avg_ll,out of sample,with noise,2d-low-strong,2,low,strong,2,0,-3.2578543,0.02997626479433689
2-Independent Cylindrical Mixture,indcylmix,avg_ll,out of sample,with noise,2d-low-weak,2,low,weak,2,0,-3.4498892,0.0282363642850916
2-Independent Cylindrical Mixture,indcylmix,avg_ll,out of sample,with noise,3d-high-ind,3,high,ind,2,0,-5.6650101,0.03626686916429076
2-Independent Cylindrical Mixture,indcylmix,avg_ll,out of sample,with noise,3d-high-strong,3,high,strong,2,0,-5.676503,0.03797817109601256
2-Independent Cylindrical Mixture,indcylmix,avg_ll,out of sample,with noise,3d-high-weak,3,high,weak,2,0,-5.7079341,0.03648492859158883
2-Independent Cylindrical Mixture,indcylmix,avg_ll,out of sample,with noise,3d-low-ind,3,low,ind,2,0,-5.130914900000001,0.03810214608592991
2-Independent Cylindrical Mixture,indcylmix,avg_ll,out of sample,with noise,3d-low-strong,3,low,strong,2,0,-4.9245783,0.04486088260377721
2-Independent Cylindrical Mixture,indcylmix,avg_ll,out of sample,with noise,3d-low-weak,3,low,weak,2,0,-5.1118912,0.04039790021745925
2-Independent Cylindrical Mixture,indcylmix,bic,in sample,no noise,2d-high-ind,2,high,ind,2,0,62020.8663712,226.0320021651982
2-Independent Cylindrical Mixture,indcylmix,bic,in sample,no noise,2d-high-strong,2,high,strong,2,0,62521.7628673,226.6999633581822
2-Independent Cylindrical Mixture,indcylmix,bic,in sample,no noise,2d-high-weak,2,high,weak,2,0,62613.2175757,224.6311694308374
2-Independent Cylindrical Mixture,indcylmix,bic,in sample,no noise,2d-low-ind,2,low,ind,2,0,55033.5535968,238.2664370246811
2-Independent Cylindrical Mixture,indcylmix,bic,in sample,no noise,2d-low-strong,2,low,strong,2,0,51657.4360356,284.4965296839458
2-Independent Cylindrical Mixture,indcylmix,bic,in sample,no noise,2d-low-weak,2,low,weak,2,0,54762.937183,239.7641505249478
2-Independent Cylindrical Mixture,indcylmix,bic,in sample,no noise,3d-high-ind,3,high,ind,2,0,89837.2924732,244.8881199029708
2-Independent Cylindrical Mixture,indcylmix,bic,in sample,no noise,3d-high-strong,3,high,strong,2,0,90063.5520705,301.2515810134024
2-Independent Cylindrical Mixture,indcylmix,bic,in sample,no noise,3d-high-weak,3,high,weak,2,0,90533.67160529998,246.3932992804793
2-Independent Cylindrical Mixture,indcylmix,bic,in sample,no noise,3d-low-ind,3,low,ind,2,0,81466.1197223,256.0565215941179
2-Independent Cylindrical Mixture,indcylmix,bic,in sample,no noise,3d-low-strong,3,low,strong,2,0,78072.9344343,321.8262119041581
2-Independent Cylindrical Mixture,indcylmix,bic,in sample,no noise,3d-low-weak,3,low,weak,2,0,81148.7050961,265.7550684767198
2-Independent Cylindrical Mixture,indcylmix,bic,in sample,with noise,2d-high-ind,2,high,ind,2,0,62566.8260518,225.6902598488292
2-Independent Cylindrical Mixture,indcylmix,bic,in sample,with noise,2d-high-strong,2,high,strong,2,0,63061.7186278,231.7041571623961
2-Independent Cylindrical Mixture,indcylmix,bic,in sample,with noise,2d-high-weak,2,high,weak,2,0,63147.7734505,227.9440039561961
2-Independent Cylindrical Mixture,indcylmix,bic,in sample,with noise,2d-low-ind,2,low,ind,2,0,55533.7531408,238.0164688355002
2-Independent Cylindrical Mixture,indcylmix,bic,in sample,with noise,2d-low-strong,2,low,strong,2,0,52305.2044979,293.3812678811635
2-Independent Cylindrical Mixture,indcylmix,bic,in sample,with noise,2d-low-weak,2,low,weak,2,0,55279.4928423,243.3276337870525
2-Independent Cylindrical Mixture,indcylmix,bic,in sample,with noise,3d-high-ind,3,high,ind,2,0,90834.675121,250.2124801695151
2-Independent Cylindrical Mixture,indcylmix,bic,in sample,with noise,3d-high-strong,3,high,strong,2,0,91072.8055663,312.4298813157561
2-Independent Cylindrical Mixture,indcylmix,bic,in sample,with noise,3d-high-weak,3,high,weak,2,0,91511.34976810002,254.4682027790284
2-Independent Cylindrical Mixture,indcylmix,bic,in sample,with noise,3d-low-ind,3,low,ind,2,0,82314.96616340001,263.2823043253557
2-Independent Cylindrical Mixture,indcylmix,bic,in sample,with noise,3d-low-strong,3,low,strong,2,0,79074.2885752,329.7611342268366
2-Independent Cylindrical Mixture,indcylmix,bic,in sample,with noise,3d-low-weak,3,low,weak,2,0,82012.93197979999,270.6970236189957
2-Independent Cylindrical Mixture,indcylmix,bic,out of sample,no noise,2d-high-ind,2,high,ind,2,0,15610.2946598,96.71733434240967
2-Independent Cylindrical Mixture,indcylmix,bic,out of sample,no noise,2d-high-strong,2,high,strong,2,0,15714.4300746,97.77405097694991
2-Independent Cylindrical Mixture,indcylmix,bic,out of sample,no noise,2d-high-weak,2,high,weak,2,0,15745.0956697,107.5225256913943
2-Independent Cylindrical Mixture,indcylmix,bic,out of sample,no noise,2d-low-ind,2,low,ind,2,0,13853.9700358,104.3959662186355
2-Independent Cylindrical Mixture,indcylmix,bic,out of sample,no noise,2d-low-strong,2,low,strong,2,0,12986.2853461,118.7759534388953
2-Independent Cylindrical Mixture,indcylmix,bic,out of sample,no noise,2d-low-weak,2,low,weak,2,0,13784.6366786,113.7079962624849
2-Independent Cylindrical Mixture,indcylmix,bic,out of sample,no noise,3d-high-ind,3,high,ind,2,0,22598.5034592,147.4687557943392
2-Independent Cylindrical Mixture,indcylmix,bic,out of sample,no noise,3d-high-strong,3,high,strong,2,0,22646.5637919,154.4227334209815
2-Independent Cylindrical Mixture,indcylmix,bic,out of sample,no noise,3d-high-weak,3,high,weak,2,0,22775.238737,149.0100168359758
2-Independent Cylindrical Mixture,indcylmix,bic,out of sample,no noise,3d-low-ind,3,low,ind,2,0,20499.4275932,155.4962258577908
2-Independent Cylindrical Mixture,indcylmix,bic,out of sample,no noise,3d-low-strong,3,low,strong,2,0,19639.7249401,181.7147372641707
2-Independent Cylindrical Mixture,indcylmix,bic,out of sample,no noise,3d-low-weak,3,low,weak,2,0,20420.8712645,163.6251323264665
2-Independent Cylindrical Mixture,indcylmix,bic,out of sample,with noise,2d-high-ind,2,high,ind,2,0,15748.4307805,94.95522138833766
2-Independent Cylindrical Mixture,indcylmix,bic,out of sample,with noise,2d-high-strong,2,high,strong,2,0,15847.9699677,98.22000520723113
2-Independent Cylindrical Mixture,indcylmix,bic,out of sample,with noise,2d-high-weak,2,high,weak,2,0,15877.9959104,107.8016067972195
2-Independent Cylindrical Mixture,indcylmix,bic,out of sample,with noise,2d-low-ind,2,low,ind,2,0,13981.3596134,104.7230257971992
2-Independent Cylindrical Mixture,indcylmix,bic,out of sample,with noise,2d-low-strong,2,low,strong,2,0,13145.4307871,119.9070467977658
2-Independent Cylindrical Mixture,indcylmix,bic,out of sample,with noise,2d-low-weak,2,low,weak,2,0,13913.5702203,112.9440841366824
2-Independent Cylindrical Mixture,indcylmix,bic,out of sample,with noise,3d-high-ind,3,high,ind,2,0,22850.0613626,145.0670886055274
2-Independent Cylindrical Mixture,indcylmix,bic,out of sample,with noise,3d-high-strong,3,high,strong,2,0,22896.0347666,151.912448716866
2-Independent Cylindrical Mixture,indcylmix,bic,out of sample,with noise,3d-high-weak,3,high,weak,2,0,23021.7603337,145.9392745211909
2-Independent Cylindrical Mixture,indcylmix,bic,out of sample,with noise,3d-low-ind,3,low,ind,2,0,20713.6820647,152.409978108478
2-Independent Cylindrical Mixture,indcylmix,bic,out of sample,with noise,3d-low-strong,3,low,strong,2,0,19888.3352456,179.4440952537609
2-Independent Cylindrical Mixture,indcylmix,bic,out of sample,with noise,3d-low-weak,3,low,weak,2,0,20637.5877879,161.592814332323
2-Independent Cylindrical Mixture,indcylmix,em_iters,training,no noise,2d-high-ind,2,high,ind,2,0,16.91,1.025877303786492
2-Independent Cylindrical Mixture,indcylmix,em_iters,training,no noise,2d-high-strong,2,high,strong,2,0,34.04,3.987151080329631
2-Independent Cylindrical Mixture,indcylmix,em_iters,training,no noise,2d-high-weak,2,high,weak,2,0,29.62,1.983670712328409
2-Independent Cylindrical Mixture,indcylmix,em_iters,training,no noise,2d-low-ind,2,low,ind,2,0,23.57,2.128474580633754
2-Independent Cylindrical Mixture,indcylmix,em_iters,training,no noise,2d-low-strong,2,low,strong,2,0,6.0,0.0
2-Independent Cylindrical Mixture,indcylmix,em_iters,training,no noise,2d-low-weak,2,low,weak,2,0,17.37,1.404574057438156
2-Independent Cylindrical Mixture,indcylmix,em_iters,training,no noise,3d-high-ind,3,high,ind,2,0,11.61,0.723278171336114
2-Independent Cylindrical Mixture,indcylmix,em_iters,training,no noise,3d-high-strong,3,high,strong,2,0,13.5,2.35058557071478
2-Independent Cylindrical Mixture,indcylmix,em_iters,training,no noise,3d-high-weak,3,high,weak,2,0,20.63,1.983034100166772
2-Independent Cylindrical Mixture,indcylmix,em_iters,training,no noise,3d-low-ind,3,low,ind,2,0,10.73,1.117853281784314
2-Independent Cylindrical Mixture,indcylmix,em_iters,training,no noise,3d-low-strong,3,low,strong,2,0,6.01,0.09999999999999994
2-Independent Cylindrical Mixture,indcylmix,em_iters,training,no noise,3d-low-weak,3,low,weak,2,0,12.1,1.410637795431198
2-Independent Cylindrical Mixture,indcylmix,em_iters,training,with noise,2d-high-ind,2,high,ind,2,0,17.46,1.058109616058732
2-Independent Cylindrical Mixture,indcylmix,em_iters,training,with noise,2d-high-strong,2,high,strong,2,0,34.92,4.29864907132274
2-Independent Cylindrical Mixture,indcylmix,em_iters,training,with noise,2d-high-weak,2,high,weak,2,0,30.75,2.14793770012921
2-Independent Cylindrical Mixture,indcylmix,em_iters,training,with noise,2d-low-ind,2,low,ind,2,0,23.3,2.13437474581095
2-Independent Cylindrical Mixture,indcylmix,em_iters,training,with noise,2d-low-strong,2,low,strong,2,0,6.0,0.0
2-Independent Cylindrical Mixture,indcylmix,em_iters,training,with noise,2d-low-weak,2,low,weak,2,0,17.44,1.451714416638048
2-Independent Cylindrical Mixture,indcylmix,em_iters,training,with noise,3d-high-ind,3,high,ind,2,0,11.89,0.7232781713361139
2-Independent Cylindrical Mixture,indcylmix,em_iters,training,with noise,3d-high-strong,3,high,strong,2,0,14.13,2.53323365035141
2-Independent Cylindrical Mixture,indcylmix,em_iters,training,with noise,3d-high-weak,3,high,weak,2,0,21.25,2.189852630990164
2-Independent Cylindrical Mixture,indcylmix,em_iters,training,with noise,3d-low-ind,3,low,ind,2,0,10.55,1.008799666770746
2-Independent Cylindrical Mixture,indcylmix,em_iters,training,with noise,3d-low-strong,3,low,strong,2,0,6.01,0.09999999999999991
2-Independent Cylindrical Mixture,indcylmix,em_iters,training,with noise,3d-low-weak,3,low,weak,2,0,12.03,1.306201215801614
2-Independent Cylindrical Mixture,indcylmix,gmpd,in sample,no noise,2d-high-ind,2,high,ind,2,0,0.0209047,0.0002951645834329233
2-Independent Cylindrical Mixture,indcylmix,gmpd,in sample,no noise,2d-high-strong,2,high,strong,2,0,0.0202608,0.0002864822521694515
2-Independent Cylindrical Mixture,indcylmix,gmpd,in sample,no noise,2d-high-weak,2,high,weak,2,0,0.0201451,0.0002817065419147658
2-Independent Cylindrical Mixture,indcylmix,gmpd,in sample,no noise,2d-low-ind,2,low,ind,2,0,0.0323525,0.0004809762273887685
2-Independent Cylindrical Mixture,indcylmix,gmpd,in sample,no noise,2d-low-strong,2,low,strong,2,0,0.0399545,0.0007106070459384512
2-Independent Cylindrical Mixture,indcylmix,gmpd,in sample,no noise,2d-low-weak,2,low,weak,2,0,0.0329041,0.0004920768089014012
2-Independent Cylindrical Mixture,indcylmix,gmpd,in sample,no noise,3d-high-ind,3,high,ind,2,0,0.0036955,5.686018649354579e-05
2-Independent Cylindrical Mixture,indcylmix,gmpd,in sample,no noise,3d-high-strong,3,high,strong,2,0,0.0036436,6.867460972005613e-05
2-Independent Cylindrical Mixture,indcylmix,gmpd,in sample,no noise,3d-high-weak,3,high,weak,2,0,0.0035383,5.445886224268435e-05
2-Independent Cylindrical Mixture,indcylmix,gmpd,in sample,no noise,3d-low-ind,3,low,ind,2,0,0.0062356,9.986172257859175e-05
2-Independent Cylindrical Mixture,indcylmix,gmpd,in sample,no noise,3d-low-strong,3,low,strong,2,0,0.007709700000000001,0.0001551893922752049
2-Independent Cylindrical Mixture,indcylmix,gmpd,in sample,no noise,3d-low-weak,3,low,weak,2,0,0.0063615,0.0001062052044607299
2-Independent Cylindrical Mixture,indcylmix,gmpd,in sample,with noise,2d-high-ind,2,high,ind,2,0,0.0202036,0.0002846423238474079
2-Independent Cylindrical Mixture,indcylmix,gmpd,in sample,with noise,2d-high-strong,2,high,strong,2,0,0.0195881,0.0002830344055896302
2-Independent Cylindrical Mixture,indcylmix,gmpd,in sample,with noise,2d-high-weak,2,high,weak,2,0,0.0194825,0.0002774573404283542
2-Independent Cylindrical Mixture,indcylmix,gmpd,in sample,with noise,2d-low-ind,2,low,ind,2,0,0.0313567,0.00046508618729883
2-Independent Cylindrical Mixture,indcylmix,gmpd,in sample,with noise,2d-low-strong,2,low,strong,2,0,0.0383699,0.000704553006802142
2-Independent Cylindrical Mixture,indcylmix,gmpd,in sample,with noise,2d-low-weak,2,low,weak,2,0,0.0318591,0.0004837795119283331
2-Independent Cylindrical Mixture,indcylmix,gmpd,in sample,with noise,3d-high-ind,3,high,ind,2,0,0.0034724,5.477446872624537e-05
2-Independent Cylindrical Mixture,indcylmix,gmpd,in sample,with noise,3d-high-strong,3,high,strong,2,0,0.0034213,6.688834356635322e-05
2-Independent Cylindrical Mixture,indcylmix,gmpd,in sample,with noise,3d-high-weak,3,high,weak,2,0,0.0033287,5.208103631298392e-05
2-Independent Cylindrical Mixture,indcylmix,gmpd,in sample,with noise,3d-low-ind,3,low,ind,2,0,0.0059136,9.760278187789028e-05
2-Independent Cylindrical Mixture,indcylmix,gmpd,in sample,with noise,3d-low-strong,3,low,strong,2,0,0.0072416,0.0001485602282380497
2-Independent Cylindrical Mixture,indcylmix,gmpd,in sample,with noise,3d-low-weak,3,low,weak,2,0,0.0060268,0.0001028766055019115
2-Independent Cylindrical Mixture,indcylmix,gmpd,out of sample,no noise,2d-high-ind,2,high,ind,2,0,0.0207798,0.0005034486723158237
2-Independent Cylindrical Mixture,indcylmix,gmpd,out of sample,no noise,2d-high-strong,2,high,strong,2,0,0.0202459,0.0004950953280312627
2-Independent Cylindrical Mixture,indcylmix,gmpd,out of sample,no noise,2d-high-weak,2,high,weak,2,0,0.0200925,0.0005427415907625231
2-Independent Cylindrical Mixture,indcylmix,gmpd,out of sample,no noise,2d-low-ind,2,low,ind,2,0,0.0322368,0.0008452563773402385
2-Independent Cylindrical Mixture,indcylmix,gmpd,out of sample,no noise,2d-low-strong,2,low,strong,2,0,0.0400502,0.001190405227668547
2-Independent Cylindrical Mixture,indcylmix,gmpd,out of sample,no noise,2d-low-weak,2,low,weak,2,0,0.0328022,0.0009377262205177285
2-Independent Cylindrical Mixture,indcylmix,gmpd,out of sample,no noise,3d-high-ind,3,high,ind,2,0,0.0036921,0.0001364062189405475
2-Independent Cylindrical Mixture,indcylmix,gmpd,out of sample,no noise,3d-high-strong,3,high,strong,2,0,0.0036487,0.0001413831744593466
2-Independent Cylindrical Mixture,indcylmix,gmpd,out of sample,no noise,3d-high-weak,3,high,weak,2,0,0.0035332,0.0001326336185424977
2-Independent Cylindrical Mixture,indcylmix,gmpd,out of sample,no noise,3d-low-ind,3,low,ind,2,0,0.0062414,0.0002429408208273005
2-Independent Cylindrical Mixture,indcylmix,gmpd,out of sample,no noise,3d-low-strong,3,low,strong,2,0,0.0077396,0.0003542239205059222
2-Independent Cylindrical Mixture,indcylmix,gmpd,out of sample,no noise,3d-low-weak,3,low,weak,2,0,0.0063648,0.0002610564395805333
2-Independent Cylindrical Mixture,indcylmix,gmpd,out of sample,with noise,2d-high-ind,2,high,ind,2,0,0.0200742,0.0004779103926829207
2-Independent Cylindrical Mixture,indcylmix,gmpd,out of sample,with noise,2d-high-strong,2,high,strong,2,0,0.0195811,0.0004814726882128924
2-Independent Cylindrical Mixture,indcylmix,gmpd,out of sample,with noise,2d-high-weak,2,high,weak,2,0,0.019436,0.0005264537352451162
2-Independent Cylindrical Mixture,indcylmix,gmpd,out of sample,with noise,2d-low-ind,2,low,ind,2,0,0.0312266,0.0008215214021201238
2-Independent Cylindrical Mixture,indcylmix,gmpd,out of sample,with noise,2d-low-strong,2,low,strong,2,0,0.0384879,0.001153568284879048
2-Independent Cylindrical Mixture,indcylmix,gmpd,out of sample,with noise,2d-low-weak,2,low,weak,2,0,0.0317623,0.000899661951103093
2-Independent Cylindrical Mixture,indcylmix,gmpd,out of sample,with noise,3d-high-ind,3,high,ind,2,0,0.0034673,0.0001262501525151594
2-Independent Cylindrical Mixture,indcylmix,gmpd,out of sample,with noise,3d-high-strong,3,high,strong,2,0,0.0034284,0.0001308767636852595
2-Independent Cylindrical Mixture,indcylmix,gmpd,out of sample,with noise,3d-high-weak,3,high,weak,2,0,0.0033221,0.0001218402249014684
2-Independent Cylindrical Mixture,indcylmix,gmpd,out of sample,with noise,3d-low-ind,3,low,ind,2,0,0.0059157,0.0002260117767558212
2-Independent Cylindrical Mixture,indcylmix,gmpd,out of sample,with noise,3d-low-strong,3,low,strong,2,0,0.0072736,0.0003294639662398683
2-Independent Cylindrical Mixture,indcylmix,gmpd,out of sample,with noise,3d-low-weak,3,low,weak,2,0,0.0060296,0.0002444739559779632
2-Independent Cylindrical Mixture,indcylmix,training_time,training,no noise,2d-high-ind,2,high,ind,2,0,294.4068,16.04321392018722
2-Independent Cylindrical Mixture,indcylmix,training_time,training,no noise,2d-high-strong,2,high,strong,2,0,378.4152,37.5982208229393
2-Independent Cylindrical Mixture,indcylmix,training_time,training,no noise,2d-high-weak,2,high,weak,2,0,363.6867,27.80085170757665
2-Independent Cylindrical Mixture,indcylmix,training_time,training,no noise,2d-low-ind,2,low,ind,2,0,330.8341,24.67435617634576
2-Independent Cylindrical Mixture,indcylmix,training_time,training,no noise,2d-low-strong,2,low,strong,2,0,245.5681,19.90823481691063
2-Independent Cylindrical Mixture,indcylmix,training_time,training,no noise,2d-low-weak,2,low,weak,2,0,302.6945,25.10267664005075
2-Independent Cylindrical Mixture,indcylmix,training_time,training,no noise,3d-high-ind,3,high,ind,2,0,297.0915,21.39636528063172
2-Independent Cylindrical Mixture,indcylmix,training_time,training,no noise,3d-high-strong,3,high,strong,2,0,307.6256,21.19932171203845
2-Independent Cylindrical Mixture,indcylmix,training_time,training,no noise,3d-high-weak,3,high,weak,2,0,345.0199,25.85566368195455
2-Independent Cylindrical Mixture,indcylmix,training_time,training,no noise,3d-low-ind,3,low,ind,2,0,296.5716,19.57064312079745
2-Independent Cylindrical Mixture,indcylmix,training_time,training,no noise,3d-low-strong,3,low,strong,2,0,276.8393,35.79870663131209
2-Independent Cylindrical Mixture,indcylmix,training_time,training,no noise,3d-low-weak,3,low,weak,2,0,300.4614,16.6394397013769
2-Independent Cylindrical Mixture,indcylmix,training_time,training,with noise,2d-high-ind,2,high,ind,2,0,298.3283,18.81503176487171
2-Independent Cylindrical Mixture,indcylmix,training_time,training,with noise,2d-high-strong,2,high,strong,2,0,386.8733,48.11459242424812
2-Independent Cylindrical Mixture,indcylmix,training_time,training,with noise,2d-high-weak,2,high,weak,2,0,371.2944,34.02255640131718
2-Independent Cylindrical Mixture,indcylmix,training_time,training,with noise,2d-low-ind,2,low,ind,2,0,328.3187,20.93722269673143
2-Independent Cylindrical Mixture,indcylmix,training_time,training,with noise,2d-low-strong,2,low,strong,2,0,242.5029,18.74816604067953
2-Independent Cylindrical Mixture,indcylmix,training_time,training,with noise,2d-low-weak,2,low,weak,2,0,298.701,20.34661476322862
2-Independent Cylindrical Mixture,indcylmix,training_time,training,with noise,3d-high-ind,3,high,ind,2,0,298.0631,21.00616233274167
2-Independent Cylindrical Mixture,indcylmix,training_time,training,with noise,3d-high-strong,3,high,strong,2,0,320.0914,71.97560863531649
2-Independent Cylindrical Mixture,indcylmix,training_time,training,with noise,3d-high-weak,3,high,weak,2,0,350.4937,21.57122787488704
2-Independent Cylindrical Mixture,indcylmix,training_time,training,with noise,3d-low-ind,3,low,ind,2,0,294.155,20.66567932636627
2-Independent Cylindrical Mixture,indcylmix,training_time,training,with noise,3d-low-strong,3,low,strong,2,0,271.395,22.34864886431854
2-Independent Cylindrical Mixture,indcylmix,training_time,training,with noise,3d-low-weak,3,low,weak,2,0,298.1462,20.48508621244523
3-Cylindrical Mixture,cylmix,aic,in sample,no noise,2d-high-ind,2,high,ind,3,0,61887.1842465,225.7898045261998
3-Cylindrical Mixture,cylmix,aic,in sample,no noise,2d-high-strong,2,high,strong,3,0,59086.0003205,330.1968197938232
3-Cylindrical Mixture,cylmix,aic,in sample,no noise,2d-high-weak,2,high,weak,3,0,62330.2859557,224.2112586751908
3-Cylindrical Mixture,cylmix,aic,in sample,no noise,2d-low-ind,2,low,ind,3,0,54945.7313293,237.8767706332697
3-Cylindrical Mixture,cylmix,aic,in sample,no noise,2d-low-strong,2,low,strong,3,0,47103.5505957,258.7440049211669
3-Cylindrical Mixture,cylmix,aic,in sample,no noise,2d-low-weak,2,low,weak,3,0,54426.7200244,235.3643795311669
3-Cylindrical Mixture,cylmix,aic,in sample,no noise,3d-high-ind,3,high,ind,3,0,89549.7063397,244.0814643469651
3-Cylindrical Mixture,cylmix,aic,in sample,no noise,3d-high-strong,3,high,strong,3,0,82092.9703525,787.3818851315292
3-Cylindrical Mixture,cylmix,aic,in sample,no noise,3d-high-weak,3,high,weak,3,0,89613.6254342,242.1564723801399
3-Cylindrical Mixture,cylmix,aic,in sample,no noise,3d-low-ind,3,low,ind,3,0,81279.3880647,255.3753127464853
3-Cylindrical Mixture,cylmix,aic,in sample,no noise,3d-low-strong,3,low,strong,3,0,69169.9997109,288.214340517346
3-Cylindrical Mixture,cylmix,aic,in sample,no noise,3d-low-weak,3,low,weak,3,0,80436.6197395,252.1927192073004
3-Cylindrical Mixture,cylmix,aic,in sample,with noise,2d-high-ind,2,high,ind,3,0,62441.53601169999,225.8355731532055
3-Cylindrical Mixture,cylmix,aic,in sample,with noise,2d-high-strong,2,high,strong,3,0,60290.7974794,294.2915585242517
3-Cylindrical Mixture,cylmix,aic,in sample,with noise,2d-high-weak,2,high,weak,3,0,62878.9806121,224.9312810819525
3-Cylindrical Mixture,cylmix,aic,in sample,with noise,2d-low-ind,2,low,ind,3,0,55448.8220632,237.1910833136513
3-Cylindrical Mixture,cylmix,aic,in sample,with noise,2d-low-strong,2,low,strong,3,0,48161.335271,263.3236799995809
3-Cylindrical Mixture,cylmix,aic,in sample,with noise,2d-low-weak,2,low,weak,3,0,54961.0187229,237.9432416172418
3-Cylindrical Mixture,cylmix,aic,in sample,with noise,3d-high-ind,3,high,ind,3,0,90558.8202912,247.7359152161155
3-Cylindrical Mixture,cylmix,aic,in sample,with noise,3d-high-strong,3,high,strong,3,0,84057.1091821,661.8023657239487
3-Cylindrical Mixture,cylmix,aic,in sample,with noise,3d-high-weak,3,high,weak,3,0,90644.88140520001,250.3851506490758
3-Cylindrical Mixture,cylmix,aic,in sample,with noise,3d-low-ind,3,low,ind,3,0,82138.8542495,264.6038827410101
3-Cylindrical Mixture,cylmix,aic,in sample,with noise,3d-low-strong,3,low,strong,3,0,70954.8669972,303.3684237228446
3-Cylindrical Mixture,cylmix,aic,in sample,with noise,3d-low-weak,3,low,weak,3,0,81345.01455369999,257.0720582000272
3-Cylindrical Mixture,cylmix,aic,out of sample,no noise,2d-high-ind,2,high,ind,3,0,15556.8503024,96.79265494009543
3-Cylindrical Mixture,cylmix,aic,out of sample,no noise,2d-high-strong,2,high,strong,3,0,14841.6792688,113.9219904685046
3-Cylindrical Mixture,cylmix,aic,out of sample,no noise,2d-high-weak,2,high,weak,3,0,15654.8553117,105.2551413128659
3-Cylindrical Mixture,cylmix,aic,out of sample,no noise,2d-low-ind,2,low,ind,3,0,13812.7709809,104.1845877724565
3-Cylindrical Mixture,cylmix,aic,out of sample,no noise,2d-low-strong,2,low,strong,3,0,11839.7265642,98.36226640536508
3-Cylindrical Mixture,cylmix,aic,out of sample,no noise,2d-low-weak,2,low,weak,3,0,13678.9867569,110.3394083322946
3-Cylindrical Mixture,cylmix,aic,out of sample,no noise,3d-high-ind,3,high,ind,3,0,22511.6547082,147.1073316571607
3-Cylindrical Mixture,cylmix,aic,out of sample,no noise,3d-high-strong,3,high,strong,3,0,20632.6881255,253.6930111966314
3-Cylindrical Mixture,cylmix,aic,out of sample,no noise,3d-high-weak,3,high,weak,3,0,22528.4607713,149.1222230972937
3-Cylindrical Mixture,cylmix,aic,out of sample,no noise,3d-low-ind,3,low,ind,3,0,20436.317952,153.6296246403487
3-Cylindrical Mixture,cylmix,aic,out of sample,no noise,3d-low-strong,3,low,strong,3,0,17406.6339214,154.7697168574161
3-Cylindrical Mixture,cylmix,aic,out of sample,no noise,3d-low-weak,3,low,weak,3,0,20228.5263046,163.0088944363112
3-Cylindrical Mixture,cylmix,aic,out of sample,with noise,2d-high-ind,2,high,ind,3,0,15697.3178315,94.95854202562612
3-Cylindrical Mixture,cylmix,aic,out of sample,with noise,2d-high-strong,2,high,strong,3,0,15138.5740283,104.1450304254362
3-Cylindrical Mixture,cylmix,aic,out of sample,with noise,2d-high-weak,2,high,weak,3,0,15791.3892823,106.0127248803822
3-Cylindrical Mixture,cylmix,aic,out of sample,with noise,2d-low-ind,2,low,ind,3,0,13940.9665786,104.8590526038831
3-Cylindrical Mixture,cylmix,aic,out of sample,with noise,2d-low-strong,2,low,strong,3,0,12103.3933981,103.0164682737438
3-Cylindrical Mixture,cylmix,aic,out of sample,with noise,2d-low-weak,2,low,weak,3,0,13811.8478852,110.7415310370602
3-Cylindrical Mixture,cylmix,aic,out of sample,with noise,3d-high-ind,3,high,ind,3,0,22766.099483,144.3226197932143
3-Cylindrical Mixture,cylmix,aic,out of sample,with noise,3d-high-strong,3,high,strong,3,0,21121.4032105,201.8979302569736
3-Cylindrical Mixture,cylmix,aic,out of sample,with noise,3d-high-weak,3,high,weak,3,0,22788.3285785,147.4949695022698
3-Cylindrical Mixture,cylmix,aic,out of sample,with noise,3d-low-ind,3,low,ind,3,0,20653.0190728,150.958000367351
3-Cylindrical Mixture,cylmix,aic,out of sample,with noise,3d-low-strong,3,low,strong,3,0,17847.556541,162.2842550354383
3-Cylindrical Mixture,cylmix,aic,out of sample,with noise,3d-low-weak,3,low,weak,3,0,20455.8986696,162.6423463271225
3-Cylindrical Mixture,cylmix,ari,in sample,no noise,2d-high-ind,2,high,ind,3,0,0.2711474,0.01938335736312641
3-Cylindrical Mixture,cylmix,ari,in sample,no noise,2d-high-strong,2,high,strong,3,0,0.7971934,0.1223576969564435
3-Cylindrical Mixture,cylmix,ari,in sample,no noise,2d-high-weak,2,high,weak,3,0,0.3078049,0.02060529462678381
3-Cylindrical Mixture,cylmix,ari,in sample,no noise,2d-low-ind,2,low,ind,3,0,0.0193062,0.005887519890806864
3-Cylindrical Mixture,cylmix,ari,in sample,no noise,2d-low-strong,2,low,strong,3,0,0.0182142,0.01299876848712285
3-Cylindrical Mixture,cylmix,ari,in sample,no noise,2d-low-weak,2,low,weak,3,0,0.0028097,0.004181526340387387
3-Cylindrical Mixture,cylmix,ari,in sample,no noise,3d-high-ind,3,high,ind,3,0,0.3129842,0.03428608037432018
3-Cylindrical Mixture,cylmix,ari,in sample,no noise,3d-high-strong,3,high,strong,3,0,0.6282694,0.2395056504924637
3-Cylindrical Mixture,cylmix,ari,in sample,no noise,3d-high-weak,3,high,weak,3,0,0.337116,0.04300696809879193
3-Cylindrical Mixture,cylmix,ari,in sample,no noise,3d-low-ind,3,low,ind,3,0,0.0296349,0.005168147489647281
3-Cylindrical Mixture,cylmix,ari,in sample,no noise,3d-low-strong,3,low,strong,3,0,0.0324654,0.02968279739941209
3-Cylindrical Mixture,cylmix,ari,in sample,no noise,3d-low-weak,3,low,weak,3,0,0.0042419,0.002864363308244288
3-Cylindrical Mixture,cylmix,ari,in sample,with noise,2d-high-ind,2,high,ind,3,0,0.2636668,0.02038572811720707
3-Cylindrical Mixture,cylmix,ari,in sample,with noise,2d-high-strong,2,high,strong,3,0,0.7151327999999999,0.1301102453755152
3-Cylindrical Mixture,cylmix,ari,in sample,with noise,2d-high-weak,2,high,weak,3,0,0.299315,0.01979701923793253
3-Cylindrical Mixture,cylmix,ari,in sample,with noise,2d-low-ind,2,low,ind,3,0,0.0195688,0.005851711012838705
3-Cylindrical Mixture,cylmix,ari,in sample,with noise,2d-low-strong,2,low,strong,3,0,0.0124869,0.009543234918892635
3-Cylindrical Mixture,cylmix,ari,in sample,with noise,2d-low-weak,2,low,weak,3,0,0.0032168,0.003836692041092408
3-Cylindrical Mixture,cylmix,ari,in sample,with noise,3d-high-ind,3,high,ind,3,0,0.3080091,0.03238611125485926
3-Cylindrical Mixture,cylmix,ari,in sample,with noise,3d-high-strong,3,high,strong,3,0,0.6357699,0.2245563608247573
3-Cylindrical Mixture,cylmix,ari,in sample,with noise,3d-high-weak,3,high,weak,3,0,0.3266844,0.03871099335727603
3-Cylindrical Mixture,cylmix,ari,in sample,with noise,3d-low-ind,3,low,ind,3,0,0.0293921,0.00505874086921026
3-Cylindrical Mixture,cylmix,ari,in sample,with noise,3d-low-strong,3,low,strong,3,0,0.0216609,0.02433471739920128
3-Cylindrical Mixture,cylmix,ari,in sample,with noise,3d-low-weak,3,low,weak,3,0,0.0041972,0.002650735396340823
3-Cylindrical Mixture,cylmix,ari,out of sample,no noise,2d-high-ind,2,high,ind,3,0,0.2707587,0.02366763854833315
3-Cylindrical Mixture,cylmix,ari,out of sample,no noise,2d-high-strong,2,high,strong,3,0,0.7991826000000001,0.1202895739507482
3-Cylindrical Mixture,cylmix,ari,out of sample,no noise,2d-high-weak,2,high,weak,3,0,0.3077644,0.02360914474939699
3-Cylindrical Mixture,cylmix,ari,out of sample,no noise,2d-low-ind,2,low,ind,3,0,0.0189112,0.007543874802136036
3-Cylindrical Mixture,cylmix,ari,out of sample,no noise,2d-low-strong,2,low,strong,3,0,0.017587,0.01275751555085484
3-Cylindrical Mixture,cylmix,ari,out of sample,no noise,2d-low-weak,2,low,weak,3,0,0.002527,0.003758583576967592
3-Cylindrical Mixture,cylmix,ari,out of sample,no noise,3d-high-ind,3,high,ind,3,0,0.3144008,0.03533740190069028
3-Cylindrical Mixture,cylmix,ari,out of sample,no noise,3d-high-strong,3,high,strong,3,0,0.6317277,0.2397132252069147
3-Cylindrical Mixture,cylmix,ari,out of sample,no noise,3d-high-weak,3,high,weak,3,0,0.341206,0.04728565251038981
3-Cylindrical Mixture,cylmix,ari,out of sample,no noise,3d-low-ind,3,low,ind,3,0,0.0299697,0.006698980693608047
3-Cylindrical Mixture,cylmix,ari,out of sample,no noise,3d-low-strong,3,low,strong,3,0,0.0320461,0.03055476163176104
3-Cylindrical Mixture,cylmix,ari,out of sample,no noise,3d-low-weak,3,low,weak,3,0,0.0038256,0.003376964245465373
3-Cylindrical Mixture,cylmix,ari,out of sample,with noise,2d-high-ind,2,high,ind,3,0,0.2641325,0.02216444761620089
3-Cylindrical Mixture,cylmix,ari,out of sample,with noise,2d-high-strong,2,high,strong,3,0,0.7177212000000001,0.1292384585650991
3-Cylindrical Mixture,cylmix,ari,out of sample,with noise,2d-high-weak,2,high,weak,3,0,0.3000425,0.02323587592604386
3-Cylindrical Mixture,cylmix,ari,out of sample,with noise,2d-low-ind,2,low,ind,3,0,0.0190769,0.007074367115926984
3-Cylindrical Mixture,cylmix,ari,out of sample,with noise,2d-low-strong,2,low,strong,3,0,0.0123351,0.009600556433263793
3-Cylindrical Mixture,cylmix,ari,out of sample,with noise,2d-low-weak,2,low,weak,3,0,0.0030206,0.003466663700464931
3-Cylindrical Mixture,cylmix,ari,out of sample,with noise,3d-high-ind,3,high,ind,3,0,0.3095268,0.03476307459522433
3-Cylindrical Mixture,cylmix,ari,out of sample,with noise,3d-high-strong,3,high,strong,3,0,0.6390263,0.2234878840936947
3-Cylindrical Mixture,cylmix,ari,out of sample,with noise,3d-high-weak,3,high,weak,3,0,0.3304612,0.04434919145129752
3-Cylindrical Mixture,cylmix,ari,out of sample,with noise,3d-low-ind,3,low,ind,3,0,0.0290377,0.006255801970405496
3-Cylindrical Mixture,cylmix,ari,out of sample,with noise,3d-low-strong,3,low,strong,3,0,0.0212896,0.02514573160638206
3-Cylindrical Mixture,cylmix,ari,out of sample,with noise,3d-low-weak,3,low,weak,3,0,0.0038423,0.003107389321269447
3-Cylindrical Mixture,cylmix,avg_ll,in sample,no noise,2d-high-ind,2,high,ind,3,0,-3.8635742,0.01411242930787248
3-Cylindrical Mixture,cylmix,avg_ll,in sample,no noise,2d-high-strong,2,high,strong,3,0,-3.6884999,0.02063734305264907
3-Cylindrical Mixture,cylmix,avg_ll,in sample,no noise,2d-high-weak,2,high,weak,3,0,-3.8912676,0.01401283532258113
3-Cylindrical Mixture,cylmix,avg_ll,in sample,no noise,2d-low-ind,2,low,ind,3,0,-3.4297332,0.01486731768380265
3-Cylindrical Mixture,cylmix,avg_ll,in sample,no noise,2d-low-strong,2,low,strong,3,0,-2.9395976,0.01617125159102417
3-Cylindrical Mixture,cylmix,avg_ll,in sample,no noise,2d-low-weak,2,low,weak,3,0,-3.397295,0.01471044303695283
3-Cylindrical Mixture,cylmix,avg_ll,in sample,no noise,3d-high-ind,3,high,ind,3,0,-5.5887316,0.01525465067155289
3-Cylindrical Mixture,cylmix,avg_ll,in sample,no noise,3d-high-strong,3,high,strong,3,0,-5.1226857,0.04921119235540233
3-Cylindrical Mixture,cylmix,avg_ll,in sample,no noise,3d-high-weak,3,high,weak,3,0,-5.592726,0.01513501325611007
3-Cylindrical Mixture,cylmix,avg_ll,in sample,no noise,3d-low-ind,3,low,ind,3,0,-5.0718365,0.0159611525478759
3-Cylindrical Mixture,cylmix,avg_ll,in sample,no noise,3d-low-strong,3,low,strong,3,0,-4.3149998,0.01801313527356745
3-Cylindrical Mixture,cylmix,avg_ll,in sample,no noise,3d-low-weak,3,low,weak,3,0,-5.0191648,0.01576224567910579
3-Cylindrical Mixture,cylmix,avg_ll,in sample,with noise,2d-high-ind,2,high,ind,3,0,-3.898221,0.01411504695369623
3-Cylindrical Mixture,cylmix,avg_ll,in sample,with noise,2d-high-strong,2,high,strong,3,0,-3.7638,0.01839324002963803
3-Cylindrical Mixture,cylmix,avg_ll,in sample,with noise,2d-high-weak,2,high,weak,3,0,-3.9255611,0.01405828106329305
3-Cylindrical Mixture,cylmix,avg_ll,in sample,with noise,2d-low-ind,2,low,ind,3,0,-3.4611766,0.01482468881374053
3-Cylindrical Mixture,cylmix,avg_ll,in sample,with noise,2d-low-strong,2,low,strong,3,0,-3.0057084,0.01645767136957983
3-Cylindrical Mixture,cylmix,avg_ll,in sample,with noise,2d-low-weak,2,low,weak,3,0,-3.4306883,0.01487169924705811
3-Cylindrical Mixture,cylmix,avg_ll,in sample,with noise,3d-high-ind,3,high,ind,3,0,-5.6518014,0.01548311971147925
3-Cylindrical Mixture,cylmix,avg_ll,in sample,with noise,3d-high-strong,3,high,strong,3,0,-5.2454438,0.04136281926727639
3-Cylindrical Mixture,cylmix,avg_ll,in sample,with noise,3d-high-weak,3,high,weak,3,0,-5.6571798,0.01564924608375427
3-Cylindrical Mixture,cylmix,avg_ll,in sample,with noise,3d-low-ind,3,low,ind,3,0,-5.1255534,0.01653729261121935
3-Cylindrical Mixture,cylmix,avg_ll,in sample,with noise,3d-low-strong,3,low,strong,3,0,-4.426553999999999,0.018960523156913
3-Cylindrical Mixture,cylmix,avg_ll,in sample,with noise,3d-low-weak,3,low,weak,3,0,-5.0759381,0.01606615959812194
3-Cylindrical Mixture,cylmix,avg_ll,out of sample,no noise,2d-high-ind,2,high,ind,3,0,-3.8717127,0.02419857871504624
3-Cylindrical Mixture,cylmix,avg_ll,out of sample,no noise,2d-high-strong,2,high,strong,3,0,-3.6929202,0.02848040783174682
3-Cylindrical Mixture,cylmix,avg_ll,out of sample,no noise,2d-high-weak,2,high,weak,3,0,-3.8962142,0.02631375222044912
3-Cylindrical Mixture,cylmix,avg_ll,out of sample,no noise,2d-low-ind,2,low,ind,3,0,-3.4356928,0.02604586200213658
3-Cylindrical Mixture,cylmix,avg_ll,out of sample,no noise,2d-low-strong,2,low,strong,3,0,-2.9424319,0.02459077800762322
3-Cylindrical Mixture,cylmix,avg_ll,out of sample,no noise,2d-low-weak,2,low,weak,3,0,-3.4022463,0.02758488026990604
3-Cylindrical Mixture,cylmix,avg_ll,out of sample,no noise,3d-high-ind,3,high,ind,3,0,-5.5954141,0.03677636447543856
3-Cylindrical Mixture,cylmix,avg_ll,out of sample,no noise,3d-high-strong,3,high,strong,3,0,-5.1256728,0.06342282831659886
3-Cylindrical Mixture,cylmix,avg_ll,out of sample,no noise,3d-high-weak,3,high,weak,3,0,-5.5996148,0.03728093437182557
3-Cylindrical Mixture,cylmix,avg_ll,out of sample,no noise,3d-low-ind,3,low,ind,3,0,-5.0765797,0.03840745012574535
3-Cylindrical Mixture,cylmix,avg_ll,out of sample,no noise,3d-low-strong,3,low,strong,3,0,-4.319158499999999,0.0386921610408374
3-Cylindrical Mixture,cylmix,avg_ll,out of sample,no noise,3d-low-weak,3,low,weak,3,0,-5.0246312,0.04075236465296297
3-Cylindrical Mixture,cylmix,avg_ll,out of sample,with noise,2d-high-ind,2,high,ind,3,0,-3.9068295,0.0237393075292793
3-Cylindrical Mixture,cylmix,avg_ll,out of sample,with noise,2d-high-strong,2,high,strong,3,0,-3.7671425,0.02603663768169138
3-Cylindrical Mixture,cylmix,avg_ll,out of sample,with noise,2d-high-weak,2,high,weak,3,0,-3.9303472,0.02650335972908523
3-Cylindrical Mixture,cylmix,avg_ll,out of sample,with noise,2d-low-ind,2,low,ind,3,0,-3.4677416,0.02621480531333703
3-Cylindrical Mixture,cylmix,avg_ll,out of sample,with noise,2d-low-strong,2,low,strong,3,0,-3.0083482,0.02575390661274874
3-Cylindrical Mixture,cylmix,avg_ll,out of sample,with noise,2d-low-weak,2,low,weak,3,0,-3.4354618,0.02768523514821787
3-Cylindrical Mixture,cylmix,avg_ll,out of sample,with noise,3d-high-ind,3,high,ind,3,0,-5.659025000000001,0.03608050514495533
3-Cylindrical Mixture,cylmix,avg_ll,out of sample,with noise,3d-high-strong,3,high,strong,3,0,-5.2478511,0.05047399037958479
3-Cylindrical Mixture,cylmix,avg_ll,out of sample,with noise,3d-high-weak,3,high,weak,3,0,-5.664582,0.03687409284622895
3-Cylindrical Mixture,cylmix,avg_ll,out of sample,with noise,3d-low-ind,3,low,ind,3,0,-5.130754899999999,0.03773954305620195
3-Cylindrical Mixture,cylmix,avg_ll,out of sample,with noise,3d-low-strong,3,low,strong,3,0,-4.4293885,0.04057065447830456
3-Cylindrical Mixture,cylmix,avg_ll,out of sample,with noise,3d-low-weak,3,low,weak,3,0,-5.0814748,0.04066098028997111
3-Cylindrical Mixture,cylmix,bic,in sample,no noise,2d-high-ind,2,high,ind,3,0,62131.73613439999,225.7898049998446
3-Cylindrical Mixture,cylmix,bic,in sample,no noise,2d-high-strong,2,high,strong,3,0,59330.5522093,330.1968202748182
3-Cylindrical Mixture,cylmix,bic,in sample,no noise,2d-high-weak,2,high,weak,3,0,62574.8378447,224.2112587151789
3-Cylindrical Mixture,cylmix,bic,in sample,no noise,2d-low-ind,2,low,ind,3,0,55190.28321739999,237.8767706100733
3-Cylindrical Mixture,cylmix,bic,in sample,no noise,2d-low-strong,2,low,strong,3,0,47348.10248460001,258.7440048682618
3-Cylindrical Mixture,cylmix,bic,in sample,no noise,2d-low-weak,2,low,weak,3,0,54671.271913,235.3643799795522
3-Cylindrical Mixture,cylmix,bic,in sample,no noise,3d-high-ind,3,high,ind,3,0,90003.87413289999,244.0814639417146
3-Cylindrical Mixture,cylmix,bic,in sample,no noise,3d-high-strong,3,high,strong,3,0,82547.138146,787.3818853294641
3-Cylindrical Mixture,cylmix,bic,in sample,no noise,3d-high-weak,3,high,weak,3,0,90067.79322830001,242.1564722978681
3-Cylindrical Mixture,cylmix,bic,in sample,no noise,3d-low-ind,3,low,ind,3,0,81733.5558582,255.3753121735481
3-Cylindrical Mixture,cylmix,bic,in sample,no noise,3d-low-strong,3,low,strong,3,0,69624.1675046,288.2143408889754
3-Cylindrical Mixture,cylmix,bic,in sample,no noise,3d-low-weak,3,low,weak,3,0,80890.7875336,252.1927193947446
3-Cylindrical Mixture,cylmix,bic,in sample,with noise,2d-high-ind,2,high,ind,3,0,62686.0879001,225.8355731758711
3-Cylindrical Mixture,cylmix,bic,in sample,with noise,2d-high-strong,2,high,strong,3,0,60535.3493683,294.2915583482566
3-Cylindrical Mixture,cylmix,bic,in sample,with noise,2d-high-weak,2,high,weak,3,0,63123.53250060001,224.9312809568838
3-Cylindrical Mixture,cylmix,bic,in sample,with noise,2d-low-ind,2,low,ind,3,0,55693.3739516,237.1910833133505
3-Cylindrical Mixture,cylmix,bic,in sample,with noise,2d-low-strong,2,low,strong,3,0,48405.88715939999,263.323679685661
3-Cylindrical Mixture,cylmix,bic,in sample,with noise,2d-low-weak,2,low,weak,3,0,55205.57061169999,237.9432421664091
3-Cylindrical Mixture,cylmix,bic,in sample,with noise,3d-high-ind,3,high,ind,3,0,91012.9880843,247.7359152089954
3-Cylindrical Mixture,cylmix,bic,in sample,with noise,3d-high-strong,3,high,strong,3,0,84511.27697529999,661.8023662444818
3-Cylindrical Mixture,cylmix,bic,in sample,with noise,3d-high-weak,3,high,weak,3,0,91099.04919880001,250.3851501512227
3-Cylindrical Mixture,cylmix,bic,in sample,with noise,3d-low-ind,3,low,ind,3,0,82593.0220427,264.6038822184259
3-Cylindrical Mixture,cylmix,bic,in sample,with noise,3d-low-strong,3,low,strong,3,0,71409.03479,303.3684240053598
3-Cylindrical Mixture,cylmix,bic,in sample,with noise,3d-low-weak,3,low,weak,3,0,81799.1823473,257.0720581083259
3-Cylindrical Mixture,cylmix,bic,out of sample,no noise,2d-high-ind,2,high,ind,3,0,15752.8818881,96.7926548769026
3-Cylindrical Mixture,cylmix,bic,out of sample,no noise,2d-high-strong,2,high,strong,3,0,15037.7108538,113.9219907637022
3-Cylindrical Mixture,cylmix,bic,out of sample,no noise,2d-high-weak,2,high,weak,3,0,15850.8868983,105.2551410560171
3-Cylindrical Mixture,cylmix,bic,out of sample,no noise,2d-low-ind,2,low,ind,3,0,14008.8025677,104.1845878943813
3-Cylindrical Mixture,cylmix,bic,out of sample,no noise,2d-low-strong,2,low,strong,3,0,12035.7581503,98.36226594433018
3-Cylindrical Mixture,cylmix,bic,out of sample,no noise,2d-low-weak,2,low,weak,3,0,13875.018343,110.3394088296905
3-Cylindrical Mixture,cylmix,bic,out of sample,no noise,3d-high-ind,3,high,ind,3,0,22875.7133681,147.1073317546224
3-Cylindrical Mixture,cylmix,bic,out of sample,no noise,3d-high-strong,3,high,strong,3,0,20996.7467854,253.6930112965938
3-Cylindrical Mixture,cylmix,bic,out of sample,no noise,3d-high-weak,3,high,weak,3,0,22892.5194313,149.1222230972935
3-Cylindrical Mixture,cylmix,bic,out of sample,no noise,3d-low-ind,3,low,ind,3,0,20800.3766119,153.629624746854
3-Cylindrical Mixture,cylmix,bic,out of sample,no noise,3d-low-strong,3,low,strong,3,0,17770.6925813,154.7697169512846
3-Cylindrical Mixture,cylmix,bic,out of sample,no noise,3d-low-weak,3,low,weak,3,0,20592.5849645,163.0088944007885
3-Cylindrical Mixture,cylmix,bic,out of sample,with noise,2d-high-ind,2,high,ind,3,0,15893.3494171,94.95854244826958
3-Cylindrical Mixture,cylmix,bic,out of sample,with noise,2d-high-strong,2,high,strong,3,0,15334.6056148,104.1450305450223
3-Cylindrical Mixture,cylmix,bic,out of sample,with noise,2d-high-weak,2,high,weak,3,0,15987.4208684,106.0127247167141
3-Cylindrical Mixture,cylmix,bic,out of sample,with noise,2d-low-ind,2,low,ind,3,0,14136.9981647,104.8590530555069
3-Cylindrical Mixture,cylmix,bic,out of sample,with noise,2d-low-strong,2,low,strong,3,0,12299.4249842,103.0164690191383
3-Cylindrical Mixture,cylmix,bic,out of sample,with noise,2d-low-weak,2,low,weak,3,0,14007.879471,110.7415315691989
3-Cylindrical Mixture,cylmix,bic,out of sample,with noise,3d-high-ind,3,high,ind,3,0,23130.158143,144.3226197932144
3-Cylindrical Mixture,cylmix,bic,out of sample,with noise,3d-high-strong,3,high,strong,3,0,21485.4618702,201.8979302960064
3-Cylindrical Mixture,cylmix,bic,out of sample,with noise,3d-high-weak,3,high,weak,3,0,23152.3872385,147.4949695022698
3-Cylindrical Mixture,cylmix,bic,out of sample,with noise,3d-low-ind,3,low,ind,3,0,21017.0777327,150.9580004728168
3-Cylindrical Mixture,cylmix,bic,out of sample,with noise,3d-low-strong,3,low,strong,3,0,18211.6152009,162.284255078831
3-Cylindrical Mixture,cylmix,bic,out of sample,with noise,3d-low-weak,3,low,weak,3,0,20819.9573294,162.6423463220404
3-Cylindrical Mixture,cylmix,em_iters,training,no noise,2d-high-ind,2,high,ind,3,0,30.78,3.500591580596258
3-Cylindrical Mixture,cylmix,em_iters,training,no noise,2d-high-strong,2,high,strong,3,0,121.55,30.08552623586446
3-Cylindrical Mixture,cylmix,em_iters,training,no noise,2d-high-weak,2,high,weak,3,0,32.2,3.501803287254478
3-Cylindrical Mixture,cylmix,em_iters,training,no noise,2d-low-ind,2,low,ind,3,0,28.45,3.511525036335079
3-Cylindrical Mixture,cylmix,em_iters,training,no noise,2d-low-strong,2,low,strong,3,0,41.0,12.58586669260566
3-Cylindrical Mixture,cylmix,em_iters,training,no noise,2d-low-weak,2,low,weak,3,0,29.77,2.877481362215747
3-Cylindrical Mixture,cylmix,em_iters,training,no noise,3d-high-ind,3,high,ind,3,0,23.76,6.018691424607716
3-Cylindrical Mixture,cylmix,em_iters,training,no noise,3d-high-strong,3,high,strong,3,0,52.7,17.29161646579058
3-Cylindrical Mixture,cylmix,em_iters,training,no noise,3d-high-weak,3,high,weak,3,0,28.94,11.46079835743998
3-Cylindrical Mixture,cylmix,em_iters,training,no noise,3d-low-ind,3,low,ind,3,0,30.82,5.919288791567767
3-Cylindrical Mixture,cylmix,em_iters,training,no noise,3d-low-strong,3,low,strong,3,0,62.42,21.5637087569262
3-Cylindrical Mixture,cylmix,em_iters,training,no noise,3d-low-weak,3,low,weak,3,0,34.94,6.73273324658693
3-Cylindrical Mixture,cylmix,em_iters,training,with noise,2d-high-ind,2,high,ind,3,0,31.12,3.798670687214014
3-Cylindrical Mixture,cylmix,em_iters,training,with noise,2d-high-strong,2,high,strong,3,0,120.71,28.10165349748889
3-Cylindrical Mixture,cylmix,em_iters,training,with noise,2d-high-weak,2,high,weak,3,0,33.18,3.548737149118733
3-Cylindrical Mixture,cylmix,em_iters,training,with noise,2d-low-ind,2,low,ind,3,0,27.6,2.494438257849294
3-Cylindrical Mixture,cylmix,em_iters,training,with noise,2d-low-strong,2,low,strong,3,0,40.07,12.38951576979912
3-Cylindrical Mixture,cylmix,em_iters,training,with noise,2d-low-weak,2,low,weak,3,0,29.59,2.778325198584735
3-Cylindrical Mixture,cylmix,em_iters,training,with noise,3d-high-ind,3,high,ind,3,0,24.53,8.010668391639243
3-Cylindrical Mixture,cylmix,em_iters,training,with noise,3d-high-strong,3,high,strong,3,0,57.46,22.43708150055675
3-Cylindrical Mixture,cylmix,em_iters,training,with noise,3d-high-weak,3,high,weak,3,0,28.18,10.49904276540957
3-Cylindrical Mixture,cylmix,em_iters,training,with noise,3d-low-ind,3,low,ind,3,0,30.14,5.633629183552801
3-Cylindrical Mixture,cylmix,em_iters,training,with noise,3d-low-strong,3,low,strong,3,0,60.56,19.07153995784389
3-Cylindrical Mixture,cylmix,em_iters,training,with noise,3d-low-weak,3,low,weak,3,0,34.57,6.589331751345727
3-Cylindrical Mixture,cylmix,gmpd,in sample,no noise,2d-high-ind,2,high,ind,3,0,0.0209952,0.0002964452016406365
3-Cylindrical Mixture,cylmix,gmpd,in sample,no noise,2d-high-strong,2,high,strong,3,0,0.0250153,0.0005091396089621604
3-Cylindrical Mixture,cylmix,gmpd,in sample,no noise,2d-high-weak,2,high,weak,3,0,0.020421,0.0002857543622686373
3-Cylindrical Mixture,cylmix,gmpd,in sample,no noise,2d-low-ind,2,low,ind,3,0,0.0323995,0.0004804677329688673
3-Cylindrical Mixture,cylmix,gmpd,in sample,no noise,2d-low-strong,2,low,strong,3,0,0.0528938,0.0008553843486049898
3-Cylindrical Mixture,cylmix,gmpd,in sample,no noise,2d-low-weak,2,low,weak,3,0,0.0334669,0.0004911986884297944
3-Cylindrical Mixture,cylmix,gmpd,in sample,no noise,3d-high-ind,3,high,ind,3,0,0.0037402,5.722505631895062e-05
3-Cylindrical Mixture,cylmix,gmpd,in sample,no noise,3d-high-strong,3,high,strong,3,0,0.005967099999999999,0.0002949346614853102
3-Cylindrical Mixture,cylmix,gmpd,in sample,no noise,3d-high-weak,3,high,weak,3,0,0.0037252,5.593069304275091e-05
3-Cylindrical Mixture,cylmix,gmpd,in sample,no noise,3d-low-ind,3,low,ind,3,0,0.0062719,9.96731527229743e-05
3-Cylindrical Mixture,cylmix,gmpd,in sample,no noise,3d-low-strong,3,low,strong,3,0,0.0133684,0.0002413586124379649
3-Cylindrical Mixture,cylmix,gmpd,in sample,no noise,3d-low-weak,3,low,weak,3,0,0.006610700000000001,0.0001040809222856831
3-Cylindrical Mixture,cylmix,gmpd,in sample,with noise,2d-high-ind,2,high,ind,3,0,0.0202799,0.0002855421743514141
3-Cylindrical Mixture,cylmix,gmpd,in sample,with noise,2d-high-strong,2,high,strong,3,0,0.0231991,0.0004249113870781611
3-Cylindrical Mixture,cylmix,gmpd,in sample,with noise,2d-high-weak,2,high,weak,3,0,0.0197331,0.0002767878340001689
3-Cylindrical Mixture,cylmix,gmpd,in sample,with noise,2d-low-ind,2,low,ind,3,0,0.0313965,0.0004634834616163982
3-Cylindrical Mixture,cylmix,gmpd,in sample,with noise,2d-low-strong,2,low,strong,3,0,0.0495108,0.0008143531609240985
3-Cylindrical Mixture,cylmix,gmpd,in sample,with noise,2d-low-weak,2,low,weak,3,0,0.0323677,0.0004808197020283022
3-Cylindrical Mixture,cylmix,gmpd,in sample,with noise,3d-high-ind,3,high,ind,3,0,0.0035113,5.437718995938267e-05
3-Cylindrical Mixture,cylmix,gmpd,in sample,with noise,3d-high-strong,3,high,strong,3,0,0.0052756,0.000217897761217123
3-Cylindrical Mixture,cylmix,gmpd,in sample,with noise,3d-high-weak,3,high,weak,3,0,0.0034927,5.425072731440027e-05
3-Cylindrical Mixture,cylmix,gmpd,in sample,with noise,3d-low-ind,3,low,ind,3,0,0.005943500000000001,9.830251186202635e-05
3-Cylindrical Mixture,cylmix,gmpd,in sample,with noise,3d-low-strong,3,low,strong,3,0,0.011958,0.0002266265561658562
3-Cylindrical Mixture,cylmix,gmpd,in sample,with noise,3d-low-weak,3,low,weak,3,0,0.006246000000000001,0.000100644388464002
3-Cylindrical Mixture,cylmix,gmpd,out of sample,no noise,2d-high-ind,2,high,ind,3,0,0.0208288,0.0005043373089630799
3-Cylindrical Mixture,cylmix,gmpd,out of sample,no noise,2d-high-strong,2,high,strong,3,0,0.0249091,0.0007065424347632718
3-Cylindrical Mixture,cylmix,gmpd,out of sample,no noise,2d-high-weak,2,high,weak,3,0,0.0203258,0.0005375894193884246
3-Cylindrical Mixture,cylmix,gmpd,out of sample,no noise,2d-low-ind,2,low,ind,3,0,0.0322142,0.0008421427456437557
3-Cylindrical Mixture,cylmix,gmpd,out of sample,no noise,2d-low-strong,2,low,strong,3,0,0.05275369999999999,0.001299063885957107
3-Cylindrical Mixture,cylmix,gmpd,out of sample,no noise,2d-low-weak,2,low,weak,3,0,0.0333102,0.0009234016821874788
3-Cylindrical Mixture,cylmix,gmpd,out of sample,no noise,3d-high-ind,3,high,ind,3,0,0.0037174,0.0001371618523401231
3-Cylindrical Mixture,cylmix,gmpd,out of sample,no noise,3d-high-strong,3,high,strong,3,0,0.0059541,0.000378826190789764
3-Cylindrical Mixture,cylmix,gmpd,out of sample,no noise,3d-high-weak,3,high,weak,3,0,0.0037016,0.0001384963989613179
3-Cylindrical Mixture,cylmix,gmpd,out of sample,no noise,3d-low-ind,3,low,ind,3,0,0.0062463,0.0002402677588849491
3-Cylindrical Mixture,cylmix,gmpd,out of sample,no noise,3d-low-strong,3,low,strong,3,0,0.0133208,0.0005169973135541634
3-Cylindrical Mixture,cylmix,gmpd,out of sample,no noise,3d-low-weak,3,low,weak,3,0,0.0065791,0.0002685467624760419
3-Cylindrical Mixture,cylmix,gmpd,out of sample,with noise,2d-high-ind,2,high,ind,3,0,0.0201097,0.0004785910613879072
3-Cylindrical Mixture,cylmix,gmpd,out of sample,with noise,2d-high-strong,2,high,strong,3,0,0.0231255,0.0006006501107596303
3-Cylindrical Mixture,cylmix,gmpd,out of sample,with noise,2d-high-weak,2,high,weak,3,0,0.0196436,0.0005224466914954533
3-Cylindrical Mixture,cylmix,gmpd,out of sample,with noise,2d-low-ind,2,low,ind,3,0,0.0311981,0.000820938973359042
3-Cylindrical Mixture,cylmix,gmpd,out of sample,with noise,2d-low-strong,2,low,strong,3,0,0.04938919999999999,0.00127266973030093
3-Cylindrical Mixture,cylmix,gmpd,out of sample,with noise,2d-low-weak,2,low,weak,3,0,0.0322231,0.0008945680013788268
3-Cylindrical Mixture,cylmix,gmpd,out of sample,with noise,3d-high-ind,3,high,ind,3,0,0.003488,0.0001263392898571785
3-Cylindrical Mixture,cylmix,gmpd,out of sample,with noise,3d-high-strong,3,high,strong,3,0,0.0052658,0.0002659010980409704
3-Cylindrical Mixture,cylmix,gmpd,out of sample,with noise,3d-high-weak,3,high,weak,3,0,0.0034691,0.0001285120361458158
3-Cylindrical Mixture,cylmix,gmpd,out of sample,with noise,3d-low-ind,3,low,ind,3,0,0.0059161,0.0002239944759419867
3-Cylindrical Mixture,cylmix,gmpd,out of sample,with noise,3d-low-strong,3,low,strong,3,0,0.0119319,0.000485882920178526
3-Cylindrical Mixture,cylmix,gmpd,out of sample,with noise,3d-low-weak,3,low,weak,3,0,0.0062158,0.000253393852420386
3-Cylindrical Mixture,cylmix,training_time,training,no noise,2d-high-ind,2,high,ind,3,0,543.7438,49.70679694148296
3-Cylindrical Mixture,cylmix,training_time,training,no noise,2d-high-strong,2,high,strong,3,0,1313.2784,270.6938160018742
3-Cylindrical Mixture,cylmix,training_time,training,no noise,2d-high-weak,2,high,weak,3,0,557.6348,44.30807230829125
3-Cylindrical Mixture,cylmix,training_time,training,no noise,2d-low-ind,2,low,ind,3,0,522.5169999999999,42.05792356195718
3-Cylindrical Mixture,cylmix,training_time,training,no noise,2d-low-strong,2,low,strong,3,0,640.5801,142.7733725315414
3-Cylindrical Mixture,cylmix,training_time,training,no noise,2d-low-weak,2,low,weak,3,0,535.425,41.87235578263872
3-Cylindrical Mixture,cylmix,training_time,training,no noise,3d-high-ind,3,high,ind,3,0,556.1427,116.1807677094865
3-Cylindrical Mixture,cylmix,training_time,training,no noise,3d-high-strong,3,high,strong,3,0,833.3316,182.6927069291243
3-Cylindrical Mixture,cylmix,training_time,training,no noise,3d-high-weak,3,high,weak,3,0,595.4159999999999,122.3224649040479
3-Cylindrical Mixture,cylmix,training_time,training,no noise,3d-low-ind,3,low,ind,3,0,612.7316000000001,95.95029552615014
3-Cylindrical Mixture,cylmix,training_time,training,no noise,3d-low-strong,3,low,strong,3,0,938.6533000000001,231.4974337229532
3-Cylindrical Mixture,cylmix,training_time,training,no noise,3d-low-weak,3,low,weak,3,0,651.0075,75.25689322936037
3-Cylindrical Mixture,cylmix,training_time,training,with noise,2d-high-ind,2,high,ind,3,0,512.6071,51.10106459376521
3-Cylindrical Mixture,cylmix,training_time,training,with noise,2d-high-strong,2,high,strong,3,0,1257.9605,255.7698332184544
3-Cylindrical Mixture,cylmix,training_time,training,with noise,2d-high-weak,2,high,weak,3,0,538.3189,42.31018842113944
3-Cylindrical Mixture,cylmix,training_time,training,with noise,2d-low-ind,2,low,ind,3,0,478.9381,33.50957190840924
3-Cylindrical Mixture,cylmix,training_time,training,with noise,2d-low-strong,2,low,strong,3,0,580.9279,105.2112938813696
3-Cylindrical Mixture,cylmix,training_time,training,with noise,2d-low-weak,2,low,weak,3,0,492.6561,32.0996636407375
3-Cylindrical Mixture,cylmix,training_time,training,with noise,3d-high-ind,3,high,ind,3,0,511.0683,80.30442766835098
3-Cylindrical Mixture,cylmix,training_time,training,with noise,3d-high-strong,3,high,strong,3,0,842.7288000000001,228.3563911971059
3-Cylindrical Mixture,cylmix,training_time,training,with noise,3d-high-weak,3,high,weak,3,0,551.3885,107.8352716736003
3-Cylindrical Mixture,cylmix,training_time,training,with noise,3d-low-ind,3,low,ind,3,0,575.2172,82.28283021163264
3-Cylindrical Mixture,cylmix,training_time,training,with noise,3d-low-strong,3,low,strong,3,0,861.5763000000001,191.3506887475233
3-Cylindrical Mixture,cylmix,training_time,training,with noise,3d-low-weak,3,low,weak,3,0,609.0693,83.35453089495
3-Independent Cylindrical Mixture,indcylmix,aic,in sample,no noise,2d-high-ind,2,high,ind,3,0,61888.2568919,225.7180439968764
3-Independent Cylindrical Mixture,indcylmix,aic,in sample,no noise,2d-high-strong,2,high,strong,3,0,62019.64505199999,221.8581981981202
3-Independent Cylindrical Mixture,indcylmix,aic,in sample,no noise,2d-high-weak,2,high,weak,3,0,62452.9024455,225.3219239883244
3-Independent Cylindrical Mixture,indcylmix,aic,in sample,no noise,2d-low-ind,2,low,ind,3,0,54926.9534411,237.4675165785741
3-Independent Cylindrical Mixture,indcylmix,aic,in sample,no noise,2d-low-strong,2,low,strong,3,0,49477.5117975,280.1863258415345
3-Independent Cylindrical Mixture,indcylmix,aic,in sample,no noise,2d-low-weak,2,low,weak,3,0,54499.4222043,236.1030123583473
3-Independent Cylindrical Mixture,indcylmix,aic,in sample,no noise,3d-high-ind,3,high,ind,3,0,89568.11456599999,241.5391411312735
3-Independent Cylindrical Mixture,indcylmix,aic,in sample,no noise,3d-high-strong,3,high,strong,3,0,88798.29268279999,294.9854976417794
3-Independent Cylindrical Mixture,indcylmix,aic,in sample,no noise,3d-high-weak,3,high,weak,3,0,90126.3701964,249.594106186124
3-Independent Cylindrical Mixture,indcylmix,aic,in sample,no noise,3d-low-ind,3,low,ind,3,0,81258.1332753,256.3864920734403
3-Independent Cylindrical Mixture,indcylmix,aic,in sample,no noise,3d-low-strong,3,low,strong,3,0,76273.2920438,331.3936849819646
3-Independent Cylindrical Mixture,indcylmix,aic,in sample,no noise,3d-low-weak,3,low,weak,3,0,80774.0055333,256.5107603772002
3-Independent Cylindrical Mixture,indcylmix,aic,in sample,with noise,2d-high-ind,2,high,ind,3,0,62440.53775120001,226.4010292591482
3-Independent Cylindrical Mixture,indcylmix,aic,in sample,with noise,2d-high-strong,2,high,strong,3,0,62580.3658464,226.8456248293798
3-Independent Cylindrical Mixture,indcylmix,aic,in sample,with noise,2d-high-weak,2,high,weak,3,0,62995.6882606,227.5307477872256
3-Independent Cylindrical Mixture,indcylmix,aic,in sample,with noise,2d-low-ind,2,low,ind,3,0,55429.7395122,236.5544830800148
3-Independent Cylindrical Mixture,indcylmix,aic,in sample,with noise,2d-low-strong,2,low,strong,3,0,50271.2475467,284.3541703768445
3-Independent Cylindrical Mixture,indcylmix,aic,in sample,with noise,2d-low-weak,2,low,weak,3,0,55024.8782397,239.7704611266272
3-Independent Cylindrical Mixture,indcylmix,aic,in sample,with noise,3d-high-ind,3,high,ind,3,0,90579.68624129999,249.7194628595381
3-Independent Cylindrical Mixture,indcylmix,aic,in sample,with noise,3d-high-strong,3,high,strong,3,0,89873.433914,310.5330761939874
3-Independent Cylindrical Mixture,indcylmix,aic,in sample,with noise,3d-high-weak,3,high,weak,3,0,91114.40879690001,258.5285414874463
3-Independent Cylindrical Mixture,indcylmix,aic,in sample,with noise,3d-low-ind,3,low,ind,3,0,82112.7535698,266.0500852150363
3-Independent Cylindrical Mixture,indcylmix,aic,in sample,with noise,3d-low-strong,3,low,strong,3,0,77377.1450439,336.8205461789363
3-Independent Cylindrical Mixture,indcylmix,aic,in sample,with noise,3d-low-weak,3,low,weak,3,0,81661.0081874,260.5908751712161
3-Independent Cylindrical Mixture,indcylmix,aic,out of sample,no noise,2d-high-ind,2,high,ind,3,0,15533.3661984,98.15521114522805
3-Independent Cylindrical Mixture,indcylmix,aic,out of sample,no noise,2d-high-strong,2,high,strong,3,0,15547.9757083,95.43244692167211
3-Independent Cylindrical Mixture,indcylmix,aic,out of sample,no noise,2d-high-weak,2,high,weak,3,0,15662.1927655,106.6970580708183
3-Independent Cylindrical Mixture,indcylmix,aic,out of sample,no noise,2d-low-ind,2,low,ind,3,0,13784.7472971,104.1327573956222
3-Independent Cylindrical Mixture,indcylmix,aic,out of sample,no noise,2d-low-strong,2,low,strong,3,0,12400.1890317,113.0655626776851
3-Independent Cylindrical Mixture,indcylmix,aic,out of sample,no noise,2d-low-weak,2,low,weak,3,0,13674.4733805,112.82262425489
3-Independent Cylindrical Mixture,indcylmix,aic,out of sample,no noise,3d-high-ind,3,high,ind,3,0,22462.8290641,146.9703942242221
3-Independent Cylindrical Mixture,indcylmix,aic,out of sample,no noise,3d-high-strong,3,high,strong,3,0,22264.9378346,165.4096736224039
3-Independent Cylindrical Mixture,indcylmix,aic,out of sample,no noise,3d-high-weak,3,high,weak,3,0,22607.044867,151.9570641846855
3-Independent Cylindrical Mixture,indcylmix,aic,out of sample,no noise,3d-low-ind,3,low,ind,3,0,20377.3206084,153.974393522525
3-Independent Cylindrical Mixture,indcylmix,aic,out of sample,no noise,3d-low-strong,3,low,strong,3,0,19143.8665466,185.0023580251807
3-Independent Cylindrical Mixture,indcylmix,aic,out of sample,no noise,3d-low-weak,3,low,weak,3,0,20266.8888727,160.8231888613542
3-Independent Cylindrical Mixture,indcylmix,aic,out of sample,with noise,2d-high-ind,2,high,ind,3,0,15673.989406,95.83481777374327
3-Independent Cylindrical Mixture,indcylmix,aic,out of sample,with noise,2d-high-strong,2,high,strong,3,0,15685.9176951,95.15874630922094
3-Independent Cylindrical Mixture,indcylmix,aic,out of sample,with noise,2d-high-weak,2,high,weak,3,0,15796.5105948,106.9900203868955
3-Independent Cylindrical Mixture,indcylmix,aic,out of sample,with noise,2d-low-ind,2,low,ind,3,0,13913.0913189,104.8850540988662
3-Independent Cylindrical Mixture,indcylmix,aic,out of sample,with noise,2d-low-strong,2,low,strong,3,0,12597.9392166,113.3292331238798
3-Independent Cylindrical Mixture,indcylmix,aic,out of sample,with noise,2d-low-weak,2,low,weak,3,0,13805.2151811,112.7486611679363
3-Independent Cylindrical Mixture,indcylmix,aic,out of sample,with noise,3d-high-ind,3,high,ind,3,0,22716.8738955,145.3846837467295
3-Independent Cylindrical Mixture,indcylmix,aic,out of sample,with noise,3d-high-strong,3,high,strong,3,0,22532.373871,161.3184443900933
3-Independent Cylindrical Mixture,indcylmix,aic,out of sample,with noise,3d-high-weak,3,high,weak,3,0,22855.3589633,149.1564797184278
3-Independent Cylindrical Mixture,indcylmix,aic,out of sample,with noise,3d-low-ind,3,low,ind,3,0,20592.8839522,151.5931475394727
3-Independent Cylindrical Mixture,indcylmix,aic,out of sample,with noise,3d-low-strong,3,low,strong,3,0,19416.0183852,183.400861214476
3-Independent Cylindrical Mixture,indcylmix,aic,out of sample,with noise,3d-low-weak,3,low,weak,3,0,20487.2709856,160.3153484831879
3-Independent Cylindrical Mixture,indcylmix,ari,in sample,no noise,2d-high-ind,2,high,ind,3,0,0.3073691,0.03702867286756755
3-Independent Cylindrical Mixture,indcylmix,ari,in sample,no noise,2d-high-strong,2,high,strong,3,0,0.0206884,0.005477184213543572
3-Independent Cylindrical Mixture,indcylmix,ari,in sample,no noise,2d-high-weak,2,high,weak,3,0,0.2805399,0.02552145643128027
3-Independent Cylindrical Mixture,indcylmix,ari,in sample,no noise,2d-low-ind,2,low,ind,3,0,0.0270565,0.004620295887809468
3-Independent Cylindrical Mixture,indcylmix,ari,in sample,no noise,2d-low-strong,2,low,strong,3,0,0.0008004,0.0005752187462701525
3-Independent Cylindrical Mixture,indcylmix,ari,in sample,no noise,2d-low-weak,2,low,weak,3,0,0.0021607,0.00152806423723982
3-Independent Cylindrical Mixture,indcylmix,ari,in sample,no noise,3d-high-ind,3,high,ind,3,0,0.3493875,0.04251704531328249
3-Independent Cylindrical Mixture,indcylmix,ari,in sample,no noise,3d-high-strong,3,high,strong,3,0,0.0368054,0.01540940736017837
3-Independent Cylindrical Mixture,indcylmix,ari,in sample,no noise,3d-high-weak,3,high,weak,3,0,0.2926311,0.01665221415162305
3-Independent Cylindrical Mixture,indcylmix,ari,in sample,no noise,3d-low-ind,3,low,ind,3,0,0.0303737,0.005663930293862856
3-Independent Cylindrical Mixture,indcylmix,ari,in sample,no noise,3d-low-strong,3,low,strong,3,0,0.0005507,0.0004865032000268484
3-Independent Cylindrical Mixture,indcylmix,ari,in sample,no noise,3d-low-weak,3,low,weak,3,0,0.0026912,0.0014870880500787
3-Independent Cylindrical Mixture,indcylmix,ari,in sample,with noise,2d-high-ind,2,high,ind,3,0,0.2943984,0.03571669240853723
3-Independent Cylindrical Mixture,indcylmix,ari,in sample,with noise,2d-high-strong,2,high,strong,3,0,0.0204041,0.005876701489265844
3-Independent Cylindrical Mixture,indcylmix,ari,in sample,with noise,2d-high-weak,2,high,weak,3,0,0.275116,0.02509392513712987
3-Independent Cylindrical Mixture,indcylmix,ari,in sample,with noise,2d-low-ind,2,low,ind,3,0,0.0265389,0.004470639096291818
3-Independent Cylindrical Mixture,indcylmix,ari,in sample,with noise,2d-low-strong,2,low,strong,3,0,0.0008289,0.0006146459849935465
3-Independent Cylindrical Mixture,indcylmix,ari,in sample,with noise,2d-low-weak,2,low,weak,3,0,0.0023624,0.001594237805917982
3-Independent Cylindrical Mixture,indcylmix,ari,in sample,with noise,3d-high-ind,3,high,ind,3,0,0.3407391,0.03904327089540681
3-Independent Cylindrical Mixture,indcylmix,ari,in sample,with noise,3d-high-strong,3,high,strong,3,0,0.0355,0.01492493067171689
3-Independent Cylindrical Mixture,indcylmix,ari,in sample,with noise,3d-high-weak,3,high,weak,3,0,0.287788,0.01671620703921132
3-Independent Cylindrical Mixture,indcylmix,ari,in sample,with noise,3d-low-ind,3,low,ind,3,0,0.0297436,0.00545017718551749
3-Independent Cylindrical Mixture,indcylmix,ari,in sample,with noise,3d-low-strong,3,low,strong,3,0,0.0005175,0.0004483648744115228
3-Independent Cylindrical Mixture,indcylmix,ari,in sample,with noise,3d-low-weak,3,low,weak,3,0,0.0029527,0.001605889322198611
3-Independent Cylindrical Mixture,indcylmix,ari,out of sample,no noise,2d-high-ind,2,high,ind,3,0,0.3080531,0.03924788236441439
3-Independent Cylindrical Mixture,indcylmix,ari,out of sample,no noise,2d-high-strong,2,high,strong,3,0,0.0206295,0.007090640063855414
3-Independent Cylindrical Mixture,indcylmix,ari,out of sample,no noise,2d-high-weak,2,high,weak,3,0,0.2813868,0.02794562768714065
3-Independent Cylindrical Mixture,indcylmix,ari,out of sample,no noise,2d-low-ind,2,low,ind,3,0,0.0268498,0.006285588130112739
3-Independent Cylindrical Mixture,indcylmix,ari,out of sample,no noise,2d-low-strong,2,low,strong,3,0,0.0007152,0.001322866859238951
3-Independent Cylindrical Mixture,indcylmix,ari,out of sample,no noise,2d-low-weak,2,low,weak,3,0,0.0019547,0.001895464792017456
3-Independent Cylindrical Mixture,indcylmix,ari,out of sample,no noise,3d-high-ind,3,high,ind,3,0,0.3533855,0.04396045788345741
3-Independent Cylindrical Mixture,indcylmix,ari,out of sample,no noise,3d-high-strong,3,high,strong,3,0,0.0367215,0.01562758654954874
3-Independent Cylindrical Mixture,indcylmix,ari,out of sample,no noise,3d-high-weak,3,high,weak,3,0,0.2954516,0.01904693032984316
3-Independent Cylindrical Mixture,indcylmix,ari,out of sample,no noise,3d-low-ind,3,low,ind,3,0,0.0300242,0.006566077681630954
3-Independent Cylindrical Mixture,indcylmix,ari,out of sample,no noise,3d-low-strong,3,low,strong,3,0,0.000465,0.0009008396756427424
3-Independent Cylindrical Mixture,indcylmix,ari,out of sample,no noise,3d-low-weak,3,low,weak,3,0,0.0022007,0.001942779044086438
3-Independent Cylindrical Mixture,indcylmix,ari,out of sample,with noise,2d-high-ind,2,high,ind,3,0,0.2953461,0.0364046074588413
3-Independent Cylindrical Mixture,indcylmix,ari,out of sample,with noise,2d-high-strong,2,high,strong,3,0,0.020671,0.007242891115926824
3-Independent Cylindrical Mixture,indcylmix,ari,out of sample,with noise,2d-high-weak,2,high,weak,3,0,0.2761989,0.027215257934371
3-Independent Cylindrical Mixture,indcylmix,ari,out of sample,with noise,2d-low-ind,2,low,ind,3,0,0.026261,0.006523304377384212
3-Independent Cylindrical Mixture,indcylmix,ari,out of sample,with noise,2d-low-strong,2,low,strong,3,0,0.0008323,0.001321647162529479
3-Independent Cylindrical Mixture,indcylmix,ari,out of sample,with noise,2d-low-weak,2,low,weak,3,0,0.0021352,0.001954599589572134
3-Independent Cylindrical Mixture,indcylmix,ari,out of sample,with noise,3d-high-ind,3,high,ind,3,0,0.3440917000000001,0.04202074348389606
3-Independent Cylindrical Mixture,indcylmix,ari,out of sample,with noise,3d-high-strong,3,high,strong,3,0,0.0354178,0.01592320082156978
3-Independent Cylindrical Mixture,indcylmix,ari,out of sample,with noise,3d-high-weak,3,high,weak,3,0,0.2906068,0.01901637932377924
3-Independent Cylindrical Mixture,indcylmix,ari,out of sample,with noise,3d-low-ind,3,low,ind,3,0,0.0295798,0.00616930295491273
3-Independent Cylindrical Mixture,indcylmix,ari,out of sample,with noise,3d-low-strong,3,low,strong,3,0,0.0003585,0.0008642791998848147
3-Independent Cylindrical Mixture,indcylmix,ari,out of sample,with noise,3d-low-weak,3,low,weak,3,0,0.0024978,0.002083040018139766
3-Independent Cylindrical Mixture,indcylmix,avg_ll,in sample,no noise,2d-high-ind,2,high,ind,3,0,-3.8651416,0.01410739942818171
3-Independent Cylindrical Mixture,indcylmix,avg_ll,in sample,no noise,2d-high-strong,2,high,strong,3,0,-3.8733529,0.01386606352818567
3-Independent Cylindrical Mixture,indcylmix,avg_ll,in sample,no noise,2d-high-weak,2,high,weak,3,0,-3.9004318,0.01408232242238756
3-Independent Cylindrical Mixture,indcylmix,avg_ll,in sample,no noise,2d-low-ind,2,low,ind,3,0,-3.4300592,0.01484199465752977
3-Independent Cylindrical Mixture,indcylmix,avg_ll,in sample,no noise,2d-low-strong,2,low,strong,3,0,-3.0894698,0.01751122468186014
3-Independent Cylindrical Mixture,indcylmix,avg_ll,in sample,no noise,2d-low-weak,2,low,weak,3,0,-3.4033391,0.01475672454794221
3-Independent Cylindrical Mixture,indcylmix,avg_ll,in sample,no noise,3d-high-ind,3,high,ind,3,0,-5.5932578,0.01509623684327618
3-Independent Cylindrical Mixture,indcylmix,avg_ll,in sample,no noise,3d-high-strong,3,high,strong,3,0,-5.545142899999999,0.01843709114499588
3-Independent Cylindrical Mixture,indcylmix,avg_ll,in sample,no noise,3d-high-weak,3,high,weak,3,0,-5.628148700000001,0.01559972530546805
3-Independent Cylindrical Mixture,indcylmix,avg_ll,in sample,no noise,3d-low-ind,3,low,ind,3,0,-5.0738833,0.01602396406491015
3-Independent Cylindrical Mixture,indcylmix,avg_ll,in sample,no noise,3d-low-strong,3,low,strong,3,0,-4.762330299999999,0.02071174928621322
3-Independent Cylindrical Mixture,indcylmix,avg_ll,in sample,no noise,3d-low-weak,3,low,weak,3,0,-5.0436251,0.01603202813908848
3-Independent Cylindrical Mixture,indcylmix,avg_ll,in sample,with noise,2d-high-ind,2,high,ind,3,0,-3.8996584,0.01415026927823156
3-Independent Cylindrical Mixture,indcylmix,avg_ll,in sample,with noise,2d-high-strong,2,high,strong,3,0,-3.9083979,0.0141775100245055
3-Independent Cylindrical Mixture,indcylmix,avg_ll,in sample,with noise,2d-high-weak,2,high,weak,3,0,-3.9343554,0.01422051068284148
3-Independent Cylindrical Mixture,indcylmix,avg_ll,in sample,with noise,2d-low-ind,2,low,ind,3,0,-3.461484,0.01478422364166844
3-Independent Cylindrical Mixture,indcylmix,avg_ll,in sample,with noise,2d-low-strong,2,low,strong,3,0,-3.1390781,0.01777234338186245
3-Independent Cylindrical Mixture,indcylmix,avg_ll,in sample,with noise,2d-low-weak,2,low,weak,3,0,-3.4361794,0.01498590535244116
3-Independent Cylindrical Mixture,indcylmix,avg_ll,in sample,with noise,3d-high-ind,3,high,ind,3,0,-5.6564804,0.01560783071526488
3-Independent Cylindrical Mixture,indcylmix,avg_ll,in sample,with noise,3d-high-strong,3,high,strong,3,0,-5.6123392,0.01940860168985785
3-Independent Cylindrical Mixture,indcylmix,avg_ll,in sample,with noise,3d-high-weak,3,high,weak,3,0,-5.6899006,0.01615791745882052
3-Independent Cylindrical Mixture,indcylmix,avg_ll,in sample,with noise,3d-low-ind,3,low,ind,3,0,-5.1272973,0.01662822748226681
3-Independent Cylindrical Mixture,indcylmix,avg_ll,in sample,with noise,3d-low-strong,3,low,strong,3,0,-4.8313216,0.02105098201696991
3-Independent Cylindrical Mixture,indcylmix,avg_ll,in sample,with noise,3d-low-weak,3,low,weak,3,0,-5.099063,0.01628675532418592
3-Independent Cylindrical Mixture,indcylmix,avg_ll,out of sample,no noise,2d-high-ind,2,high,ind,3,0,-3.871842,0.02453853448654736
3-Independent Cylindrical Mixture,indcylmix,avg_ll,out of sample,no noise,2d-high-strong,2,high,strong,3,0,-3.8754938,0.02385824270582605
3-Independent Cylindrical Mixture,indcylmix,avg_ll,out of sample,no noise,2d-high-weak,2,high,weak,3,0,-3.9040479,0.02667480441343369
3-Independent Cylindrical Mixture,indcylmix,avg_ll,out of sample,no noise,2d-low-ind,2,low,ind,3,0,-3.4346865,0.02603318513033523
3-Independent Cylindrical Mixture,indcylmix,avg_ll,out of sample,no noise,2d-low-strong,2,low,strong,3,0,-3.0885469,0.02826649223413161
3-Independent Cylindrical Mixture,indcylmix,avg_ll,out of sample,no noise,2d-low-weak,2,low,weak,3,0,-3.4071183,0.02820631342949355
3-Independent Cylindrical Mixture,indcylmix,avg_ll,out of sample,no noise,3d-high-ind,3,high,ind,3,0,-5.596707400000001,0.0367428513935058
3-Independent Cylindrical Mixture,indcylmix,avg_ll,out of sample,no noise,3d-high-strong,3,high,strong,3,0,-5.547234700000001,0.04135268057596979
3-Independent Cylindrical Mixture,indcylmix,avg_ll,out of sample,no noise,3d-high-weak,3,high,weak,3,0,-5.6327612,0.03798912139020851
3-Independent Cylindrical Mixture,indcylmix,avg_ll,out of sample,no noise,3d-low-ind,3,low,ind,3,0,-5.0753302,0.03849353680447126
3-Independent Cylindrical Mixture,indcylmix,avg_ll,out of sample,no noise,3d-low-strong,3,low,strong,3,0,-4.7669667,0.04625083300489266
3-Independent Cylindrical Mixture,indcylmix,avg_ll,out of sample,no noise,3d-low-weak,3,low,weak,3,0,-5.0477219,0.04020528139323343
3-Independent Cylindrical Mixture,indcylmix,avg_ll,out of sample,with noise,2d-high-ind,2,high,ind,3,0,-3.9069973,0.02395837808607163
3-Independent Cylindrical Mixture,indcylmix,avg_ll,out of sample,with noise,2d-high-strong,2,high,strong,3,0,-3.9099799,0.02378997995910343
3-Independent Cylindrical Mixture,indcylmix,avg_ll,out of sample,with noise,2d-high-weak,2,high,weak,3,0,-3.9376273,0.02674697206897599
3-Independent Cylindrical Mixture,indcylmix,avg_ll,out of sample,with noise,2d-low-ind,2,low,ind,3,0,-3.4667725,0.0262219328111704
3-Independent Cylindrical Mixture,indcylmix,avg_ll,out of sample,with noise,2d-low-strong,2,low,strong,3,0,-3.1379851,0.02833257241384655
3-Independent Cylindrical Mixture,indcylmix,avg_ll,out of sample,with noise,2d-low-weak,2,low,weak,3,0,-3.4398037,0.02818695101254901
3-Independent Cylindrical Mixture,indcylmix,avg_ll,out of sample,with noise,3d-high-ind,3,high,ind,3,0,-5.6602189,0.03634593976170683
3-Independent Cylindrical Mixture,indcylmix,avg_ll,out of sample,with noise,3d-high-strong,3,high,strong,3,0,-5.6140935,0.04032907258674662
3-Independent Cylindrical Mixture,indcylmix,avg_ll,out of sample,with noise,3d-high-weak,3,high,weak,3,0,-5.6948399,0.03728889987013904
3-Independent Cylindrical Mixture,indcylmix,avg_ll,out of sample,with noise,3d-low-ind,3,low,ind,3,0,-5.1292212,0.03789825505111288
3-Independent Cylindrical Mixture,indcylmix,avg_ll,out of sample,with noise,3d-low-strong,3,low,strong,3,0,-4.8350046,0.04585010299097295
3-Independent Cylindrical Mixture,indcylmix,avg_ll,out of sample,with noise,3d-low-weak,3,low,weak,3,0,-5.1028181,0.04007906611683947
3-Independent Cylindrical Mixture,indcylmix,bic,in sample,no noise,2d-high-ind,2,high,ind,3,0,62048.962419,225.7180441892893
3-Independent Cylindrical Mixture,indcylmix,bic,in sample,no noise,2d-high-strong,2,high,strong,3,0,62180.35057900001,221.8581990728678
3-Independent Cylindrical Mixture,indcylmix,bic,in sample,no noise,2d-high-weak,2,high,weak,3,0,62613.60797210001,225.3219247062399
3-Independent Cylindrical Mixture,indcylmix,bic,in sample,no noise,2d-low-ind,2,low,ind,3,0,55087.6589676,237.4675173727709
3-Independent Cylindrical Mixture,indcylmix,bic,in sample,no noise,2d-low-strong,2,low,strong,3,0,49638.2173244,280.1863255170301
3-Independent Cylindrical Mixture,indcylmix,bic,in sample,no noise,2d-low-weak,2,low,weak,3,0,54660.127731,236.1030123650939
3-Independent Cylindrical Mixture,indcylmix,bic,in sample,no noise,3d-high-ind,3,high,ind,3,0,89833.62804540001,241.5391413749343
3-Independent Cylindrical Mixture,indcylmix,bic,in sample,no noise,3d-high-strong,3,high,strong,3,0,89063.8061624,294.9854976305488
3-Independent Cylindrical Mixture,indcylmix,bic,in sample,no noise,3d-high-weak,3,high,weak,3,0,90391.8836758,249.594105828255
3-Independent Cylindrical Mixture,indcylmix,bic,in sample,no noise,3d-low-ind,3,low,ind,3,0,81523.6467544,256.3864915066619
3-Independent Cylindrical Mixture,indcylmix,bic,in sample,no noise,3d-low-strong,3,low,strong,3,0,76538.8055232,331.393684530381
3-Independent Cylindrical Mixture,indcylmix,bic,in sample,no noise,3d-low-weak,3,low,weak,3,0,81039.5190116,256.5107608781075
3-Independent Cylindrical Mixture,indcylmix,bic,in sample,with noise,2d-high-ind,2,high,ind,3,0,62601.2432776,226.4010295075797
3-Independent Cylindrical Mixture,indcylmix,bic,in sample,with noise,2d-high-strong,2,high,strong,3,0,62741.0713728,226.8456249274106
3-Independent Cylindrical Mixture,indcylmix,bic,in sample,with noise,2d-high-weak,2,high,weak,3,0,63156.39378790001,227.5307477120483
3-Independent Cylindrical Mixture,indcylmix,bic,in sample,with noise,2d-low-ind,2,low,ind,3,0,55590.4450382,236.5544819517217
3-Independent Cylindrical Mixture,indcylmix,bic,in sample,with noise,2d-low-strong,2,low,strong,3,0,50431.9530734,284.3541705937665
3-Independent Cylindrical Mixture,indcylmix,bic,in sample,with noise,2d-low-weak,2,low,weak,3,0,55185.5837674,239.7704610679951
3-Independent Cylindrical Mixture,indcylmix,bic,in sample,with noise,3d-high-ind,3,high,ind,3,0,90845.19972039999,249.7194623758587
3-Independent Cylindrical Mixture,indcylmix,bic,in sample,with noise,3d-high-strong,3,high,strong,3,0,90138.94739320001,310.5330763505871
3-Independent Cylindrical Mixture,indcylmix,bic,in sample,with noise,3d-high-weak,3,high,weak,3,0,91379.9222761,258.5285415740799
3-Independent Cylindrical Mixture,indcylmix,bic,in sample,with noise,3d-low-ind,3,low,ind,3,0,82378.2670489,266.0500848705844
3-Independent Cylindrical Mixture,indcylmix,bic,in sample,with noise,3d-low-strong,3,low,strong,3,0,77642.6585231,336.8205459541443
3-Independent Cylindrical Mixture,indcylmix,bic,in sample,with noise,3d-low-weak,3,low,weak,3,0,81926.5216663,260.590875060487
3-Independent Cylindrical Mixture,indcylmix,bic,out of sample,no noise,2d-high-ind,2,high,ind,3,0,15662.1869552,98.15521040385156
3-Independent Cylindrical Mixture,indcylmix,bic,out of sample,no noise,2d-high-strong,2,high,strong,3,0,15676.7964644,95.43244771076765
3-Independent Cylindrical Mixture,indcylmix,bic,out of sample,no noise,2d-high-weak,2,high,weak,3,0,15791.0135223,106.6970579884479
3-Independent Cylindrical Mixture,indcylmix,bic,out of sample,no noise,2d-low-ind,2,low,ind,3,0,13913.5680537,104.1327575620271
3-Independent Cylindrical Mixture,indcylmix,bic,out of sample,no noise,2d-low-strong,2,low,strong,3,0,12529.0097878,113.0655621243547
3-Independent Cylindrical Mixture,indcylmix,bic,out of sample,no noise,2d-low-weak,2,low,weak,3,0,13803.2941367,112.8226244142494
3-Independent Cylindrical Mixture,indcylmix,bic,out of sample,no noise,3d-high-ind,3,high,ind,3,0,22675.6633582,146.9703938174098
3-Independent Cylindrical Mixture,indcylmix,bic,out of sample,no noise,3d-high-strong,3,high,strong,3,0,22477.7721276,165.4096733027328
3-Independent Cylindrical Mixture,indcylmix,bic,out of sample,no noise,3d-high-weak,3,high,weak,3,0,22819.8791604,151.9570639622947
3-Independent Cylindrical Mixture,indcylmix,bic,out of sample,no noise,3d-low-ind,3,low,ind,3,0,20590.1549009,153.9743929249377
3-Independent Cylindrical Mixture,indcylmix,bic,out of sample,no noise,3d-low-strong,3,low,strong,3,0,19356.7008404,185.0023576145587
3-Independent Cylindrical Mixture,indcylmix,bic,out of sample,no noise,3d-low-weak,3,low,weak,3,0,20479.7231662,160.823189223547
3-Independent Cylindrical Mixture,indcylmix,bic,out of sample,with noise,2d-high-ind,2,high,ind,3,0,15802.8101622,95.8348176047074
3-Independent Cylindrical Mixture,indcylmix,bic,out of sample,with noise,2d-high-strong,2,high,strong,3,0,15814.7384508,95.15874668052578
3-Independent Cylindrical Mixture,indcylmix,bic,out of sample,with noise,2d-high-weak,2,high,weak,3,0,15925.331352,106.990020235149
3-Independent Cylindrical Mixture,indcylmix,bic,out of sample,with noise,2d-low-ind,2,low,ind,3,0,14041.9120755,104.885053790356
3-Independent Cylindrical Mixture,indcylmix,bic,out of sample,with noise,2d-low-strong,2,low,strong,3,0,12726.7599732,113.3292338258582
3-Independent Cylindrical Mixture,indcylmix,bic,out of sample,with noise,2d-low-weak,2,low,weak,3,0,13934.035937,112.7486611995896
3-Independent Cylindrical Mixture,indcylmix,bic,out of sample,with noise,3d-high-ind,3,high,ind,3,0,22929.7081893,145.3846842161298
3-Independent Cylindrical Mixture,indcylmix,bic,out of sample,with noise,3d-high-strong,3,high,strong,3,0,22745.2081645,161.3184448408053
3-Independent Cylindrical Mixture,indcylmix,bic,out of sample,with noise,3d-high-weak,3,high,weak,3,0,23068.1932557,149.1564801758255
3-Independent Cylindrical Mixture,indcylmix,bic,out of sample,with noise,3d-low-ind,3,low,ind,3,0,20805.7182456,151.5931477171947
3-Independent Cylindrical Mixture,indcylmix,bic,out of sample,with noise,3d-low-strong,3,low,strong,3,0,19628.8526776,183.4008616242016
3-Independent Cylindrical Mixture,indcylmix,bic,out of sample,with noise,3d-low-weak,3,low,weak,3,0,20700.1052791,160.3153483488825
3-Independent Cylindrical Mixture,indcylmix,em_iters,training,no noise,2d-high-ind,2,high,ind,3,0,23.92,3.221393136109552
3-Independent Cylindrical Mixture,indcylmix,em_iters,training,no noise,2d-high-strong,2,high,strong,3,0,43.72,10.58785276921748
3-Independent Cylindrical Mixture,indcylmix,em_iters,training,no noise,2d-high-weak,2,high,weak,3,0,40.24,7.553338949956455
3-Independent Cylindrical Mixture,indcylmix,em_iters,training,no noise,2d-low-ind,2,low,ind,3,0,24.51,2.350564084459625
3-Independent Cylindrical Mixture,indcylmix,em_iters,training,no noise,2d-low-strong,2,low,strong,3,0,7.02,0.531436019125767
3-Independent Cylindrical Mixture,indcylmix,em_iters,training,no noise,2d-low-weak,2,low,weak,3,0,17.71,6.020663072983228
3-Independent Cylindrical Mixture,indcylmix,em_iters,training,no noise,3d-high-ind,3,high,ind,3,0,27.08,9.175813618178802
3-Independent Cylindrical Mixture,indcylmix,em_iters,training,no noise,3d-high-strong,3,high,strong,3,0,32.32,11.58271090544834
3-Independent Cylindrical Mixture,indcylmix,em_iters,training,no noise,3d-high-weak,3,high,weak,3,0,19.06,3.034548541131753
3-Independent Cylindrical Mixture,indcylmix,em_iters,training,no noise,3d-low-ind,3,low,ind,3,0,27.88,5.371605105938206
3-Independent Cylindrical Mixture,indcylmix,em_iters,training,no noise,3d-low-strong,3,low,strong,3,0,34.33,20.85110999152774
3-Independent Cylindrical Mixture,indcylmix,em_iters,training,no noise,3d-low-weak,3,low,weak,3,0,30.85,14.75139096334767
3-Independent Cylindrical Mixture,indcylmix,em_iters,training,with noise,2d-high-ind,2,high,ind,3,0,24.54,3.602524367465378
3-Independent Cylindrical Mixture,indcylmix,em_iters,training,with noise,2d-high-strong,2,high,strong,3,0,43.64,9.914299437344694
3-Independent Cylindrical Mixture,indcylmix,em_iters,training,with noise,2d-high-weak,2,high,weak,3,0,41.84,8.725580644046422
3-Independent Cylindrical Mixture,indcylmix,em_iters,training,with noise,2d-low-ind,2,low,ind,3,0,23.79,2.066055628144086
3-Independent Cylindrical Mixture,indcylmix,em_iters,training,with noise,2d-low-strong,2,low,strong,3,0,7.17,0.6971080231639827
3-Independent Cylindrical Mixture,indcylmix,em_iters,training,with noise,2d-low-weak,2,low,weak,3,0,17.62,4.998545242913637
3-Independent Cylindrical Mixture,indcylmix,em_iters,training,with noise,3d-high-ind,3,high,ind,3,0,24.9,7.048891309054828
3-Independent Cylindrical Mixture,indcylmix,em_iters,training,with noise,3d-high-strong,3,high,strong,3,0,33.96,12.62106624383666
3-Independent Cylindrical Mixture,indcylmix,em_iters,training,with noise,3d-high-weak,3,high,weak,3,0,19.38,3.070814059805476
3-Independent Cylindrical Mixture,indcylmix,em_iters,training,with noise,3d-low-ind,3,low,ind,3,0,27.97,5.06214910244192
3-Independent Cylindrical Mixture,indcylmix,em_iters,training,with noise,3d-low-strong,3,low,strong,3,0,31.03,20.49757561421853
3-Independent Cylindrical Mixture,indcylmix,em_iters,training,with noise,3d-low-weak,3,low,weak,3,0,28.19,15.45648502386391
3-Independent Cylindrical Mixture,indcylmix,gmpd,in sample,no noise,2d-high-ind,2,high,ind,3,0,0.0209616,0.0002956886159049036
3-Independent Cylindrical Mixture,indcylmix,gmpd,in sample,no noise,2d-high-strong,2,high,strong,3,0,0.0207907,0.0002877683376635035
3-Independent Cylindrical Mixture,indcylmix,gmpd,in sample,no noise,2d-high-weak,2,high,weak,3,0,0.0202349,0.000284351095398885
3-Independent Cylindrical Mixture,indcylmix,gmpd,in sample,no noise,2d-low-ind,2,low,ind,3,0,0.0323886,0.0004799958333152481
3-Independent Cylindrical Mixture,indcylmix,gmpd,in sample,no noise,2d-low-strong,2,low,strong,3,0,0.0455327,0.0007972070628200057
3-Independent Cylindrical Mixture,indcylmix,gmpd,in sample,no noise,2d-low-weak,2,low,weak,3,0,0.0332657,0.0004899458947659226
3-Independent Cylindrical Mixture,indcylmix,gmpd,in sample,no noise,3d-high-ind,3,high,ind,3,0,0.0037232,5.599206292958953e-05
3-Independent Cylindrical Mixture,indcylmix,gmpd,in sample,no noise,3d-high-strong,3,high,strong,3,0,0.0039069,7.196653262581015e-05
3-Independent Cylindrical Mixture,indcylmix,gmpd,in sample,no noise,3d-high-weak,3,high,weak,3,0,0.0035957,5.617891692682145e-05
3-Independent Cylindrical Mixture,indcylmix,gmpd,in sample,no noise,3d-low-ind,3,low,ind,3,0,0.0062592,0.0001001582586094466
3-Independent Cylindrical Mixture,indcylmix,gmpd,in sample,no noise,3d-low-strong,3,low,strong,3,0,0.008548,0.0001769951206312555
3-Independent Cylindrical Mixture,indcylmix,gmpd,in sample,no noise,3d-low-weak,3,low,weak,3,0,0.006451200000000001,0.0001035557723152021
3-Independent Cylindrical Mixture,indcylmix,gmpd,in sample,with noise,2d-high-ind,2,high,ind,3,0,0.0202512,0.0002853609445717272
3-Independent Cylindrical Mixture,indcylmix,gmpd,in sample,with noise,2d-high-strong,2,high,strong,3,0,0.0200741,0.0002846053265826069
3-Independent Cylindrical Mixture,indcylmix,gmpd,in sample,with noise,2d-high-weak,2,high,weak,3,0,0.0195601,0.0002779197435202905
3-Independent Cylindrical Mixture,indcylmix,gmpd,in sample,with noise,2d-low-ind,2,low,ind,3,0,0.0313867,0.0004621208355686493
3-Independent Cylindrical Mixture,indcylmix,gmpd,in sample,with noise,2d-low-strong,2,low,strong,3,0,0.0433292,0.0007705431378402685
3-Independent Cylindrical Mixture,indcylmix,gmpd,in sample,with noise,2d-low-weak,2,low,weak,3,0,0.0321915,0.0004813855738460293
3-Independent Cylindrical Mixture,indcylmix,gmpd,in sample,with noise,3d-high-ind,3,high,ind,3,0,0.003495,5.479991152392778e-05
3-Independent Cylindrical Mixture,indcylmix,gmpd,in sample,with noise,3d-high-strong,3,high,strong,3,0,0.0036527,7.106484448172761e-05
3-Independent Cylindrical Mixture,indcylmix,gmpd,in sample,with noise,3d-high-weak,3,high,weak,3,0,0.0033806,5.50632327053143e-05
3-Independent Cylindrical Mixture,indcylmix,gmpd,in sample,with noise,3d-low-ind,3,low,ind,3,0,0.0059339,9.781341751756068e-05
3-Independent Cylindrical Mixture,indcylmix,gmpd,in sample,with noise,3d-low-strong,3,low,strong,3,0,0.0079781,0.0001674508521291782
3-Independent Cylindrical Mixture,indcylmix,gmpd,in sample,with noise,3d-low-weak,3,low,weak,3,0,0.0061031,9.93991545195024e-05
3-Independent Cylindrical Mixture,indcylmix,gmpd,out of sample,no noise,2d-high-ind,2,high,ind,3,0,0.0208263,0.0005121999589806674
3-Independent Cylindrical Mixture,indcylmix,gmpd,out of sample,no noise,2d-high-strong,2,high,strong,3,0,0.0207504,0.0004949276449516366
3-Independent Cylindrical Mixture,indcylmix,gmpd,out of sample,no noise,2d-high-weak,2,high,weak,3,0,0.0201672,0.0005402170906686555
3-Independent Cylindrical Mixture,indcylmix,gmpd,out of sample,no noise,2d-low-ind,2,low,ind,3,0,0.0322462,0.0008425703579409892
3-Independent Cylindrical Mixture,indcylmix,gmpd,out of sample,no noise,2d-low-strong,2,low,strong,3,0,0.0455864,0.00129373901791074
3-Independent Cylindrical Mixture,indcylmix,gmpd,out of sample,no noise,2d-low-weak,2,low,weak,3,0,0.0331495,0.0009398295299970883
3-Independent Cylindrical Mixture,indcylmix,gmpd,out of sample,no noise,3d-high-ind,3,high,ind,3,0,0.0037125,0.0001372778278535977
3-Independent Cylindrical Mixture,indcylmix,gmpd,out of sample,no noise,3d-high-strong,3,high,strong,3,0,0.0039014,0.0001622444844278926
3-Independent Cylindrical Mixture,indcylmix,gmpd,out of sample,no noise,3d-high-weak,3,high,weak,3,0,0.0035809,0.0001366119254743824
3-Independent Cylindrical Mixture,indcylmix,gmpd,out of sample,no noise,3d-low-ind,3,low,ind,3,0,0.0062538,0.0002409986797398767
3-Independent Cylindrical Mixture,indcylmix,gmpd,out of sample,no noise,3d-low-strong,3,low,strong,3,0,0.0085151,0.000396327828287073
3-Independent Cylindrical Mixture,indcylmix,gmpd,out of sample,no noise,3d-low-weak,3,low,weak,3,0,0.0064296,0.0002597703725690181
3-Independent Cylindrical Mixture,indcylmix,gmpd,out of sample,with noise,2d-high-ind,2,high,ind,3,0,0.0201064,0.0004832999361502433
3-Independent Cylindrical Mixture,indcylmix,gmpd,out of sample,with noise,2d-high-strong,2,high,strong,3,0,0.0200467,0.0004774533770670464
3-Independent Cylindrical Mixture,indcylmix,gmpd,out of sample,with noise,2d-high-weak,2,high,weak,3,0,0.0195011,0.0005238125483974053
3-Independent Cylindrical Mixture,indcylmix,gmpd,out of sample,with noise,2d-low-ind,2,low,ind,3,0,0.0312279,0.0008223706738767661
3-Independent Cylindrical Mixture,indcylmix,gmpd,out of sample,with noise,2d-low-strong,2,low,strong,3,0,0.0433869,0.001232640013970179
3-Independent Cylindrical Mixture,indcylmix,gmpd,out of sample,with noise,2d-low-weak,2,low,weak,3,0,0.0320837,0.0009073200130387327
3-Independent Cylindrical Mixture,indcylmix,gmpd,out of sample,with noise,3d-high-ind,3,high,ind,3,0,0.0034839,0.0001276350146695528
3-Independent Cylindrical Mixture,indcylmix,gmpd,out of sample,with noise,3d-high-strong,3,high,strong,3,0,0.0036486,0.0001480173345021836
3-Independent Cylindrical Mixture,indcylmix,gmpd,out of sample,with noise,3d-high-weak,3,high,weak,3,0,0.0033652,0.0001264310408120098
3-Independent Cylindrical Mixture,indcylmix,gmpd,out of sample,with noise,3d-low-ind,3,low,ind,3,0,0.0059254,0.0002251707320809224
3-Independent Cylindrical Mixture,indcylmix,gmpd,out of sample,with noise,3d-low-strong,3,low,strong,3,0,0.007955,0.0003666294746977823
3-Independent Cylindrical Mixture,indcylmix,gmpd,out of sample,with noise,3d-low-weak,3,low,weak,3,0,0.006084000000000001,0.000245192153053869
3-Independent Cylindrical Mixture,indcylmix,training_time,training,no noise,2d-high-ind,2,high,ind,3,0,419.8722,37.10721875861893
3-Independent Cylindrical Mixture,indcylmix,training_time,training,no noise,2d-high-strong,2,high,strong,3,0,553.5664,74.19258624401604
3-Independent Cylindrical Mixture,indcylmix,training_time,training,no noise,2d-high-weak,2,high,weak,3,0,543.5697,102.6917719644666
3-Independent Cylindrical Mixture,indcylmix,training_time,training,no noise,2d-low-ind,2,low,ind,3,0,422.8927,29.95102442911653
3-Independent Cylindrical Mixture,indcylmix,training_time,training,no noise,2d-low-strong,2,low,strong,3,0,309.1575,28.52532425740151
3-Independent Cylindrical Mixture,indcylmix,training_time,training,no noise,2d-low-weak,2,low,weak,3,0,381.7575,49.30516684410726
3-Independent Cylindrical Mixture,indcylmix,training_time,training,no noise,3d-high-ind,3,high,ind,3,0,493.0134,72.91316860485493
3-Independent Cylindrical Mixture,indcylmix,training_time,training,no noise,3d-high-strong,3,high,strong,3,0,535.0164,92.04233227348942
3-Independent Cylindrical Mixture,indcylmix,training_time,training,no noise,3d-high-weak,3,high,weak,3,0,432.1559,31.10182150939106
3-Independent Cylindrical Mixture,indcylmix,training_time,training,no noise,3d-low-ind,3,low,ind,3,0,494.3967,47.49761150943287
3-Independent Cylindrical Mixture,indcylmix,training_time,training,no noise,3d-low-strong,3,low,strong,3,0,554.8911,190.9382484707577
3-Independent Cylindrical Mixture,indcylmix,training_time,training,no noise,3d-low-weak,3,low,weak,3,0,518.6665,116.5722225292288
3-Independent Cylindrical Mixture,indcylmix,training_time,training,with noise,2d-high-ind,2,high,ind,3,0,420.8316,35.60883659822078
3-Independent Cylindrical Mixture,indcylmix,training_time,training,with noise,2d-high-strong,2,high,strong,3,0,547.2642,78.3741087965698
3-Independent Cylindrical Mixture,indcylmix,training_time,training,with noise,2d-high-weak,2,high,weak,3,0,542.7479,64.13789912077151
3-Independent Cylindrical Mixture,indcylmix,training_time,training,with noise,2d-low-ind,2,low,ind,3,0,413.6014,37.10610549069882
3-Independent Cylindrical Mixture,indcylmix,training_time,training,with noise,2d-low-strong,2,low,strong,3,0,303.2945,16.30097440075719
3-Independent Cylindrical Mixture,indcylmix,training_time,training,with noise,2d-low-weak,2,low,weak,3,0,373.0089,42.149260172881
3-Independent Cylindrical Mixture,indcylmix,training_time,training,with noise,3d-high-ind,3,high,ind,3,0,470.6465,70.94550257846589
3-Independent Cylindrical Mixture,indcylmix,training_time,training,with noise,3d-high-strong,3,high,strong,3,0,542.4017,101.1410504841649
3-Independent Cylindrical Mixture,indcylmix,training_time,training,with noise,3d-high-weak,3,high,weak,3,0,425.796,30.23638580026763
3-Independent Cylindrical Mixture,indcylmix,training_time,training,with noise,3d-low-ind,3,low,ind,3,0,495.3688,51.73152502462821
3-Independent Cylindrical Mixture,indcylmix,training_time,training,with noise,3d-low-strong,3,low,strong,3,0,516.2308,159.9635939937395
3-Independent Cylindrical Mixture,indcylmix,training_time,training,with noise,3d-low-weak,3,low,weak,3,0,487.1594,115.7253478761266
4-Cylindrical Mixture,cylmix,aic,in sample,no noise,2d-high-ind,2,high,ind,4,0,61897.7641928,227.3029115145221
4-Cylindrical Mixture,cylmix,aic,in sample,no noise,2d-high-strong,2,high,strong,4,0,58732.3007134,256.4551786874069
4-Cylindrical Mixture,cylmix,aic,in sample,no noise,2d-high-weak,2,high,weak,4,0,62332.4918762,220.8795571473408
4-Cylindrical Mixture,cylmix,aic,in sample,no noise,2d-low-ind,2,low,ind,4,0,54956.3063576,237.0679448164329
4-Cylindrical Mixture,cylmix,aic,in sample,no noise,2d-low-strong,2,low,strong,4,0,47056.23371760001,258.2359124072954
4-Cylindrical Mixture,cylmix,aic,in sample,no noise,2d-low-weak,2,low,weak,4,0,54435.3507283,236.7926145282345
4-Cylindrical Mixture,cylmix,aic,in sample,no noise,3d-high-ind,3,high,ind,4,0,89520.75099160001,242.4332327231188
4-Cylindrical Mixture,cylmix,aic,in sample,no noise,3d-high-strong,3,high,strong,4,0,81354.7938864,787.7540770956917
4-Cylindrical Mixture,cylmix,aic,in sample,no noise,3d-high-weak,3,high,weak,4,0,89546.24800519999,242.1648387389348
4-Cylindrical Mixture,cylmix,aic,in sample,no noise,3d-low-ind,3,low,ind,4,0,81299.08028699999,254.5062360235719
4-Cylindrical Mixture,cylmix,aic,in sample,no noise,3d-low-strong,3,low,strong,4,0,69050.3191345,270.8073919183333
4-Cylindrical Mixture,cylmix,aic,in sample,no noise,3d-low-weak,3,low,weak,4,0,80446.6972003,251.763228871688
4-Cylindrical Mixture,cylmix,aic,in sample,with noise,2d-high-ind,2,high,ind,4,0,62452.5360758,227.5370539278235
4-Cylindrical Mixture,cylmix,aic,in sample,with noise,2d-high-strong,2,high,strong,4,0,60032.2288542,226.7542814780103
4-Cylindrical Mixture,cylmix,aic,in sample,with noise,2d-high-weak,2,high,weak,4,0,62884.31432590001,224.089245802742
4-Cylindrical Mixture,cylmix,aic,in sample,with noise,2d-low-ind,2,low,ind,4,0,55458.3784346,236.4531276063759
4-Cylindrical Mixture,cylmix,aic,in sample,with noise,2d-low-strong,2,low,strong,4,0,48133.8604093,262.3285650978999
4-Cylindrical Mixture,cylmix,aic,in sample,with noise,2d-low-weak,2,low,weak,4,0,54970.3021659,239.2718949449483
4-Cylindrical Mixture,cylmix,aic,in sample,with noise,3d-high-ind,3,high,ind,4,0,90535.2773935,248.0061355937229
4-Cylindrical Mixture,cylmix,aic,in sample,with noise,3d-high-strong,3,high,strong,4,0,83495.6279535,585.2361344737058
4-Cylindrical Mixture,cylmix,aic,in sample,with noise,3d-high-weak,3,high,weak,4,0,90589.517423,248.4921867332755
4-Cylindrical Mixture,cylmix,aic,in sample,with noise,3d-low-ind,3,low,ind,4,0,82157.8781338,261.2798028519999
4-Cylindrical Mixture,cylmix,aic,in sample,with noise,3d-low-strong,3,low,strong,4,0,70861.2938725,286.6520910918349
4-Cylindrical Mixture,cylmix,aic,in sample,with noise,3d-low-weak,3,low,weak,4,0,81352.1400595,254.035826740528
4-Cylindrical Mixture,cylmix,aic,out of sample,no noise,2d-high-ind,2,high,ind,4,0,15581.4163815,96.79435238131744
4-Cylindrical Mixture,cylmix,aic,out of sample,no noise,2d-high-strong,2,high,strong,4,0,14775.4656486,103.5938312173915
4-Cylindrical Mixture,cylmix,aic,out of sample,no noise,2d-high-weak,2,high,weak,4,0,15677.9680448,104.5203795714876
4-Cylindrical Mixture,cylmix,aic,out of sample,no noise,2d-low-ind,2,low,ind,4,0,13836.8834293,103.820750238526
4-Cylindrical Mixture,cylmix,aic,out of sample,no noise,2d-low-strong,2,low,strong,4,0,11850.7391088,99.53391326125215
4-Cylindrical Mixture,cylmix,aic,out of sample,no noise,2d-low-weak,2,low,weak,4,0,13703.7908439,110.8630526082584
4-Cylindrical Mixture,cylmix,aic,out of sample,no noise,3d-high-ind,3,high,ind,4,0,22546.7302934,149.2293700406586
4-Cylindrical Mixture,cylmix,aic,out of sample,no noise,3d-high-strong,3,high,strong,4,0,20493.8717238,247.9036674595254
4-Cylindrical Mixture,cylmix,aic,out of sample,no noise,3d-high-weak,3,high,weak,4,0,22554.5836205,150.4808690139622
4-Cylindrical Mixture,cylmix,aic,out of sample,no noise,3d-low-ind,3,low,ind,4,0,20486.7802336,153.0637582174019
4-Cylindrical Mixture,cylmix,aic,out of sample,no noise,3d-low-strong,3,low,strong,4,0,17421.3876149,157.8831618146246
4-Cylindrical Mixture,cylmix,aic,out of sample,no noise,3d-low-weak,3,low,weak,4,0,20276.1336583,162.4273483076413
4-Cylindrical Mixture,cylmix,aic,out of sample,with noise,2d-high-ind,2,high,ind,4,0,15722.5254252,94.23631226418205
4-Cylindrical Mixture,cylmix,aic,out of sample,with noise,2d-high-strong,2,high,strong,4,0,15095.7077597,94.62879222643589
4-Cylindrical Mixture,cylmix,aic,out of sample,with noise,2d-high-weak,2,high,weak,4,0,15814.7113377,105.825921157308
4-Cylindrical Mixture,cylmix,aic,out of sample,with noise,2d-low-ind,2,low,ind,4,0,13965.1514153,105.2368177205219
4-Cylindrical Mixture,cylmix,aic,out of sample,with noise,2d-low-strong,2,low,strong,4,0,12120.076944,101.9273462851489
4-Cylindrical Mixture,cylmix,aic,out of sample,with noise,2d-low-weak,2,low,weak,4,0,13836.7234142,110.8933519527488
4-Cylindrical Mixture,cylmix,aic,out of sample,with noise,3d-high-ind,3,high,ind,4,0,22803.1609273,145.3368784385547
4-Cylindrical Mixture,cylmix,aic,out of sample,with noise,3d-high-strong,3,high,strong,4,0,21032.4529861,183.9443607028027
4-Cylindrical Mixture,cylmix,aic,out of sample,with noise,3d-high-weak,3,high,weak,4,0,22817.340301,147.747486114683
4-Cylindrical Mixture,cylmix,aic,out of sample,with noise,3d-low-ind,3,low,ind,4,0,20701.9545793,150.1293189125066
4-Cylindrical Mixture,cylmix,aic,out of sample,with noise,3d-low-strong,3,low,strong,4,0,17868.4367589,158.7482467001947
4-Cylindrical Mixture,cylmix,aic,out of sample,with noise,3d-low-weak,3,low,weak,4,0,20502.9632682,163.0017218974241
4-Cylindrical Mixture,cylmix,ari,in sample,no noise,2d-high-ind,2,high,ind,4,0,0.2579735,0.02494605097692688
4-Cylindrical Mixture,cylmix,ari,in sample,no noise,2d-high-strong,2,high,strong,4,0,0.7456085,0.04686330255125114
4-Cylindrical Mixture,cylmix,ari,in sample,no noise,2d-high-weak,2,high,weak,4,0,0.25741,0.02960226967137773
4-Cylindrical Mixture,cylmix,ari,in sample,no noise,2d-low-ind,2,low,ind,4,0,0.0188431,0.00426798670276156
4-Cylindrical Mixture,cylmix,ari,in sample,no noise,2d-low-strong,2,low,strong,4,0,0.031233,0.01688655890692866
4-Cylindrical Mixture,cylmix,ari,in sample,no noise,2d-low-weak,2,low,weak,4,0,0.0120918,0.007037945547910522
4-Cylindrical Mixture,cylmix,ari,in sample,no noise,3d-high-ind,3,high,ind,4,0,0.2874849,0.02905704363555219
4-Cylindrical Mixture,cylmix,ari,in sample,no noise,3d-high-strong,3,high,strong,4,0,0.6479281,0.1930593420660596
4-Cylindrical Mixture,cylmix,ari,in sample,no noise,3d-high-weak,3,high,weak,4,0,0.3233213,0.04120862593958069
4-Cylindrical Mixture,cylmix,ari,in sample,no noise,3d-low-ind,3,low,ind,4,0,0.0236928,0.003853881705763711
4-Cylindrical Mixture,cylmix,ari,in sample,no noise,3d-low-strong,3,low,strong,4,0,0.0594621,0.02808516935981866
4-Cylindrical Mixture,cylmix,ari,in sample,no noise,3d-low-weak,3,low,weak,4,0,0.006697499999999999,0.003493610726610923
4-Cylindrical Mixture,cylmix,ari,in sample,with noise,2d-high-ind,2,high,ind,4,0,0.247496,0.0234981026528277
4-Cylindrical Mixture,cylmix,ari,in sample,with noise,2d-high-strong,2,high,strong,4,0,0.7156935,0.02886185170057281
4-Cylindrical Mixture,cylmix,ari,in sample,with noise,2d-high-weak,2,high,weak,4,0,0.2475791,0.02519909887337846
4-Cylindrical Mixture,cylmix,ari,in sample,with noise,2d-low-ind,2,low,ind,4,0,0.0189429,0.003879295805877008
4-Cylindrical Mixture,cylmix,ari,in sample,with noise,2d-low-strong,2,low,strong,4,0,0.022183,0.01259992508395237
4-Cylindrical Mixture,cylmix,ari,in sample,with noise,2d-low-weak,2,low,weak,4,0,0.0121181,0.006914075337142106
4-Cylindrical Mixture,cylmix,ari,in sample,with noise,3d-high-ind,3,high,ind,4,0,0.2778683,0.02672140189628962
4-Cylindrical Mixture,cylmix,ari,in sample,with noise,3d-high-strong,3,high,strong,4,0,0.654298,0.1529677149537831
4-Cylindrical Mixture,cylmix,ari,in sample,with noise,3d-high-weak,3,high,weak,4,0,0.3092554,0.03488224066741982
4-Cylindrical Mixture,cylmix,ari,in sample,with noise,3d-low-ind,3,low,ind,4,0,0.0227686,0.003778257847690701
4-Cylindrical Mixture,cylmix,ari,in sample,with noise,3d-low-strong,3,low,strong,4,0,0.0430425,0.02664688199301177
4-Cylindrical Mixture,cylmix,ari,in sample,with noise,3d-low-weak,3,low,weak,4,0,0.0066274,0.003934872225923407
4-Cylindrical Mixture,cylmix,ari,out of sample,no noise,2d-high-ind,2,high,ind,4,0,0.2576072,0.025516114024457
4-Cylindrical Mixture,cylmix,ari,out of sample,no noise,2d-high-strong,2,high,strong,4,0,0.748032,0.04675866742966463
4-Cylindrical Mixture,cylmix,ari,out of sample,no noise,2d-high-weak,2,high,weak,4,0,0.2594546,0.03055512106130013
4-Cylindrical Mixture,cylmix,ari,out of sample,no noise,2d-low-ind,2,low,ind,4,0,0.019336,0.006022375114537622
4-Cylindrical Mixture,cylmix,ari,out of sample,no noise,2d-low-strong,2,low,strong,4,0,0.0314638,0.01625404576085472
4-Cylindrical Mixture,cylmix,ari,out of sample,no noise,2d-low-weak,2,low,weak,4,0,0.0117603,0.007732282511547534
4-Cylindrical Mixture,cylmix,ari,out of sample,no noise,3d-high-ind,3,high,ind,4,0,0.2901619,0.03026040476189198
4-Cylindrical Mixture,cylmix,ari,out of sample,no noise,3d-high-strong,3,high,strong,4,0,0.6496335000000001,0.1931395195888718
4-Cylindrical Mixture,cylmix,ari,out of sample,no noise,3d-high-weak,3,high,weak,4,0,0.3262742,0.04254839714200213
4-Cylindrical Mixture,cylmix,ari,out of sample,no noise,3d-low-ind,3,low,ind,4,0,0.0237431,0.004705093456494083
4-Cylindrical Mixture,cylmix,ari,out of sample,no noise,3d-low-strong,3,low,strong,4,0,0.059558,0.02762421251677081
4-Cylindrical Mixture,cylmix,ari,out of sample,no noise,3d-low-weak,3,low,weak,4,0,0.0061519,0.003490020895135852
4-Cylindrical Mixture,cylmix,ari,out of sample,with noise,2d-high-ind,2,high,ind,4,0,0.247975,0.02620227792934936
4-Cylindrical Mixture,cylmix,ari,out of sample,with noise,2d-high-strong,2,high,strong,4,0,0.7178338,0.03155432717064204
4-Cylindrical Mixture,cylmix,ari,out of sample,with noise,2d-high-weak,2,high,weak,4,0,0.2495347,0.02465882711027728
4-Cylindrical Mixture,cylmix,ari,out of sample,with noise,2d-low-ind,2,low,ind,4,0,0.0192004,0.005054731740626496
4-Cylindrical Mixture,cylmix,ari,out of sample,with noise,2d-low-strong,2,low,strong,4,0,0.0227303,0.01259605264887907
4-Cylindrical Mixture,cylmix,ari,out of sample,with noise,2d-low-weak,2,low,weak,4,0,0.011901,0.007369148560386778
4-Cylindrical Mixture,cylmix,ari,out of sample,with noise,3d-high-ind,3,high,ind,4,0,0.2802139,0.02989392880813525
4-Cylindrical Mixture,cylmix,ari,out of sample,with noise,3d-high-strong,3,high,strong,4,0,0.6568979,0.1543293104279341
4-Cylindrical Mixture,cylmix,ari,out of sample,with noise,3d-high-weak,3,high,weak,4,0,0.3112908,0.03359475848005657
4-Cylindrical Mixture,cylmix,ari,out of sample,with noise,3d-low-ind,3,low,ind,4,0,0.0226316,0.004755466332590742
4-Cylindrical Mixture,cylmix,ari,out of sample,with noise,3d-low-strong,3,low,strong,4,0,0.0425674,0.02626964667836362
4-Cylindrical Mixture,cylmix,ari,out of sample,with noise,3d-low-weak,3,low,weak,4,0,0.0062774,0.003873124080301861
4-Cylindrical Mixture,cylmix,avg_ll,in sample,no noise,2d-high-ind,2,high,ind,4,0,-3.8627356,0.01420623567168997
4-Cylindrical Mixture,cylmix,avg_ll,in sample,no noise,2d-high-strong,2,high,strong,4,0,-3.6648935,0.01602852314759316
4-Cylindrical Mixture,cylmix,avg_ll,in sample,no noise,2d-high-weak,2,high,weak,4,0,-3.889905,0.01380526685469329
4-Cylindrical Mixture,cylmix,avg_ll,in sample,no noise,2d-low-ind,2,low,ind,4,0,-3.4288946,0.01481667818249536
4-Cylindrical Mixture,cylmix,avg_ll,in sample,no noise,2d-low-strong,2,low,strong,4,0,-2.9351398,0.01614018486995634
4-Cylindrical Mixture,cylmix,avg_ll,in sample,no noise,2d-low-weak,2,low,weak,4,0,-3.3963341,0.01479967281203992
4-Cylindrical Mixture,cylmix,avg_ll,in sample,no noise,3d-high-ind,3,high,ind,4,0,-5.5841719,0.01515246672554293
4-Cylindrical Mixture,cylmix,avg_ll,in sample,no noise,3d-high-strong,3,high,strong,4,0,-5.0737996,0.04923437166628359
4-Cylindrical Mixture,cylmix,avg_ll,in sample,no noise,3d-high-weak,3,high,weak,4,0,-5.5857657,0.0151354837115243
4-Cylindrical Mixture,cylmix,avg_ll,in sample,no noise,3d-low-ind,3,low,ind,4,0,-5.070317800000001,0.01590691302483911
4-Cylindrical Mixture,cylmix,avg_ll,in sample,no noise,3d-low-strong,3,low,strong,4,0,-4.3047702,0.01692537703681631
4-Cylindrical Mixture,cylmix,avg_ll,in sample,no noise,3d-low-weak,3,low,weak,4,0,-5.0170439,0.01573529083193744
4-Cylindrical Mixture,cylmix,avg_ll,in sample,with noise,2d-high-ind,2,high,ind,4,0,-3.897409,0.01422170630771956
4-Cylindrical Mixture,cylmix,avg_ll,in sample,with noise,2d-high-strong,2,high,strong,4,0,-3.7461391,0.01417177199238123
4-Cylindrical Mixture,cylmix,avg_ll,in sample,with noise,2d-high-weak,2,high,weak,4,0,-3.9243943,0.01400592574843611
4-Cylindrical Mixture,cylmix,avg_ll,in sample,with noise,2d-low-ind,2,low,ind,4,0,-3.4602735,0.01477813258763702
4-Cylindrical Mixture,cylmix,avg_ll,in sample,with noise,2d-low-strong,2,low,strong,4,0,-3.0024913,0.01639534053389015
4-Cylindrical Mixture,cylmix,avg_ll,in sample,with noise,2d-low-weak,2,low,weak,4,0,-3.429769,0.0149547417229452
4-Cylindrical Mixture,cylmix,avg_ll,in sample,with noise,3d-high-ind,3,high,ind,4,0,-5.6475797,0.01550081897184729
4-Cylindrical Mixture,cylmix,avg_ll,in sample,with noise,3d-high-strong,3,high,strong,4,0,-5.2076016,0.03657756578322642
4-Cylindrical Mixture,cylmix,avg_ll,in sample,with noise,3d-high-weak,3,high,weak,4,0,-5.6509694,0.01553074349719804
4-Cylindrical Mixture,cylmix,avg_ll,in sample,with noise,3d-low-ind,3,low,ind,4,0,-5.1239922,0.01632976940585773
4-Cylindrical Mixture,cylmix,avg_ll,in sample,with noise,3d-low-strong,3,low,strong,4,0,-4.4179558,0.017915725735969
4-Cylindrical Mixture,cylmix,avg_ll,in sample,with noise,3d-low-weak,3,low,weak,4,0,-5.0736341,0.01587750483507658
4-Cylindrical Mixture,cylmix,avg_ll,out of sample,no noise,2d-high-ind,2,high,ind,4,0,-3.871854,0.02419867092936044
4-Cylindrical Mixture,cylmix,avg_ll,out of sample,no noise,2d-high-strong,2,high,strong,4,0,-3.6703663,0.02589855234263958
4-Cylindrical Mixture,cylmix,avg_ll,out of sample,no noise,2d-high-weak,2,high,weak,4,0,-3.895992,0.0261295751781368
4-Cylindrical Mixture,cylmix,avg_ll,out of sample,no noise,2d-low-ind,2,low,ind,4,0,-3.4357209,0.02595503513148787
4-Cylindrical Mixture,cylmix,avg_ll,out of sample,no noise,2d-low-strong,2,low,strong,4,0,-2.9391844,0.02488384301249918
4-Cylindrical Mixture,cylmix,avg_ll,out of sample,no noise,2d-low-weak,2,low,weak,4,0,-3.4024474,0.02771645303658624
4-Cylindrical Mixture,cylmix,avg_ll,out of sample,no noise,3d-high-ind,3,high,ind,4,0,-5.5931829,0.03730732311720741
4-Cylindrical Mixture,cylmix,avg_ll,out of sample,no noise,3d-high-strong,3,high,strong,4,0,-5.079968,0.06197603487631247
4-Cylindrical Mixture,cylmix,avg_ll,out of sample,no noise,3d-high-weak,3,high,weak,4,0,-5.595145599999999,0.03762028961272688
4-Cylindrical Mixture,cylmix,avg_ll,out of sample,no noise,3d-low-ind,3,low,ind,4,0,-5.0781949,0.03826629422516983
4-Cylindrical Mixture,cylmix,avg_ll,out of sample,no noise,3d-low-strong,3,low,strong,4,0,-4.3118467,0.03947041631079506
4-Cylindrical Mixture,cylmix,avg_ll,out of sample,no noise,3d-low-weak,3,low,weak,4,0,-5.0255334,0.04060726101215262
4-Cylindrical Mixture,cylmix,avg_ll,out of sample,with noise,2d-high-ind,2,high,ind,4,0,-3.9071312,0.02355881933039977
4-Cylindrical Mixture,cylmix,avg_ll,out of sample,with noise,2d-high-strong,2,high,strong,4,0,-3.7504272,0.0236568645548318
4-Cylindrical Mixture,cylmix,avg_ll,out of sample,with noise,2d-high-weak,2,high,weak,4,0,-3.9301781,0.02645645970249796
4-Cylindrical Mixture,cylmix,avg_ll,out of sample,with noise,2d-low-ind,2,low,ind,4,0,-3.4677874,0.02630945256332445
4-Cylindrical Mixture,cylmix,avg_ll,out of sample,with noise,2d-low-strong,2,low,strong,4,0,-3.0065194,0.02548162514123425
4-Cylindrical Mixture,cylmix,avg_ll,out of sample,with noise,2d-low-weak,2,low,weak,4,0,-3.4356806,0.02772346895591338
4-Cylindrical Mixture,cylmix,avg_ll,out of sample,with noise,3d-high-ind,3,high,ind,4,0,-5.6572902,0.03633445803041015
4-Cylindrical Mixture,cylmix,avg_ll,out of sample,with noise,3d-high-strong,3,high,strong,4,0,-5.2146132,0.04598594119550412
4-Cylindrical Mixture,cylmix,avg_ll,out of sample,with noise,3d-high-weak,3,high,weak,4,0,-5.660834700000001,0.03693671939010042
4-Cylindrical Mixture,cylmix,avg_ll,out of sample,with noise,3d-low-ind,3,low,ind,4,0,-5.1319886,0.03753247517776695
4-Cylindrical Mixture,cylmix,avg_ll,out of sample,with noise,3d-low-strong,3,low,strong,4,0,-4.4236091,0.03968700316720756
4-Cylindrical Mixture,cylmix,avg_ll,out of sample,with noise,3d-low-weak,3,low,weak,4,0,-5.0822411,0.04075031357368358
4-Cylindrical Mixture,cylmix,bic,in sample,no noise,2d-high-ind,2,high,ind,4,0,62226.16244389999,227.302911580643
4-Cylindrical Mixture,cylmix,bic,in sample,no noise,2d-high-strong,2,high,strong,4,0,59060.698964,256.4551785851628
4-Cylindrical Mixture,cylmix,bic,in sample,no noise,2d-high-weak,2,high,weak,4,0,62660.8901268,220.8795571834514
4-Cylindrical Mixture,cylmix,bic,in sample,no noise,2d-low-ind,2,low,ind,4,0,55284.7046081,237.0679442547693
4-Cylindrical Mixture,cylmix,bic,in sample,no noise,2d-low-strong,2,low,strong,4,0,47384.6319686,258.2359124306372
4-Cylindrical Mixture,cylmix,bic,in sample,no noise,2d-low-weak,2,low,weak,4,0,54763.7489787,236.7926147224534
4-Cylindrical Mixture,cylmix,bic,in sample,no noise,3d-high-ind,3,high,ind,4,0,90128.63711449999,242.433232857258
4-Cylindrical Mixture,cylmix,bic,in sample,no noise,3d-high-strong,3,high,strong,4,0,81962.6800099,787.7540782111041
4-Cylindrical Mixture,cylmix,bic,in sample,no noise,3d-high-weak,3,high,weak,4,0,90154.1341285,242.1648387312533
4-Cylindrical Mixture,cylmix,bic,in sample,no noise,3d-low-ind,3,low,ind,4,0,81906.9664113,254.5062362183263
4-Cylindrical Mixture,cylmix,bic,in sample,no noise,3d-low-strong,3,low,strong,4,0,69658.2052574,270.8073920449532
4-Cylindrical Mixture,cylmix,bic,in sample,no noise,3d-low-weak,3,low,weak,4,0,81054.5833233,251.7632297143221
4-Cylindrical Mixture,cylmix,bic,in sample,with noise,2d-high-ind,2,high,ind,4,0,62780.9343263,227.5370541848279
4-Cylindrical Mixture,cylmix,bic,in sample,with noise,2d-high-strong,2,high,strong,4,0,60360.6271047,226.7542814104229
4-Cylindrical Mixture,cylmix,bic,in sample,with noise,2d-high-weak,2,high,weak,4,0,63212.7125768,224.0892458619356
4-Cylindrical Mixture,cylmix,bic,in sample,with noise,2d-low-ind,2,low,ind,4,0,55786.7766852,236.4531278050745
4-Cylindrical Mixture,cylmix,bic,in sample,with noise,2d-low-strong,2,low,strong,4,0,48462.25865980001,262.328565107001
4-Cylindrical Mixture,cylmix,bic,in sample,with noise,2d-low-weak,2,low,weak,4,0,55298.7004164,239.2718946697406
4-Cylindrical Mixture,cylmix,bic,in sample,with noise,3d-high-ind,3,high,ind,4,0,91143.16351700001,248.0061352276758
4-Cylindrical Mixture,cylmix,bic,in sample,with noise,3d-high-strong,3,high,strong,4,0,84103.5140777,585.2361350727406
4-Cylindrical Mixture,cylmix,bic,in sample,with noise,3d-high-weak,3,high,weak,4,0,91197.4035455,248.4921857745557
4-Cylindrical Mixture,cylmix,bic,in sample,with noise,3d-low-ind,3,low,ind,4,0,82765.7642575,261.2798029052104
4-Cylindrical Mixture,cylmix,bic,in sample,with noise,3d-low-strong,3,low,strong,4,0,71469.1799956,286.6520910782423
4-Cylindrical Mixture,cylmix,bic,in sample,with noise,3d-low-weak,3,low,weak,4,0,81960.0261823,254.0358264151268
4-Cylindrical Mixture,cylmix,bic,out of sample,no noise,2d-high-ind,2,high,ind,4,0,15844.6587973,96.79435257769134
4-Cylindrical Mixture,cylmix,bic,out of sample,no noise,2d-high-strong,2,high,strong,4,0,15038.7080643,103.5938313329611
4-Cylindrical Mixture,cylmix,bic,out of sample,no noise,2d-high-weak,2,high,weak,4,0,15941.2104598,104.5203799770129
4-Cylindrical Mixture,cylmix,bic,out of sample,no noise,2d-low-ind,2,low,ind,4,0,14100.1258442,103.8207508779005
4-Cylindrical Mixture,cylmix,bic,out of sample,no noise,2d-low-strong,2,low,strong,4,0,12113.981524,99.53391290174837
4-Cylindrical Mixture,cylmix,bic,out of sample,no noise,2d-low-weak,2,low,weak,4,0,13967.0332588,110.8630522822758
4-Cylindrical Mixture,cylmix,bic,out of sample,no noise,3d-high-ind,3,high,ind,4,0,23034.0088073,149.2293703201364
4-Cylindrical Mixture,cylmix,bic,out of sample,no noise,3d-high-strong,3,high,strong,4,0,20981.1502375,247.9036673375918
4-Cylindrical Mixture,cylmix,bic,out of sample,no noise,3d-high-weak,3,high,weak,4,0,23041.8621339,150.4808685583211
4-Cylindrical Mixture,cylmix,bic,out of sample,no noise,3d-low-ind,3,low,ind,4,0,20974.0587473,153.0637570575667
4-Cylindrical Mixture,cylmix,bic,out of sample,no noise,3d-low-strong,3,low,strong,4,0,17908.6661282,157.8831626975119
4-Cylindrical Mixture,cylmix,bic,out of sample,no noise,3d-low-weak,3,low,weak,4,0,20763.412171,162.4273487227779
4-Cylindrical Mixture,cylmix,bic,out of sample,with noise,2d-high-ind,2,high,ind,4,0,15985.767841,94.23631176872117
4-Cylindrical Mixture,cylmix,bic,out of sample,with noise,2d-high-strong,2,high,strong,4,0,15358.9501754,94.62879240295146
4-Cylindrical Mixture,cylmix,bic,out of sample,with noise,2d-high-weak,2,high,weak,4,0,16077.9537537,105.8259214343367
4-Cylindrical Mixture,cylmix,bic,out of sample,with noise,2d-low-ind,2,low,ind,4,0,14228.3938302,105.236817929258
4-Cylindrical Mixture,cylmix,bic,out of sample,with noise,2d-low-strong,2,low,strong,4,0,12383.3193597,101.9273459516539
4-Cylindrical Mixture,cylmix,bic,out of sample,with noise,2d-low-weak,2,low,weak,4,0,14099.9658301,110.8933521921569
4-Cylindrical Mixture,cylmix,bic,out of sample,with noise,3d-high-ind,3,high,ind,4,0,23290.439441,145.3368787539578
4-Cylindrical Mixture,cylmix,bic,out of sample,with noise,3d-high-strong,3,high,strong,4,0,21519.7315006,183.9443611490603
4-Cylindrical Mixture,cylmix,bic,out of sample,with noise,3d-high-weak,3,high,weak,4,0,23304.6188147,147.7474861113273
4-Cylindrical Mixture,cylmix,bic,out of sample,with noise,3d-low-ind,3,low,ind,4,0,21189.2330934,150.1293201246201
4-Cylindrical Mixture,cylmix,bic,out of sample,with noise,3d-low-strong,3,low,strong,4,0,18355.7152729,158.748246682019
4-Cylindrical Mixture,cylmix,bic,out of sample,with noise,3d-low-weak,3,low,weak,4,0,20990.2417824,163.0017228629564
4-Cylindrical Mixture,cylmix,em_iters,training,no noise,2d-high-ind,2,high,ind,4,0,31.84,3.765124382561831
4-Cylindrical Mixture,cylmix,em_iters,training,no noise,2d-high-strong,2,high,strong,4,0,67.4,13.85567746376184
4-Cylindrical Mixture,cylmix,em_iters,training,no noise,2d-high-weak,2,high,weak,4,0,34.36,5.164994841930794
4-Cylindrical Mixture,cylmix,em_iters,training,no noise,2d-low-ind,2,low,ind,4,0,31.29,2.618099395447859
4-Cylindrical Mixture,cylmix,em_iters,training,no noise,2d-low-strong,2,low,strong,4,0,51.25,16.36106180644591
4-Cylindrical Mixture,cylmix,em_iters,training,no noise,2d-low-weak,2,low,weak,4,0,31.31,2.838035314164439
4-Cylindrical Mixture,cylmix,em_iters,training,no noise,3d-high-ind,3,high,ind,4,0,28.4,4.550502247782184
4-Cylindrical Mixture,cylmix,em_iters,training,no noise,3d-high-strong,3,high,strong,4,0,55.54,21.98963024663758
4-Cylindrical Mixture,cylmix,em_iters,training,no noise,3d-high-weak,3,high,weak,4,0,33.57,8.876543826458041
4-Cylindrical Mixture,cylmix,em_iters,training,no noise,3d-low-ind,3,low,ind,4,0,28.4,4.921607686744468
4-Cylindrical Mixture,cylmix,em_iters,training,no noise,3d-low-strong,3,low,strong,4,0,68.32,15.90812002809518
4-Cylindrical Mixture,cylmix,em_iters,training,no noise,3d-low-weak,3,low,weak,4,0,28.95,4.654475417718031
4-Cylindrical Mixture,cylmix,em_iters,training,with noise,2d-high-ind,2,high,ind,4,0,31.68,3.165087325458458
4-Cylindrical Mixture,cylmix,em_iters,training,with noise,2d-high-strong,2,high,strong,4,0,76.62,21.50723627343161
4-Cylindrical Mixture,cylmix,em_iters,training,with noise,2d-high-weak,2,high,weak,4,0,33.88,5.407215530934549
4-Cylindrical Mixture,cylmix,em_iters,training,with noise,2d-low-ind,2,low,ind,4,0,31.02,2.46174775722494
4-Cylindrical Mixture,cylmix,em_iters,training,with noise,2d-low-strong,2,low,strong,4,0,47.25,14.0535591667209
4-Cylindrical Mixture,cylmix,em_iters,training,with noise,2d-low-weak,2,low,weak,4,0,31.13,2.642523281435623
4-Cylindrical Mixture,cylmix,em_iters,training,with noise,3d-high-ind,3,high,ind,4,0,28.5,4.093601807403324
4-Cylindrical Mixture,cylmix,em_iters,training,with noise,3d-high-strong,3,high,strong,4,0,65.83,20.84820317815364
4-Cylindrical Mixture,cylmix,em_iters,training,with noise,3d-high-weak,3,high,weak,4,0,31.82,5.612720041354836
4-Cylindrical Mixture,cylmix,em_iters,training,with noise,3d-low-ind,3,low,ind,4,0,28.04,4.980608863027155
4-Cylindrical Mixture,cylmix,em_iters,training,with noise,3d-low-strong,3,low,strong,4,0,66.27,15.48857839203007
4-Cylindrical Mixture,cylmix,em_iters,training,with noise,3d-low-weak,3,low,weak,4,0,28.62,5.348047883257606
4-Cylindrical Mixture,cylmix,gmpd,in sample,no noise,2d-high-ind,2,high,ind,4,0,0.0210127,0.0002976468485716695
4-Cylindrical Mixture,cylmix,gmpd,in sample,no noise,2d-high-strong,2,high,strong,4,0,0.0256103,0.0004071022381702568
4-Cylindrical Mixture,cylmix,gmpd,in sample,no noise,2d-high-weak,2,high,weak,4,0,0.0204495,0.0002817921542233181
4-Cylindrical Mixture,cylmix,gmpd,in sample,no noise,2d-low-ind,2,low,ind,4,0,0.0324265,0.0004792531542500125
4-Cylindrical Mixture,cylmix,gmpd,in sample,no noise,2d-low-strong,2,low,strong,4,0,0.05313030000000001,0.0008574020602548681
4-Cylindrical Mixture,cylmix,gmpd,in sample,no noise,2d-low-weak,2,low,weak,4,0,0.0334994,0.0004947294332473182
4-Cylindrical Mixture,cylmix,gmpd,in sample,no noise,3d-high-ind,3,high,ind,4,0,0.0037572,5.690821956928059e-05
4-Cylindrical Mixture,cylmix,gmpd,in sample,no noise,3d-high-strong,3,high,strong,4,0,0.0062658,0.0003027022406006378
4-Cylindrical Mixture,cylmix,gmpd,in sample,no noise,3d-high-weak,3,high,weak,4,0,0.0037508,5.638396505347521e-05
4-Cylindrical Mixture,cylmix,gmpd,in sample,no noise,3d-low-ind,3,low,ind,4,0,0.0062815,0.0001001753513100953
4-Cylindrical Mixture,cylmix,gmpd,in sample,no noise,3d-low-strong,3,low,strong,4,0,0.0135065,0.0002284748510794075
4-Cylindrical Mixture,cylmix,gmpd,in sample,no noise,3d-low-weak,3,low,weak,4,0,0.0066247,0.0001042961498267642
4-Cylindrical Mixture,cylmix,gmpd,in sample,with noise,2d-high-ind,2,high,ind,4,0,0.0202963,0.0002878399351772234
4-Cylindrical Mixture,cylmix,gmpd,in sample,with noise,2d-high-strong,2,high,strong,4,0,0.0236112,0.0003339487651987616
4-Cylindrical Mixture,cylmix,gmpd,in sample,with noise,2d-high-weak,2,high,weak,4,0,0.019756,0.0002764712709059727
4-Cylindrical Mixture,cylmix,gmpd,in sample,with noise,2d-low-ind,2,low,ind,4,0,0.0314247,0.0004625542938374641
4-Cylindrical Mixture,cylmix,gmpd,in sample,with noise,2d-low-strong,2,low,strong,4,0,0.0496694,0.0008146906458802929
4-Cylindrical Mixture,cylmix,gmpd,in sample,with noise,2d-low-weak,2,low,weak,4,0,0.0323978,0.0004836594093392834
4-Cylindrical Mixture,cylmix,gmpd,in sample,with noise,3d-high-ind,3,high,ind,4,0,0.0035266,5.483160630972843e-05
4-Cylindrical Mixture,cylmix,gmpd,in sample,with noise,3d-high-strong,3,high,strong,4,0,0.0054787,0.0001970830466395504
4-Cylindrical Mixture,cylmix,gmpd,in sample,with noise,3d-high-weak,3,high,weak,4,0,0.0035152,5.416920739961991e-05
4-Cylindrical Mixture,cylmix,gmpd,in sample,with noise,3d-low-ind,3,low,ind,4,0,0.0059533,9.691248785904892e-05
4-Cylindrical Mixture,cylmix,gmpd,in sample,with noise,3d-low-strong,3,low,strong,4,0,0.0120609,0.0002162774826350386
4-Cylindrical Mixture,cylmix,gmpd,in sample,with noise,3d-low-weak,3,low,weak,4,0,0.0062604,9.902473928215613e-05
4-Cylindrical Mixture,cylmix,gmpd,out of sample,no noise,2d-high-ind,2,high,ind,4,0,0.0208259,0.0005049574339496455
4-Cylindrical Mixture,cylmix,gmpd,out of sample,no noise,2d-high-strong,2,high,strong,4,0,0.0254759,0.000655881079082931
4-Cylindrical Mixture,cylmix,gmpd,out of sample,no noise,2d-high-weak,2,high,weak,4,0,0.0203304,0.0005332631014363695
4-Cylindrical Mixture,cylmix,gmpd,out of sample,no noise,2d-low-ind,2,low,ind,4,0,0.0322131,0.0008395870738318059
4-Cylindrical Mixture,cylmix,gmpd,out of sample,no noise,2d-low-strong,2,low,strong,4,0,0.0529252,0.001319182850835847
4-Cylindrical Mixture,cylmix,gmpd,out of sample,no noise,2d-low-weak,2,low,weak,4,0,0.0333043,0.0009282472404450972
4-Cylindrical Mixture,cylmix,gmpd,out of sample,no noise,3d-high-ind,3,high,ind,4,0,0.0037258,0.0001389802689287769
4-Cylindrical Mixture,cylmix,gmpd,out of sample,no noise,3d-high-strong,3,high,strong,4,0,0.0062316,0.0003840946852961225
4-Cylindrical Mixture,cylmix,gmpd,out of sample,no noise,3d-high-weak,3,high,weak,4,0,0.0037184,0.0001404733699914958
4-Cylindrical Mixture,cylmix,gmpd,out of sample,no noise,3d-low-ind,3,low,ind,4,0,0.0062359,0.0002389754858312519
4-Cylindrical Mixture,cylmix,gmpd,out of sample,no noise,3d-low-strong,3,low,strong,4,0,0.0134191,0.0005317288269922417
4-Cylindrical Mixture,cylmix,gmpd,out of sample,no noise,3d-low-weak,3,low,weak,4,0,0.0065744,0.0002671863118734289
4-Cylindrical Mixture,cylmix,gmpd,out of sample,with noise,2d-high-ind,2,high,ind,4,0,0.0201036,0.0004760729932998671
4-Cylindrical Mixture,cylmix,gmpd,out of sample,with noise,2d-high-strong,2,high,strong,4,0,0.023514,0.0005566022463178355
4-Cylindrical Mixture,cylmix,gmpd,out of sample,with noise,2d-high-weak,2,high,weak,4,0,0.0196473,0.0005212937577011464
4-Cylindrical Mixture,cylmix,gmpd,out of sample,with noise,2d-low-ind,2,low,ind,4,0,0.0311964,0.0008249193655115385
4-Cylindrical Mixture,cylmix,gmpd,out of sample,with noise,2d-low-strong,2,low,strong,4,0,0.0494795,0.001262435016829449
4-Cylindrical Mixture,cylmix,gmpd,out of sample,with noise,2d-low-weak,2,low,weak,4,0,0.0322161,0.0008953943829453603
4-Cylindrical Mixture,cylmix,gmpd,out of sample,with noise,3d-high-ind,3,high,ind,4,0,0.0034946,0.0001269965401580737
4-Cylindrical Mixture,cylmix,gmpd,out of sample,with noise,3d-high-strong,3,high,strong,4,0,0.0054426,0.0002514226993279917
4-Cylindrical Mixture,cylmix,gmpd,out of sample,with noise,3d-high-weak,3,high,weak,4,0,0.0034821,0.0001290078300027568
4-Cylindrical Mixture,cylmix,gmpd,out of sample,with noise,3d-low-ind,3,low,ind,4,0,0.0059088,0.0002224622542038414
4-Cylindrical Mixture,cylmix,gmpd,out of sample,with noise,3d-low-strong,3,low,strong,4,0,0.012,0.0004780431492294944
4-Cylindrical Mixture,cylmix,gmpd,out of sample,with noise,3d-low-weak,3,low,weak,4,0,0.006211,0.0002536102951738785
4-Cylindrical Mixture,cylmix,training_time,training,no noise,2d-high-ind,2,high,ind,4,0,630.7589,53.92730793579464
4-Cylindrical Mixture,cylmix,training_time,training,no noise,2d-high-strong,2,high,strong,4,0,1005.8074,156.08143877651
4-Cylindrical Mixture,cylmix,training_time,training,no noise,2d-high-weak,2,high,weak,4,0,658.0882,64.33374567900512
4-Cylindrical Mixture,cylmix,training_time,training,no noise,2d-low-ind,2,low,ind,4,0,623.4141999999999,51.38948931916768
4-Cylindrical Mixture,cylmix,training_time,training,no noise,2d-low-strong,2,low,strong,4,0,836.727,174.2060214808949
4-Cylindrical Mixture,cylmix,training_time,training,no noise,2d-low-weak,2,low,weak,4,0,633.9173000000001,99.66862910660456
4-Cylindrical Mixture,cylmix,training_time,training,no noise,3d-high-ind,3,high,ind,4,0,678.0453,67.99253912508904
4-Cylindrical Mixture,cylmix,training_time,training,no noise,3d-high-strong,3,high,strong,4,0,1015.1231,277.353900277937
4-Cylindrical Mixture,cylmix,training_time,training,no noise,3d-high-weak,3,high,weak,4,0,748.8356,130.4810287717465
4-Cylindrical Mixture,cylmix,training_time,training,no noise,3d-low-ind,3,low,ind,4,0,677.8439999999999,67.53446588837646
4-Cylindrical Mixture,cylmix,training_time,training,no noise,3d-low-strong,3,low,strong,4,0,1183.2941,205.1112107416586
4-Cylindrical Mixture,cylmix,training_time,training,no noise,3d-low-weak,3,low,weak,4,0,686.1114,70.33175393918181
4-Cylindrical Mixture,cylmix,training_time,training,with noise,2d-high-ind,2,high,ind,4,0,628.0439,53.93277611232169
4-Cylindrical Mixture,cylmix,training_time,training,with noise,2d-high-strong,2,high,strong,4,0,1107.0653,230.8064449122693
4-Cylindrical Mixture,cylmix,training_time,training,with noise,2d-high-weak,2,high,weak,4,0,658.1492,71.22001321385599
4-Cylindrical Mixture,cylmix,training_time,training,with noise,2d-low-ind,2,low,ind,4,0,615.1547,42.43984699595893
4-Cylindrical Mixture,cylmix,training_time,training,with noise,2d-low-strong,2,low,strong,4,0,795.1257,159.503678829396
4-Cylindrical Mixture,cylmix,training_time,training,with noise,2d-low-weak,2,low,weak,4,0,622.0147000000001,47.92205391491733
4-Cylindrical Mixture,cylmix,training_time,training,with noise,3d-high-ind,3,high,ind,4,0,681.3986,73.34123245363539
4-Cylindrical Mixture,cylmix,training_time,training,with noise,3d-high-strong,3,high,strong,4,0,1155.1569,270.747520002054
4-Cylindrical Mixture,cylmix,training_time,training,with noise,3d-high-weak,3,high,weak,4,0,721.2242,83.54792594467298
4-Cylindrical Mixture,cylmix,training_time,training,with noise,3d-low-ind,3,low,ind,4,0,672.2755999999999,73.96801736267952
4-Cylindrical Mixture,cylmix,training_time,training,with noise,3d-low-strong,3,low,strong,4,0,1151.6551,201.8952945129097
4-Cylindrical Mixture,cylmix,training_time,training,with noise,3d-low-weak,3,low,weak,4,0,678.2146,80.0399921430695
4-Independent Cylindrical Mixture,indcylmix,aic,in sample,no noise,2d-high-ind,2,high,ind,4,0,61905.409816,227.8839442099737
4-Independent Cylindrical Mixture,indcylmix,aic,in sample,no noise,2d-high-strong,2,high,strong,4,0,61732.0064068,220.5990205433902
4-Independent Cylindrical Mixture,indcylmix,aic,in sample,no noise,2d-high-weak,2,high,weak,4,0,62415.3437936,223.06983087023
4-Independent Cylindrical Mixture,indcylmix,aic,in sample,no noise,2d-low-ind,2,low,ind,4,0,54935.730257,237.4758403188729
4-Independent Cylindrical Mixture,indcylmix,aic,in sample,no noise,2d-low-strong,2,low,strong,4,0,48450.19263229999,355.7700925780719
4-Independent Cylindrical Mixture,indcylmix,aic,in sample,no noise,2d-low-weak,2,low,weak,4,0,54483.0132825,239.8917284240132
4-Independent Cylindrical Mixture,indcylmix,aic,in sample,no noise,3d-high-ind,3,high,ind,4,0,89509.825376,241.787690866213
4-Independent Cylindrical Mixture,indcylmix,aic,in sample,no noise,3d-high-strong,3,high,strong,4,0,87899.1410076,285.6332003645344
4-Independent Cylindrical Mixture,indcylmix,aic,in sample,no noise,3d-high-weak,3,high,weak,4,0,89955.07282369999,251.7036433400068
4-Independent Cylindrical Mixture,indcylmix,aic,in sample,no noise,3d-low-ind,3,low,ind,4,0,81258.21101859999,256.2455574753365
4-Independent Cylindrical Mixture,indcylmix,aic,in sample,no noise,3d-low-strong,3,low,strong,4,0,74726.5387595,316.8601754988945
4-Independent Cylindrical Mixture,indcylmix,aic,in sample,no noise,3d-low-weak,3,low,weak,4,0,80612.0328429,254.4106964041533
4-Independent Cylindrical Mixture,indcylmix,aic,in sample,with noise,2d-high-ind,2,high,ind,4,0,62455.8281328,227.9990857446273
4-Independent Cylindrical Mixture,indcylmix,aic,in sample,with noise,2d-high-strong,2,high,strong,4,0,62317.0120308,227.1735389627644
4-Independent Cylindrical Mixture,indcylmix,aic,in sample,with noise,2d-high-weak,2,high,weak,4,0,62960.8869852,226.5474194671706
4-Independent Cylindrical Mixture,indcylmix,aic,in sample,with noise,2d-low-ind,2,low,ind,4,0,55438.055948,237.0420554074162
4-Independent Cylindrical Mixture,indcylmix,aic,in sample,with noise,2d-low-strong,2,low,strong,4,0,49309.97018899999,294.2800181495406
4-Independent Cylindrical Mixture,indcylmix,aic,in sample,with noise,2d-low-weak,2,low,weak,4,0,55014.9899409,242.7918749845439
4-Independent Cylindrical Mixture,indcylmix,aic,in sample,with noise,3d-high-ind,3,high,ind,4,0,90521.9640408,248.364984764525
4-Independent Cylindrical Mixture,indcylmix,aic,in sample,with noise,3d-high-strong,3,high,strong,4,0,89043.1763813,294.0242410823333
4-Independent Cylindrical Mixture,indcylmix,aic,in sample,with noise,3d-high-weak,3,high,weak,4,0,90954.974142,260.9188453680611
4-Independent Cylindrical Mixture,indcylmix,aic,in sample,with noise,3d-low-ind,3,low,ind,4,0,82116.5027463,263.409092235248
4-Independent Cylindrical Mixture,indcylmix,aic,in sample,with noise,3d-low-strong,3,low,strong,4,0,75909.6360344,328.2284532609814
4-Independent Cylindrical Mixture,indcylmix,aic,in sample,with noise,3d-low-weak,3,low,weak,4,0,81499.9927753,261.8472167933859
4-Independent Cylindrical Mixture,indcylmix,aic,out of sample,no noise,2d-high-ind,2,high,ind,4,0,15552.5990304,98.40705202929828
4-Independent Cylindrical Mixture,indcylmix,aic,out of sample,no noise,2d-high-strong,2,high,strong,4,0,15492.871478,94.95556732533286
4-Independent Cylindrical Mixture,indcylmix,aic,out of sample,no noise,2d-high-weak,2,high,weak,4,0,15668.9225261,104.8551026620385
4-Independent Cylindrical Mixture,indcylmix,aic,out of sample,no noise,2d-low-ind,2,low,ind,4,0,13801.5480517,103.7553304382498
4-Independent Cylindrical Mixture,indcylmix,aic,out of sample,no noise,2d-low-strong,2,low,strong,4,0,12168.5576211,114.4382684036708
4-Independent Cylindrical Mixture,indcylmix,aic,out of sample,no noise,2d-low-weak,2,low,weak,4,0,13685.3888575,112.1525276597523
4-Independent Cylindrical Mixture,indcylmix,aic,out of sample,no noise,3d-high-ind,3,high,ind,4,0,22473.6595827,149.7558618208803
4-Independent Cylindrical Mixture,indcylmix,aic,out of sample,no noise,3d-high-strong,3,high,strong,4,0,22074.663501,151.8548841405185
4-Independent Cylindrical Mixture,indcylmix,aic,out of sample,no noise,3d-high-weak,3,high,weak,4,0,22592.8616712,151.4429196585361
4-Independent Cylindrical Mixture,indcylmix,aic,out of sample,no noise,3d-low-ind,3,low,ind,4,0,20403.6432766,152.8821247212345
4-Independent Cylindrical Mixture,indcylmix,aic,out of sample,no noise,3d-low-strong,3,low,strong,4,0,18777.8790643,174.0440974724461
4-Independent Cylindrical Mixture,indcylmix,aic,out of sample,no noise,3d-low-weak,3,low,weak,4,0,20247.2616368,158.9630782568921
4-Independent Cylindrical Mixture,indcylmix,aic,out of sample,with noise,2d-high-ind,2,high,ind,4,0,15692.5568967,96.18242778388229
4-Independent Cylindrical Mixture,indcylmix,aic,out of sample,with noise,2d-high-strong,2,high,strong,4,0,15636.078037,95.65895458135138
4-Independent Cylindrical Mixture,indcylmix,aic,out of sample,with noise,2d-high-weak,2,high,weak,4,0,15804.0633081,106.5822053040107
4-Independent Cylindrical Mixture,indcylmix,aic,out of sample,with noise,2d-low-ind,2,low,ind,4,0,13929.7568334,104.5278074238857
4-Independent Cylindrical Mixture,indcylmix,aic,out of sample,with noise,2d-low-strong,2,low,strong,4,0,12382.2848414,116.9424584521397
4-Independent Cylindrical Mixture,indcylmix,aic,out of sample,with noise,2d-low-weak,2,low,weak,4,0,13817.760158,112.4563044545454
4-Independent Cylindrical Mixture,indcylmix,aic,out of sample,with noise,3d-high-ind,3,high,ind,4,0,22728.249415,145.8136988429656
4-Independent Cylindrical Mixture,indcylmix,aic,out of sample,with noise,3d-high-strong,3,high,strong,4,0,22361.2060106,151.2373096655328
4-Independent Cylindrical Mixture,indcylmix,aic,out of sample,with noise,3d-high-weak,3,high,weak,4,0,22842.9291449,149.1098604518955
4-Independent Cylindrical Mixture,indcylmix,aic,out of sample,with noise,3d-low-ind,3,low,ind,4,0,20619.3357711,150.572613555554
4-Independent Cylindrical Mixture,indcylmix,aic,out of sample,with noise,3d-low-strong,3,low,strong,4,0,19066.2585521,165.7546127499985
4-Independent Cylindrical Mixture,indcylmix,aic,out of sample,with noise,3d-low-weak,3,low,weak,4,0,20470.2285878,158.6582635978281
4-Independent Cylindrical Mixture,indcylmix,ari,in sample,no noise,2d-high-ind,2,high,ind,4,0,0.2623733,0.02574838785009243
4-Independent Cylindrical Mixture,indcylmix,ari,in sample,no noise,2d-high-strong,2,high,strong,4,0,0.2272483,0.01883212895344527
4-Independent Cylindrical Mixture,indcylmix,ari,in sample,no noise,2d-high-weak,2,high,weak,4,0,0.2349985,0.01911445369743837
4-Independent Cylindrical Mixture,indcylmix,ari,in sample,no noise,2d-low-ind,2,low,ind,4,0,0.0184766,0.004442863127272409
4-Independent Cylindrical Mixture,indcylmix,ari,in sample,no noise,2d-low-strong,2,low,strong,4,0,0.0012837,0.0006941642093157422
4-Independent Cylindrical Mixture,indcylmix,ari,in sample,no noise,2d-low-weak,2,low,weak,4,0,0.0049711,0.003005474094939687
4-Independent Cylindrical Mixture,indcylmix,ari,in sample,no noise,3d-high-ind,3,high,ind,4,0,0.304714,0.02957678068275105
4-Independent Cylindrical Mixture,indcylmix,ari,in sample,no noise,3d-high-strong,3,high,strong,4,0,0.0510483,0.00982872321876606
4-Independent Cylindrical Mixture,indcylmix,ari,in sample,no noise,3d-high-weak,3,high,weak,4,0,0.2289894,0.01591578206775535
4-Independent Cylindrical Mixture,indcylmix,ari,in sample,no noise,3d-low-ind,3,low,ind,4,0,0.0266171,0.004190158092290055
4-Independent Cylindrical Mixture,indcylmix,ari,in sample,no noise,3d-low-strong,3,low,strong,4,0,0.0010547,0.0005812151238586451
4-Independent Cylindrical Mixture,indcylmix,ari,in sample,no noise,3d-low-weak,3,low,weak,4,0,0.0056868,0.001908994065845765
4-Independent Cylindrical Mixture,indcylmix,ari,in sample,with noise,2d-high-ind,2,high,ind,4,0,0.2507725,0.0277836578074525
4-Independent Cylindrical Mixture,indcylmix,ari,in sample,with noise,2d-high-strong,2,high,strong,4,0,0.2229148,0.01768016502505368
4-Independent Cylindrical Mixture,indcylmix,ari,in sample,with noise,2d-high-weak,2,high,weak,4,0,0.2273596,0.01822403208109911
4-Independent Cylindrical Mixture,indcylmix,ari,in sample,with noise,2d-low-ind,2,low,ind,4,0,0.0180515,0.004091821943606762
4-Independent Cylindrical Mixture,indcylmix,ari,in sample,with noise,2d-low-strong,2,low,strong,4,0,0.001358,0.0006433922095841193
4-Independent Cylindrical Mixture,indcylmix,ari,in sample,with noise,2d-low-weak,2,low,weak,4,0,0.0053105,0.002865391673828282
4-Independent Cylindrical Mixture,indcylmix,ari,in sample,with noise,3d-high-ind,3,high,ind,4,0,0.2941724,0.02811752909959669
4-Independent Cylindrical Mixture,indcylmix,ari,in sample,with noise,3d-high-strong,3,high,strong,4,0,0.051036,0.01000909667061
4-Independent Cylindrical Mixture,indcylmix,ari,in sample,with noise,3d-high-weak,3,high,weak,4,0,0.2218812,0.01578219187450325
4-Independent Cylindrical Mixture,indcylmix,ari,in sample,with noise,3d-low-ind,3,low,ind,4,0,0.0260234,0.004501517414195243
4-Independent Cylindrical Mixture,indcylmix,ari,in sample,with noise,3d-low-strong,3,low,strong,4,0,0.0010307,0.0006065388726540156
4-Independent Cylindrical Mixture,indcylmix,ari,in sample,with noise,3d-low-weak,3,low,weak,4,0,0.005699300000000001,0.001761633341618803
4-Independent Cylindrical Mixture,indcylmix,ari,out of sample,no noise,2d-high-ind,2,high,ind,4,0,0.2632058,0.03039250735615505
4-Independent Cylindrical Mixture,indcylmix,ari,out of sample,no noise,2d-high-strong,2,high,strong,4,0,0.2290643,0.02126496740883912
4-Independent Cylindrical Mixture,indcylmix,ari,out of sample,no noise,2d-high-weak,2,high,weak,4,0,0.2374982,0.02042171835487055
4-Independent Cylindrical Mixture,indcylmix,ari,out of sample,no noise,2d-low-ind,2,low,ind,4,0,0.0189918,0.005338225858197769
4-Independent Cylindrical Mixture,indcylmix,ari,out of sample,no noise,2d-low-strong,2,low,strong,4,0,0.0013807,0.001323700243005694
4-Independent Cylindrical Mixture,indcylmix,ari,out of sample,no noise,2d-low-weak,2,low,weak,4,0,0.0048683,0.003375805793818086
4-Independent Cylindrical Mixture,indcylmix,ari,out of sample,no noise,3d-high-ind,3,high,ind,4,0,0.3067365,0.03083234469749997
4-Independent Cylindrical Mixture,indcylmix,ari,out of sample,no noise,3d-high-strong,3,high,strong,4,0,0.0497504,0.00918879982710616
4-Independent Cylindrical Mixture,indcylmix,ari,out of sample,no noise,3d-high-weak,3,high,weak,4,0,0.229522,0.01850380899908847
4-Independent Cylindrical Mixture,indcylmix,ari,out of sample,no noise,3d-low-ind,3,low,ind,4,0,0.0270054,0.004945390961044007
4-Independent Cylindrical Mixture,indcylmix,ari,out of sample,no noise,3d-low-strong,3,low,strong,4,0,0.0009649000000000001,0.00121208935147521
4-Independent Cylindrical Mixture,indcylmix,ari,out of sample,no noise,3d-low-weak,3,low,weak,4,0,0.0050639,0.002143358496953938
4-Independent Cylindrical Mixture,indcylmix,ari,out of sample,with noise,2d-high-ind,2,high,ind,4,0,0.2527078,0.031904161584725
4-Independent Cylindrical Mixture,indcylmix,ari,out of sample,with noise,2d-high-strong,2,high,strong,4,0,0.2253663,0.02044898375657744
4-Independent Cylindrical Mixture,indcylmix,ari,out of sample,with noise,2d-high-weak,2,high,weak,4,0,0.2290754,0.02054239800996953
4-Independent Cylindrical Mixture,indcylmix,ari,out of sample,with noise,2d-low-ind,2,low,ind,4,0,0.0185322,0.005476153368667802
4-Independent Cylindrical Mixture,indcylmix,ari,out of sample,with noise,2d-low-strong,2,low,strong,4,0,0.0013754,0.001374019701974517
4-Independent Cylindrical Mixture,indcylmix,ari,out of sample,with noise,2d-low-weak,2,low,weak,4,0,0.0051986,0.003780223931157646
4-Independent Cylindrical Mixture,indcylmix,ari,out of sample,with noise,3d-high-ind,3,high,ind,4,0,0.2959907,0.03001980037669414
4-Independent Cylindrical Mixture,indcylmix,ari,out of sample,with noise,3d-high-strong,3,high,strong,4,0,0.0495983,0.01000959156726359
4-Independent Cylindrical Mixture,indcylmix,ari,out of sample,with noise,3d-high-weak,3,high,weak,4,0,0.2230768,0.01817251259179616
4-Independent Cylindrical Mixture,indcylmix,ari,out of sample,with noise,3d-low-ind,3,low,ind,4,0,0.0257538,0.005308883878971552
4-Independent Cylindrical Mixture,indcylmix,ari,out of sample,with noise,3d-low-strong,3,low,strong,4,0,0.0010312,0.001170595359186724
4-Independent Cylindrical Mixture,indcylmix,ari,out of sample,with noise,3d-low-weak,3,low,weak,4,0,0.005284799999999999,0.002369088167940305
4-Independent Cylindrical Mixture,indcylmix,avg_ll,in sample,no noise,2d-high-ind,2,high,ind,4,0,-3.8652131,0.01424265826787103
4-Independent Cylindrical Mixture,indcylmix,avg_ll,in sample,no noise,2d-high-strong,2,high,strong,4,0,-3.8543753,0.01378743744218711
4-Independent Cylindrical Mixture,indcylmix,avg_ll,in sample,no noise,2d-high-weak,2,high,weak,4,0,-3.8970845,0.01394214701485532
4-Independent Cylindrical Mixture,indcylmix,avg_ll,in sample,no noise,2d-low-ind,2,low,ind,4,0,-3.4296082,0.01484266266918134
4-Independent Cylindrical Mixture,indcylmix,avg_ll,in sample,no noise,2d-low-strong,2,low,strong,4,0,-3.0242622,0.02223608899282809
4-Independent Cylindrical Mixture,indcylmix,avg_ll,in sample,no noise,2d-low-weak,2,low,weak,4,0,-3.4013133,0.01499259069903147
4-Independent Cylindrical Mixture,indcylmix,avg_ll,in sample,no noise,3d-high-ind,3,high,ind,4,0,-5.587989599999999,0.01511175907909612
4-Independent Cylindrical Mixture,indcylmix,avg_ll,in sample,no noise,3d-high-strong,3,high,strong,4,0,-5.4873216,0.01785218147097785
4-Independent Cylindrical Mixture,indcylmix,avg_ll,in sample,no noise,3d-high-weak,3,high,weak,4,0,-5.6158173,0.01573218414235258
4-Independent Cylindrical Mixture,indcylmix,avg_ll,in sample,no noise,3d-low-ind,3,low,ind,4,0,-5.072263,0.0160155701702682
4-Independent Cylindrical Mixture,indcylmix,avg_ll,in sample,no noise,3d-low-strong,3,low,strong,4,0,-4.6640336,0.01980403262270627
4-Independent Cylindrical Mixture,indcylmix,avg_ll,in sample,no noise,3d-low-weak,3,low,weak,4,0,-5.0318774,0.01590078237195907
4-Independent Cylindrical Mixture,indcylmix,avg_ll,in sample,with noise,2d-high-ind,2,high,ind,4,0,-3.8996142,0.0142504814861063
4-Independent Cylindrical Mixture,indcylmix,avg_ll,in sample,with noise,2d-high-strong,2,high,strong,4,0,-3.8909385,0.01419846928547243
4-Independent Cylindrical Mixture,indcylmix,avg_ll,in sample,with noise,2d-high-weak,2,high,weak,4,0,-3.9311804,0.01415928741287517
4-Independent Cylindrical Mixture,indcylmix,avg_ll,in sample,with noise,2d-low-ind,2,low,ind,4,0,-3.4610033,0.01481511431722091
4-Independent Cylindrical Mixture,indcylmix,avg_ll,in sample,with noise,2d-low-strong,2,low,strong,4,0,-3.0779985,0.01839215930743034
4-Independent Cylindrical Mixture,indcylmix,avg_ll,in sample,with noise,2d-low-weak,2,low,weak,4,0,-3.4345623,0.0151748160493402
4-Independent Cylindrical Mixture,indcylmix,avg_ll,in sample,with noise,3d-high-ind,3,high,ind,4,0,-5.651247499999999,0.01552279818150832
4-Independent Cylindrical Mixture,indcylmix,avg_ll,in sample,with noise,3d-high-strong,3,high,strong,4,0,-5.5588231,0.01837645879291433
4-Independent Cylindrical Mixture,indcylmix,avg_ll,in sample,with noise,3d-high-weak,3,high,weak,4,0,-5.678311,0.0163072379976226
4-Independent Cylindrical Mixture,indcylmix,avg_ll,in sample,with noise,3d-low-ind,3,low,ind,4,0,-5.1259065,0.01646290211998238
4-Independent Cylindrical Mixture,indcylmix,avg_ll,in sample,with noise,3d-low-strong,3,low,strong,4,0,-4.7379772,0.02051508526411589
4-Independent Cylindrical Mixture,indcylmix,avg_ll,in sample,with noise,3d-low-weak,3,low,weak,4,0,-5.0873743,0.0163655317914875
4-Independent Cylindrical Mixture,indcylmix,avg_ll,out of sample,no noise,2d-high-ind,2,high,ind,4,0,-3.8726497,0.02460155741374549
4-Independent Cylindrical Mixture,indcylmix,avg_ll,out of sample,no noise,2d-high-strong,2,high,strong,4,0,-3.8577178,0.02373905819530332
4-Independent Cylindrical Mixture,indcylmix,avg_ll,out of sample,no noise,2d-high-weak,2,high,weak,4,0,-3.9017306,0.02621425604205446
4-Independent Cylindrical Mixture,indcylmix,avg_ll,out of sample,no noise,2d-low-ind,2,low,ind,4,0,-3.4348874,0.02593838163140803
4-Independent Cylindrical Mixture,indcylmix,avg_ll,out of sample,no noise,2d-low-strong,2,low,strong,4,0,-3.0266396,0.02860938070781767
4-Independent Cylindrical Mixture,indcylmix,avg_ll,out of sample,no noise,2d-low-weak,2,low,weak,4,0,-3.4058471,0.02803809566780104
4-Independent Cylindrical Mixture,indcylmix,avg_ll,out of sample,no noise,3d-high-ind,3,high,ind,4,0,-5.5929151,0.03743937498115855
4-Independent Cylindrical Mixture,indcylmix,avg_ll,out of sample,no noise,3d-high-strong,3,high,strong,4,0,-5.4931655,0.03796398698540875
4-Independent Cylindrical Mixture,indcylmix,avg_ll,out of sample,no noise,3d-high-weak,3,high,weak,4,0,-5.622715500000001,0.03786058042677799
4-Independent Cylindrical Mixture,indcylmix,avg_ll,out of sample,no noise,3d-low-ind,3,low,ind,4,0,-5.0754108,0.03822077114382032
4-Independent Cylindrical Mixture,indcylmix,avg_ll,out of sample,no noise,3d-low-strong,3,low,strong,4,0,-4.6689697,0.04351100421488659
4-Independent Cylindrical Mixture,indcylmix,avg_ll,out of sample,no noise,3d-low-weak,3,low,weak,4,0,-5.0363154,0.03974062350296031
4-Independent Cylindrical Mixture,indcylmix,avg_ll,out of sample,with noise,2d-high-ind,2,high,ind,4,0,-3.9076395,0.02404595656280284
4-Independent Cylindrical Mixture,indcylmix,avg_ll,out of sample,with noise,2d-high-strong,2,high,strong,4,0,-3.8935201,0.02391444293304732
4-Independent Cylindrical Mixture,indcylmix,avg_ll,out of sample,with noise,2d-high-weak,2,high,weak,4,0,-3.9355156,0.02664590120734376
4-Independent Cylindrical Mixture,indcylmix,avg_ll,out of sample,with noise,2d-low-ind,2,low,ind,4,0,-3.4669393,0.02613222022424582
4-Independent Cylindrical Mixture,indcylmix,avg_ll,out of sample,with noise,2d-low-strong,2,low,strong,4,0,-3.0800705,0.02923554887340571
4-Independent Cylindrical Mixture,indcylmix,avg_ll,out of sample,with noise,2d-low-weak,2,low,weak,4,0,-3.4389399,0.02811440162581764
4-Independent Cylindrical Mixture,indcylmix,avg_ll,out of sample,with noise,3d-high-ind,3,high,ind,4,0,-5.6565622,0.03645348386670601
4-Independent Cylindrical Mixture,indcylmix,avg_ll,out of sample,with noise,3d-high-strong,3,high,strong,4,0,-5.564801599999999,0.03780895868719619
4-Independent Cylindrical Mixture,indcylmix,avg_ll,out of sample,with noise,3d-high-weak,3,high,weak,4,0,-5.6852329,0.03727730694024403
4-Independent Cylindrical Mixture,indcylmix,avg_ll,out of sample,with noise,3d-low-ind,3,low,ind,4,0,-5.1293342,0.03764321311063829
4-Independent Cylindrical Mixture,indcylmix,avg_ll,out of sample,with noise,3d-low-strong,3,low,strong,4,0,-4.7410645,0.04143895728122944
4-Independent Cylindrical Mixture,indcylmix,avg_ll,out of sample,with noise,3d-low-weak,3,low,weak,4,0,-5.0920572,0.03966454180914365
4-Independent Cylindrical Mixture,indcylmix,bic,in sample,no noise,2d-high-ind,2,high,ind,4,0,62122.0129174,227.8839440387938
4-Independent Cylindrical Mixture,indcylmix,bic,in sample,no noise,2d-high-strong,2,high,strong,4,0,61948.6095089,220.5990207933241
4-Independent Cylindrical Mixture,indcylmix,bic,in sample,no noise,2d-high-weak,2,high,weak,4,0,62631.9468949,223.0698310691506
4-Independent Cylindrical Mixture,indcylmix,bic,in sample,no noise,2d-low-ind,2,low,ind,4,0,55152.3333591,237.4758401595879
4-Independent Cylindrical Mixture,indcylmix,bic,in sample,no noise,2d-low-strong,2,low,strong,4,0,48666.7957339,355.7700929422396
4-Independent Cylindrical Mixture,indcylmix,bic,in sample,no noise,2d-low-weak,2,low,weak,4,0,54699.61638399999,239.8917286297055
4-Independent Cylindrical Mixture,indcylmix,bic,in sample,no noise,3d-high-ind,3,high,ind,4,0,89866.1724136,241.7876905087367
4-Independent Cylindrical Mixture,indcylmix,bic,in sample,no noise,3d-high-strong,3,high,strong,4,0,88255.48804519999,285.6332005948277
4-Independent Cylindrical Mixture,indcylmix,bic,in sample,no noise,3d-high-weak,3,high,weak,4,0,90311.4198615,251.7036430285857
4-Independent Cylindrical Mixture,indcylmix,bic,in sample,no noise,3d-low-ind,3,low,ind,4,0,81614.5580563,256.2455578546769
4-Independent Cylindrical Mixture,indcylmix,bic,in sample,no noise,3d-low-strong,3,low,strong,4,0,75082.8857976,316.8601758727922
4-Independent Cylindrical Mixture,indcylmix,bic,in sample,no noise,3d-low-weak,3,low,weak,4,0,80968.3798805,254.4106961353586
4-Independent Cylindrical Mixture,indcylmix,bic,in sample,with noise,2d-high-ind,2,high,ind,4,0,62672.4312335,227.9990858643525
4-Independent Cylindrical Mixture,indcylmix,bic,in sample,with noise,2d-high-strong,2,high,strong,4,0,62533.6151318,227.1735387403988
4-Independent Cylindrical Mixture,indcylmix,bic,in sample,with noise,2d-high-weak,2,high,weak,4,0,63177.4900869,226.5474193749936
4-Independent Cylindrical Mixture,indcylmix,bic,in sample,with noise,2d-low-ind,2,low,ind,4,0,55654.6590492,237.0420561968148
4-Independent Cylindrical Mixture,indcylmix,bic,in sample,with noise,2d-low-strong,2,low,strong,4,0,49526.5732902,294.2800179778991
4-Independent Cylindrical Mixture,indcylmix,bic,in sample,with noise,2d-low-weak,2,low,weak,4,0,55231.59304170001,242.7918750619954
4-Independent Cylindrical Mixture,indcylmix,bic,in sample,with noise,3d-high-ind,3,high,ind,4,0,90878.31107909999,248.3649843664107
4-Independent Cylindrical Mixture,indcylmix,bic,in sample,with noise,3d-high-strong,3,high,strong,4,0,89399.5234195,294.0242408394075
4-Independent Cylindrical Mixture,indcylmix,bic,in sample,with noise,3d-high-weak,3,high,weak,4,0,91311.3211799,260.9188453901058
4-Independent Cylindrical Mixture,indcylmix,bic,in sample,with noise,3d-low-ind,3,low,ind,4,0,82472.8497841,263.4090933552393
4-Independent Cylindrical Mixture,indcylmix,bic,in sample,with noise,3d-low-strong,3,low,strong,4,0,76265.9830734,328.2284536066645
4-Independent Cylindrical Mixture,indcylmix,bic,in sample,with noise,3d-low-weak,3,low,weak,4,0,81856.3398133,261.8472159097833
4-Independent Cylindrical Mixture,indcylmix,bic,out of sample,no noise,2d-high-ind,2,high,ind,4,0,15726.2270067,98.40705156115735
4-Independent Cylindrical Mixture,indcylmix,bic,out of sample,no noise,2d-high-strong,2,high,strong,4,0,15666.499454,94.95556798052476
4-Independent Cylindrical Mixture,indcylmix,bic,out of sample,no noise,2d-high-weak,2,high,weak,4,0,15842.5505024,104.8551028421751
4-Independent Cylindrical Mixture,indcylmix,bic,out of sample,no noise,2d-low-ind,2,low,ind,4,0,13975.1760282,103.7553300151221
4-Independent Cylindrical Mixture,indcylmix,bic,out of sample,no noise,2d-low-strong,2,low,strong,4,0,12342.1855967,114.4382678314522
4-Independent Cylindrical Mixture,indcylmix,bic,out of sample,no noise,2d-low-weak,2,low,weak,4,0,13859.0168341,112.1525277026043
4-Independent Cylindrical Mixture,indcylmix,bic,out of sample,no noise,3d-high-ind,3,high,ind,4,0,22759.3056082,149.7558624168641
4-Independent Cylindrical Mixture,indcylmix,bic,out of sample,no noise,3d-high-strong,3,high,strong,4,0,22360.309527,151.8548838673535
4-Independent Cylindrical Mixture,indcylmix,bic,out of sample,no noise,3d-high-weak,3,high,weak,4,0,22878.5076965,151.4429192524572
4-Independent Cylindrical Mixture,indcylmix,bic,out of sample,no noise,3d-low-ind,3,low,ind,4,0,20689.2893016,152.8821238191909
4-Independent Cylindrical Mixture,indcylmix,bic,out of sample,no noise,3d-low-strong,3,low,strong,4,0,19063.5250907,174.0440975602672
4-Independent Cylindrical Mixture,indcylmix,bic,out of sample,no noise,3d-low-weak,3,low,weak,4,0,20532.9076626,158.9630788400704
4-Independent Cylindrical Mixture,indcylmix,bic,out of sample,with noise,2d-high-ind,2,high,ind,4,0,15866.1848728,96.18242792430824
4-Independent Cylindrical Mixture,indcylmix,bic,out of sample,with noise,2d-high-strong,2,high,strong,4,0,15809.7060131,95.65895399426677
4-Independent Cylindrical Mixture,indcylmix,bic,out of sample,with noise,2d-high-weak,2,high,weak,4,0,15977.6912843,106.5822057402844
4-Independent Cylindrical Mixture,indcylmix,bic,out of sample,with noise,2d-low-ind,2,low,ind,4,0,14103.3848099,104.5278080604558
4-Independent Cylindrical Mixture,indcylmix,bic,out of sample,with noise,2d-low-strong,2,low,strong,4,0,12555.9128179,116.9424587843027
4-Independent Cylindrical Mixture,indcylmix,bic,out of sample,with noise,2d-low-weak,2,low,weak,4,0,13991.3881346,112.456304209907
4-Independent Cylindrical Mixture,indcylmix,bic,out of sample,with noise,3d-high-ind,3,high,ind,4,0,23013.8954406,145.8136991678994
4-Independent Cylindrical Mixture,indcylmix,bic,out of sample,with noise,3d-high-strong,3,high,strong,4,0,22646.8520358,151.2373088832476
4-Independent Cylindrical Mixture,indcylmix,bic,out of sample,with noise,3d-high-weak,3,high,weak,4,0,23128.5751695,149.1098602823452
4-Independent Cylindrical Mixture,indcylmix,bic,out of sample,with noise,3d-low-ind,3,low,ind,4,0,20904.9817967,150.572613031372
4-Independent Cylindrical Mixture,indcylmix,bic,out of sample,with noise,3d-low-strong,3,low,strong,4,0,19351.9045776,165.7546120331439
4-Independent Cylindrical Mixture,indcylmix,bic,out of sample,with noise,3d-low-weak,3,low,weak,4,0,20755.8746136,158.6582637024926
4-Independent Cylindrical Mixture,indcylmix,em_iters,training,no noise,2d-high-ind,2,high,ind,4,0,28.18,3.264068230619792
4-Independent Cylindrical Mixture,indcylmix,em_iters,training,no noise,2d-high-strong,2,high,strong,4,0,28.49,15.25771538559685
4-Independent Cylindrical Mixture,indcylmix,em_iters,training,no noise,2d-high-weak,2,high,weak,4,0,30.33,7.45498951621454
4-Independent Cylindrical Mixture,indcylmix,em_iters,training,no noise,2d-low-ind,2,low,ind,4,0,28.0,2.678006193367963
4-Independent Cylindrical Mixture,indcylmix,em_iters,training,no noise,2d-low-strong,2,low,strong,4,0,24.73,14.83978749609619
4-Independent Cylindrical Mixture,indcylmix,em_iters,training,no noise,2d-low-weak,2,low,weak,4,0,31.42,11.42492402114294
4-Independent Cylindrical Mixture,indcylmix,em_iters,training,no noise,3d-high-ind,3,high,ind,4,0,24.84,4.823595205556815
4-Independent Cylindrical Mixture,indcylmix,em_iters,training,no noise,3d-high-strong,3,high,strong,4,0,40.34,21.24708892716336
4-Independent Cylindrical Mixture,indcylmix,em_iters,training,no noise,3d-high-weak,3,high,weak,4,0,24.64,5.300123878864827
4-Independent Cylindrical Mixture,indcylmix,em_iters,training,no noise,3d-low-ind,3,low,ind,4,0,25.95,4.768107432184021
4-Independent Cylindrical Mixture,indcylmix,em_iters,training,no noise,3d-low-strong,3,low,strong,4,0,18.43,11.65952595325151
4-Independent Cylindrical Mixture,indcylmix,em_iters,training,no noise,3d-low-weak,3,low,weak,4,0,19.4,6.510287119923236
4-Independent Cylindrical Mixture,indcylmix,em_iters,training,with noise,2d-high-ind,2,high,ind,4,0,28.56,3.429874692177603
4-Independent Cylindrical Mixture,indcylmix,em_iters,training,with noise,2d-high-strong,2,high,strong,4,0,27.58,15.01055520881116
4-Independent Cylindrical Mixture,indcylmix,em_iters,training,with noise,2d-high-weak,2,high,weak,4,0,29.01,7.357391665611673
4-Independent Cylindrical Mixture,indcylmix,em_iters,training,with noise,2d-low-ind,2,low,ind,4,0,28.0,2.478187672758893
4-Independent Cylindrical Mixture,indcylmix,em_iters,training,with noise,2d-low-strong,2,low,strong,4,0,30.23,15.32269393726016
4-Independent Cylindrical Mixture,indcylmix,em_iters,training,with noise,2d-low-weak,2,low,weak,4,0,29.42,9.297746006859985
4-Independent Cylindrical Mixture,indcylmix,em_iters,training,with noise,3d-high-ind,3,high,ind,4,0,24.69,4.009319950396383
4-Independent Cylindrical Mixture,indcylmix,em_iters,training,with noise,3d-high-strong,3,high,strong,4,0,39.79,22.14292189163367
4-Independent Cylindrical Mixture,indcylmix,em_iters,training,with noise,3d-high-weak,3,high,weak,4,0,25.32,5.725858411230106
4-Independent Cylindrical Mixture,indcylmix,em_iters,training,with noise,3d-low-ind,3,low,ind,4,0,25.91,5.142602807563853
4-Independent Cylindrical Mixture,indcylmix,em_iters,training,with noise,3d-low-strong,3,low,strong,4,0,17.18,8.908491012579635
4-Independent Cylindrical Mixture,indcylmix,em_iters,training,with noise,3d-low-weak,3,low,weak,4,0,19.34,6.053999429377994
4-Independent Cylindrical Mixture,indcylmix,gmpd,in sample,no noise,2d-high-ind,2,high,ind,4,0,0.0209609,0.0002988634869608259
4-Independent Cylindrical Mixture,indcylmix,gmpd,in sample,no noise,2d-high-strong,2,high,strong,4,0,0.0211888,0.0002916005292979911
4-Independent Cylindrical Mixture,indcylmix,gmpd,in sample,no noise,2d-high-weak,2,high,weak,4,0,0.0203031,0.0002825164516528998
4-Independent Cylindrical Mixture,indcylmix,gmpd,in sample,no noise,2d-low-ind,2,low,ind,4,0,0.032403,0.0004800768036197312
4-Independent Cylindrical Mixture,indcylmix,gmpd,in sample,no noise,2d-low-strong,2,low,strong,4,0,0.0486053,0.001066930322528756
4-Independent Cylindrical Mixture,indcylmix,gmpd,in sample,no noise,2d-low-weak,2,low,weak,4,0,0.0333334,0.0004986065836433834
4-Independent Cylindrical Mixture,indcylmix,gmpd,in sample,no noise,3d-high-ind,3,high,ind,4,0,0.003743,5.661316547456521e-05
4-Independent Cylindrical Mixture,indcylmix,gmpd,in sample,no noise,3d-high-strong,3,high,strong,4,0,0.0041395,7.361344574151792e-05
4-Independent Cylindrical Mixture,indcylmix,gmpd,in sample,no noise,3d-high-weak,3,high,weak,4,0,0.0036405,5.742584150647929e-05
4-Independent Cylindrical Mixture,indcylmix,gmpd,in sample,no noise,3d-low-ind,3,low,ind,4,0,0.0062687,0.0001005304617385881
4-Independent Cylindrical Mixture,indcylmix,gmpd,in sample,no noise,3d-low-strong,3,low,strong,4,0,0.0094296,0.0001868663434196499
4-Independent Cylindrical Mixture,indcylmix,gmpd,in sample,no noise,3d-low-weak,3,low,weak,4,0,0.006527199999999999,0.0001042731455787583
4-Independent Cylindrical Mixture,indcylmix,gmpd,in sample,with noise,2d-high-ind,2,high,ind,4,0,0.0202511,0.0002875634141745378
4-Independent Cylindrical Mixture,indcylmix,gmpd,in sample,with noise,2d-high-strong,2,high,strong,4,0,0.020429,0.0002893898143447089
4-Independent Cylindrical Mixture,indcylmix,gmpd,in sample,with noise,2d-high-weak,2,high,weak,4,0,0.0196224,0.0002771212767367428
4-Independent Cylindrical Mixture,indcylmix,gmpd,in sample,with noise,2d-low-ind,2,low,ind,4,0,0.0314018,0.0004629950367340923
4-Independent Cylindrical Mixture,indcylmix,gmpd,in sample,with noise,2d-low-strong,2,low,strong,4,0,0.046059,0.0008450778459151355
4-Independent Cylindrical Mixture,indcylmix,gmpd,in sample,with noise,2d-low-weak,2,low,weak,4,0,0.0322432,0.0004882019784035818
4-Independent Cylindrical Mixture,indcylmix,gmpd,in sample,with noise,3d-high-ind,3,high,ind,4,0,0.0035137,5.461814180417911e-05
4-Independent Cylindrical Mixture,indcylmix,gmpd,in sample,with noise,3d-high-strong,3,high,strong,4,0,0.003854,7.06249161973222e-05
4-Independent Cylindrical Mixture,indcylmix,gmpd,in sample,with noise,3d-high-weak,3,high,weak,4,0,0.0034201,5.573195228098954e-05
4-Independent Cylindrical Mixture,indcylmix,gmpd,in sample,with noise,3d-low-ind,3,low,ind,4,0,0.0059419,9.746996429359117e-05
4-Independent Cylindrical Mixture,indcylmix,gmpd,in sample,with noise,3d-low-strong,3,low,strong,4,0,0.008757899999999999,0.0001795746658247219
4-Independent Cylindrical Mixture,indcylmix,gmpd,in sample,with noise,3d-low-weak,3,low,weak,4,0,0.0061749,0.0001009299687201902
4-Independent Cylindrical Mixture,indcylmix,gmpd,out of sample,no noise,2d-high-ind,2,high,ind,4,0,0.0208095,0.0005124557137800866
4-Independent Cylindrical Mixture,indcylmix,gmpd,out of sample,no noise,2d-high-strong,2,high,strong,4,0,0.0211217,0.0005005028885172806
4-Independent Cylindrical Mixture,indcylmix,gmpd,out of sample,no noise,2d-high-weak,2,high,weak,4,0,0.020214,0.0005321350174229071
4-Independent Cylindrical Mixture,indcylmix,gmpd,out of sample,no noise,2d-low-ind,2,low,ind,4,0,0.0322396,0.0008394369445279269
4-Independent Cylindrical Mixture,indcylmix,gmpd,out of sample,no noise,2d-low-strong,2,low,strong,4,0,0.0484981,0.001385560962866009
4-Independent Cylindrical Mixture,indcylmix,gmpd,out of sample,no noise,2d-low-weak,2,low,weak,4,0,0.0331915,0.0009343213115044046
4-Independent Cylindrical Mixture,indcylmix,gmpd,out of sample,no noise,3d-high-ind,3,high,ind,4,0,0.0037267,0.000139617478862929
4-Independent Cylindrical Mixture,indcylmix,gmpd,out of sample,no noise,3d-high-strong,3,high,strong,4,0,0.0041179,0.0001566395527794609
4-Independent Cylindrical Mixture,indcylmix,gmpd,out of sample,no noise,3d-high-weak,3,high,weak,4,0,0.0036171,0.0001379818096633749
4-Independent Cylindrical Mixture,indcylmix,gmpd,out of sample,no noise,3d-low-ind,3,low,ind,4,0,0.0062528,0.0002395664434099248
4-Independent Cylindrical Mixture,indcylmix,gmpd,out of sample,no noise,3d-low-strong,3,low,strong,4,0,0.009391199999999999,0.0004103811482861839
4-Independent Cylindrical Mixture,indcylmix,gmpd,out of sample,no noise,3d-low-weak,3,low,weak,4,0,0.0065027,0.0002590731537421409
4-Independent Cylindrical Mixture,indcylmix,gmpd,out of sample,with noise,2d-high-ind,2,high,ind,4,0,0.0200942,0.0004849308604264525
4-Independent Cylindrical Mixture,indcylmix,gmpd,out of sample,with noise,2d-high-strong,2,high,strong,4,0,0.0203792,0.0004879449381090686
4-Independent Cylindrical Mixture,indcylmix,gmpd,out of sample,with noise,2d-high-weak,2,high,weak,4,0,0.0195428,0.0005222389251573404
4-Independent Cylindrical Mixture,indcylmix,gmpd,out of sample,with noise,2d-low-ind,2,low,ind,4,0,0.0312232,0.0008198717317761697
4-Independent Cylindrical Mixture,indcylmix,gmpd,out of sample,with noise,2d-low-strong,2,low,strong,4,0,0.0459756,0.001343857195395465
4-Independent Cylindrical Mixture,indcylmix,gmpd,out of sample,with noise,2d-low-weak,2,low,weak,4,0,0.0321109,0.0009046837663911713
4-Independent Cylindrical Mixture,indcylmix,gmpd,out of sample,with noise,3d-high-ind,3,high,ind,4,0,0.0034966,0.0001280011047932119
4-Independent Cylindrical Mixture,indcylmix,gmpd,out of sample,with noise,3d-high-strong,3,high,strong,4,0,0.0038334,0.0001454718550306575
4-Independent Cylindrical Mixture,indcylmix,gmpd,out of sample,with noise,3d-high-weak,3,high,weak,4,0,0.003398,0.0001276358456347946
4-Independent Cylindrical Mixture,indcylmix,gmpd,out of sample,with noise,3d-low-ind,3,low,ind,4,0,0.0059245,0.0002234503311813399
4-Independent Cylindrical Mixture,indcylmix,gmpd,out of sample,with noise,3d-low-strong,3,low,strong,4,0,0.0087366,0.000364695029643214
4-Independent Cylindrical Mixture,indcylmix,gmpd,out of sample,with noise,3d-low-weak,3,low,weak,4,0,0.0061504,0.000244445032138871
4-Independent Cylindrical Mixture,indcylmix,training_time,training,no noise,2d-high-ind,2,high,ind,4,0,525.5733,41.88502432537641
4-Independent Cylindrical Mixture,indcylmix,training_time,training,no noise,2d-high-strong,2,high,strong,4,0,529.2971,126.9425413191163
4-Independent Cylindrical Mixture,indcylmix,training_time,training,no noise,2d-high-weak,2,high,weak,4,0,554.7043,71.27093640659372
4-Independent Cylindrical Mixture,indcylmix,training_time,training,no noise,2d-low-ind,2,low,ind,4,0,535.5136,94.55760333534926
4-Independent Cylindrical Mixture,indcylmix,training_time,training,no noise,2d-low-strong,2,low,strong,4,0,500.5742,134.7122745915018
4-Independent Cylindrical Mixture,indcylmix,training_time,training,no noise,2d-low-weak,2,low,weak,4,0,551.4023000000001,95.26754492941855
4-Independent Cylindrical Mixture,indcylmix,training_time,training,no noise,3d-high-ind,3,high,ind,4,0,552.0583,48.65541931166497
4-Independent Cylindrical Mixture,indcylmix,training_time,training,no noise,3d-high-strong,3,high,strong,4,0,719.0757000000001,214.7000339033297
4-Independent Cylindrical Mixture,indcylmix,training_time,training,no noise,3d-high-weak,3,high,weak,4,0,554.2787999999999,55.31629137491727
4-Independent Cylindrical Mixture,indcylmix,training_time,training,no noise,3d-low-ind,3,low,ind,4,0,569.9875,57.07350931390183
4-Independent Cylindrical Mixture,indcylmix,training_time,training,no noise,3d-low-strong,3,low,strong,4,0,492.3448,112.3174863067306
4-Independent Cylindrical Mixture,indcylmix,training_time,training,no noise,3d-low-weak,3,low,weak,4,0,509.6614,72.19538071095684
4-Independent Cylindrical Mixture,indcylmix,training_time,training,with noise,2d-high-ind,2,high,ind,4,0,527.5647,41.71478030469162
4-Independent Cylindrical Mixture,indcylmix,training_time,training,with noise,2d-high-strong,2,high,strong,4,0,525.2294,140.1893038385863
4-Independent Cylindrical Mixture,indcylmix,training_time,training,with noise,2d-high-weak,2,high,weak,4,0,534.0106,68.66253207352226
4-Independent Cylindrical Mixture,indcylmix,training_time,training,with noise,2d-low-ind,2,low,ind,4,0,518.7876,33.83937435603796
4-Independent Cylindrical Mixture,indcylmix,training_time,training,with noise,2d-low-strong,2,low,strong,4,0,544.7543000000001,139.1940537469002
4-Independent Cylindrical Mixture,indcylmix,training_time,training,with noise,2d-low-weak,2,low,weak,4,0,546.8113,107.3122280177395
4-Independent Cylindrical Mixture,indcylmix,training_time,training,with noise,3d-high-ind,3,high,ind,4,0,558.0227,55.52950253903164
4-Independent Cylindrical Mixture,indcylmix,training_time,training,with noise,3d-high-strong,3,high,strong,4,0,714.8806,219.4909443557565
4-Independent Cylindrical Mixture,indcylmix,training_time,training,with noise,3d-high-weak,3,high,weak,4,0,566.2458,65.22842743634233
4-Independent Cylindrical Mixture,indcylmix,training_time,training,with noise,3d-low-ind,3,low,ind,4,0,572.6131,71.15623058382862
4-Independent Cylindrical Mixture,indcylmix,training_time,training,with noise,3d-low-strong,3,low,strong,4,0,480.8534,94.61879559174444
4-Independent Cylindrical Mixture,indcylmix,training_time,training,with noise,3d-low-weak,3,low,weak,4,0,505.1772,71.0511807716839
all,all,sample_cross_cov,training,no noise,2d-high-ind,2,high,ind,0,0,0.2198,0.007244642743769256
all,all,sample_cross_cov,training,no noise,2d-high-strong,2,high,strong,0,0,0.1242,0.006060303022726897
all,all,sample_cross_cov,training,no noise,2d-high-weak,2,high,weak,0,0,0.1343,0.006854181058288297
all,all,sample_cross_cov,training,no noise,2d-low-ind,2,low,ind,0,0,0.0182,0.004353101761904373
all,all,sample_cross_cov,training,no noise,2d-low-strong,2,low,strong,0,0,0.2845,0.005198095999517682
all,all,sample_cross_cov,training,no noise,2d-low-weak,2,low,weak,0,0,0.08470000000000001,0.005213618530523513
all,all,sample_cross_cov,training,no noise,3d-high-ind,3,high,ind,0,0,0.2776,0.007669959767057632
all,all,sample_cross_cov,training,no noise,3d-high-strong,3,high,strong,0,0,0.2531,0.00525991127935317
all,all,sample_cross_cov,training,no noise,3d-high-weak,3,high,weak,0,0,0.2179,0.007005769628014333
all,all,sample_cross_cov,training,no noise,3d-low-ind,3,low,ind,0,0,0.0242,0.00535223921797827
all,all,sample_cross_cov,training,no noise,3d-low-strong,3,low,strong,0,0,0.3223,0.004461960433384742
all,all,sample_cross_cov,training,no noise,3d-low-weak,3,low,weak,0,0,0.09880000000000001,0.004329835418058609
all,all,sample_cross_cov,training,with noise,2d-high-ind,2,high,ind,0,0,0.219,0.007316785737969489
all,all,sample_cross_cov,training,with noise,2d-high-strong,2,high,strong,0,0,0.124,0.006195469181897238
all,all,sample_cross_cov,training,with noise,2d-high-weak,2,high,weak,0,0,0.1337,0.007474535896541463
all,all,sample_cross_cov,training,with noise,2d-low-ind,2,low,ind,0,0,0.018,0.004494665749754947
all,all,sample_cross_cov,training,with noise,2d-low-strong,2,low,strong,0,0,0.2839,0.005298179599702792
all,all,sample_cross_cov,training,with noise,2d-low-weak,2,low,weak,0,0,0.08439999999999999,0.005741924500522185
all,all,sample_cross_cov,training,with noise,3d-high-ind,3,high,ind,0,0,0.2763,0.007869516689688952
all,all,sample_cross_cov,training,with noise,3d-high-strong,3,high,strong,0,0,0.2519,0.0056309031875065
all,all,sample_cross_cov,training,with noise,3d-high-weak,3,high,weak,0,0,0.2177,0.007365631354644713
all,all,sample_cross_cov,training,with noise,3d-low-ind,3,low,ind,0,0,0.0244,0.004988876515698588
all,all,sample_cross_cov,training,with noise,3d-low-strong,3,low,strong,0,0,0.3203,0.005016135580465922
all,all,sample_cross_cov,training,with noise,3d-low-weak,3,low,weak,0,0,0.0984,0.00443129367525598
